rank,team,conf,record,adjoe,oe Rank,adjde,de Rank,barthag,rank,proj. W,Proj. L,Pro Con W,Pro Con L,Con Rec.,sos,ncsos,consos,Proj. SOS,Proj. Noncon SOS,Proj. Con SOS,elite SOS,elite noncon SOS,Opp OE,Opp DE,Opp Proj. OE,Opp Proj DE,Con Adj OE,Con Adj DE,Qual O,Qual D,Qual Barthag,Qual Games,FUN,ConPF,ConPA,ConPoss,ConOE,ConDE,ConSOSRemain,Conf Win%,WAB,WAB Rk,Fun Rk,adjt
1,Connecticut,BE,31-0,126.04897067816347,5,65.67784232200209,1,0.9994455348897867,1,31.0,0.0,20.0,0.0,20-0,0.8076167240418208,0.8762960626853231,0.7698430877878946,0.8076167240418208,0.8762960626853231,0.7698430877878946,0.5385668803494068,0.34432772112822135,102.56836785436113,85.77207211040738,102.56836785436113,85.77207211040738,124.80726471896577,65.04906718321025,129.1186840364006,67.80682639728884,0.9993932550410082,11.0,0.012836325012667515,1781.0,951.0,1467.2800000000002,1.2138105882994383,0.6481380513603401,0.0,1.0,12.752046410584791,3,136,72.39469534587577
2,UCLA,B10,28-1,132.96156619985928,1,73.3462907534697,4,0.998932090743532,2,28.94760454212404,1.0523954578759587,18.0,0.0,18-0,0.8256866496671692,0.6819332562423581,0.9135359456489984,0.8308648372946695,0.6819332562423581,0.9135359456489984,0.3865072143186937,0.5115048636236158,107.25430436039075,84.62005481307482,107.42721788381523,84.45883471109528,132.54216439809002,72.01372920412834,134.55293226426406,73.72368141463241,0.9990119477221137,17.0,0.025621469520602846,1507.0,1053.0,1251.1,1.2045400047957797,0.8416593397809928,0.0,1.0,15.4933020817338,1,98,67.30801896879221
3,South Carolina,SEC,29-2,126.08894216334504,4,71.22068117411042,3,0.9985985557200362,3,29.899153358622037,2.100846641377962,15.0,1.0,15-1,0.7740330022951786,0.5992452980993744,0.9378964749787448,0.7807082759277586,0.5992452980993744,0.9378964749787448,0.44879527875729547,0.641351102910066,104.15368015716584,84.71327653123872,104.50302982684266,84.52837144332773,124.95250249544915,70.55630754179123,124.81925458706398,70.6349410603581,0.9985682579350796,17.0,0.011951116524199112,1313.0,960.0,1169.8400000000001,1.1223757094987348,0.8206250427408875,0.0,0.9375,13.577654306533793,2,141,70.71080122021266
4,Texas,SEC,28-3,122.6175753410532,6,70.56668288518404,2,0.9982630582312196,4,28.0,3.0,13.0,3.0,13-3,0.747475400158841,0.5451653961059613,0.9371410289584157,0.747475400158841,0.5451653961059613,0.9371410289584157,0.45914619004421264,0.6449134860066773,105.36484154560722,86.65019981530536,105.36484154560722,86.65019981530536,120.95729878914264,70.56331062134417,123.09064491570007,70.50439694335736,0.9983549342805719,18.0,0.01978046382672538,1241.0,967.0,1153.6000000000001,1.075762829403606,0.8382454923717059,0.0,0.8125,12.711187912907656,4,113,71.10569125585428
5,LSU,SEC,26-4,126.23254665540622,3,75.33004454555044,7,0.9973665872201379,5,26.810769402484482,4.189230597515518,12.0,4.0,12-4,0.656597049544512,0.33815534144733744,0.9352335441295399,0.6673137172398075,0.33815534144733744,0.9352335441295399,0.5267703951753417,0.8472086541317282,100.78479920563447,87.68552506954408,101.19538974134204,87.33683330699665,124.29804241237154,75.05081722418407,127.41616830298922,76.46075155072575,0.9971930125099389,14.0,-0.01904875848792753,1322.0,1049.0,1197.4800000000002,1.103985035240672,0.8760062798543606,0.0,0.75,8.836290452569777,9,234,75.73916389930233
6,Michigan,B10,24-5,118.0987664137691,7,74.565810231733,6,0.9949742922571831,6,24.0,5.0,15.0,3.0,15-3,0.7795074002298821,0.5481337754926483,0.920902393124858,0.7795074002298821,0.5481337754926483,0.920902393124858,0.43829717141459773,0.6467720256249505,107.49912799147118,86.86085831592885,107.49912799147118,86.86085831592885,118.49707130160648,75.59399299753144,117.64837271396136,74.66395796203655,0.9946701187240105,17.0,0.00299625568111872,1489.0,1231.0,1370.6399999999999,1.086353820113232,0.8981205860036189,0.0,0.8333333333333334,10.239065849210208,6,165,73.05970471792186
7,Duke,ACC,21-8,113.33421320370076,22,73.67646713966684,5,0.9929842903921849,7,21.920889397437797,8.079110602562205,16.0,2.0,16-2,0.8044009339229299,0.7992059448742549,0.8075756494526757,0.8083877827832244,0.7992059448742549,0.8075756494526757,0.45532486144359596,0.44614272093286583,105.10044502430584,84.66010384855016,105.10974170806259,84.66490173242842,114.63759092930972,72.07633575023513,111.59103342150614,76.20095899158241,0.9877131958169566,16.0,-0.08985690488220965,1384.0,1009.0,1288.64,1.0740004966476284,0.7829960268189718,0.0,0.8888888888888888,6.497473960100501,15,346,70.94284450044927
8,Vanderbilt,SEC,27-3,126.88530215178842,2,83.7395501702999,42,0.991666305619006,8,27.73679380425006,3.2632061957499405,13.0,3.0,13-3,0.7270662925030954,0.4884994956287074,0.935812239768185,0.7351291897435052,0.4884994956287074,0.935812239768185,0.49160304222420337,0.7571203652026731,102.88103983182003,86.63063289545514,103.20362908378193,86.46426687333184,129.52433059845413,84.64475330969603,129.70266927129808,84.0042998971411,0.9932760435339637,16.0,0.09925597160611233,1343.0,1171.0,1178.76,1.1393328582578304,0.9934168108860159,0.0,0.8125,10.845239272472428,5,14,71.31980004256773
9,Minnesota,B10,22-7,117.17810216173962,11,77.81662837488389,12,0.991052635173678,9,22.585682565507668,7.414317434492331,13.0,5.0,13-5,0.7441006937500102,0.4725315171255588,0.9100596350205085,0.7522106227921931,0.4725315171255588,0.9100596350205085,0.48854222464553543,0.7789289138774098,104.75036770214862,87.62958676102255,105.16438609977075,87.38158619215912,119.35744387785456,79.41541000139003,115.27691312787157,79.61518931948157,0.9860265090361312,14.0,-0.05625014477864909,1346.0,1177.0,1240.1,1.085396339004919,0.9491170066930087,0.0,0.7222222222222222,6.310193859479436,16,312,66.33321613477139
10,Iowa,B10,24-5,117.06344755289012,14,78.64823612388564,15,0.9897877751149373,10,24.0,5.0,15.0,3.0,15-3,0.8270166538890567,0.6692117703119883,0.9234529716305983,0.8270166538890567,0.6692117703119883,0.9234529716305983,0.43482123109234116,0.6388793840140523,108.19129423690632,85.87269878655954,108.19129423690632,85.87269878655954,118.05892433663978,77.8396936050255,117.9633368980123,79.70537758511682,0.9891042117252464,16.0,0.06291533355128498,1384.0,1212.0,1294.7799999999997,1.0689074591822552,0.9360663587636512,0.0,0.8333333333333334,10.138761234679391,7,37,70.5009946675431
11,Maryland,B10,23-7,117.67822205205783,9,79.58264634121038,19,0.9889947431252493,11,23.719589503238637,7.280410496761364,11.0,7.0,11-7,0.6958432593481532,0.37182548812894467,0.9118551068276255,0.7047591814118311,0.37182548812894467,0.9118551068276255,0.5195521863359044,0.8342299050597287,102.72336223507294,88.25247161728394,102.9107576286556,87.9754888715104,117.99299438155928,79.34890767178528,117.57822506068246,80.50548277181419,0.9873323287466487,13.0,-0.008568790926658298,1429.0,1293.0,1347.5400000000002,1.0604508957062497,0.9595262478293778,0.0,0.6111111111111112,6.233333095439974,17,198,71.68163548406191
12,Oklahoma,SEC,24-6,113.51310582688654,20,76.8760803746573,10,0.9888137482072332,12,24.189230597515518,6.810769402484482,11.0,5.0,11-5,0.7111939301801651,0.4213509692816833,0.9318802738352914,0.7204253062166432,0.4213509692816833,0.9318802738352914,0.489014691839089,0.7688612185581639,103.25479142792508,86.31693630634436,103.9960093393376,85.9625204362904,114.18375131233422,76.44430434571412,112.94007298840614,75.2885795079933,0.9906555311775039,16.0,0.04057390773196745,1276.0,1137.0,1257.74,1.0145181039006472,0.9040024170337272,0.0,0.6875,7.84670732535566,10,72,77.91048838328129
13,Louisville,ACC,25-6,117.91478434681682,8,80.20660627501819,24,0.9882443684838876,13,25.808882685241997,6.191117314758005,15.0,3.0,15-3,0.7086910810928376,0.575230686441359,0.8050791438966833,0.7162965783870436,0.575230686441359,0.8050791438966833,0.5231778357559738,0.637830616916429,101.62877218729767,87.19100740953179,101.78109427146178,87.03277953031659,117.98711393369854,79.70328206689702,119.42504326236063,80.18243516593405,0.9898634680604572,16.0,0.01046496503726102,1406.0,1124.0,1288.38,1.0912929415234636,0.8724134184014032,0.0,0.8333333333333334,7.450860977040145,11,145,70.21052495076243
14,TCU,B12,27-4,113.94404622135556,19,77.58502794794518,11,0.9881068696602036,14,27.903160872116672,4.096839127883326,15.0,3.0,15-3,0.665801915642318,0.40852160812457317,0.8516154710718006,0.6730916760210816,0.40852160812457317,0.8516154710718006,0.5986492475441632,0.7909349750470392,99.55740710428742,89.1448229072969,99.65582110257793,89.01278408583472,114.29080902153306,78.63469272600761,114.9121992470804,77.01391349291613,0.9900688272918796,13.0,0.007773828690908702,1318.0,1086.0,1255.88,1.049463324521451,0.8647322992642609,0.0,0.8333333333333334,7.152348346031483,12,151,68.52527997759829
15,Kentucky,SEC,23-9,115.33286981825961,17,78.79631368017873,16,0.9876417588869334,15,23.100846641377963,9.899153358622037,8.0,8.0,8-8,0.7325864588922221,0.48110419928229003,0.938516375234321,0.7406474315234912,0.48110419928229003,0.938516375234321,0.48649789497156326,0.752606820317142,104.03381516916991,86.99744934371319,104.70215234974403,86.51936545863735,113.81547169641468,79.28160605096198,115.13393061749312,80.01783357235995,0.9849947349934282,15.0,-0.033720525839273874,1122.0,1073.0,1120.9199999999998,1.000963494272562,0.9572494022767014,0.0,0.5,5.790430489090757,19,271,67.30256053643
16,Ohio St.,B10,25-6,117.1709195748671,12,80.18956968981254,23,0.9873985649566468,16,25.414317434492332,6.585682565507669,13.0,5.0,13-5,0.7390847412180402,0.4594714019542083,0.9151766831009132,0.7469587379050185,0.4594714019542083,0.9151766831009132,0.46323036093500614,0.7303428659659731,104.45789053890084,86.61378178306866,104.85539715475511,86.33887074015671,118.28223777328033,79.44541417010419,123.55612215342171,80.88334115184048,0.9924032378662481,16.0,0.08805642232598354,1452.0,1286.0,1357.9399999999998,1.0692666833586169,0.9470226961426869,0.0,0.7222222222222222,9.297491734190272,8,23,74.46999642708921
17,West Virginia,B12,24-6,111.04609896335396,29,76.7379248515931,9,0.9859338470137652,17,24.0,6.0,14.0,4.0,14-4,0.7496123264983636,0.6152489675937045,0.8391878991014701,0.7496123264983636,0.6152489675937045,0.8391878991014701,0.5490723714271335,0.6587064750028034,101.3875459700025,87.36480469835013,101.3875459700025,87.36480469835013,111.79274714870682,77.44410580050959,106.57522753449057,76.42272704117391,0.978638376378103,15.0,-0.026975570294833995,1369.0,1095.0,1297.5200000000002,1.055089709599852,0.8439176274739502,0.0,0.7777777777777778,6.18691862497244,18,254,71.11549192561563
18,North Carolina,ACC,25-6,111.95145465264301,27,77.85429696772678,13,0.9848889378306663,18,25.0,6.0,14.0,4.0,14-4,0.68187594399892,0.49584041253124167,0.8162349389477987,0.68187594399892,0.49584041253124167,0.8162349389477987,0.5571733285645636,0.6869015643611085,101.3075578581674,88.3699688072912,101.3075578581674,88.3699688072912,109.82626058073043,77.56353986986933,114.3296739836283,81.74380554111691,0.9793304062638126,11.0,0.02117195807463801,1294.0,1079.0,1263.2000000000003,1.0243825205826471,0.8541798606713108,0.0,0.7777777777777778,6.529761929431904,14,110,68.46399637098683
19,Tennessee,SEC,16-12,114.45527955947347,18,81.11471483367649,29,0.9812875706689324,19,16.61911793903237,12.380882060967629,8.0,8.0,8-8,0.7977688329854214,0.6211981880232802,0.9301968167070275,0.8037056015927697,0.6211981880232802,0.9301968167070275,0.4145536052682793,0.5843878330881763,107.07663516031019,83.60395720286364,107.15964755204708,83.51208109896682,115.77727186528924,82.51308695668536,115.72919920821448,83.32911114421302,0.9776261095811577,17.0,-0.05423846790935971,1207.0,1185.0,1192.04,1.0125499144324017,0.994094157914164,0.0,0.5,3.2593242354339935,30,307,73.7216015194718
20,Michigan St.,B10,22-7,117.12468080444921,13,83.02466987490652,40,0.9812413611279751,20,22.62739456347378,7.372605436526222,11.0,7.0,11-7,0.7240846194607304,0.40710922287593637,0.9177918062625489,0.7322422706236241,0.40710922287593637,0.9177918062625489,0.4856650915779627,0.8297883889070097,105.10438825429539,88.13779628221428,105.4760537842451,88.07411774241304,116.99815836620753,85.72993913992727,117.7466723712492,83.03078008831169,0.9823155526731822,15.0,0.05274395002360599,1380.0,1342.0,1311.68,1.0520858746035617,1.0231153939985362,0.0,0.6111111111111112,6.6321430235572185,13,55,71.35520033553135
21,Washington,B10,21-9,112.44170986479644,26,79.78345188376261,21,0.981032277765853,21,21.05239545787596,9.947604542124042,10.0,8.0,10-8,0.7644052839343828,0.4920884751602014,0.9188010597313251,0.7719706648001563,0.4920884751602014,0.9188010597313251,0.47258914219613307,0.8102774322434064,104.40935871988518,86.38703209052252,105.3303976748519,85.9663630115869,112.2599279282779,79.73574988382998,112.39236033482146,78.06982611346889,0.9850872231802393,16.0,-0.01765375386317214,1262.0,1210.0,1257.42,1.0036423788392104,0.9622878592673887,0.0,0.5555555555555556,5.189669039743,21,229,66.68664919871604
22,USC,B10,17-13,107.54449289799356,42,76.40290126459396,8,0.9807662152111991,22,17.0,13.0,9.0,9.0,9-9,0.8129077979129089,0.6295742364749092,0.9156047254261718,0.8129077979129089,0.6295742364749092,0.9156047254261718,0.4021106378294587,0.5816106912438544,108.84776246515706,84.45471078560375,108.84776246515706,84.45471078560375,109.20439371338455,76.8456673408215,106.14927854573781,76.00116742737852,0.9790023484521996,18.0,-0.040862346945102934,1245.0,1209.0,1278.0999999999997,0.9741021829277837,0.9459353728190285,0.0,0.5,3.9662153862074794,25,284,69.86169100781278
23,N.C. State,ACC,20-9,113.49837683130455,21,81.57655966113336,31,0.9780723576174306,23,20.536534090310365,9.463465909689635,13.0,5.0,13-5,0.790253895933531,0.7805905790387331,0.7961592562581297,0.796402192206132,0.7805905790387331,0.7961592562581297,0.5061234309719055,0.5338200277767224,103.1979688045968,86.1273977493586,103.52698193030884,86.00010626753182,116.42518994133013,82.02042623875711,113.34895459627022,81.3380464450159,0.9784661192490367,13.0,-0.055519762179257914,1430.0,1187.0,1315.8000000000002,1.0867913056695544,0.9021127830977351,0.0,0.7222222222222222,3.7188358757701505,27,310,71.04900445482164
24,Mississippi,SEC,22-10,112.88130675679,24,81.4732861924126,30,0.9770161072715247,24,22.26320619574994,10.736793804250059,8.0,8.0,8-8,0.7097434794399478,0.4650989251412366,0.9342757106787526,0.7182865953853357,0.4650989251412366,0.9342757106787526,0.5143421667331837,0.7798779500046185,101.14702104857514,86.0593161735422,101.92696896630864,85.98902023718918,114.9995727702595,81.90993686829542,114.41260753065839,82.1061440540913,0.9784518567074977,14.0,-0.019624265110660843,1142.0,1108.0,1131.1799999999998,1.0095652327657845,0.9795081242596229,0.0,0.5,3.9613265431444233,26,237,68.28052940469951
25,Notre Dame,ACC,21-9,113.06836303195611,23,82.30865302491465,35,0.9747027861840665,25,21.463465909689635,9.536534090310365,12.0,6.0,12-6,0.7363915376334531,0.5901958404430251,0.8181147614662277,0.7441876930539144,0.5901958404430251,0.8181147614662277,0.49832507105925544,0.589174544102183,102.47877530211578,87.2722249147524,102.83424630508891,87.08849378820838,114.96747023651724,84.5481097589969,112.70644842175025,82.24545713498625,0.9740022225705739,15.0,-0.002255919410013685,1389.0,1219.0,1301.8799999999999,1.0669186100101393,0.9363382185762129,0.0,0.6666666666666666,4.50108674759759,23,177,71.3877506456432
26,Nebraska,B10,18-12,116.04668687356772,16,84.90104342430917,52,0.9732425736047373,26,18.0,12.0,7.0,11.0,7-11,0.7654888613057504,0.5090994969436838,0.9133211952388708,0.7654888613057504,0.5090994969436838,0.9133211952388708,0.5011192486169896,0.8312781793325095,105.95914719822527,87.5664395495055,105.95914719822527,87.5664395495055,116.29999541081358,87.54304229990396,116.22197054266738,87.27606219486843,0.9642187887976359,14.0,-0.0685377871085362,1337.0,1362.0,1287.8000000000002,1.0382046901692807,1.05761764249107,0.0,0.3888888888888889,1.9024988345008915,40,330,70.33853186957025
27,Villanova,BE,23-6,109.59884166654663,32,80.30798313355132,25,0.9727749271829308,27,23.0,6.0,16.0,4.0,16-4,0.7358159079742954,0.6541287760742017,0.7725751173293376,0.7358159079742954,0.6541287760742017,0.7725751173293376,0.6425555289029125,0.6826209735964378,100.13517952073553,87.08035918895571,100.13517952073553,87.08035918895571,109.57567324971149,79.47240792313865,117.782969605824,80.67648231773853,0.9872772686181881,6.0,-0.017859332237988856,1443.0,1221.0,1424.14,1.0132430800342662,0.8573595292597638,0.0,0.8,3.01844812728187,33,230,70.53971535462112
28,Oregon,B10,21-11,108.53261918761723,40,79.666006772338,20,0.9722368415436339,28,21.280410496761363,11.719589503238636,8.0,10.0,8-10,0.7633045814652308,0.5417612313251848,0.919800685413346,0.7701436772612674,0.5417612313251848,0.919800685413346,0.5148836690427372,0.829440394128308,104.30532972183079,86.9525246147659,104.71056887874822,86.72919497452851,108.0819835231057,80.31067878605779,104.23417308269543,79.16202315854908,0.9594626093033506,14.0,-0.04386728643609905,1302.0,1270.0,1324.3,0.9831609152004833,0.9589972060711319,0.0,0.4444444444444444,2.8473573480760592,35,290,71.15916995697968
29,Alabama,SEC,22-9,109.48399454959394,35,80.93955020898734,28,0.9699351226078173,29,22.38088206096763,9.619117939032371,7.0,9.0,7-9,0.7289195527568764,0.480192403036682,0.9403355517625351,0.7368060533080343,0.480192403036682,0.9403355517625351,0.5121538752373164,0.8217440626719943,103.13503402199365,85.75939641097045,103.48879169312848,85.61425011362651,111.27295606551769,82.71390263713671,112.40368485342177,82.24581079332393,0.9732060325509023,14.0,0.04405047418162089,1063.0,1125.0,1112.08,0.955866484425581,1.011617869218042,0.0,0.4375,4.722393616745825,22,68,67.22216654924681
30,Texas Tech,B12,25-7,107.19117725839024,44,79.39928011281123,18,0.969273858424776,30,25.0,7.0,12.0,6.0,12-6,0.7054225314942922,0.49821749770127466,0.844281430554907,0.7054225314942922,0.49821749770127466,0.844281430554907,0.6283989885890877,0.859109550446106,99.25059096315665,88.0272898273971,99.25059096315665,88.0272898273971,109.74792771280259,81.88734052674381,111.6187554909507,82.3662639749495,0.9705452072896792,11.0,-0.014761173671439254,1248.0,1131.0,1243.54,1.0035865352139859,0.9095002975376747,0.0,0.6666666666666666,3.486610748600012,29,220,68.79511262425001
31,Georgia,SEC,22-9,108.89682765197384,38,80.74555675194799,27,0.968920272498999,31,22.0,9.0,8.0,8.0,8-8,0.6642402650986776,0.3233878516710094,0.9422735335079458,0.6642402650986776,0.3233878516710094,0.9422735335079458,0.5448914264114039,0.8853163124728524,100.55768564053174,87.59653261386131,100.55768564053174,87.59653261386131,107.83131682424842,79.7190056157829,108.31503835271508,80.97010948910552,0.9659764081416619,14.0,0.024365781603240655,1082.0,1107.0,1152.6399999999999,0.9387146029983343,0.9604039422543033,0.0,0.5,4.0490171141677544,24,103,68.6798091539568
32,Illinois,B10,20-10,116.25435412213011,15,86.22744014138252,64,0.9688141540415196,32,20.37260543652622,10.627394563473779,9.0,9.0,9-9,0.7284890815035309,0.4371481182952619,0.900047680168332,0.7366423808332919,0.4371481182952619,0.900047680168332,0.5190883174293793,0.8457963993941757,103.78877382039572,89.27882748733387,104.21896436516987,89.07708047046609,118.30333273832305,86.17622973285332,117.35775900877452,87.45212192791222,0.9671549950324323,11.0,-0.014451182541000196,1376.0,1305.0,1280.4199999999996,1.074647381328002,1.0191968260414555,0.0,0.5,2.895233755178034,34,218,69.75956546723805
33,Oklahoma St.,B12,23-8,112.80882539770622,25,83.9098614065545,43,0.9678119164204233,33,23.77036014970961,8.22963985029039,12.0,6.0,12-6,0.6678051519420376,0.38711355651407975,0.8705268597511183,0.6750496093098631,0.38711355651407975,0.8705268597511183,0.5958138223853937,0.8170493180266442,98.78754250559622,89.15999083529904,98.95684592335188,89.05718254225894,112.22574834955991,82.27991670834956,110.80000594207753,86.12604498889299,0.9476990322584234,12.0,-0.019379981757654763,1314.0,1177.0,1275.5600000000004,1.030135783499012,0.9227319765436355,0.0,0.6666666666666666,3.0948615598906963,32,236,69.97822799755961
34,Iowa St.,B12,22-8,117.32459736512502,10,87.48482804868354,80,0.9669143101960135,34,22.711228393736764,8.288771606263236,10.0,8.0,10-8,0.67493370921321,0.39942521269277137,0.8586060402268358,0.6829124261862178,0.39942521269277137,0.8586060402268358,0.60028929250993,0.8156221064010127,99.2558016784638,89.0964767736093,99.20621486267362,88.7645328946506,114.86729607026726,88.36773278271292,119.39453093364402,90.3003831059732,0.9612779526011331,12.0,-0.028398730791355464,1371.0,1311.0,1318.26,1.0400072823267035,0.9944927404305676,0.0,0.5555555555555556,2.585241421152407,37,258,71.58759316664678
35,Baylor,B12,24-7,105.06453471314197,52,78.62751761238675,14,0.9655540279749724,35,24.0,7.0,13.0,5.0,13-5,0.719034113670055,0.5362466314827666,0.8510472952497634,0.719034113670055,0.5362466314827666,0.8510472952497634,0.5509108835327937,0.6869416677270546,100.87302352419746,87.15297448715548,100.87302352419746,87.15297448715548,106.103069257564,79.22572858078337,100.02586003398457,76.04463157294188,0.9589971200765606,13.0,0.08207427799041678,1255.0,1148.0,1293.62,0.9701457924274517,0.8874321670969837,0.0,0.7222222222222222,5.726170766515318,20,26,70.38652445405849
36,Virginia Tech,ACC,22-8,104.90536976630801,56,79.80316399026802,22,0.958719125124122,36,22.7584515751725,8.241548424827501,12.0,6.0,12-6,0.6541767374761676,0.4130496924674992,0.81492810081528,0.6614904220492943,0.4130496924674992,0.81492810081528,0.6045757568174198,0.8173050920586795,98.28072244485664,89.60393113114228,98.19583245033539,89.30618305710095,106.72558013670648,79.97928751168226,106.99320625530636,80.5128099874704,0.9633856631200994,12.0,0.0028187093099226734,1280.0,1164.0,1298.2000000000003,0.9859805885071635,0.8966260976737018,0.0,0.6666666666666666,2.5934499879650086,36,166,71.45173274986335
37,Syracuse,ACC,23-7,106.503079268974,46,82.12771479960936,34,0.9520669994569848,37,23.191117314758003,7.808882685241995,12.0,6.0,12-6,0.636700499840153,0.3674413579907825,0.7852621616914156,0.6480406246086032,0.3674413579907825,0.7852621616914156,0.6103857109270721,0.8349210903630777,98.66835209617017,89.5198694991206,99.28920473946071,89.21944166232413,108.71292886213327,84.6318130874525,103.7592081404542,83.39026769333977,0.9250637534108846,10.0,0.04894366690271501,1340.0,1236.0,1316.36,1.0179586131453402,0.9389528700355526,0.0,0.6666666666666666,3.1361843563728904,31,60,71.15294002590622
38,Colorado,B12,20-10,105.80659543045874,50,81.62589984403488,32,0.9518397093299878,38,20.61851021891359,10.381489781086412,11.0,7.0,11-7,0.7482643008287712,0.5769871137181403,0.862449092235858,0.7539391988457134,0.5769871137181403,0.862449092235858,0.5848385390936416,0.7824213227533701,100.50575161026408,87.02402344808299,100.77004698546824,87.0379571819209,106.54257120383411,82.63464896097406,107.35973535358023,81.22947996927041,0.961112932995194,12.0,-0.038065097239089685,1228.0,1165.0,1265.96,0.9700148503902176,0.9202502448734556,0.0,0.6111111111111112,0.9529923873218039,43,280,68.62260105419028
39,Florida,SEC,18-15,108.98302132761432,37,84.64327935559562,48,0.9481709243922037,39,18.0,15.0,5.0,11.0,5-11,0.6953112974673489,0.41856154820223923,0.9212296880340303,0.6953112974673489,0.41856154820223923,0.9212296880340303,0.5532849823514274,0.858939060190303,101.59959854198378,86.70156092188942,101.59959854198378,86.70156092188942,112.47667887932872,85.99509838865089,113.68660121671485,82.90320505817284,0.974203364910472,14.0,-0.08085567597297649,1100.0,1181.0,1140.1799999999998,0.9647599501833045,1.0358013646968025,0.0,0.3125,-1.2946146807613426,61,340,70.34551510008201
40,Virginia,ACC,19-11,110.63849653207608,30,86.92090794098993,68,0.9412876797461711,40,19.0,11.0,11.0,7.0,11-7,0.6510359454063944,0.35327525396989795,0.817835787155066,0.6510359454063944,0.35327525396989795,0.817835787155066,0.5914983905131295,0.8194966143361114,99.35785312111592,88.51261235040974,99.35785312111592,88.51261235040974,112.00961202482821,86.72306005915301,111.06268291873438,88.22323547583167,0.9338617039272803,13.0,-0.028312934590931205,1340.0,1259.0,1307.0000000000002,1.0252486610558529,0.9632746748278499,0.0,0.6111111111111112,0.14995521609399826,54,256,67.53408546326206
41,Mississippi St.,SEC,18-13,107.16184516172099,45,84.5693422463398,47,0.9383608376356147,41,18.0,13.0,5.0,11.0,5-11,0.6728504696143126,0.35010901130747124,0.9380417172725429,0.6728504696143126,0.35010901130747124,0.9380417172725429,0.5490104748929417,0.8838209691427966,101.66588143854473,87.82621042728805,101.66588143854473,87.82621042728805,107.9230609765217,86.55162351727162,105.11904125225162,85.64895571324887,0.9133797906777046,15.0,-0.020622862715587775,1090.0,1242.0,1175.5600000000002,0.9272176664738506,1.0565177447344243,0.0,0.3125,0.055252884615443004,55,239,71.07360345739687
42,Stanford,ACC,19-13,103.83728651694473,61,81.9642537727924,33,0.9382099749873669,42,19.0,13.0,8.0,10.0,8-10,0.7189583409283918,0.5718830918048096,0.8165922521393222,0.7189583409283918,0.5718830918048096,0.8165922521393222,0.5683036981229603,0.7066021516689011,101.38468614507069,88.289485222124,101.38468614507069,88.289485222124,104.83839477155496,83.25822006898599,101.9580762530674,81.0000765705722,0.9337815583453967,12.0,-0.049838696914025316,1228.0,1212.0,1281.4,0.958326830029655,0.9458404869673793,0.0,0.4444444444444444,-0.5902276768629154,58,304,68.81449383571454
43,Richmond,A10,25-6,111.40619766023096,28,88.26868521431751,96,0.9356660954611941,43,25.0,6.0,15.0,3.0,15-3,0.5696912233657146,0.6076871140979485,0.5422497467257679,0.5696912233657146,0.6076871140979485,0.5422497467257679,0.7540969444586527,0.6916293506263884,94.56608181358006,89.99366578804059,94.56608181358006,89.99366578804059,111.72415412194422,88.11486647745339,100.74319127105105,90.59513571014391,0.7722398535062706,3.0,-0.0013845461249804014,1340.0,1026.0,1203.5600000000002,1.1133636877264115,0.8524710026920136,0.0,0.8333333333333334,0.5065945588844091,47,175,66.12835629575923
44,Indiana,B10,18-14,109.55197510370326,33,88.07606316731395,90,0.9247898583849471,44,18.0,14.0,6.0,12.0,6-12,0.7599504681963841,0.4951787060671804,0.9119794094322375,0.7599504681963841,0.4951787060671804,0.9119794094322375,0.49784750482714635,0.8218666660008781,105.34084695444804,87.3149418326823,105.34084695444804,87.3149418326823,109.5668168750955,88.26049866482207,108.9774619610435,89.76186482309208,0.9029797173189731,15.0,0.02697567784918642,1229.0,1355.0,1264.58,0.9718641762482406,1.0715020006642522,0.0,0.3333333333333333,0.8811437870499039,44,95,68.77530171252079
45,California,ACC,19-14,104.87670439963756,57,84.35399349997056,45,0.9244411477179052,45,19.0,14.0,9.0,9.0,9-9,0.7203557668237206,0.5721973652688579,0.8181469873058985,0.7203557668237206,0.5721973652688579,0.8181469873058985,0.5788548510499464,0.7405724368391441,100.48666992562362,87.4118414796733,100.48666992562362,87.4118414796733,107.92136211441152,84.77724523048931,107.94004644479857,83.65401526339416,0.9493671478571227,13.0,-0.045000894585457196,1252.0,1206.0,1264.9999999999998,0.9897233201581029,0.9533596837944666,0.0,0.5,-1.487163204703134,64,293,67.74358877832272
46,Kansas,B12,19-12,108.69890749439938,39,87.4559698467699,78,0.9241861278292007,46,19.38148978108641,12.618510218913588,8.0,10.0,8-10,0.7157503203421995,0.49123107669732374,0.8737595014275645,0.7231281140414547,0.49123107669732374,0.8737595014275645,0.5697682708256757,0.7715646155225399,101.49322926937643,87.44323457858795,101.63237014167811,87.25557859442233,112.94278865047067,90.23674324223624,110.60837945715221,87.24031170305953,0.93873286354304,13.0,-0.00711374122413333,1297.0,1263.0,1258.58,1.0305264663350762,1.0035118943571326,0.0,0.4444444444444444,-0.23805188970562327,56,194,68.15803881433295
47,Clemson,ACC,21-10,105.37934598689287,51,84.80404004740558,51,0.9240064062023945,47,21.079110602562203,10.920889397437795,11.0,7.0,11-7,0.629471308569039,0.3428451045033312,0.8032323132253012,0.640831089234091,0.3428451045033312,0.8032323132253012,0.5506836701938466,0.7604983122296746,99.2602779877251,89.21804955001701,99.70008844953212,88.73237510635397,106.18850610494954,84.56869489216439,102.86199550307715,83.317741960259,0.9185911642720982,14.0,0.07686372123482366,1192.0,1113.0,1206.4199999999998,0.9880472803832829,0.9225642810961358,0.0,0.6111111111111112,2.359958239329289,38,28,63.76302521828676
48,Arizona St.,B12,23-9,97.7186093618691,100,78.80621728675226,17,0.9222739187524188,48,23.288771606263232,9.711228393736764,9.0,9.0,9-9,0.7124910601079613,0.5240777608777065,0.8498728721712379,0.720200855697634,0.5240777608777065,0.8498728721712379,0.6090463578702998,0.8042159662984835,99.92635066683485,88.32418336596447,100.45357028253927,88.29874833885995,100.68507218542996,80.71711188675013,101.16966289747268,80.8908114959739,0.9290729277710329,9.0,0.05641013784903526,1174.0,1165.0,1278.34,0.918378522145908,0.9113381416524556,0.0,0.5,1.6606180857288124,41,50,68.944265199837
49,Princeton,Ivy,23-3,109.78716230144681,31,89.31180406881074,111,0.914800801129401,49,23.986558614833392,3.0134413851666064,11.986558614833394,2.0134413851666064,11-2,0.6317362203509475,0.7493339550182181,0.514138485683677,0.6140975325481635,0.7493339550182181,0.4885208545402559,0.7119599501869208,0.5999926678615081,95.86926751024632,89.22654917386673,95.42846226023718,89.52475768770256,107.27130744902412,89.15408741725012,116.52390786105506,89.10016439598724,0.9563055271386324,3.0,0.15708949026908758,910.0,712.0,843.7400000000001,1.0785313011117168,0.843861853177519,0.15549164967578205,0.8461538461538461,3.636418693134327,28,3,66.52569454869558
50,James Madison,SB,23-8,103.44486581337041,66,84.31910545070383,44,0.9130095836675773,50,23.0,8.0,14.0,4.0,14-4,0.562814551490909,0.6587071180261203,0.49355880899325627,0.562814551490909,0.6587071180261203,0.49355880899325627,0.7693434952024664,0.6513616977824108,96.00878988090076,91.80411546287097,96.00878988090076,91.80411546287097,105.05789353636922,85.97640653984837,100.71901830885776,85.61426420270061,0.8662905805374899,4.0,-0.04526735049748376,1379.0,1096.0,1283.5799999999997,1.0743389582262113,0.8538618551239504,0.0,0.7777777777777778,-1.9152829237679097,72,295,70.16004222797433
51,Texas A&M,SEC,14-12,101.36444131633462,79,82.75937313476219,38,0.9114951040150094,51,14.0,12.0,7.0,9.0,7-9,0.7872830177540698,0.5186237519012309,0.9384280375246873,0.7872830177540698,0.5186237519012309,0.9384280375246873,0.42852838207012406,0.7116776606935659,104.38538169045341,84.23616429048774,104.38538169045341,84.23616429048774,102.78888961788073,82.33774864847209,100.8028751687865,79.76997929151146,0.9365069154347144,16.0,0.09481502243093654,1006.0,1168.0,1156.3999999999999,0.8699411968177102,1.0100311310965064,0.0,0.4375,1.918646158632089,39,19,69.49522624694742
52,South Dakota St.,Sum,25-6,107.68104176797051,41,88.11578908660769,92,0.909372802050871,52,25.0,6.0,14.0,2.0,14-2,0.5095975672301333,0.7204190205467585,0.34408692039444677,0.5095975672301333,0.7204190205467585,0.34408692039444677,0.7616942695621111,0.5952567882559582,95.93047647046015,93.44948200801612,95.93047647046015,93.44948200801612,108.766919014773,88.78630174404829,93.77823563437231,89.99586520034075,0.6161986594642136,3.0,0.03369870182698409,1285.0,885.0,1082.46,1.1871108401234225,0.8175821739371432,0.0,0.875,0.4731544763751837,49,82,68.18195876924807
53,Seton Hall,BE,18-11,103.3153638933594,68,85.10957694379712,54,0.9028442840067749,53,18.0,11.0,12.0,8.0,12-8,0.7143680354456986,0.5692111411281456,0.7796886378885975,0.7143680354456986,0.5692111411281456,0.7796886378885975,0.6370194723544328,0.7266021971032236,99.56905258026767,87.14384227864821,99.56905258026767,87.14384227864821,103.76611474114934,85.00000315507096,101.08066552727935,84.7206173803136,0.8839560759025946,7.0,-0.022210434594281514,1328.0,1293.0,1390.0600000000002,0.9553544451318647,0.9301756758701062,0.0,0.6,-1.7499941225894284,70,244,69.45845318972329
54,Utah,B12,19-12,103.67576874233326,63,85.40937628130717,57,0.9028099861366891,54,19.0,12.0,10.0,8.0,10-8,0.7348182105861535,0.528888154012017,0.8629795795702115,0.7348182105861535,0.528888154012017,0.8629795795702115,0.5619958523372464,0.716151333032344,101.62613333281595,86.31923436990314,101.62613333281595,86.31923436990314,105.61602560556712,86.4693147445159,103.21073365364613,85.76135427139108,0.8937707887437488,14.0,0.04653720704713138,1205.0,1236.0,1270.68,0.9483111404917052,0.9727075266786287,0.0,0.5555555555555556,0.1523929211219236,53,65,68.70641867883903
55,Kansas St.,B12,17-16,104.0359477393782,60,85.97293432628004,61,0.8996277736115186,55,17.22963985029039,16.77036014970961,8.0,10.0,8-10,0.7981325137156299,0.7122243699389147,0.8529249366191194,0.8031230845395454,0.7122243699389147,0.8529249366191194,0.5245487598496843,0.6372440039307041,102.67312290969626,86.70090063429456,102.97123183105444,86.61881122701149,104.70071810429295,86.4395568978477,104.8757883502264,83.72092263272498,0.9302677334026577,13.0,-0.01644264846232768,1227.0,1237.0,1279.5,0.958968347010551,0.9667838999609223,0.0,0.4444444444444444,-2.269375034070489,77,223,69.87318859553804
56,BYU,B12,22-10,102.70665407255352,71,84.91958145950467,53,0.8990742275263045,56,22.096839127883328,10.903160872116674,9.0,9.0,9-9,0.7020618585603635,0.4353738072484548,0.8802013699766413,0.7107298892552737,0.4353738072484548,0.8802013699766413,0.5773884614579916,0.8078005403605407,99.32867446335821,87.73835784476788,99.77156453640738,87.43068116281965,103.98326518083496,86.42668438626129,104.34900051880531,84.85859852113576,0.9151093341767244,14.0,0.0969642584298348,1212.0,1252.0,1293.2799999999997,0.9371520475071139,0.9680811579858966,0.0,0.5,1.6181024609035992,42,16,71.0042622648674
57,Marquette,BE,18-11,104.98530144329317,54,86.97894236991249,70,0.8969489566944019,57,18.614504552760835,11.385495447239167,12.0,8.0,12-8,0.6848562255191276,0.4727916457449452,0.7802852864175096,0.6902012279878165,0.4727916457449452,0.7802852864175096,0.6349389660946372,0.7246851629945114,100.33006226091125,87.75342424539728,100.48063130336399,87.84223763065293,107.6611744103318,87.37562650199125,106.38113782124573,87.35379421267284,0.9060397062011015,7.0,-0.010646302383256812,1330.0,1293.0,1353.4399999999998,0.9826811679867598,0.9553434212081807,0.0,0.6,-1.6051669901012222,66,206,67.30693018987941
58,Fairfield,MAAC,25-4,106.21044737975004,47,88.23279840052183,94,0.8940318466286521,58,25.984812557378135,4.015187442621865,19.0,1.0,19-1,0.3217577489560783,0.6683234099943336,0.16580320148886346,0.3148701533401035,0.6683234099943336,0.16580320148886346,0.8361517696947774,0.5521515144485261,88.25265263212518,96.08341435889821,88.07323273374942,96.1789556864829,101.5565170108843,88.79366624872135,126.02020791702137,85.47320541172343,0.9886233717836846,4.0,0.033339539647619265,1533.0,1021.0,1372.1200000000003,1.1172492201848232,0.7441040142261608,0.0,0.95,0.40082620126643753,50,84,68.82236608040714
59,Rhode Island,A10,25-4,103.5298063381975,64,86.07993371120871,62,0.893090680891278,59,25.943473178475728,4.056526821524274,16.0,2.0,16-2,0.49070004519999577,0.4505326915772025,0.5152467613028138,0.485461906775497,0.4505326915772025,0.5152467613028138,0.8149983174680142,0.8109560553023664,92.86983768996356,91.28380259877873,92.63819020573746,91.2911362216081,103.61700918789076,85.8583449678111,103.27435752455091,82.33226912028411,0.9312594654064599,3.0,0.057620535796204075,1216.0,974.0,1171.06,1.0383754888733285,0.8317251037521562,0.0,0.8888888888888888,0.5898115333581637,46,45,65.36827402642525
60,Columbia,Ivy,20-6,102.56960462342366,74,85.40838076666837,56,0.8914482308023329,60,20.67389799434106,6.326102005658939,11.673897994341061,2.326102005658939,11-2,0.551704113138718,0.6377772582567585,0.46563096802067727,0.5621364769743642,0.6377772582567585,0.49189860864071233,0.7505980326081004,0.6898480361760118,94.14330798686979,91.14023243000673,94.2243197747288,90.8664304005921,101.67297710946418,84.92568322941071,103.15001890447883,84.45078036130019,0.9088918376982402,4.0,0.02660728912930499,915.0,707.0,874.0799999999999,1.0468149368478858,0.8088504484715359,0.8333779367011674,0.8461538461538461,-0.5688206505056954,57,97,70.05597278352384
61,North Dakota St.,Sum,27-3,109.54820778147703,34,91.37545839431661,154,0.8895309953012048,61,27.0,3.0,15.0,1.0,15-1,0.3684065837893013,0.4200054515712039,0.3465969534793109,0.3684065837893013,0.4200054515712039,0.3465969534793109,0.8688489453708008,0.8358813885412025,91.0415657135844,95.58043284195837,91.0415657135844,95.58043284195837,110.14358531332695,91.38549205447953,109.42843384062922,86.64288474696104,0.9361340575272672,2.0,0.039392832074182205,1302.0,937.0,1087.1799999999998,1.1975937747199177,0.8618628010081129,0.0,0.9375,0.2614355557488748,52,73,68.17924052257513
62,Georgia Tech,ACC,14-17,95.64913304281501,123,80.37374053966505,26,0.8809009690896508,62,14.241548424827501,17.7584515751725,8.0,10.0,8-10,0.7307336878131159,0.5938467548585623,0.821579281741895,0.7378582326407238,0.5938467548585623,0.821579281741895,0.5456558159585668,0.6634249302025809,101.65191899270832,87.80446209611137,101.7535893201699,87.55442153878822,95.23477557452996,79.8357422498039,93.82698025224565,82.79588983538267,0.8081992181332943,14.0,-0.07350357096475574,1164.0,1209.0,1326.1999999999998,0.8776956718443675,0.911627205549691,0.0,0.4444444444444444,-4.5145780569730665,103,335,71.73101466060848
63,George Mason,A10,21-8,99.41241533684519,89,83.62752974366015,41,0.8795736306004334,63,21.899047240570788,8.100952759429212,16.0,2.0,16-2,0.5716532905785459,0.6353994053722585,0.5326973315379437,0.5676178706526579,0.6353994053722585,0.5326973315379437,0.760951804512311,0.665381019456448,95.63294209580745,91.33243651931328,95.64116518373376,91.53959319876844,100.70890952031928,83.68370724954372,98.29666956748515,76.1086276087235,0.9498853509393733,5.0,-0.0064568570596367225,1168.0,990.0,1175.26,0.9938226435001617,0.8423667954325,0.0,0.8888888888888888,-1.921623907936713,73,192,68.54798351480605
64,Miami FL,ACC,17-14,102.65845514899087,72,86.77892429978388,67,0.8735261864281734,64,17.0,14.0,8.0,10.0,8-10,0.7083304173229185,0.49245361204736293,0.812685580408333,0.7083304173229185,0.49245361204736293,0.812685580408333,0.5522281456758356,0.7213082866836676,101.30805137615161,87.97856792150924,101.30805137615161,87.97856792150924,101.14133988973454,88.25851649010872,105.01574913846534,84.77282620879464,0.9214747955749552,14.0,0.03182094832503801,1204.0,1259.0,1284.2199999999998,0.9375340673716342,0.9803616202831292,0.0,0.4444444444444444,-1.362860159183398,62,88,69.08026775296545
65,Montana St.,BSky,23-6,97.4679930174742,105,82.56089821895054,37,0.8708910723527428,65,23.0,6.0,16.0,2.0,16-2,0.467651396596258,0.6048704558534764,0.38379530482795754,0.467651396596258,0.6048704558534764,0.38379530482795754,0.8162441203288691,0.6685662157786557,93.50378075372774,92.9086263605529,93.50378075372774,92.9086263605529,98.03789426612799,81.8338531745524,88.34415367056161,81.42458842017058,0.7186897013855829,2.0,0.003724549043971237,1357.0,1065.0,1362.9199999999998,0.995656384820826,0.7814105009831832,0.0,0.8888888888888888,-1.579694483343004,65,162,73.10725954219222
66,Gonzaga,WCC,22-9,105.89803297979142,49,90.10989764548846,126,0.8649044437654222,66,22.0,9.0,14.0,4.0,14-4,0.6026751385980634,0.706077719866559,0.5279954965708169,0.6026751385980634,0.706077719866559,0.5279954965708169,0.7778966548508116,0.686947303244599,95.73900258049329,91.14192085712071,95.73900258049329,91.14192085712071,107.94464605869655,91.47287872319399,99.70008593092984,86.2569990236551,0.8409891592201058,2.0,-0.01886291406600704,1394.0,1155.0,1274.1200000000001,1.0940884689040278,0.9065080212224907,0.0,0.7777777777777778,-3.384618466385022,91,232,68.54447961995707
67,Harvard,Ivy,16-10,97.30366390558885,107,82.91839278674885,39,0.862921149182097,67,16.32610200565894,10.673897994341061,9.326102005658939,4.673897994341061,9-4,0.5392786004230995,0.6145280932930096,0.4640291075531896,0.553075134972617,0.6145280932930096,0.49601167367510973,0.7456558349730996,0.6890183844931771,94.96400372269575,91.70154391639358,95.28368134981568,91.43683109664182,98.39537859717056,83.24993619611624,104.32126237079058,89.16648815064255,0.8587751852582873,4.0,-0.10328789696113772,866.0,679.0,853.1,1.015121322236549,0.7959207595826984,0.9117850332600709,0.6923076923076923,-4.6197236861572435,104,358,67.4739871528234
68,Rice,Amer,27-3,100.75184464829346,81,86.30499749595037,65,0.8556832279607427,68,27.90292512003984,3.0970748799601626,17.90292512003984,0.0970748799601627,17-0,0.5031170680583258,0.44939059702837897,0.5442020164929912,0.5012473761863633,0.4493905970283791,0.5386994944671297,0.8421760870175541,0.8358330224239192,92.44002550667187,92.39459571694745,92.25285318019948,92.26293293210217,104.08211070253044,87.4215510110355,96.18817155009333,86.32929038965588,0.7761866690987828,2.0,0.10732627255604898,1265.0,1041.0,1221.26,1.035815469269443,0.8523983426952492,0.44515662002748735,1.0,0.8605363129724004,45,11,69.72090547525262
69,Colorado St.,MWC,24-7,101.55723335474536,78,87.09987964258525,73,0.8539621015721657,69,24.0,7.0,15.0,5.0,15-5,0.48472791107604035,0.46246666208270387,0.4969715980223753,0.48472791107604035,0.46246666208270387,0.4969715980223753,0.8264026491049992,0.7919607896088267,92.0725693274997,92.28309375778888,92.0725693274997,92.28309375778888,100.88972259554616,88.03358790790917,116.16866976657192,91.81454767023267,0.9373582128669328,1.0,-0.003003725273772684,1303.0,1118.0,1306.12,0.9976112455210855,0.8559703549444156,0.0,0.75,-2.6756717599221935,81,179,65.00030238935001
70,San Diego St.,MWC,25-4,102.33543774282921,75,87.84693611621452,85,0.852656601255079,70,25.0,4.0,19.0,1.0,19-1,0.4914304268808408,0.4846670231716544,0.4944739585499748,0.4914304268808408,0.4846670231716544,0.4944739585499748,0.8201126154905661,0.7468370316268347,93.46481337077353,91.48137507327262,93.46481337077353,91.48137507327262,105.64174638726121,88.22697984714513,100.04098716626152,74.4433182727161,0.9676649028696129,2.0,0.0890873123773418,1420.0,1167.0,1351.6999999999998,1.05052896352741,0.8633572538285124,0.0,0.95,0.3658663586814729,51,22,67.19489122821493
71,South Florida,Amer,19-11,102.95538898754091,70,88.76888942705065,106,0.8461846361518249,71,19.807668509771872,11.192331490228128,12.807668509771872,5.192331490228128,12-5,0.5964934101702294,0.6935153345687628,0.5223001738654686,0.5937036250314385,0.6935153345687628,0.521617390365593,0.693456085241535,0.4736245292425267,97.69991330251722,88.40558734603367,97.47953965581826,88.47484118024047,101.94605910597747,87.84154661839808,103.85592102036314,86.99340277076472,0.8846765388884518,6.0,-0.005007422286467222,1245.0,1066.0,1243.62,1.0011096637236456,0.85717502130876,0.5100100708677092,0.7058823529411765,-2.451275630034818,80,188,70.07167902836763
72,Creighton,BE,15-14,104.69656476559052,58,90.32901223147528,130,0.8452063066146508,72,15.385495447239167,14.614504552760833,11.0,9.0,11-9,0.7218542528506877,0.5804106508267297,0.7855038737614686,0.7276907426837395,0.5804106508267297,0.7855038737614686,0.628700169568132,0.7403084831344231,100.29219709308292,87.38493290769493,100.44863388982986,87.3713999015471,106.37337608266753,91.1363663554479,98.50753512078502,86.38334632012666,0.8191187876563029,7.0,-0.03832708793636219,1351.0,1380.0,1393.64,0.9694038632645445,0.9902126804626732,0.0,0.55,-4.637243651127758,106,281,69.17611532547387
73,Wisconsin,B10,13-17,105.05400712196209,53,90.63869206650125,137,0.8451849009405485,73,13.0,17.0,5.0,13.0,5-13,0.7597808257916856,0.4681917177389019,0.9263612069041732,0.7597808257916856,0.4681917177389019,0.9263612069041732,0.47079408573527676,0.7814652769745636,106.0482259061391,86.99156427177574,106.0482259061391,86.99156427177574,107.0749986789919,91.22958449724878,104.89956927602901,88.03745257921481,0.8823912911795013,17.0,0.02171035442054675,1188.0,1415.0,1268.04,0.9368789628087443,1.1158953976215262,0.0,0.2777777777777778,-2.1854932150321975,75,109,68.54944662896177
74,Georgia Southern,SB,23-6,102.30986724926987,76,88.28159976701582,97,0.8450058040937296,74,23.0,6.0,16.0,2.0,16-2,0.4953077574443867,0.42664314310011875,0.5372694662103285,0.4953077574443867,0.42664314310011875,0.5372694662103285,0.8172393083818299,0.7980331810281047,94.42884939621271,92.88709276398423,94.42884939621271,92.88709276398423,102.8468380520339,86.06187503376333,106.85816237705296,100.64838562222133,0.6656323733916079,2.0,0.029642064014812508,1259.0,1074.0,1226.68,1.0263475397006554,0.875533961587374,0.0,0.8888888888888888,-1.606248553723723,67,90,66.25635523689226
75,Georgetown,BE,13-16,97.9673712057388,98,84.79603777462873,50,0.8402963985240799,75,13.678659325228578,16.32134067477142,6.0,14.0,6-14,0.6689189547917824,0.40874446051118896,0.7859974772180491,0.6704075352242107,0.40874446051118896,0.7859974772180491,0.6515305064468697,0.7876927834759156,98.83177689391675,88.25067607898599,98.71305626935528,88.2423330431743,96.58416146648709,85.55127971735274,97.98476060857368,84.64857816171518,0.8432342290231156,7.0,-0.1261518016881379,1170.0,1284.0,1345.9599999999998,0.8692680317394278,0.953965942524295,0.0,0.3,-6.946598536229371,140,361,67.17010483039499
76,Penn St.,B10,11-18,108.99458059108935,36,94.61482861810319,219,0.835767230238862,76,11.0,18.0,4.0,14.0,4-14,0.7933626962111583,0.6104216476894503,0.9051600036410912,0.7933626962111583,0.6104216476894503,0.9051600036410912,0.44750748142815966,0.67292745163674,106.08304219164727,85.36533909143715,106.08304219164727,85.36533909143715,111.55055160882232,96.85385607159122,109.80894547310147,95.43710827577343,0.8338492270157877,16.0,0.004348389852289025,1309.0,1577.0,1342.52,0.975032029317999,1.1746566159163365,0.0,0.2222222222222222,-3.1626282230653233,86,160,75.02217374705907
77,Miami OH,MAC,25-5,97.40354945768594,106,84.73468889680139,49,0.8323510695463047,77,25.69827708577401,5.301722914225991,16.69827708577401,1.3017229142259907,16-1,0.43577761878327864,0.4332667840246384,0.43769766889282724,0.4420507568912779,0.4332667840246384,0.4483947372949621,0.851849062364314,0.8153545565251334,93.23767202655485,95.3602978406562,93.34136073255021,95.24041068660318,98.39949579008989,83.22959115573592,87.76748011610819,89.89751356970426,0.43149327227099343,1.0,0.040834496426921274,1190.0,960.0,1171.8600000000004,1.015479664806376,0.8192104858942192,0.6302449001312549,0.9411764705882353,-1.4586025932095863,63,71,68.22314374787545
78,Missouri,SEC,16-16,107.23401816898536,43,93.51188723351127,199,0.82844366292791,78,16.0,16.0,4.0,12.0,4-12,0.7514093739655964,0.5497249367820655,0.926830674535599,0.7514093739655964,0.5497249367820655,0.926830674535599,0.5333734377736421,0.8088171267402224,103.73135584842362,86.1668830445219,103.73135584842362,86.1668830445219,110.42074710116427,94.9180987298855,107.04376593042089,93.3844535123973,0.8277691126019884,15.0,0.0479565320045488,1117.0,1366.0,1185.5,0.9422184732180514,1.1522564318852804,0.0,0.25,-2.2047580512396796,76,63,71.13683120263434
79,Purdue,B10,13-17,103.81204475107916,62,90.63843599394161,136,0.8264382656815853,79,13.0,17.0,5.0,13.0,5-13,0.7481961063203778,0.444052832167473,0.92161473291372,0.7481961063203778,0.444052832167473,0.92161473291372,0.49336007377882635,0.8307251623098465,104.81295071668251,86.84818494771686,104.81295071668251,86.84818494771686,102.96629763532772,91.76663101906242,99.36390795602249,93.47757145276873,0.6686920455697426,15.0,0.014132038407038139,1190.0,1440.0,1295.26,0.9187344625789416,1.1117459042972067,0.0,0.2777777777777778,-2.8571592597358073,83,133,69.10528331283466
80,Louisiana Tech,CUSA,22-5,103.2297819034246,69,90.78894543526293,141,0.8140930564520689,80,23.954823792715054,5.045176207284945,16.954823792715054,1.045176207284945,15-1,0.4066020502530745,0.4376709447897167,0.3852421852591329,0.3863355595682659,0.4376709447897167,0.35496393526626807,0.8659262679926443,0.7679858174257554,91.02433727473687,92.14228205571187,90.45789926377155,92.7085388928154,104.68914212050088,90.40711417983842,93.19591058107335,85.57993255064862,0.727189508160942,2.0,0.017715179476973986,1131.0,905.0,1072.1399999999999,1.0548995467009907,0.8441061801630385,0.11273793532334982,0.9375,-1.7086721577408055,69,121,67.53629339379388
81,St. John's,BE,21-10,98.27597404945045,93,86.66964700684488,66,0.809269770259894,81,21.76306360251948,10.23693639748052,11.0,9.0,11-9,0.6550404741045276,0.4112762626560757,0.7891107904011759,0.6523359977400037,0.4112762626560757,0.7891107904011759,0.6630946831945064,0.7968739241046973,97.15578440515678,88.41156518960015,96.98529170490899,88.44644057026869,95.84724322904768,85.91662763323217,103.82163274633594,84.28004451438692,0.916681254691899,7.0,0.1292738704122992,1173.0,1261.0,1335.66,0.8782175104442747,0.94410254106584,0.0,0.55,-0.6811960123039646,59,5,66.42243180369928
82,Oregon St.,WCC,21-10,99.68955307003884,86,87.95720647742837,88,0.8084423461516741,82,21.0,10.0,13.0,5.0,13-5,0.5551435147763217,0.5760012742850324,0.5400795773533638,0.5551435147763217,0.5760012742850324,0.5400795773533638,0.7572010033647949,0.6539751518623647,96.46219756153968,91.20347515554752,96.46219756153968,91.20347515554752,100.44195375270041,87.82805891531648,109.82679822651973,95.54252210928556,0.8323439654139753,4.0,0.017797522091390072,1234.0,1079.0,1226.5,1.006114961271912,0.8797390949857318,0.0,0.7222222222222222,-3.533979174220425,94,119,65.770879679684
83,Davidson,A10,20-11,96.8338112617057,114,85.45618871826875,58,0.8080536422704295,83,20.56720109571348,11.43279890428652,12.0,6.0,12-6,0.539791591721109,0.579074802802494,0.5114203837178865,0.5467542663982539,0.579074802802494,0.5114203837178865,0.7726631449805975,0.7276044647910281,94.06915318443741,91.1923830436228,94.21158182159405,91.12729850062509,94.65019227060216,85.19286858278429,97.18147618646368,84.03323688194473,0.8418061783759117,6.0,-0.034865844808168345,1132.0,1026.0,1205.9800000000002,0.9386556990994873,0.8507603774523622,0.0,0.6666666666666666,-5.0507754527754205,112,275,66.41907243224085
84,Ball St.,MAC,24-6,102.61995687511993,73,90.78894406213442,140,0.8035594685711172,84,24.692343578256466,6.307656421743534,15.692343578256466,2.3076564217435336,15-2,0.4502539719238413,0.5399052448496368,0.3816971161570567,0.4547901439918515,0.5399052448496368,0.39331812670567334,0.8392879161712149,0.7616294050101261,92.76453476472092,93.48799937620791,92.74748159466846,93.35009284525138,105.0942212082688,94.26330443596075,91.12239121821764,91.12512958417608,0.4999136031917682,2.0,0.041954975084236845,1388.0,1128.0,1263.0200000000002,1.0989533024021787,0.8930974964766986,0.5908753060321567,0.8823529411764706,-2.003971783416873,74,69,73.62129067157942
85,Quinnipiac,MAAC,24-5,98.80363079428795,91,87.51786211127921,81,0.8013656414555663,85,24.962132777800786,5.037867222199214,19.0,1.0,19-1,0.247387634878574,0.3827840323486362,0.186459256017046,0.24370890774144402,0.3827840323486362,0.186459256017046,0.9314732454699659,0.9117424782525292,85.72138201115122,97.8922292111413,85.61293238790472,97.85511430142013,100.31066751266665,87.98188629560401,119.03967378714853,78.34387918183394,0.9919261109923639,1.0,-0.0547219510997653,1391.0,983.0,1303.4799999999998,1.06714333936846,0.754135084542916,0.0,0.95,-3.367812596288833,90,308,64.84942157925046
86,McNeese St.,Slnd,27-4,95.2658912303242,127,84.49438366352288,46,0.7989665649467224,86,27.0,4.0,21.0,1.0,21-1,0.2984586494304649,0.5270861270323662,0.20492922677514158,0.2984586494304649,0.5270861270323662,0.20492922677514158,0.8818445194240734,0.6788486163979183,88.69510891730633,96.1639844313085,88.69510891730633,96.1639844313085,94.95951187492551,84.9614035188725,95.16808138148934,87.26821459404653,0.7303837618367762,3.0,0.036299718770636535,1536.0,1140.0,1511.5200000000002,1.0161956176563987,0.7542076849793584,0.0,0.9545454545454546,-0.833440182725845,60,75,66.86096702786104
87,UNLV,MWC,20-10,103.37624837101473,67,91.7861788873181,162,0.7969767899519692,87,20.0,10.0,15.0,5.0,15-5,0.5735975848616763,0.714401128351666,0.5031958131166813,0.5735975848616763,0.714401128351666,0.5031958131166813,0.782359199199999,0.6593009537781609,93.59957608928295,90.17035768049975,93.59957608928295,90.17035768049975,106.15471975240676,93.8272826828306,96.30083366423727,78.98177955537315,0.9072060001939853,2.0,0.0026973546077879718,1420.0,1236.0,1358.4199999999998,1.0453320769717762,0.9098805965754333,0.0,0.75,-4.656193510111784,107,168,67.93752197755688
88,Troy,SB,24-6,100.70342746026581,82,89.48359420719538,114,0.7955047575729847,88,24.0,6.0,15.0,3.0,15-3,0.4691051952928742,0.5073739652737598,0.44359268197228385,0.4691051952928742,0.5073739652737598,0.44359268197228385,0.8292222547019943,0.7510710621487494,92.79834526873806,93.78828575211126,92.79834526873806,93.78828575211126,100.27525753894375,90.01100295596122,88.08567906233475,82.45236593525358,0.6813593914797114,2.0,0.06657096546712438,1450.0,1252.0,1422.1999999999996,1.0195471804246945,0.8803262550977362,0.0,0.8333333333333334,-1.8215023662668153,71,34,77.15611272860677
89,Santa Clara,WCC,23-8,104.63440614350903,59,93.35141993666232,195,0.7878752959697045,89,23.0,8.0,13.0,5.0,13-5,0.5239634763261568,0.5513637443203793,0.5041743938858849,0.5239634763261568,0.5513637443203793,0.5041743938858849,0.8120084660943652,0.7594757640210155,93.41173824867604,91.28203375348883,93.41173824867604,91.28203375348883,102.9743546229164,95.6657790077278,98.5186820873709,94.07019034159423,0.6297996358573567,1.0,0.05115660132635036,1445.0,1297.0,1381.2800000000002,1.0461311247538514,0.9389841306614154,0.0,0.7222222222222222,-3.3399169431088405,89,57,74.80549378440895
90,Auburn,SEC,15-17,92.29904989993958,175,82.38810929062595,36,0.7868960950767436,90,15.0,17.0,3.0,13.0,3-13,0.7385773995216346,0.4652874317507221,0.9519963454138071,0.7385773995216346,0.4652874317507221,0.9519963454138071,0.4779061441952709,0.764936686032004,102.7728463460159,86.14572159964449,102.7728463460159,86.14572159964449,91.57745962731838,83.95274854761341,93.22561284122135,83.22985880869808,0.7865557399653351,19.0,0.09485562582641771,857.0,1138.0,1098.8,0.779941754641427,1.0356752821259556,0.0,0.1875,-1.6313118654304852,68,18,66.7013087631283
91,UC Irvine,BW,24-5,100.20237888207686,84,89.97453001800946,122,0.7752419948212023,91,25.66304070924994,5.336959290750057,16.66304070924994,3.336959290750057,15-3,0.34680799063145495,0.3332921782451226,0.3550676537564359,0.34444816124228117,0.3332921782451226,0.35058395189071845,0.9201465866259396,0.9214094972740701,88.23434409851404,94.89461057868918,88.23647121315928,95.08142342967155,99.68663094757268,88.18967864164289,0.0,0.0,0.0,0.0,-0.00808832020567618,1264.0,1000.0,1218.2,1.037596453784272,0.8208832703989493,0.31023063509926174,0.8333333333333334,-3.2595051750867756,87,196,66.71477236391075
92,Green Bay,Horz,23-8,98.0705586348218,95,88.36231013069303,99,0.7683075661446667,92,23.0,8.0,17.0,3.0,17-3,0.4177106684593577,0.6051374632391175,0.34116564526186305,0.4177106684593577,0.6051374632391175,0.34116564526186305,0.8300030690079908,0.6182689324979129,92.72131267085918,94.76360604189409,92.72131267085918,94.76360604189409,98.59195905924689,88.49768159281028,109.96805710704707,92.72686472533927,0.87665352198979,3.0,0.006596389481987375,1404.0,1171.0,1360.7799999999997,1.0317611957847708,0.8605358691338792,0.0,0.85,-3.5283589969417473,93,155,67.67254648054757
93,Idaho,BSky,26-5,97.80273139683699,99,88.19087919049318,93,0.7666807894987556,93,26.0,5.0,17.0,1.0,17-1,0.35166566363576607,0.29109870808909294,0.39540846486391884,0.35166566363576607,0.29109870808909294,0.39540846486391884,0.8968067629298899,0.9069770366368141,90.50415366589185,95.22187435466482,90.50415366589185,95.22187435466482,96.38602084391361,85.33210836173653,98.50827443076884,84.97440190737699,0.8454812648159784,1.0,0.02887317321500249,1363.0,1143.0,1373.72,0.9921963718952916,0.8320472876568733,0.0,0.9444444444444444,-2.4483885882293723,79,94,74.53812030763892
94,Massachusetts,MAC,22-6,97.7113821723708,101,88.11153611178563,91,0.7666100738692263,94,22.984989644213094,6.015010355786904,14.984989644213096,3.0150103557869046,14-3,0.4367007948649221,0.4511287657946734,0.4273650489692007,0.4236858195041535,0.4511287657946734,0.40691513010439134,0.874296252593685,0.863573333430285,91.47562731390796,94.51600433183906,91.06071840482996,94.74071898507088,99.63100105676087,90.46045346610687,0.0,0.0,0.0,0.0,0.033910921352686474,1193.0,1063.0,1184.5399999999997,1.0071420129332909,0.8973947692775257,0.05926650940263263,0.8235294117647058,-3.141490890900521,85,81,68.72991953987305
95,Saint Joseph's,A10,20-10,98.62687048939551,92,89.10967684566432,107,0.7625972199313968,95,20.43279890428652,10.56720109571348,10.0,8.0,10-8,0.5256689317584676,0.4812408774263934,0.5664202410497954,0.5347781150103634,0.4812408774263934,0.5664202410497954,0.7891313964840395,0.7854042302502613,94.39649619599257,91.17843164643004,94.48054151344664,90.98111294768403,95.73343300165433,89.45615192145938,111.03443786532718,94.75723988301736,0.8609262836200607,3.0,0.009262387327129806,1110.0,1067.0,1190.88,0.9320838371624344,0.8959760849119978,0.0,0.5555555555555556,-4.809497854738655,110,149,66.06788467828147
96,Vermont,AE,25-7,96.97611763150726,112,87.68723846673726,83,0.7609538665196548,96,25.0,7.0,13.0,3.0,13-3,0.3514716111172335,0.3811409989056527,0.3250829371888069,0.3514716111172335,0.3811409989056527,0.3250829371888069,0.8946078213972237,0.8443211711586456,89.74301051527216,95.52812046809694,89.74301051527216,95.52812046809694,98.92213718402267,87.97914513762122,79.81549542428232,83.67076714665615,0.36761133784921496,1.0,-0.02156162213106505,1018.0,799.0,978.4600000000002,1.0404104408969195,0.8165893342599594,0.0,0.8125,-4.2904898052333476,100,243,63.31369120892269
97,Loyola Marymount,WCC,21-8,101.84064576990785,77,92.13437998059453,169,0.7598492153842907,97,21.0,8.0,15.0,3.0,15-3,0.454861629748958,0.33344433406594925,0.5290610882219076,0.454861629748958,0.33344433406594925,0.5290610882219076,0.8702712676665008,0.9285815437509753,91.90257625830907,93.19038883038338,91.90257625830907,93.19038883038338,105.70397242250776,91.7193480914473,0.0,0.0,0.0,0.0,-0.017591689825501633,1346.0,1176.0,1280.14,1.0514474979299138,0.9186495227084537,0.0,0.8333333333333334,-5.0572085835714775,113,228,67.40129291147234
98,Cincinnati,B12,11-20,103.46629971120458,65,93.70811257820525,202,0.7575333986745061,98,11.0,20.0,6.0,12.0,6-12,0.7379621802972725,0.5273401331211552,0.8693954557805071,0.7379621802972725,0.5273401331211552,0.8693954557805071,0.5764416575119136,0.8186299093660795,101.2706235908586,87.22666699467807,101.2706235908586,87.22666699467807,105.68995106376536,93.45793095933043,106.51976692905866,94.9887367978728,0.7887789424311717,13.0,-0.06053122026201291,1213.0,1367.0,1288.58,0.941346288162163,1.06085768830806,0.0,0.3333333333333333,-8.379519928132204,169,318,70.22765194727695
99,Arkansas St.,SB,23-8,93.73363094611182,155,85.11716125466249,55,0.751928880670905,99,23.0,8.0,14.0,4.0,14-4,0.4645748283650576,0.44877851932565826,0.4759832737824016,0.4645748283650576,0.44877851932565826,0.4759832737824016,0.8560690261771662,0.8608503630005881,93.15714041520853,93.98281778565455,93.15714041520853,93.98281778565455,94.96069066989119,83.19127061762988,0.0,0.0,0.0,0.0,0.02238628539863108,1387.0,1156.0,1416.9399999999996,0.9788699592078708,0.8158425903707993,0.0,0.7777777777777778,-4.496760310548467,101,108,76.3238592272508
100,Lindenwood,OVC,24-7,104.9130575986455,55,95.6368126039254,234,0.7435691913023347,100,24.5933892052301,7.406610794769901,16.0,4.0,16-4,0.3860740217067707,0.4681383876741015,0.34093862042473877,0.39479708814551207,0.4681383876741015,0.34093862042473877,0.8603873510448268,0.7511497358406465,91.71732405833761,94.36838592137417,91.78233230140646,94.16406679391518,105.67151818488462,96.57755813451327,109.99563675001576,103.09900695312956,0.6780087473382567,2.0,0.016764948324584972,1450.0,1199.0,1320.5400000000002,1.098035652081724,0.9079618943765428,0.0,0.8,-3.389857060050089,92,125,66.14525218760816
101,North Texas,Amer,17-13,93.96814623750296,148,85.8591808168253,59,0.738433854328652,101,17.0,13.0,11.0,7.0,11-7,0.5014098876843786,0.46979513120243005,0.5224863920056776,0.5014098876843786,0.46979513120243005,0.5224863920056776,0.8097799847699659,0.7615786213172124,94.38477109495412,92.03260274642194,94.38477109495412,92.03260274642194,96.35968743272785,85.93378884971001,90.25708962375434,87.31124505505517,0.5942597133317346,3.0,-0.10060510414530055,1237.0,1101.0,1294.76,0.955389415799067,0.8503506441348203,0.0,0.6111111111111112,-8.180773898390738,163,356,70.34302378070772
102,Florida St.,ACC,10-21,99.8657486187985,85,91.25925321829686,148,0.7381562060877008,102,10.0,21.0,5.0,13.0,5-13,0.7651542425390863,0.6665256251225283,0.8244762809999019,0.7651542425390863,0.6665256251225283,0.8244762809999019,0.5169471993786029,0.5835417097116395,102.55186429059606,86.50556623287028,102.55186429059606,86.50556623287028,97.50256380419975,91.34474332283207,99.31784832288015,92.56875897778875,0.6919595208468606,15.0,-0.030128523916802596,1212.0,1412.0,1366.2999999999997,0.8870672619483277,1.0334479982434315,0.0,0.2777777777777778,-7.344233425615878,149,266,74.18824309782165
103,Murray St.,MVC,26-3,106.10013214518321,48,97.26099149673678,258,0.7311236240216107,103,27.703860151231297,3.296139848768702,18.703860151231297,1.2961398487687021,17-1,0.43882551115209134,0.5240718692278582,0.38673051455023355,0.42618802631987684,0.5240718692278582,0.37235191272048684,0.8580401493781561,0.7574051120359763,93.76531443454228,95.38432264017852,93.16335326119686,95.67721323524532,106.78850569838727,98.38377225047387,90.36937871181229,91.42451432220754,0.46667597658391763,2.0,0.17730563920405074,1577.0,1311.0,1372.7600000000002,1.148780558874093,0.9550103441242459,0.24294449625276646,0.9444444444444444,0.4891511324046801,48,1,73.99173516473518
104,Arkansas,SEC,12-20,97.59846378111592,103,89.82071886590445,119,0.7221256149832507,104,12.0,20.0,1.0,15.0,1-15,0.7028977653306753,0.4289313861338511,0.9419447462522562,0.7028977653306753,0.4289313861338511,0.9419447462522562,0.5361796683702239,0.8558574671483369,102.74112415285637,87.78544447554492,102.74112415285637,87.78544447554492,97.31594824096332,88.59371471103276,96.65596144404063,88.98890932005621,0.7212017617854721,15.0,-0.027559471611546982,1012.0,1316.0,1209.92,0.8364189367892092,1.0876752181962444,0.0,0.0625,-6.186593517520731,126,255,74.25300222015993
105,Western Illinois,OVC,24-5,100.24762727018,83,92.29932212435679,172,0.7211103325914132,105,24.856184850929928,5.14381514907007,16.0,4.0,16-4,0.3078461448131875,0.22933982099063777,0.34317399053333475,0.3076780682045177,0.22933982099063777,0.34317399053333475,0.9077332903724217,0.874216555788968,89.92778499207849,95.93732701091358,89.89479025781063,95.92978865149743,99.22045171983146,91.4395796665125,107.01714135624931,90.62938041372794,0.8711787726068652,1.0,0.0170016771235475,1449.0,1191.0,1394.94,1.0387543550260225,0.8538001634478902,0.0,0.8,-2.734537249090054,82,123,69.01403149458456
106,Belmont,MVC,18-11,97.03389365773504,110,89.39307809943139,112,0.7197448753505457,106,19.691450249757203,11.308549750242795,15.691450249757205,4.308549750242795,14-4,0.5329038761469456,0.7700385086354593,0.38798826740396475,0.5141968193795792,0.7700385086354593,0.37348389028884493,0.7618574220970077,0.4881505006311286,97.17345212974806,93.3391628837427,96.37102920746501,93.75455118583548,95.02234579432448,90.22575568094372,98.81175549646275,81.56158399298035,0.9008200338773912,5.0,0.012388829019615688,1321.0,1156.0,1299.9200000000003,1.016216382546618,0.8892854944919686,0.24294449625276646,0.7777777777777778,-4.508348826387076,102,139,69.0617476321843
107,Butler,BE,12-18,95.27015866844813,126,88.00038459997216,89,0.7135763911891452,107,12.321340674771422,18.67865932522858,6.0,14.0,6-14,0.6841699142587153,0.4551937521811239,0.798657995297511,0.6892062518453992,0.4551937521811239,0.798657995297511,0.6429193923288468,0.792031462647981,99.90980945694629,88.75123706123117,99.84715013671641,88.62365000241208,94.90895205610553,88.89533777286563,94.37072575656863,89.56039325522302,0.646034610261709,8.0,-0.053886182662608084,1153.0,1322.0,1342.1800000000003,0.8590502019103248,0.9849647588251946,0.0,0.3,-8.55813708334456,172,306,67.71874976581917
108,New Mexico,MWC,22-9,97.46986788271114,104,90.55359234048802,135,0.6998148626272195,108,22.0,9.0,14.0,6.0,14-6,0.4582436171449724,0.41520809401165387,0.4819131548682976,0.4582436171449724,0.41520809401165387,0.4819131548682976,0.8286816514341449,0.8040407067727112,91.38463559868036,93.10233300423921,91.38463559868036,93.10233300423921,99.31964297315211,93.77857756734433,95.03412522904807,92.74537470351098,0.5696318805754104,2.0,0.0412535646762916,1303.0,1211.0,1325.52,0.9830104411853462,0.9136037177862273,0.0,0.7,-4.6231737795817525,105,70,68.48003577231754
109,Central Arkansas,ASun,20-10,94.31554692698063,142,87.64521045353834,82,0.6992048691751339,109,20.855672646281228,10.14432735371877,13.0,5.0,13-5,0.3679666110676525,0.41409459632949597,0.3372146208930903,0.36518221864514966,0.41409459632949597,0.3372146208930903,0.8958376754174917,0.846654430502102,89.86750233164393,95.8343262798984,89.76985837325275,95.78550239973602,93.38524951414865,88.15589590292598,0.0,0.0,0.0,0.0,-0.08367691584618986,1218.0,1010.0,1231.7,0.9888771616465047,0.8200048713160671,0.0,0.7222222222222222,-7.557048189031623,153,341,67.4655469116971
110,Abilene Christian,WAC,21-8,97.05350749491404,109,90.21024288830807,127,0.6986492432464161,110,22.433179722932483,8.566820277067517,13.433179722932485,4.566820277067517,12-4,0.3864835582750283,0.33018700313230115,0.43222450932849404,0.39241018100034464,0.33018700313230115,0.43734914279393144,0.8931305406597958,0.8724903210911937,91.2967320617757,93.57598053509513,91.2237852548604,93.3811334609051,99.00137344002269,91.80364712855832,103.24703689496465,89.75020019924314,0.8335618538470453,1.0,-0.023909478284733776,1102.0,984.0,1114.28,0.988979430663747,0.8830814516997523,0.47834621051743104,0.75,-5.517117635590554,119,248,68.4884347452101
111,Pepperdine,WCC,19-11,97.97201684742835,97,91.27149007769268,149,0.6931100055166808,111,19.0,11.0,10.0,8.0,10-8,0.4745482324024635,0.4128710598054457,0.5156663474671421,0.4745482324024635,0.4128710598054457,0.5156663474671421,0.8378975255446831,0.839784650721489,93.18118910557098,92.58976847787417,93.18118910557098,92.58976847787417,97.99325342154988,91.06047184768747,94.7587344881089,101.45588203199928,0.3131711627419531,1.0,-0.025382894160673075,1261.0,1171.0,1275.1,0.9889420437612737,0.9183593443651479,0.0,0.5555555555555556,-7.024353202438701,142,249,69.40874647062765
112,Arizona,B12,12-18,96.77758014769893,115,90.31011520166226,129,0.6889912840730309,112,12.0,18.0,3.0,15.0,3-15,0.6738805242610225,0.3168704526566105,0.8782537118461947,0.6738805242610225,0.3168704526566105,0.8782537118461947,0.6182409791647163,0.9435138804255416,97.86399026453168,88.6434195042288,97.86399026453168,88.6434195042288,96.60734491316467,89.67685311577065,97.4106866865397,90.0535629232827,0.7115881488408906,11.0,-0.03474973140125248,1165.0,1353.0,1341.52,0.868417914007991,1.008557457212714,0.0,0.16666666666666666,-7.708760266756615,155,273,73.14249630878713
113,Northwestern,B10,8-21,100.76682275651464,80,94.08335411964354,211,0.687664320789193,113,8.0,21.0,2.0,16.0,2-16,0.782593330269092,0.5419151882043004,0.9296744170864647,0.782593330269092,0.5419151882043004,0.9296744170864647,0.47340243399888415,0.806148700709754,106.04833614590991,86.40976733729806,106.04833614590991,86.40976733729806,101.62949513099048,93.00744209267134,103.74460806414358,95.77150040690779,0.7149648606201919,15.0,-0.03162571451198204,1152.0,1439.0,1272.9,0.9050200329955219,1.1304894335768716,0.0,0.1111111111111111,-6.84629864785637,138,268,69.22915863011823
114,Boise St.,MWC,23-8,98.04965032254292,96,91.5523130314206,160,0.6875047948591388,114,23.96045611545052,8.039543884549479,14.0,6.0,14-6,0.455890522941402,0.426032820217713,0.4723122594394308,0.44423947790695156,0.426032820217713,0.4723122594394308,0.8512331481528778,0.8320586701478455,91.49097435678931,92.4749369751676,91.08587735673493,92.62941541875888,97.82614531240309,91.30022267568407,93.7756719397667,108.51966903604003,0.1571883508040832,2.0,0.06478510651712899,1368.0,1235.0,1399.18,0.9777155190897525,0.8826598436226932,0.0,0.7,-4.1187219424381984,99,36,70.74993301502448
115,Navy,Pat,21-7,96.0137098869308,119,90.04323597356057,124,0.6766266128817253,115,21.0,7.0,15.0,2.0,15-2,0.2857885492715835,0.3771793033802822,0.22665335543654327,0.2857885492715835,0.3771793033802822,0.22665335543654327,0.9002286803578385,0.8181065388389704,87.83821569045409,96.4004875635679,87.83821569045409,96.4004875635679,96.56008674245845,88.60201180517454,101.33033551000355,78.0566233611136,0.9526165853694027,2.0,-0.04217041632102514,1192.0,942.0,1164.48,1.0236328661720253,0.8089447650453421,0.0,0.8823529411764706,-4.703728965044123,108,287,70.09313473179442
116,Marshall,SB,23-8,99.4589550321524,88,93.50286961165807,198,0.6704361991455038,116,23.735031086886774,8.264968913113226,13.0,5.0,13-5,0.48300898997741604,0.3840489820772825,0.5544801067941793,0.4811362133381757,0.3840489820772825,0.5544801067941793,0.8208639061866317,0.8231995062303556,94.00459292212105,92.90114633343974,93.93055890469934,92.94752644614518,100.82066806052528,96.00553822543645,75.60006185363079,87.44039878735889,0.1579908865043166,3.0,0.11591169929389789,1311.0,1242.0,1282.52,1.0222062813835262,0.9684059507843933,0.0,0.7222222222222222,-3.306269988843951,88,7,67.60520119216416
117,Eastern Kentucky,ASun,24-8,93.87577477361268,150,88.36617473300586,100,0.6672016815008236,117,24.0,8.0,15.0,3.0,15-3,0.3259303787309886,0.31009775251399857,0.32696165689921314,0.3259303787309886,0.31009775251399857,0.32696165689921314,0.9034688388202075,0.8741451029982825,88.64829443774026,96.81464200297629,88.64829443774026,96.81464200297629,96.4227232931167,89.68281187215788,83.4196244527259,72.12204952311839,0.8420450117667745,1.0,-0.01903422994123871,1320.0,1037.0,1270.74,1.038764814202748,0.8160599335820073,0.0,0.8333333333333334,-5.463231337195497,118,233,70.62138279143063
118,Portland,WCC,17-13,91.53051103201587,183,86.18795292956537,63,0.6663299946815362,118,17.0,13.0,11.0,7.0,11-7,0.5265975682964302,0.48097293827642074,0.55701398830977,0.5265975682964302,0.48097293827642074,0.55701398830977,0.7855906665902713,0.7550591920100241,95.31540117647634,92.14491000556315,95.31540117647634,92.14491000556315,90.41255506360112,85.83994500389461,86.63366382491354,84.78485117911531,0.5617021933738484,2.0,-0.013200159310009063,1203.0,1158.0,1320.9399999999998,0.9107150968249884,0.8766484473178192,0.0,0.6111111111111112,-7.599722732127653,154,213,72.64868029510876
119,Southern Indiana,OVC,21-9,93.66757125226815,157,88.23881222805136,95,0.6652121412770594,119,21.4066107947699,9.5933892052301,14.0,6.0,14-6,0.3546409851097346,0.36916470420876524,0.34872324409263833,0.36718705673581664,0.36916470420876524,0.34872324409263833,0.8911013148616681,0.8441394152127121,91.50146751423108,94.96499062154486,91.98045288574149,94.98898425197783,93.66409763162504,89.08386912449046,77.78874034795778,87.23867029448895,0.21107020262969833,1.0,-0.04635830184555734,1353.0,1199.0,1393.3400000000001,0.9710479854163376,0.8605221984583805,0.0,0.7,-6.441595624262295,131,298,68.95482206643157
120,UC San Diego,BW,20-8,94.54639064244807,137,89.20389446576385,110,0.6612586214575705,120,21.526487183017686,8.473512816982314,16.526487183017686,3.4735128169823146,15-3,0.3619931427049728,0.37454220753553724,0.35502144002132574,0.3661270456244363,0.37454220753553724,0.36191946466888575,0.8880157391350348,0.8447341171651657,89.93499146206916,94.94727832702111,89.98252331257271,94.82340657940787,96.43940983765745,89.59238276695845,89.66552682535325,71.79320829786742,0.9280029483664105,1.0,-0.015224363493474558,1294.0,1103.0,1302.6799999999998,0.9933368133386559,0.8467160008597662,0.4240016864969258,0.8333333333333334,-5.375072699235151,117,222,70.56657278435333
121,Wake Forest,ACC,14-17,96.67281153838616,116,91.44998337487019,156,0.6544618140727975,121,14.0,17.0,4.0,14.0,4-14,0.6061242627494929,0.23495879200298367,0.8358836385743318,0.6061242627494929,0.23495879200298367,0.8358836385743318,0.6418489486877265,0.950146858329191,96.82828177721665,90.37304327103897,96.82828177721665,90.37304327103897,98.95485656057905,91.08723421901385,98.24650830873007,91.99321596040636,0.6805490330160409,13.0,-0.01277752319883535,1153.0,1331.0,1279.88,0.9008657061599524,1.039941244491671,0.0,0.2222222222222222,-6.941426603241485,139,211,67.77526565526968
122,Providence,BE,14-17,92.45495535566772,174,87.86682520135369,86,0.6422954981226189,122,14.620211736512827,17.37978826348717,7.0,13.0,7-13,0.6440177420685701,0.349998639716075,0.8057282483624425,0.6402579917254564,0.349998639716075,0.8057282483624425,0.6732552872596324,0.8523301375577742,98.26712799742907,88.74176672675122,98.13889616090813,88.88702087533623,93.53330057190458,88.79132902947649,97.4237591167371,92.10718990540639,0.655961096400359,7.0,0.007194305606619933,1186.0,1358.0,1389.06,0.8538148100154062,0.9776395548068478,0.0,0.35,-7.796565470715198,156,153,68.09826456332947
123,Charleston,CAA,22-5,97.68855678167898,102,92.94365568627912,187,0.6393620066857653,123,23.748513594064796,5.251486405935205,15.748513594064795,2.2514864059352053,14-2,0.28692144046450235,0.36525401052394774,0.23306779854863363,0.28106072732608445,0.36525401052394774,0.2296092764829457,0.9127022782827652,0.8321342614045925,87.80024937158376,95.9803464752574,87.64950324866794,96.03130537193681,98.57006061220046,94.84296977432264,81.40536329728052,80.63523271846448,0.5273010588658021,1.0,0.036181489764249286,1170.0,955.0,1112.22,1.051950153746561,0.8586430742119364,0.20194109995744258,0.875,-2.9990780655651736,84,76,70.15516203883426
124,Brown,Ivy,16-9,90.10651371644823,208,85.88400142848474,60,0.6345858579809573,124,16.421805184037773,9.578194815962227,8.421805184037773,5.578194815962227,8-5,0.4227053531928473,0.3185166833678868,0.5188795099543492,0.4316068009775945,0.3185166833678868,0.528541187500201,0.8345112266884722,0.917301389268648,91.61220006688052,93.98941321173776,91.73702822818868,93.81487130172694,90.73259480602411,86.3769626191895,72.20782423797307,86.88243078959778,0.10644443645374897,1.0,-0.005333098282511162,790.0,753.0,872.7799999999999,0.9051536469671625,0.8627603748940169,0.6541429955962742,0.6153846153846154,-5.662612005384355,121,190,68.29924251203684
125,Hawaii,BW,18-10,91.12845633243278,189,86.93851195327612,69,0.6321132930289122,125,19.638190372880977,10.361809627119024,13.638190372880977,6.3618096271190225,12-6,0.42300366457829736,0.5000437022499411,0.38020364364960646,0.4098849510476247,0.5000437022499411,0.3648055754464665,0.8928234660610398,0.8628120056344354,91.69017219865553,94.31528351069059,91.37255828779598,94.64659004266062,90.89086035994589,86.21656176463375,0.0,0.0,0.0,0.0,-0.03308210006369483,1138.0,995.0,1214.18,0.9372580671729067,0.8194831079411619,0.22622296161820693,0.6666666666666666,-7.540406088314913,152,270,66.56376344909745
126,Fairleigh Dickinson,NEC,27-4,95.2054833281618,128,90.91325310225164,143,0.629603245630458,126,27.0,4.0,18.0,0.0,18-0,0.16269310045140226,0.31342191512669143,0.05383340096369346,0.16269310045140226,0.31342191512669143,0.05383340096369346,0.9373087773570965,0.8605717646388205,84.00011224695267,101.82093355052261,84.00011224695267,101.82093355052261,95.42828673947827,91.1255332959557,87.11979261400748,108.06786731987243,0.07741733025107699,1.0,0.0012066078317929385,1259.0,866.0,1137.4,1.1069104976261648,0.761385616317918,0.0,1.0,-2.3511884854744625,78,171,63.48585879733861
127,Cal Baptist,WAC,19-10,96.97704713166205,111,93.04607016470746,190,0.6167710054065184,127,19.990505135029125,11.009494864970874,13.990505135029126,4.009494864970874,13-3,0.4419492397010992,0.4564709877332559,0.4301503194249716,0.4529878211641306,0.4564709877332559,0.4504722008642065,0.8651586695370994,0.822296240053429,90.74175919172707,92.38356050536733,91.2172624688437,92.49263062369384,102.32241737488894,95.55945838209222,90.68051382375103,84.31301234141657,0.6978904063736888,1.0,0.010114081179988132,1216.0,1083.0,1196.7799999999997,1.016059760356958,0.9049282240679157,0.6130472523780859,0.8125,-6.955868377552773,141,146,73.57492598099584
128,Northern Colorado,BSky,22-9,92.8272310475167,170,89.1130718022965,109,0.6152869516436349,128,22.746337847551565,9.253662152448436,13.0,5.0,13-5,0.3799741963247842,0.33547830310272214,0.41211011920738444,0.3791048210083788,0.33547830310272214,0.41211011920738444,0.8762359047259343,0.8707156784828325,91.0378031441686,94.0556296991132,91.07644527732336,94.16320391440456,94.36440909400623,88.2471591470023,93.97939277022343,93.2495181747372,0.5224003379489349,1.0,0.025512765496794265,1205.0,1084.0,1255.28,0.9599451915110573,0.8635523548531006,0.0,0.7222222222222222,-5.864698552613727,125,99,67.74103606088751
129,East Carolina,Amer,21-9,94.77873846202684,132,91.13151870573031,146,0.6109425478460374,129,21.47640837503433,9.523591624965665,13.476408375034335,4.5235916249656665,13-4,0.4343289574088263,0.36808659971977836,0.4849848779945688,0.4389724469532688,0.3680865997197785,0.4901677810663451,0.8864878651748915,0.9064000396162755,90.62369362271751,93.73756790391461,90.64611236717289,93.5797701756204,96.29769674194233,89.72281889275631,0.0,0.0,0.0,0.0,0.048482959115633495,1225.0,1113.0,1271.7,0.9632775025556342,0.8752064166076905,0.5782771332865421,0.7647058823529411,-6.397270523722459,129,62,72.77454421143997
130,South Dakota,Sum,22-8,93.43788878724425,161,89.88215200442227,121,0.6097286237842979,130,22.879426559091364,8.120573440908636,12.0,4.0,12-4,0.3485445340137901,0.31089190130707806,0.38149058763216304,0.3429919146353119,0.31089190130707806,0.38149058763216304,0.8710861040685927,0.8893012985326803,91.28232273389568,96.51828869035313,91.02302158999574,96.50223131045553,93.15312302897918,90.88321992902938,91.55502696380313,91.80931629029874,0.4920265816856661,2.0,0.03366113554406758,1063.0,987.0,1095.1,0.9706876084375857,0.9012875536480688,0.0,0.75,-4.759334858326334,109,83,68.10491900447313
131,Purdue Fort Wayne,Horz,19-12,93.92407613487174,149,90.36803435683066,131,0.6091773954534054,131,19.814096959996718,12.185903040003284,12.0,8.0,12-8,0.39444733333523,0.47642393239340164,0.3569636423535215,0.39032407869385427,0.47642393239340164,0.3569636423535215,0.8695424677912325,0.759079078973483,92.12166191364298,95.09433318719306,92.01735084734533,95.16361466543023,94.23111472619952,92.56643184058814,86.68951491464189,85.5263747353828,0.538757982452548,2.0,-0.06266006351149789,1443.0,1328.0,1466.6800000000003,0.9838546922300705,0.9054463141244169,0.0,0.6,-8.519545650575806,171,321,71.70297698942744
132,Army,Pat,23-6,94.71027141559884,134,91.28994128090561,150,0.6041988071382689,132,23.94267047443052,6.057329525569481,14.0,4.0,14-4,0.27443913431979317,0.3303528633459022,0.2402696332482822,0.2687785310668848,0.3303528633459022,0.2402696332482822,0.9184876149282079,0.8622422248723521,87.29848210798085,97.0222632537619,87.2498095053167,97.24616087401799,94.44291114337815,91.94488928352555,93.27736548712912,91.9666781825287,0.5405950359791015,1.0,0.018611109813090998,1131.0,963.0,1132.5400000000002,0.9986402246278275,0.8503010931181237,0.0,0.7777777777777778,-3.9982749740735826,98,117,65.29936540244836
133,Idaho St.,BSky,19-10,90.25508239458992,202,87.0975038447821,72,0.6009762268803786,133,19.743861830882132,10.256138169117868,12.0,6.0,12-6,0.4411193167787629,0.48601634201618854,0.41368224580033597,0.43779877375742654,0.48601634201618854,0.41368224580033597,0.8628638119695855,0.8344310403889309,91.80230779724407,93.94484764132851,91.63203624072393,93.87669289418923,90.98975981827552,88.6603215598134,86.84854321376527,79.00185760513978,0.7481905530351862,1.0,0.032479601549486814,1204.0,1130.0,1301.76,0.9249016715830876,0.8680555555555556,0.0,0.6666666666666666,-6.780321802473484,136,87,69.31365437023777
134,Penn,Ivy,16-10,93.79495564151262,151,90.53117620347557,134,0.6004386532911034,134,16.578194815962227,10.421805184037773,6.578194815962227,7.421805184037773,6-7,0.44544613700101954,0.3610978146556824,0.5297944593463566,0.45042203305939194,0.3610978146556824,0.5333659501485508,0.8122674833292693,0.8676882037814342,92.94318551993128,91.99063554262283,92.79367599044315,91.78072382431951,92.9361950759055,92.04266720115486,109.36988509778044,89.97863569742783,0.9041645018458238,2.0,0.005694864339952921,809.0,799.0,871.1799999999998,0.9286255423678231,0.9171468582841664,0.579795330577075,0.46153846153846156,-5.73422373034639,123,156,66.39857618066162
135,Grand Canyon,MWC,12-18,90.97477021123993,191,87.90388145403355,87,0.5974592983491295,135,12.897502741511607,18.10249725848839,11.0,9.0,11-9,0.5850377745535142,0.6948240450440403,0.5301446393082513,0.570840920324754,0.6948240450440403,0.5301446393082513,0.7639991090025943,0.6329793733140929,95.35524972492509,90.21217483670453,95.03628911969875,90.5192257510059,90.92342953933708,86.98871184224714,96.91533302775491,91.28043983536047,0.6657141715388232,3.0,-0.0855099283625998,1307.0,1225.0,1432.84,0.9121744228246002,0.8549454230758494,0.0,0.55,-11.815133814210045,223,343,71.94417871830683
136,Rutgers,B10,9-20,92.19136054458738,176,89.11198386033186,108,0.5964475595135593,136,9.0,20.0,1.0,17.0,1-17,0.7363201605813314,0.4150122282114047,0.932675008140731,0.7363201605813314,0.4150122282114047,0.932675008140731,0.5006896719363713,0.8364126118771054,104.26903208982961,87.74779757549524,104.26903208982961,87.74779757549524,91.6302588561112,89.26067571735545,88.29444981495004,88.05158723326136,0.5079182044735657,13.0,0.007545814611024382,993.0,1394.0,1251.04,0.7937396086456069,1.1142729249264611,0.0,0.05555555555555555,-6.624374912339583,134,152,67.54885393968446
137,Missouri St.,CUSA,18-11,91.40526356734246,186,88.3574432749898,98,0.5962815331838115,137,19.29985426713632,11.700145732863682,11.299854267136318,6.700145732863683,10-6,0.46990868989282797,0.5414838911628576,0.41175383886092876,0.4642074730687461,0.5414838911628576,0.4083967266674431,0.8745635392002885,0.8415886170231327,91.41334408724408,92.29057881049815,91.3604865892431,92.48360235466538,92.19504097580526,88.79507349920753,0.0,0.0,0.0,0.0,0.012690764632253049,1043.0,931.0,1108.5400000000002,0.9408771898172369,0.8398433976220974,0.3815398291195583,0.625,-8.085241389656995,160,137,69.92938116929186
138,Central Michigan,MAC,18-11,95.81016391309021,122,92.91244869059595,184,0.5873880402539267,138,18.0,11.0,12.0,6.0,12-6,0.46803109157412015,0.5648491124234577,0.40886452327730277,0.46803109157412015,0.5648491124234577,0.40886452327730277,0.7909665522942096,0.6362883194686243,93.87729778383564,93.12233492748148,93.87729778383564,93.12233492748148,96.34769444592975,94.02220462707102,85.38265586525056,85.84782266276142,0.48438452168486,3.0,0.039251792074635805,1288.0,1161.0,1286.7199999999998,1.0009947774185528,0.902294205421537,0.0,0.6666666666666666,-5.716656929766189,122,74,70.14930962961952
139,UC Santa Barbara,BW,20-8,94.19719157362427,144,91.44817707555359,155,0.5843377579893543,139,20.31253009620986,8.687469903790142,12.312530096209858,7.687469903790142,12-7,0.36051980027237557,0.3794105029116981,0.3515715727063806,0.37259590222128186,0.3794105029116981,0.36952933191059445,0.8823650813190677,0.8315563988709113,90.21608160467973,94.32736836696034,90.40450214865177,94.11252854422533,92.06731864233356,91.7125228516482,97.75959199424953,83.57580323116707,0.8584783442207605,1.0,0.02303241443390336,1204.0,1115.0,1276.7600000000002,0.9430119991227793,0.8733043015132052,0.7107267567906574,0.631578947368421,-5.372691531361612,116,107,66.71469672531384
140,Northern Iowa,MVC,15-13,93.18263897083025,163,90.46855525636727,132,0.5841734133183076,140,16.653509446869066,13.346490553130932,12.653509446869068,7.346490553130932,11-7,0.509681305486868,0.6993193585993387,0.40432683153549515,0.4910499638349253,0.6993193585993387,0.38691526645271834,0.8103395875423985,0.6238794328618635,96.00780099915247,95.18370379023786,95.91616738628973,95.85602442253713,97.70021022200693,94.75228743027557,77.2229737039336,84.16643073973808,0.27088436477845923,2.0,-0.003365230521748974,1311.0,1179.0,1267.1799999999996,1.034580722549283,0.9304124118120554,0.23021118070772686,0.6111111111111112,-8.301117690810136,167,181,68.32056869240103
141,Ohio,MAC,16-12,95.29172767158673,125,92.81168685968392,183,0.575239260311016,141,16.30172291422599,12.69827708577401,10.30172291422599,7.698277085774009,10-7,0.42161796903609217,0.41700452520738024,0.4246031385723175,0.4345885051338073,0.41700452520738024,0.4453342706444016,0.8726230751897144,0.8788806628071106,91.5242340274487,94.05372333012282,91.69942258669337,93.75116307016528,96.39158862025867,91.46341964234357,0.0,0.0,0.0,0.0,-0.0593529814977628,1279.0,1198.0,1309.0400000000002,0.9770518853510969,0.9151744790075168,0.7977635158698306,0.5882352941176471,-9.308727771264184,186,316,74.33163625298137
142,Xavier,BE,11-18,91.70001854754064,180,89.52757687065593,115,0.5684972631353065,142,11.23693639748052,18.76306360251948,4.0,16.0,4-16,0.6639161013780104,0.33256391617021136,0.81302458472152,0.6687612229322721,0.33256391617021136,0.81302458472152,0.6728935438469137,0.9232801384696958,98.75795764669643,89.4652913963504,98.74189150517995,89.37210326719682,92.71240668505722,90.31144090354694,90.43421946245535,91.6241350124913,0.4624886437869991,6.0,-0.005325178260818575,1120.0,1410.0,1370.3800000000003,0.817291554167457,1.0289116887286736,0.0,0.2,-9.698763888319753,194,189,67.72054082549876
143,Cleveland St.,Horz,24-8,94.4907401794542,138,92.26769866096456,171,0.5680228138080229,143,24.509045698519525,8.490954301480475,13.0,7.0,13-7,0.31126489049258943,0.2311656443402925,0.36103025663741783,0.31877573036687473,0.2311656443402925,0.36103025663741783,0.9238683651271398,0.9420111634723386,89.30272374902502,97.63519730749042,89.34156047113567,97.3455420932796,95.50552031766681,93.29658457728678,0.0,0.0,0.0,0.0,0.020733892413422494,1367.0,1244.0,1372.22,0.9961959452565915,0.9065601725670811,0.0,0.65,-6.188315738778325,127,111,68.04229288923432
144,UCF,B12,11-19,91.95237751759521,178,89.85926190472541,120,0.5658159564009856,144,11.0,19.0,3.0,15.0,3-15,0.6844276014228876,0.3257918474440982,0.8902739767470869,0.6844276014228876,0.3257918474440982,0.8902739767470869,0.6020980981262866,0.9163911248148767,98.76198926600914,89.64135266658991,98.76198926600914,89.64135266658991,92.64838917796274,91.61399185367537,90.73397990858258,89.95230839669816,0.5248548722762699,11.0,0.016521705095644768,1054.0,1335.0,1273.8000000000002,0.8274454388444025,1.0480452190296747,0.0,0.16666666666666666,-8.294396766013401,166,126,68.56394304936774
145,La Salle,A10,17-12,92.96110977701355,166,90.8887216934524,142,0.5644570993729014,145,17.737162871754737,12.262837128245263,10.0,8.0,10-8,0.4588923629011016,0.39437188113718236,0.49832154620127445,0.4541308133578637,0.39437188113718236,0.49832154620127445,0.8342840629622539,0.8375159383491745,91.87733186260758,92.39660889071529,91.67030664376234,92.37728645420216,95.78242491019685,90.85517419060082,84.2945274385948,94.07224200569999,0.22061606550328355,3.0,0.009595966807665057,1174.0,1145.0,1260.3000000000002,0.9315242402602554,0.9085138459097039,0.0,0.5555555555555556,-7.914751101813564,158,147,71.51241612868087
146,Old Dominion,SB,18-13,93.43546786123997,162,91.36671113144828,152,0.5640174212313104,146,18.54177288727807,13.458227112721927,9.0,9.0,9-9,0.5137958129928712,0.46717936423421247,0.5474632482074582,0.514067351253384,0.46717936423421247,0.5474632482074582,0.7898256796652025,0.7560519395682044,94.44851698307941,92.40864798069326,94.44637594596232,92.44857475032546,95.31479724815102,93.8011487739806,83.8849009374331,90.59289505342677,0.29220543259387616,4.0,0.05320078304709164,1260.0,1314.0,1347.28,0.9352176236565525,0.975298378956119,0.0,0.5,-7.385066240591593,151,53,70.97090249371952
147,Temple,Amer,13-16,94.55930005056734,135,92.48135563138004,176,0.5635373999625822,147,13.838056562130454,16.161943437869546,7.838056562130454,10.161943437869546,7-10,0.5969448401426652,0.6219476651390555,0.5792957872040367,0.5850125572757883,0.6219476651390555,0.56038915203361,0.7412780623151837,0.6118466420799408,95.46790998635753,89.91443917376995,95.18374033914877,90.12249286343526,93.16164059668641,94.63157627111032,96.47297223030846,93.49909989265286,0.5890591728132327,5.0,-0.0016109525560868976,1107.0,1173.0,1228.5200000000002,0.9010842314329436,0.9548074105427667,0.23897635413635507,0.4117647058823529,-9.313275281743525,188,176,71.4793790060218
148,Illinois St.,MVC,18-11,98.2537124186173,94,96.15998985301796,243,0.5616118400440723,148,19.042602801406048,11.957397198593954,13.042602801406046,6.957397198593954,12-6,0.42219838522442743,0.49333471090403813,0.37872618619799864,0.42611471919893057,0.49333471090403813,0.38914372376112144,0.8518597316579614,0.7598148019722984,93.2604156904592,96.64141911100742,93.3375511282541,96.54929379156252,98.59311310828886,97.51718062101091,89.21316319665016,90.59841504877377,0.4558171947523418,2.0,-0.0012989179380584748,1367.0,1250.0,1297.74,1.0533697042550896,0.9632129702405721,0.4829015618292273,0.6666666666666666,-7.35786226167079,150,174,67.53126118984983
149,Youngstown St.,Horz,23-8,90.50666256302861,196,88.65588529573725,105,0.5591226316373362,149,23.490954301480475,8.509045698519525,15.0,5.0,15-5,0.34167213153278936,0.32243851656858513,0.3619091662303328,0.34874558958109225,0.32243851656858513,0.3619091662303328,0.8953483617867275,0.8530151486793465,91.34389256564388,96.784333953958,91.44878746998009,96.63377945540056,88.79356394956473,85.8738883559001,88.8179760365034,99.93664909531871,0.2048267917720493,1.0,0.05082860627472763,1301.0,1143.0,1383.0799999999997,0.94065419209301,0.8264164039679558,0.0,0.75,-5.370810361513745,115,58,67.56433412857382
150,Liberty,CUSA,16-12,95.00633301086944,130,93.23743405020909,192,0.5538241288228579,150,16.865401208332337,12.134598791667665,10.865401208332335,7.134598791667665,10-7,0.4439662892779535,0.5596894482153151,0.36908659820083706,0.43539798445165373,0.5596894482153151,0.3594420899294162,0.8395480393483679,0.7031319442911447,91.82392519218469,91.59101807063492,91.58284178940028,91.77220845370378,93.55423010237867,94.73082887669278,98.1660931659498,86.82772010558375,0.8039948412698494,3.0,-0.01715713481274428,1045.0,1000.0,1104.38,0.9462322751226931,0.9054854307394193,0.19548544931526235,0.5882352941176471,-8.10014029323238,161,225,65.29927120735618
151,Coastal Carolina,SB,14-18,93.11141628946538,164,91.4611987328734,157,0.5512302684912228,151,14.0,18.0,7.0,11.0,7-11,0.4779064163499823,0.3889064022289966,0.5452301087055975,0.4779064163499823,0.3889064022289966,0.5452301087055975,0.7978023087662651,0.7749166105330586,93.20168031222715,93.11571619054432,93.20168031222715,93.11571619054432,94.5080732530783,90.68128687727916,81.51263822748945,86.400510349012,0.33856216099830294,4.0,-0.11180407672302262,1249.0,1243.0,1330.26,0.9389141972246027,0.9344038007607536,0.0,0.3888888888888889,-12.544109454633851,237,360,73.70791721001967
152,Charlotte,Amer,13-17,94.05504991527802,147,92.44939323834032,175,0.5493430780612164,152,13.555544925881563,17.444455074118437,7.555544925881562,10.444455074118439,7-10,0.5458565868682037,0.5771123878339562,0.52195509201204,0.5423312370849631,0.5771123878339562,0.5172115170995792,0.780475794755258,0.6916807475013484,94.31726237145917,90.57498075855192,94.38051868321963,90.82861685203044,94.06865081265444,92.48463956877656,94.03493189798887,96.1719412578402,0.4357521165581388,4.0,-0.06100080377168354,1074.0,1095.0,1182.2,0.9084757232278802,0.9262392150228388,0.43657074358774517,0.4117647058823529,-11.271345134509795,211,319,67.78877580828538
153,Fresno St.,MWC,14-17,88.39785278320909,231,87.0662959838894,71,0.5435258077841817,153,14.702439851661978,17.29756014833802,8.0,12.0,8-12,0.4745863213600981,0.3966766020747902,0.5174366669670174,0.4702330123619528,0.3966766020747902,0.5174366669670174,0.8151752422024724,0.7927907183514016,92.39935456311363,92.7371546729922,92.22685670850223,92.72595271426805,90.06820982784764,88.35486653809052,69.60608575288431,70.53757454874597,0.4618553401134071,2.0,-0.09696147924805737,1241.0,1237.0,1394.4199999999998,0.8899757605312604,0.8871071843490484,0.0,0.4,-12.168310342930566,228,351,69.4213550951368
154,Jacksonville,ASun,22-8,92.71479994456479,171,91.36971738441395,153,0.5419166657504914,154,22.0,8.0,13.0,5.0,13-5,0.37575864282202776,0.44142141398547524,0.3409195107485712,0.37575864282202776,0.44142141398547524,0.3409195107485712,0.843970626775001,0.6999843970945921,90.68171841265026,95.0533057296784,90.68171841265026,95.0533057296784,92.885878062244,90.91840157362002,79.69941077752208,93.3675049425094,0.1394058499971136,3.0,0.08410633933304046,1351.0,1185.0,1386.9799999999998,0.9740587463409712,0.8543742519719103,0.0,0.7222222222222222,-3.938458839344836,97,25,75.3357323509781
155,Southern Utah,WAC,19-9,99.19199377775462,90,97.86154202132741,268,0.5387451900143325,155,19.797125883078444,10.202874116921553,11.797125883078445,6.202874116921554,11-5,0.40525203668630577,0.3454781841676136,0.45008242607532484,0.4171646915027334,0.3454781841676137,0.4649556963928132,0.8768547389243384,0.8560598934036596,90.54458718948209,92.46840835002409,90.71249128913732,92.27964962032586,99.73177009418811,98.06991031290929,0.0,0.0,0.0,0.0,0.06071879039485362,1112.0,1091.0,1145.3600000000001,0.9708737864077669,0.9525389397220086,0.5839418589327211,0.6875,-6.431781981358696,130,40,69.08421108164083
156,Bradley,MVC,19-10,91.19418124339451,188,90.03487712047622,123,0.5367164645248816,156,20.469402821969744,10.530597178030256,13.469402821969744,6.530597178030255,12-6,0.42406221260751426,0.46685452622159573,0.3979113542877976,0.4183042362035259,0.46685452622159573,0.39160157669358736,0.8682985459783049,0.8081568182631244,93.55735296475223,97.63579081298023,93.52983804947894,97.78027076962908,90.08661037240648,89.26428890582332,85.43037790934018,94.85013977970141,0.23096703841668853,1.0,0.06031547760921485,1227.0,1140.0,1277.3999999999999,0.9605448567402537,0.8924377642085487,0.3348135783456948,0.6666666666666666,-6.788883473436478,137,41,68.17619034056234
157,Drexel,CAA,20-8,94.4354946626175,139,93.2513601199484,193,0.5362142627542273,157,20.70366128261179,8.296338717388211,13.703661282611789,4.2963387173882115,13-4,0.2825393041662447,0.37070343112049886,0.22549192790172737,0.28241543216844,0.37070343112049886,0.22846165503107077,0.9363999136388976,0.9030641876560626,88.00088132181905,96.83664981594447,88.03597882414094,96.829769094331,93.8921945211289,92.83406709154453,0.0,0.0,0.0,0.0,-0.020950182559295816,1072.0,944.0,1095.48,0.9785664731441925,0.8617227151568262,0.2789470162299087,0.7647058823529411,-6.6498184053959415,135,240,64.20201122836052
158,Toledo,MAC,15-13,91.33954446876905,187,90.25333660149505,128,0.5343402058317506,158,15.307656421743534,13.692343578256466,9.307656421743534,8.692343578256466,9-8,0.4199415296300505,0.436842285434065,0.40900574646274673,0.4318301337295776,0.436842285434065,0.42876715213239064,0.8457669780867233,0.8070804304979454,92.368587957588,94.97044029498849,92.69805828035598,94.85352577723562,91.53887766727968,89.94919256940592,98.37115350304629,81.3129691292688,0.8993555026269143,1.0,-0.06411650610467567,1096.0,1018.0,1168.1599999999999,0.9382276400493085,0.8714559649363102,0.7647110485163384,0.5294117647058824,-9.495414186857644,191,323,67.45125855904487
159,Florida Gulf Coast,ASun,16-15,89.38152102302249,217,88.3734665687469,101,0.5325626375689272,159,16.0,15.0,11.0,7.0,11-7,0.4713851456065854,0.6638582333300538,0.3795647711890274,0.4713851456065854,0.6638582333300538,0.3795647711890274,0.8207736130084137,0.6425000781217396,93.0177549541315,93.10920504651824,93.0177549541315,93.10920504651824,87.90411143203725,87.58967358785183,99.42601762217231,90.85432665266697,0.7382318400072007,2.0,-0.030789273078469792,1096.0,1015.0,1211.22,0.9048727729066561,0.8379980515513284,0.0,0.6111111111111112,-10.328785175636373,204,267,66.38761313397347
160,High Point,BSth,25-5,92.96033517282083,167,92.0173015487849,166,0.5292807606925235,160,25.907430001246894,5.092569998753107,13.0,3.0,13-3,0.1976572823517012,0.31350908945447054,0.11346021984562656,0.19460064169004757,0.31350908945447054,0.11346021984562656,0.9544865930607357,0.9146757701953846,83.25632641161108,98.86726863746864,83.30069357584595,98.97734260573219,90.25442204507966,90.7571317574288,0.0,0.0,0.0,0.0,0.016884713461258638,1151.0,889.0,1158.7800000000002,0.993286042216814,0.7671861785671136,0.0,0.8125,-3.9193941802251486,96,124,70.68083706527308
161,San Francisco,WCC,16-13,90.46730065314644,197,89.56055487204782,116,0.5289289082397596,161,16.791962622829892,13.20803737717011,9.0,9.0,9-9,0.5369396460612185,0.4689864529116741,0.5784665974303844,0.526633962271431,0.4689864529116741,0.5784665974303844,0.8208205174594588,0.8269304449003065,94.7571071648224,92.37501857249723,94.38228630130325,92.40634766393742,92.05830986926782,91.69498750900341,75.29044760873641,80.80775305397064,0.3071928557668961,1.0,0.06099985515630513,1216.0,1279.0,1342.54,0.9057458250778375,0.9526718012126268,0.0,0.5,-8.667622225289248,175,39,73.85996066175504
162,DePaul,BE,8-23,94.16370960081373,145,93.3898991498805,197,0.5237057526079858,162,8.379788263487173,23.62021173651283,5.0,15.0,5-15,0.7013690497199541,0.49031894538386284,0.8174466071048044,0.6995230002287985,0.49031894538386284,0.8174466071048044,0.6427085973193244,0.7795305203727516,99.20042226872312,88.021775198195,98.98962640863793,88.01693302606718,95.55699603299276,94.20753735820087,84.71903858369576,93.65980226223583,0.23979923621827218,8.0,-0.05728114609365903,1239.0,1501.0,1438.1599999999999,0.8615174945764033,1.0436947210324303,0.0,0.25,-13.13710510272478,245,314,72.14681865211524
163,Louisiana Monroe,SB,15-15,94.38214491719123,140,93.6463777801118,201,0.5224850417185982,163,16.45822711272193,15.541772887278073,7.0,11.0,7-11,0.47684429516322246,0.4983536528011058,0.4932013766273406,0.46466707069629415,0.45304877527373255,0.4932013766273406,0.8172303418129648,0.7488163784559546,93.1628790998585,93.86326008162577,90.26005751918868,90.85201605593804,95.69515083734167,94.79384116324225,81.08761120036726,91.70606170936789,0.19541983782029368,3.0,-0.037571105106656955,1296.0,1283.0,1348.8199999999997,0.9608398451980251,0.9512017911952672,0.0,0.3888888888888889,-10.208747872545223,202,278,71.3550944848891
164,Tulsa,Amer,19-10,90.41452919227662,199,89.74327128686971,118,0.5214111760616047,164,19.52359162496567,10.476408375034335,11.523591624965665,6.4764083750343335,11-6,0.46616158918479894,0.40699832729976193,0.5079238916918839,0.46912595161074183,0.4069983272997618,0.5105443678180619,0.8196074142805245,0.7893988275906357,91.22627975711363,93.73745266598843,91.31310213206709,93.68096537551801,90.13589604164034,89.77135630301235,101.54742655241625,85.39894423516999,0.8799239710825333,2.0,0.10960022671983805,1099.0,1114.0,1244.76,0.8829011215013336,0.8949516372634082,0.5550924619630873,0.6470588235294118,-5.599555420530962,120,9,70.98981748888127
165,Middle Tennessee,CUSA,15-13,92.84050433940487,169,92.32263581488813,173,0.5160762308334762,165,16.163203048339653,13.836796951660348,11.163203048339652,6.8367969516603475,10-6,0.4566994132916031,0.5721045935855359,0.37014552807115353,0.45895520601754836,0.5721045935855359,0.38352228097222335,0.8440478395314019,0.7548310203748613,91.04999091858834,92.12365597560101,90.94555603224482,91.9672364967358,96.8059156711049,92.44596531836147,72.68677072048001,92.0752776619089,0.061853268203424884,2.0,-0.009489207687555568,1020.0,903.0,1032.1,0.9882763298130027,0.8749152213932759,0.4905363041807823,0.625,-9.310669842913958,187,201,64.7676254949269
166,Austin Peay,ASun,18-12,93.62267363906005,158,93.19398406205605,191,0.5131915290186854,166,18.53891131613708,12.461088683862918,8.0,10.0,8-10,0.36681299588027777,0.35431031589947865,0.36565621307119317,0.370277972785082,0.35431031589947865,0.36565621307119317,0.8919284496983229,0.8565006274265461,90.58650214593366,95.85292461025266,90.89596854717333,96.01173225514856,95.25976694476644,96.72876589683946,100.42976880140591,79.65406912035571,0.9349479865555304,1.0,-0.033904623235148645,1180.0,1092.0,1197.66,0.9852545797638729,0.9117779670357196,0.0,0.4444444444444444,-9.361864282499766,189,272,64.99084175044929
167,UTSA,Amer,13-15,87.51281127152681,239,87.43866303476821,76,0.5024369558047829,167,13.097074879960163,15.902925120039837,8.097074879960163,9.902925120039837,8-9,0.543504596600589,0.5414590565935028,0.5448281813110567,0.5551710698041774,0.5414590565935028,0.5635506334329232,0.7826277625525557,0.7130116260474794,93.3081557504835,90.74772372252637,93.60998459347122,90.55823170653181,88.40327421355187,88.61457535396342,90.91984953403482,85.7813920046147,0.6612851937680445,2.0,0.005328616618702542,1017.0,1028.0,1166.82,0.8715997326065718,0.8810270650143125,0.8818323195046548,0.47058823529411764,-10.173152683291505,199,157,67.316385751785
168,FIU,CUSA,17-10,89.36941820678595,218,89.41951509383351,113,0.4983888482035611,168,18.141235248728485,10.858764751271517,11.141235248728483,6.858764751271517,10-6,0.3909909012256136,0.34321653459253243,0.4238357782858568,0.39033910314933384,0.34321653459253243,0.41913622837849024,0.8950970831629211,0.8976481652026692,89.86972027680044,93.98803811144757,89.92145831904531,94.08049565670774,89.5443783156505,88.17249992955463,0.0,0.0,0.0,0.0,0.017451081973142935,1031.0,992.0,1156.0,0.8918685121107266,0.8581314878892734,0.3815398291195583,0.625,-7.798039483365523,157,122,74.34502479450742
169,UC Davis,BW,21-8,94.71287675126285,133,94.83915058069437,224,0.4961695982221846,169,22.264588614593457,8.735411385406543,15.264588614593457,4.735411385406542,14-4,0.4050398503919009,0.45195907011579717,0.3763669938939642,0.4043942923627611,0.45195907011579717,0.37823366459859104,0.8698245180926277,0.8124189228191304,90.53526559931551,93.32828136574035,90.55059135370549,93.64587117804666,93.82566425842192,94.01588800813768,84.84226949133735,97.62184178162407,0.16609842552423618,1.0,0.1369680804861536,1228.0,1150.0,1285.46,0.9553000482317614,0.8946213806730664,0.3950337009402329,0.7777777777777778,-4.937632851034476,111,4,68.79757581510015
170,Houston,B12,7-23,90.5783859004546,194,90.7341912107307,138,0.49505907639211977,170,7.0,23.0,1.0,17.0,1-17,0.7454182032226058,0.484595100385072,0.8962736524822021,0.7454182032226058,0.484595100385072,0.8962736524822021,0.5770303425274527,0.8763028677025392,100.44156798688093,86.5974394978744,100.44156798688093,86.5974394978744,92.43094717036365,91.88799054882053,92.28416201941346,92.34656477789109,0.4980565853030193,12.0,-0.02648727126738326,1081.0,1410.0,1329.38,0.8131610224315093,1.060644811867186,0.0,0.05555555555555555,-11.651094349077258,218,252,72.67915467792191
171,Maine,AE,18-12,93.74883203343097,153,94.27884576324135,212,0.4837974918741994,171,18.0,12.0,12.0,4.0,12-4,0.44156999879472314,0.5694714378808675,0.3593886900953372,0.44156999879472314,0.5694714378808675,0.3593886900953372,0.8343812662304226,0.7213868918228941,91.01514876843567,94.0949027413261,91.01514876843567,94.0949027413261,96.32783581747512,95.59004551660773,78.83906029467435,83.96250819757232,0.3264994035988785,2.0,0.05612047458905922,1048.0,943.0,1048.94,0.9991038572272961,0.899002802829523,0.0,0.75,-7.919198993767195,159,51,67.70383164276178
172,Sam Houston St.,CUSA,16-11,86.79358891945685,250,87.46398137911027,79,0.4778932844289584,172,17.801258693175644,11.198741306824356,10.801258693175644,7.198741306824356,9-7,0.4100680756512014,0.3855594261907742,0.4269177721552453,0.38956254873203927,0.3855594261907742,0.3920089013961458,0.8503415249278834,0.76974547722089,91.59862230906022,92.83090368904924,90.96622244887907,93.36596874039999,88.68946668446522,89.37312526100911,73.97689710794434,91.83571464213533,0.07678471096867633,2.0,0.01477428564526162,1029.0,989.0,1154.0400000000002,0.8916502027659352,0.8569893591210008,0.11273793532334982,0.5625,-7.310249034526619,147,131,71.49377352010832
173,Stetson,ASun,20-10,99.56102823345793,87,100.45834593010824,301,0.47422730384149264,173,20.46108868386292,10.538911316137082,12.0,6.0,12-6,0.37800813625081997,0.3509426481625806,0.3859617965692982,0.38236889032414245,0.3509426481625806,0.3859617965692982,0.8826788807967959,0.8324884742316718,89.24160660612448,93.8305413744282,89.39267787332659,93.80859113097691,98.86868966492864,100.12168913726269,124.33425470067245,94.55070750947178,0.9588743696916822,1.0,0.06598532355131548,1220.0,1160.0,1220.5400000000002,0.9995575728775786,0.9503990037196649,0.0,0.6666666666666666,-7.139680711756783,143,35,67.80447399618976
174,Holy Cross,Pat,20-9,86.31737135315583,256,87.13804787915811,74,0.4728214090092311,174,20.0,9.0,14.0,4.0,14-4,0.36440463808750323,0.543950162091578,0.2546823734183463,0.36440463808750323,0.543950162091578,0.2546823734183463,0.8665855566690938,0.7423386063259347,89.73600747530094,95.65425402157122,89.73600747530094,95.65425402157122,86.00734103151044,86.73149947600547,95.65939520056325,97.48677601168995,0.44581056315523915,2.0,0.07130029996045184,1104.0,969.0,1203.5400000000002,0.9172939827508847,0.805124881599282,0.0,0.7777777777777778,-5.748171351022918,124,32,68.93493412584881
175,Bryant,AE,18-12,86.66430740294683,252,87.73766862460168,84,0.4646700133828585,175,18.0,12.0,8.0,8.0,8-8,0.2919597710358648,0.1974568798451154,0.3617485384836443,0.2919597710358648,0.1974568798451154,0.3617485384836443,0.9325031622966683,0.9553045517164745,88.27981848229383,97.31334551841833,88.27981848229383,97.31334551841833,86.00279497488427,86.83603887648646,0.0,0.0,0.0,0.0,-0.07615701618067938,941.0,908.0,1067.4400000000003,0.8815483774263656,0.8506332908641233,0.0,0.5,-10.486389306131167,206,339,67.4040534794076
176,George Washington,A10,15-17,92.65394058209594,172,93.85889088674125,203,0.4629202965223842,176,15.0,17.0,7.0,11.0,7-11,0.4964963884801297,0.4039665461502159,0.56587381325608,0.4964963884801297,0.4039665461502159,0.56587381325608,0.8218760913807572,0.8729210522515528,92.76603242185537,92.15272671563994,92.76603242185537,92.15272671563994,91.52172215566071,92.29036802449035,91.58477515925995,90.69809154708803,0.5279409661277086,2.0,-0.010483657105929522,1021.0,1069.0,1151.26,0.8868544030019283,0.9285478519187673,0.0,0.3888888888888889,-12.384201958776128,234,205,63.95083170324736
177,Saint Mary's,WCC,15-17,89.54520346529188,216,90.76076047243734,139,0.4613124956360918,177,15.0,17.0,6.0,12.0,6-12,0.49746894380485085,0.4607262017801499,0.5389886914580935,0.49746894380485085,0.4607262017801499,0.5389886914580935,0.8078066314031448,0.758027824862444,93.4646649016393,91.53685560511727,93.4646649016393,91.53685560511727,89.12463148586052,90.6028442117809,93.91194085302438,91.6128700219521,0.5707805453819027,3.0,-0.007579693303038704,1086.0,1099.0,1205.56,0.9008261720694117,0.9116095424532997,0.0,0.3333333333333333,-11.853031349398126,224,195,64.29072459896321
178,Tulane,Amer,11-18,89.96864368749473,209,91.46712765050816,158,0.4526517791333788,178,11.192331490228128,18.807668509771872,6.192331490228128,11.807668509771872,6-11,0.5029166338599058,0.4880553266979506,0.5134069683271685,0.5132798354003814,0.4880553266979506,0.5300961745353351,0.8002319392713321,0.7444982860600473,93.16948579904479,92.02960396230895,93.46136410705158,91.95050310958459,88.98222877689432,90.97922418248992,98.23416557335791,94.30000871940183,0.6153925366229376,2.0,-0.09254102427272687,1030.0,1068.0,1185.1200000000001,0.8691103010665586,0.9011745646010529,0.81381268007417,0.35294117647058826,-13.134118887723863,244,349,69.6679202061985
179,Dayton,A10,17-13,95.87963562317952,120,97.54713602933973,264,0.4505907447129763,179,17.100952759429212,13.899047240570788,9.0,9.0,9-9,0.4960880031916375,0.45787219798381346,0.5212847596345299,0.5084585066351367,0.45787219798381346,0.5212847596345299,0.8128625431561713,0.8287175201561582,92.56865295530385,92.58517478336431,92.78941945602307,92.29621851419883,96.66724699801475,98.00529519831018,103.82900380120765,93.33009216873586,0.7731057498439672,2.0,0.09933925115272524,1180.0,1206.0,1252.58,0.9420555972472817,0.9628127544747641,0.0,0.5,-8.68399087661824,176,13,70.16011747555552
180,Bowling Green,MAC,16-13,88.92264600894546,221,90.50310487018544,133,0.4495227683366397,180,16.90220196158571,13.097798038414291,8.902201961585709,9.097798038414291,8-9,0.43293984946923325,0.393649027304995,0.46067454746751924,0.42184996083000575,0.393649027304995,0.44065058318001316,0.8382063338463009,0.7848177210968338,94.06276420615566,93.18497741856169,93.65157246934884,93.48174102559997,88.636001977942,90.52276950524768,87.76053717336144,92.6611914734476,0.3486713153547768,2.0,0.014001650167322133,1086.0,1108.0,1223.8000000000002,0.887399901944762,0.9053766955384865,0.10024319029240891,0.47058823529411764,-8.9593010724314,180,135,71.37613716910346
181,Kent St.,MAC,14-15,94.13442902745759,146,95.81778387212299,236,0.4492179156169377,181,14.838123583047429,15.161876416952571,8.83812358304743,9.16187641695257,8-9,0.509833356106688,0.5148552873480178,0.5062884634657495,0.498354222432462,0.5148552873480178,0.4873535124887583,0.7974021221660677,0.7106039926459099,94.09894163753141,91.81406703178726,93.68621019942661,91.92834291070733,95.15406887858998,97.12323749248569,87.27629510618897,90.36743295146651,0.4012503215979861,3.0,0.029206329476691273,1182.0,1183.0,1224.8600000000001,0.9650082458403408,0.9658246656760772,0.16545934587990835,0.47058823529411764,-9.880471570768512,196,92,69.89077748673279
182,Northern Kentucky,Horz,15-17,94.32311351318279,141,96.25937105715647,245,0.4418442159089238,182,15.0,17.0,12.0,8.0,12-8,0.46113280648447036,0.6423714679012755,0.373485341934669,0.46113280648447036,0.6423714679012755,0.373485341934669,0.8358736117906006,0.6909682064184136,93.66950229519237,94.30869029046373,93.66950229519237,94.30869029046373,93.7552377717816,95.00026925741258,104.8062775259979,86.54935278832133,0.9003470781633772,2.0,-0.028368928333538712,1398.0,1324.0,1433.3999999999999,0.9753034742570114,0.923677968466583,0.0,0.6,-12.590854337503114,238,257,70.29533903303593
183,Utah Valley,WAC,14-13,86.80768703314597,249,88.61083335874429,104,0.44116683415083324,183,15.253930168163146,13.746069831836854,8.253930168163146,9.746069831836854,7-9,0.44788860772341466,0.3817270967558398,0.4933746465136223,0.44262815449136284,0.3817270967558398,0.4798454675519601,0.8761321699761558,0.8685661186087514,92.21485952021445,92.45902362899344,92.17203477444072,92.7188936304687,88.72854844710334,91.23619756157167,81.8128806965632,86.28371664949393,0.3516324466817116,1.0,0.014958011946652916,997.0,1029.0,1136.24,0.8774554671548265,0.9056185312962051,0.371612035858663,0.4375,-10.291038790183684,203,130,69.78172381749883
184,Stephen F. Austin,Slnd,22-9,95.09730049300458,129,97.37565700034759,262,0.43234985344445565,184,22.0,9.0,16.0,6.0,16-6,0.271614595895052,0.3539086589325406,0.2379488428342612,0.271614595895052,0.3539086589325406,0.2379488428342612,0.9268429325795694,0.885146129730776,87.33719551212218,97.24924471455455,87.33719551212218,97.24924471455455,96.99030953577544,99.2327580677114,0.0,0.0,0.0,0.0,0.018682009818059342,1702.0,1464.0,1634.1,1.0415519246068172,0.8959060033045714,0.0,0.7272727272727273,-7.240493618161255,145,116,74.95237934521226
185,Howard,MEAC,23-7,91.44364033828128,185,93.90865337070063,207,0.4241166388727525,185,23.0,7.0,13.0,1.0,13-1,0.34577959042668577,0.5424978748219711,0.12095869397493096,0.34577959042668577,0.5424978748219711,0.12095869397493096,0.8619955377818534,0.7579811282636506,86.71402387431077,94.8312383826834,86.71402387431077,94.8312383826834,91.26661495791173,98.20424691219424,90.79778025332061,96.37918377510314,0.3349152099133663,2.0,0.16422642242198215,987.0,828.0,1025.3200000000002,0.9626263020325361,0.8075527640151366,0.0,0.9285714285714286,-3.6105894697709275,95,2,70.37416921704505
186,South Alabama,SB,15-17,91.78357252758936,179,94.29254961320301,213,0.4230801444584555,186,15.264968913113226,17.735031086886774,5.0,13.0,5-13,0.43408373679444784,0.3388370253731867,0.5021070111495942,0.44124593225448183,0.3388370253731867,0.5021070111495942,0.8525982122863514,0.8631699468161941,91.73116089966798,94.27884227569203,91.96533647146819,94.25532795861561,86.48951570253747,93.92817685990812,86.92212408012878,96.47857574668508,0.2315559277904277,2.0,-0.04774337048845556,1127.0,1257.0,1309.36,0.8607258507973362,0.9600109977393536,0.0,0.2777777777777778,-13.200401673443672,247,302,69.54379846923857
187,Pacific,WCC,11-18,93.7527279892251,152,96.34210596499022,248,0.4223060301111377,187,11.563874227736713,18.436125772263285,6.0,12.0,6-12,0.5695534923645194,0.530076637338527,0.5936782371026259,0.5626079560197641,0.530076637338527,0.5936782371026259,0.782600863569736,0.7555806802999971,95.67626621360186,91.55694019916727,95.60002782833486,91.78658164602824,93.7846025739618,97.8236840928947,90.51864816345429,92.23832005301148,0.44610335885869556,2.0,-0.0125378511429029,1156.0,1266.0,1252.96,0.9226152470948793,1.0104073553824544,0.0,0.3333333333333333,-12.662768677430025,241,209,68.43166650404913
188,Morehead St.,OVC,18-14,90.19236573037341,205,92.93886708378426,186,0.4146033926391139,188,18.0,14.0,13.0,7.0,13-7,0.4190284100815503,0.5124056373291542,0.37348216327179085,0.4190284100815503,0.5124056373291542,0.37348216327179085,0.8340497973835546,0.6941742627585413,92.60273663876401,94.74825873030103,92.60273663876401,94.74825873030103,91.32286562621572,93.19271539298623,88.33703701724147,94.69246378495336,0.31024761153416863,3.0,0.033068310461159656,1270.0,1235.0,1362.3399999999997,0.9322195633982708,0.9065284730683972,0.0,0.65,-9.379708797977374,190,85,69.20018265049917
189,Illinois Chicago,MVC,14-15,94.26510850714976,143,97.40075932661337,263,0.4070164050333688,189,14.583090290406346,16.416909709593654,9.583090290406346,10.416909709593654,9-9,0.42224290438779555,0.5010564651851973,0.37407906167827243,0.43870130304557015,0.5010564651851973,0.40440596386877525,0.870919702671713,0.8239234117027638,92.72010368464257,96.4274172578892,93.22534490294032,96.28760358304636,94.50625795712,99.24473406263694,100.32918479529549,90.57250509138618,0.7643212019906763,1.0,-0.02952310724562074,1219.0,1180.0,1215.78,1.00264850548619,0.9705703334484858,0.6773480835833006,0.5,-12.079082710928786,226,261,65.66826783016846
190,Oral Roberts,Sum,15-14,96.90429886657002,113,100.20394913026756,297,0.404906402931355,190,15.572692916808185,14.427307083191815,8.0,8.0,8-8,0.4503185679631019,0.5039145554381184,0.40677182813965096,0.44653221916006663,0.5039145554381184,0.40677182813965096,0.7883675837584857,0.7147465357764029,94.47170150666352,93.56444753922045,94.3203049250855,93.6499190175004,97.56473784469173,99.57813264239613,95.77329831833309,107.14065573849392,0.21588264264503085,4.0,0.015175360308795516,1239.0,1182.0,1218.58,1.0167572092107207,0.9699814538233026,0.0,0.5,-8.621798608880818,173,129,76.05747056256958
191,NJIT,AE,18-11,94.55790837270975,136,98.45746327495631,273,0.38586196215989094,191,18.395355486292438,11.604644513707562,9.0,7.0,9-7,0.331430765104061,0.2821397242626578,0.3714797357877011,0.3348141878007974,0.2821397242626578,0.3714797357877011,0.9024756286479935,0.8905854659618039,87.98573425905485,95.19136361784662,87.94411305502307,94.97821148879439,95.05450514105851,98.69080187469629,72.08501025434114,96.71373658019604,0.03292775632451891,1.0,0.03057688465296826,1035.0,1000.0,1068.36,0.9687745703695384,0.936014077651728,0.0,0.5625,-8.656201510489158,174,89,69.78751195083449
192,Lamar,Slnd,20-9,88.8885508019327,223,92.63763188582408,179,0.3834124083809028,192,20.0,9.0,17.0,5.0,17-5,0.30112206878011777,0.48584880422689547,0.2423453802288703,0.30112206878011777,0.48584880422689547,0.2423453802288703,0.895714805052688,0.7484176055733257,87.78500895379285,97.2960575801679,87.78500895379285,97.2960575801679,89.03771225781706,91.67153768986317,89.71147135100968,92.80720024593029,0.4036825979338331,2.0,0.060240558823247414,1439.0,1261.0,1504.52,0.9564512269693989,0.8381410682476803,0.0,0.7727272727272727,-6.561833821707099,132,42,66.87234529617055
193,Albany,AE,14-16,90.45655754091499,198,94.34723641006343,215,0.3812393503868882,193,14.0,16.0,4.0,12.0,4-12,0.3607745044176492,0.3130888692339501,0.3720512056666758,0.3607745044176492,0.3130888692339501,0.3720512056666758,0.8558371320337615,0.8041145550431132,90.19023726408405,94.99599408940583,90.19023726408405,94.99599408940583,90.73514209707854,98.88092590349689,81.92184752321634,82.94481079905725,0.4643824203815145,3.0,-0.09876566628242434,898.0,936.0,979.4200000000002,0.9168691674664595,0.9556676400318554,0.0,0.25,-12.332021356913815,231,353,61.3628125037574
194,UAB,Amer,11-18,95.32495834643291,124,99.43201998034431,284,0.3810487852203838,194,12.444455074118439,17.555544925881563,4.444455074118439,13.555544925881561,4-13,0.4372679513517086,0.3343698329613945,0.5099019172742832,0.4390924519657966,0.3343698329613945,0.5089075313020647,0.8598678371872008,0.8658596823570196,91.32549906495845,92.93736252290034,91.38718873224106,92.95241509636794,93.14088477396379,101.25478638069829,102.34234596108013,95.49633726891264,0.6891631324225627,1.0,-0.09780804355144662,1103.0,1230.0,1226.1799999999998,0.8995416659870493,1.0031153664225483,0.4920029697743496,0.23529411764705882,-14.636222839956947,268,352,69.18763596794706
195,Lehigh,Pat,15-13,96.06191548872991,118,100.20608800607963,298,0.3809037344306973,195,15.856407119067473,13.143592880932527,11.0,6.0,11-6,0.36152948869223567,0.5528844745614789,0.23771155665919602,0.35302561242566266,0.5528844745614789,0.23771155665919602,0.8884483889275662,0.7804398969993542,89.02144216173531,95.1350521679469,88.84524660029311,95.31010943660716,96.81622934308716,99.29117399450807,92.81721633067036,116.84201964984446,0.0661622823831403,2.0,-0.028428419244306835,1119.0,1011.0,1105.5,1.012211668928087,0.9145183175033921,0.0,0.6470588235294118,-10.38495258130548,205,259,68.09412168462826
196,UMBC,AE,15-13,85.87831635486319,261,89.69373582060624,117,0.3775641736762768,196,15.604644513707562,13.395355486292438,10.0,6.0,10-6,0.34868145313472904,0.316915899989115,0.37250561799393966,0.3481399437507415,0.316915899989115,0.37250561799393966,0.8790864581233959,0.8281914688588969,89.87318451055377,95.55027981026016,90.01167130231714,95.6944190562277,85.97680340835205,88.62865632559586,99.93811949888726,78.91153782250493,0.9379975243734586,2.0,-0.03874964660325042,939.0,896.0,1055.7799999999997,0.8893898350035048,0.8486616529958895,0.0,0.625,-10.067412705438262,197,283,67.47879080650435
197,Robert Morris,Horz,18-12,87.93982801238079,235,91.87815530007072,164,0.37664322007162016,197,18.0,12.0,11.0,9.0,11-9,0.3282965981209394,0.1764396577659444,0.3799286669418121,0.3282965981209394,0.1764396577659444,0.3799286669418121,0.9198558546324332,0.9657311534797421,90.75699784367067,97.67523946219374,90.75699784367067,97.67523946219374,88.22012473063825,90.25546870421802,0.0,0.0,0.0,0.0,0.019664168832479678,1257.0,1221.0,1375.04,0.9141552245752851,0.8879741680242029,0.0,0.55,-10.191946563076641,201,114,66.87646312596664
198,Tarleton St.,WAC,12-16,89.78715488181523,213,93.88092397916164,206,0.37455357420525587,198,12.421008067724092,16.57899193227591,6.421008067724091,11.578991932275908,6-11,0.4439732523086156,0.36322988761372504,0.4962189588758977,0.442302991756011,0.36322988761372504,0.4906254442874079,0.8552682509380409,0.8123558892646124,91.447212790537,92.02416200879892,91.19152620544575,91.8647380071384,90.2681739239986,95.19366419844954,85.5824478127988,85.93867373461124,0.4880602891029923,2.0,-0.04444520623071446,1068.0,1109.0,1188.8600000000001,0.8983395858217115,0.9328264051276012,0.3955356962830826,0.35294117647058826,-12.594276884498903,239,291,68.12540443361686
199,Cal St. Fullerton,BW,16-12,88.88200257212841,225,93.00952646759235,189,0.3723821528738292,199,16.996205054143346,13.003794945856654,12.996205054143346,7.003794945856655,12-6,0.3672076553044251,0.33117319437593423,0.38722680026469786,0.3706983231300202,0.33117319437593423,0.3904608875070631,0.9086601897724195,0.9311014693912376,90.10789770025045,95.05314251315109,89.9616573482562,94.81902740034104,91.44419129080242,93.24735123583002,0.0,0.0,0.0,0.0,0.02914672651582151,1290.0,1217.0,1366.62,0.9439346709399834,0.890518212817023,0.41956767268835066,0.6666666666666666,-10.11544912856414,198,93,74.0467256215391
200,SMU,ACC,9-21,90.9313146435463,192,95.18415538416484,229,0.37153106033544225,200,9.0,21.0,2.0,16.0,2-16,0.6640292957200779,0.461958543206364,0.7987431307292204,0.6640292957200779,0.461958543206364,0.7987431307292204,0.6153367326449106,0.8307679925420445,98.70793985227562,88.01646698992435,98.70793985227562,88.01646698992435,89.40417444796608,97.21975300915615,86.89240195258192,98.00152101074808,0.2004326229674843,12.0,0.014112592943903657,1023.0,1456.0,1303.1799999999998,0.785002839208705,1.1172669930477757,0.0,0.1111111111111111,-10.535706974687995,207,134,70.80376168158377
201,Appalachian St.,SB,11-19,89.75327029454344,214,94.05553516305002,209,0.36855035632925365,201,11.0,19.0,4.0,14.0,4-14,0.4790760386307075,0.3689185854887352,0.5495053656124119,0.4790760386307075,0.3689185854887352,0.5495053656124119,0.8121274227361386,0.8114156057399896,93.88535567599776,92.43503095017466,93.88535567599776,92.43503095017466,88.15730651264283,95.48659616638007,97.82538980843826,97.63673905366737,0.5055494004944405,3.0,-0.07559593788824809,1067.0,1185.0,1210.76,0.8812646602134196,0.9787241071723546,0.0,0.2222222222222222,-14.260244037441614,266,338,65.34544099522317
202,Southern Miss,SB,15-16,97.2949412799938,108,101.97101345224819,313,0.3682275172926434,202,15.0,16.0,8.0,10.0,8-10,0.4640147613067161,0.36604558029501666,0.5260791999799291,0.4640147613067161,0.36604558029501666,0.5260791999799291,0.8312562883041674,0.8269063692276976,93.29182910938682,93.14627159014056,93.29182910938682,93.14627159014056,97.58029017032153,101.33565479356253,90.80408991339772,107.48615151122658,0.125695827580621,2.0,0.03589650663698413,1301.0,1350.0,1339.8,0.9710404537990746,1.0076130765785938,0.0,0.4444444444444444,-11.688344157181339,220,78,71.44332000774895
203,Elon,CAA,14-14,91.49038466223665,184,95.94930644225363,240,0.36650491728592244,203,15.41487875522404,14.58512124477596,10.414878755224041,7.5851212447759595,9-7,0.3111307593643228,0.371003562602974,0.2662261569353343,0.3031125900979642,0.371003562602974,0.257851941761291,0.9031974247500181,0.8376017495045348,87.8347997385634,95.37626350393646,87.50826569550455,95.57277456918908,95.0267235474886,99.0871244826094,72.74682517857947,75.84348621754721,0.38239489341277333,1.0,-0.1009783475685283,1066.0,1023.0,1087.66,0.9800856885423753,0.940551275214681,0.19085822036894473,0.5625,-11.654522388622286,219,357,69.06382827349825
204,Washington St.,WCC,8-24,93.46535171089286,159,98.21654370399852,270,0.3611873225023123,204,8.436125772263287,24.563874227736715,6.0,12.0,6-12,0.6602945703103428,0.8026539098522684,0.590218857643038,0.6530827992097709,0.8026539098522684,0.590218857643038,0.7164732626549104,0.5598525588302613,98.13112746879732,90.44311637005926,97.99844874118641,90.6218735785472,94.66018262708486,100.66544260273606,86.15426832918148,94.71825618976038,0.2516515313861699,5.0,-0.010090698556199484,1171.0,1315.0,1259.4999999999998,0.9297340214370784,1.0440651052004766,0.0,0.3333333333333333,-16.159147017541237,293,204,68.27852545200074
205,Chattanooga,SC,19-9,89.79263651352807,212,94.63537914691327,221,0.353411534967379,205,19.645465857208023,9.354534142791975,10.0,4.0,10-4,0.2540137493024622,0.33652035551070136,0.1937318911727595,0.2532166729951612,0.33652035551070136,0.1937318911727595,0.9283838139748986,0.8755132074492653,86.84197743515529,97.22098134147197,86.72533743979888,97.0618329629586,89.6071781877141,91.41450111706226,92.4108648036074,101.98405852791294,0.24350149161018259,1.0,0.023334167369326475,869.0,765.0,914.8599999999999,0.949872111579914,0.8361935159477953,0.0,0.7142857142857143,-7.332918630422187,148,106,65.93864448153704
206,Boston College,ACC,5-26,96.32563944999643,117,101.52702886675436,310,0.35324833762255164,206,5.0,26.0,1.0,17.0,1-17,0.6869390869928848,0.4656300921400463,0.846773361053268,0.6869390869928848,0.4656300921400463,0.846773361053268,0.6066686627505545,0.8413057639738446,98.88589096788716,88.27059592976235,98.88589096788716,88.27059592976235,96.61587780149493,103.87316846121037,96.01601735594784,103.21086674278027,0.30343791862555286,12.0,-0.09966094125753602,1101.0,1489.0,1265.3600000000004,0.8701081115255735,1.176740216223051,0.0,0.05555555555555555,-15.101567255154839,272,355,69.92035869419243
207,Monmouth,CAA,18-10,88.56508588977346,229,93.3792711267748,196,0.3523525646806272,207,18.737109587941433,10.262890412058567,11.737109587941433,6.262890412058567,11-6,0.2632934105655254,0.27041624750476473,0.2586845160754293,0.2609826176714493,0.27041624750476473,0.2552176216622011,0.9240945572468368,0.8760882331598459,88.13241019650071,95.93238295942805,88.09737748418152,96.03484490103803,90.21389675490707,93.84252479899098,86.16049811424152,119.19447519875186,0.023378947048165864,1.0,0.004112223807796411,1040.0,966.0,1107.9999999999998,0.9386281588447656,0.8718411552346572,0.19628041663732088,0.6470588235294118,-8.166821995570318,162,161,66.05296208074422
208,Eastern Washington,BSky,14-17,92.15842288533958,177,97.17528421415284,255,0.352154064506703,208,14.253662152448436,17.746337847551565,7.0,11.0,7-11,0.4320791878108302,0.4197394419795693,0.44099122646674094,0.43780443387759044,0.4197394419795693,0.44099122646674094,0.850194853641736,0.8291580845995041,91.58977471104863,93.25702926713979,91.63102331943102,93.11889729256023,93.39059215775914,96.77606778418738,94.49935600113236,96.89052469991135,0.42864781541268193,1.0,-0.012571976976624488,1257.0,1252.0,1331.2799999999997,0.9442040742743827,0.9404482903671656,0.0,0.3888888888888889,-13.30081644387632,250,210,72.19648963065013
209,Binghamton,AE,19-11,93.73573664785428,154,98.92237791415043,278,0.3499307408527598,209,19.0,11.0,10.0,6.0,10-6,0.3827243239913947,0.38913648028928677,0.3759245183597521,0.3827243239913947,0.38913648028928677,0.3759245183597521,0.8546723636571956,0.7779894493537032,90.30393362694576,93.5265187871868,90.30393362694576,93.5265187871868,95.39003185044359,101.81919656688537,85.23623814531646,98.61771190861424,0.15749599780849166,2.0,0.11125221615825331,1007.0,965.0,1016.98,0.9901866310055262,0.9488878837341934,0.0,0.625,-7.300008976941129,146,8,66.4680048092219
210,Jacksonville St.,CUSA,14-15,90.19256484258915,204,95.40102706940891,232,0.3439733953171698,210,14.705985615415782,15.294014384584218,8.705985615415782,9.294014384584218,8-9,0.3395724954980356,0.262994541636506,0.39362752175323307,0.3354395084769719,0.262994541636506,0.38373615303728253,0.8976226830558016,0.8932736795876933,89.63187859745054,94.99139365374096,89.36154393673071,94.88501388568054,91.50259342588511,94.25064903195297,91.81670419349815,88.36260178303195,0.6084906947301906,1.0,-0.06937455989792102,1002.0,1002.0,1095.5800000000004,0.914584055933843,0.914584055933843,0.21558288486612426,0.47058823529411764,-12.534036403621885,236,332,64.39850320723647
211,Norfolk St.,MEAC,16-13,82.66244059927729,301,87.45106851307958,77,0.34352787292207354,211,16.0,13.0,11.0,3.0,11-3,0.3025055769221869,0.46132158385401495,0.13234556949522816,0.3025055769221869,0.46132158385401495,0.13234556949522816,0.8255488102186833,0.6835827306383891,88.08160209866172,94.04793840347558,88.08160209866172,94.04793840347558,85.16040487532014,86.56338857918236,78.51628448612594,91.57251682175506,0.14566808372301387,4.0,-0.07205014628963646,974.0,744.0,1048.7199999999998,0.9287512396063775,0.7094362651613396,0.0,0.7857142857142857,-8.406855151716947,170,334,71.1295654474829
212,SIU Edwardsville,OVC,16-16,88.69721708558899,227,93.88055518799715,205,0.3422823263588817,212,16.0,16.0,8.0,12.0,8-12,0.3509056354382896,0.272487911572458,0.380636561852227,0.3509056354382896,0.272487911572458,0.380636561852227,0.8988395883992787,0.8915268491997977,90.92129027877242,96.01159068181597,90.92129027877242,96.01159068181597,89.02557530537723,93.7874029304484,0.0,0.0,0.0,0.0,-0.04777174840039755,1209.0,1247.0,1341.3,0.9013643480205771,0.9296950719451279,0.0,0.4,-13.511105721138886,254,303,65.38607624146924
213,UT Arlington,WAC,10-18,83.70660773137219,291,88.60577308606351,103,0.34206404935747625,213,10.841113979755844,19.158886020244154,4.8411139797558445,13.158886020244156,4-12,0.506226004164389,0.5164299487037293,0.49857304575988387,0.5048290755096191,0.5164299487037293,0.497095160046879,0.8205357246888247,0.7316336208916793,93.11264379097608,91.66390705789199,93.07087616160518,91.75071577038327,82.3168185491855,89.44470018408703,85.23461179106427,82.51893503813338,0.5920310029848542,2.0,-0.011782112985332271,979.0,1085.0,1204.32,0.8129068686063505,0.9009233426331872,0.4852720743428409,0.25,-13.660105719485584,256,208,71.97673555820472
214,Sacramento St.,BSky,14-17,86.86443082616363,247,91.96836201353318,165,0.34150291425441537,214,14.256138169117868,17.743861830882132,8.0,10.0,8-10,0.41716686491204974,0.3825561465369474,0.4421634948496236,0.422910911355977,0.3825561465369474,0.4421634948496236,0.8661169401020269,0.8681879555823518,91.65888145921251,93.83636452070455,91.61208822533308,93.61173576660075,87.08700948216547,92.8049759992483,91.00223887819311,85.0373281677388,0.6856000705586152,1.0,-0.016707183263990066,1088.0,1113.0,1224.9,0.8882357743489264,0.9086456037227528,0.0,0.4444444444444444,-13.717371391603512,257,224,66.6654494240697
215,St. Bonaventure,A10,16-15,88.32823260669186,232,93.62259227009707,200,0.33862286548922166,215,16.0,15.0,7.0,11.0,7-11,0.3931441004777582,0.20153459546332042,0.5241942264880902,0.3931441004777582,0.20153459546332042,0.5241942264880902,0.8721099012258094,0.9552639062852974,89.93654395091133,94.5207569962194,89.93654395091133,94.5207569962194,87.8642699043138,91.40624764568993,91.12360910739467,91.83170086732251,0.47776035321790805,3.0,0.023658121637449403,1056.0,1139.0,1234.5,0.8554070473876063,0.9226407452409883,0.0,0.3888888888888889,-11.767758710388792,222,105,68.31258990031127
216,Radford,BSth,21-11,86.8203160748505,248,92.04224160810443,168,0.33812073032956014,216,21.0,11.0,12.0,4.0,12-4,0.25846799032234297,0.40268512447449484,0.13706959897636461,0.25846799032234297,0.40268512447449484,0.13706959897636461,0.89617708789019,0.8059938245578923,85.4787828935231,98.2173759211672,85.4787828935231,98.2173759211672,86.76741926981845,91.69491070134463,78.95782207627924,88.90804173465666,0.2034416712614923,2.0,-0.01501759601251984,1086.0,915.0,1141.5599999999997,0.9513297592767794,0.8015347419320932,0.0,0.75,-8.202910322233185,164,221,69.64331299902729
217,St. Thomas,Sum,15-15,90.38399288774856,200,95.87217858155081,238,0.33672804759331665,217,15.427307083191815,15.572692916808185,8.0,8.0,8-8,0.36941354052824554,0.31708041424429406,0.415205026026703,0.37055847375125633,0.31708041424429406,0.415205026026703,0.8649307817749118,0.8933744282893494,93.57042250681826,96.77569309995461,93.68948956314901,96.89813077309766,92.6655503173507,98.2681386063665,78.88046749321973,91.71568141818558,0.15011020562142044,2.0,-0.04482291371177949,1039.0,1061.0,1085.1399999999999,0.957480140811324,0.9777540225224396,0.0,0.5,-11.523730462079183,217,292,65.9691637594103
218,Nevada,MWC,10-20,87.05191935319105,243,92.38989583216033,174,0.33528033072637564,218,10.297560148338022,20.70243985166198,6.0,14.0,6-14,0.5187681754663277,0.46923741398188995,0.5435335562085465,0.519566812103096,0.46923741398188995,0.5435335562085465,0.8352204331822904,0.8772066748899965,92.41828623295791,91.07581033583257,92.28427183584002,90.94215980267224,88.86237945597367,94.08281877736383,0.0,0.0,0.0,0.0,-0.032823432513435724,1168.0,1267.0,1339.56,0.8719280957926484,0.945832960076443,0.0,0.3,-16.064500611670965,289,269,66.56592746698692
219,Loyola Chicago,A10,14-16,86.1520613655536,259,91.49647684263083,159,0.33355593663522665,219,14.056526821524274,16.943473178475728,9.0,9.0,9-9,0.5075573428680966,0.4676685436875282,0.5413190831510533,0.5199939013292343,0.4676685436875282,0.5413190831510533,0.8109732831025717,0.8206425485444323,94.01850699740696,91.7675313565247,94.3253230677727,91.5840604987059,87.40739794705598,90.54534838385254,72.7841081604534,83.6621938297152,0.1677260237917551,2.0,0.09966515987066055,1047.0,1097.0,1216.6399999999999,0.8605668069437139,0.90166359810626,0.0,0.5,-11.4710440238228,215,12,66.35136379357635
220,UT Rio Grande Valley,Slnd,19-12,91.0005151206191,190,96.6818952894852,251,0.33259946483179753,220,19.0,12.0,16.0,6.0,16-6,0.3338178723804646,0.5462377767056653,0.24691882061106432,0.3338178723804646,0.5462377767056653,0.24691882061106432,0.8633853869596784,0.6727456439754037,90.04052059112782,95.43934161603983,90.04052059112782,95.43934161603983,91.08328434336346,96.51988050731248,89.48358487916833,101.63989901068359,0.187721908062831,2.0,0.04480973275542899,1486.0,1354.0,1526.7800000000002,0.9732901924311295,0.8868337285005042,0.0,0.7272727272727273,-8.308988543529164,168,67,68.035005275425
221,Alabama A&M,SWAC,20-9,81.98524213287118,307,87.1501407020663,75,0.33124245344216074,221,20.672956856213922,9.327043143786078,16.672956856213922,1.327043143786079,16-1,0.2596186332225416,0.5416047819704869,0.0605695870475214,0.2587152488176377,0.5416047819704869,0.07012222671573821,0.8623666808895649,0.670624149471487,86.73240222187604,97.8105980119528,86.55755606840387,97.55781442391924,83.81597129500823,86.28486799279942,85.27565925722213,94.47071760743046,0.23548221511014023,4.0,0.006878547143330471,1105.0,841.0,1179.9800000000002,0.9364565501110186,0.712723944473635,0.23251710107542423,0.9411764705882353,-5.310294549455589,114,154,67.38527215380188
222,Eastern Michigan,MAC,12-16,92.90492260497732,168,98.90798520478151,277,0.32738121437378787,222,12.666505653991354,16.333494346008646,5.666505653991353,12.333494346008646,5-12,0.4735557501687987,0.45289874897825155,0.48692204505679987,0.4628168401466214,0.45289874897825155,0.46887789586062517,0.8258994693704294,0.7866869073031345,92.5984167596379,92.69333014666044,92.55795071369347,93.15099056529213,94.01955821557313,103.44791397151982,99.54370248401858,90.49302179559828,0.7495523648358433,2.0,0.011860775679442659,1131.0,1210.0,1193.9,0.9473155205628612,1.0134852165172963,0.16212735952565654,0.29411764705882354,-11.85634266648487,225,142,68.58493771033196
223,Memphis,Amer,9-21,83.05275021112548,297,88.47608790186342,102,0.32575493565908026,223,9.75113481534112,21.24886518465888,3.75113481534112,14.24886518465888,3-14,0.503758392977476,0.46327041233309696,0.5347197899408248,0.49291735785829643,0.46327041233309696,0.5143290407376072,0.8338799194509353,0.7945169972023121,93.51338333809457,92.72790913804184,93.24795437266847,92.91494752035666,84.4469848882886,88.69471545910272,86.73737215542647,74.8600765441629,0.8446887894768169,2.0,-0.06890945656208952,1085.0,1171.0,1308.8999999999999,0.8289403315761327,0.8946443578577432,0.16768630428290804,0.17647058823529413,-16.849207475285063,304,331,75.22092592123944
224,Northwestern St.,Slnd,17-13,86.90446985686472,246,92.6816209793908,180,0.32297171547956377,224,17.760247626693598,13.239752373306404,14.0,8.0,14-8,0.3386586433680915,0.5885566574782315,0.24778663823713137,0.3319524923611287,0.5885566574782315,0.24778663823713137,0.8482238560302602,0.5757279143854512,91.0598422060017,95.9176421749253,90.83667930690862,96.04923714951349,87.61306383643073,92.94323735021295,82.48307811492195,94.47048918767078,0.17357707089906557,4.0,0.004888343533821615,1374.0,1271.0,1473.6799999999998,0.9323598067423051,0.8624667499049998,0.0,0.6363636363636364,-8.87378688345118,178,159,66.41586690528565
225,Drake,MVC,10-18,95.847432801847,121,102.31558059595085,318,0.3206036179999932,225,10.543442311626745,19.456557688373255,9.543442311626745,10.456557688373255,9-9,0.4964939143918186,0.6785808380423684,0.39533451236373535,0.5015000933217876,0.6785808380423684,0.4129597209614969,0.8142646913266477,0.6538503763304744,95.81055079906525,95.24694109725218,95.8027020922025,95.11999368023207,98.50660051493317,102.21374029253299,84.27115790525332,90.51125444676002,0.30544595722572815,3.0,-0.025784719364093045,1370.0,1340.0,1323.2600000000002,1.0353218566268154,1.0126505750948414,0.5715865983413511,0.5,-13.454225219372324,253,251,70.91585726410675
226,Air Force,MWC,13-17,87.87485498208905,236,93.87671668991308,204,0.3186918577572569,226,13.502319437672307,17.497680562327695,7.0,13.0,7-13,0.47630769241744714,0.3613598748571333,0.5337816011976041,0.4711584403760052,0.3613598748571333,0.5337816011976041,0.8414776412965265,0.8784153380261716,92.04317600449693,92.56667613938637,91.83312313840263,92.53684273327264,88.63902792480951,94.9906898702079,0.0,0.0,0.0,0.0,0.03611660801191868,1197.0,1298.0,1372.98,0.8718262465585805,0.9453888621829888,0.0,0.35,-13.173138036754834,246,77,67.81496895429025
227,Wyoming,MWC,10-19,85.741588423488,264,91.67167563826655,161,0.3166807870800224,227,10.497680562327693,19.502319437672305,7.0,13.0,7-13,0.5417642786835155,0.4758343962629819,0.5714327257727554,0.5343285343957302,0.4758343962629819,0.5714327257727554,0.7882732848802741,0.7322389176674078,94.20414406145997,91.0578618194847,93.98589276710045,91.15506364875674,86.95848727232453,92.26154268722689,81.75205759275386,91.11310525290317,0.22326796818819625,2.0,0.0014596918586844976,1133.0,1253.0,1333.4,0.8497075146242687,0.9397030148492574,0.0,0.35,-13.738452793792543,258,170,64.95323910188749
228,Saint Louis,A10,12-20,85.8736011379421,262,91.83625757392804,163,0.3160459124134421,228,12.262837128245263,20.737162871754737,5.0,13.0,5-13,0.4972115829683573,0.48985976322642694,0.5173594414081587,0.49924932409894246,0.48985976322642694,0.5173594414081587,0.8427390142470367,0.8722025729083452,93.65016821280489,92.61036310235569,93.62863510590272,92.55656183759808,83.50987488907045,91.33041954123478,75.45778091132854,98.83345200614744,0.04296630176295238,2.0,0.009558499815906452,1042.0,1194.0,1294.66,0.804844515162282,0.9222498571053404,0.0,0.2777777777777778,-15.961113848477146,288,148,72.38906883527967
229,UC Riverside,BW,10-19,89.61347518211835,215,95.95334898748305,241,0.3130069296139779,229,10.295800367542155,19.704199632457847,8.295800367542155,11.704199632457845,8-11,0.438886183041769,0.5378024466477631,0.3868249916701933,0.4434966182607518,0.5378024466477631,0.3963437040672463,0.8559330209080439,0.7759130183322941,91.57904104864859,93.34457507691864,91.53040292757815,93.14683650221475,90.50873001063458,97.63882129061658,83.40545898624086,77.80747376443246,0.6897556371505654,1.0,-0.09056443331155728,1225.0,1257.0,1336.52,0.91655942297908,0.9405021997426152,0.5771992396112534,0.42105263157894735,-15.702221443696695,283,348,68.38148866401683
230,Utah Tech,WAC,9-18,85.93270066704085,260,92.17265683617416,170,0.3087137629615839,230,9.263137043316863,18.736862956683137,4.263137043316863,13.736862956683137,4-13,0.4254881899340242,0.2941856042322563,0.5027250050527111,0.42809200691807814,0.2941856042322563,0.5024844528546459,0.8858290967197056,0.892291819568283,90.8173182922118,93.72249165916524,90.70096448702853,93.50035209164797,86.92203905232788,92.46092634532101,84.9046276340977,96.73567584919915,0.18239313240247906,1.0,-0.10348369691938403,1048.0,1141.0,1227.9199999999998,0.8534757964688254,0.9292136295524139,0.498395065487535,0.23529411764705882,-15.580781535509413,282,359,71.09626741014384
231,Southeast Missouri St.,OVC,14-17,89.03692697248971,220,95.73379155764981,235,0.3028038348888463,231,14.14381514907007,17.856184850929928,8.0,12.0,8-12,0.3777579370067505,0.3714686487623516,0.3845520899571412,0.38848769958284374,0.3714686487623516,0.3845520899571412,0.8728447318585038,0.8026784511734593,91.1701493314948,94.3681504788306,91.47273193400957,94.29918952876574,89.44764386373541,97.20826783915847,94.65881688490296,96.23993674699514,0.4525180183822797,2.0,-0.026798263091708796,1290.0,1341.0,1415.6999999999998,0.9112100021190932,0.9472345835982201,0.0,0.4,-13.841951019110738,260,253,71.78135668794238
232,Wofford,SC,16-13,90.16075612501994,206,97.33511576384203,260,0.29307333745833936,232,16.0,13.0,10.0,4.0,10-4,0.28832969743193815,0.3828744184422029,0.20228096887948868,0.28832969743193815,0.3828744184422029,0.20228096887948868,0.8984263871005653,0.8234962747217397,88.1148509175877,95.65289264489273,88.1148509175877,95.65289264489273,90.00757215667811,97.09315896320881,94.4930914023352,103.96671857418539,0.24997281955595127,1.0,-0.02575401016486012,860.0,809.0,913.88,0.9410425876482689,0.8852365737295925,0.0,0.7142857142857143,-10.56314701992395,208,250,66.68346998509573
233,Tennessee Tech,OVC,15-14,91.61998003189822,182,99.04071824641662,280,0.289947417305051,233,15.0,14.0,8.0,12.0,8-12,0.3474898147230306,0.2622912108637152,0.38582918645972253,0.3474898147230306,0.2622912108637152,0.38582918645972253,0.8944033549421054,0.8780638887225949,89.6578201598545,94.27959216615909,89.6578201598545,94.27959216615909,92.00257823974938,100.36905788129098,84.41944095624575,102.9743549452851,0.09238581214005674,1.0,0.011242347417479537,1299.0,1326.0,1376.22,0.9438897850634346,0.963508741334961,0.0,0.4,-11.485927606454478,216,144,68.00965550923257
234,William & Mary,CAA,14-13,84.21006144282157,287,91.05267286304267,145,0.2893746462086844,234,15.324998076631205,13.675001923368795,8.324998076631205,9.675001923368795,7-9,0.321906241894922,0.39006704332809045,0.2750456909096186,0.31317794486415773,0.39006704332809045,0.2661901624695322,0.9143212793476887,0.8563350364264551,88.9903807521425,96.42536768969515,88.84238578544651,96.6949429212565,82.76882941094014,90.23507898979646,92.30492865521607,102.51422616193396,0.23033927175620533,1.0,-0.008505938537032853,926.0,939.0,1084.1,0.8541647449497279,0.8661562586477263,0.1953459349488405,0.4375,-11.099326711911395,209,197,68.48029345358123
235,Campbell,CAA,18-11,85.64999678007035,265,92.61053932168576,178,0.28935097366900026,235,19.56178051238423,11.438219487615768,12.561780512384232,5.438219487615769,11-5,0.30888152671315133,0.33256448623431556,0.28963912210220544,0.2974331064333331,0.33256448623431556,0.2720604432437346,0.9239612668637576,0.8980760821722812,88.26864942391957,95.67278381218786,87.94385613665116,96.01759983009418,83.850979395091,91.53724612617623,0.0,0.0,0.0,0.0,0.08564257556526422,886.0,878.0,1016.0999999999999,0.8719614211199685,0.8640881802972149,0.13143101237596796,0.6875,-9.2321945939127,184,24,64.23653851225457
236,Florida Atlantic,Amer,13-16,87.82103074507447,237,95.20400991881033,230,0.2832713209583991,236,13.161943437869546,16.838056562130454,7.161943437869546,10.838056562130454,7-10,0.5043883544711144,0.4537125223689598,0.5401595300726352,0.508210572344356,0.4537125223689598,0.5445426056612868,0.8398344471206244,0.8396147717504436,92.74662907451709,91.49867146757954,92.84174162113278,91.50066700953478,89.77998427689214,96.73879030469179,77.3276389671092,70.31150947028901,0.7491028745560894,1.0,0.11859132684922769,1065.0,1186.0,1222.0600000000002,0.8714793054350849,0.9704924471793528,0.619054890668362,0.4117647058823529,-12.321071231049403,230,6,69.8261461285406
237,North Alabama,ASun,17-13,87.03582779708393,244,94.41843350142182,218,0.28165045914162934,237,17.144327353718772,13.85567264628123,11.0,7.0,11-7,0.35005547488067457,0.3212300448932801,0.3831068745272515,0.3613183581711773,0.3212300448932801,0.3831068745272515,0.8826015416709752,0.8422320028136828,89.48771281969677,96.09792603676922,89.65418984794204,95.80645309174486,88.55132834835231,94.55212073893732,93.82301250144707,91.31797338981988,0.5771828081729676,1.0,0.06209317051688379,1195.0,1156.0,1283.14,0.9313091322848637,0.9009149430303786,0.0,0.6111111111111112,-10.183941161088047,200,38,69.13898207719161
238,Duquesne,A10,12-19,85.45820384499876,268,92.73875844687197,181,0.2808540056708539,238,12.0,19.0,4.0,14.0,4-14,0.43656725032344934,0.29424560807863837,0.5155684706220518,0.43656725032344934,0.29424560807863837,0.5155684706220518,0.8566928363847566,0.9301799039676834,91.72868250053742,92.7848837356174,91.72868250053742,92.7848837356174,86.45912923794772,94.26363238060168,82.46272240696523,91.49218849122806,0.23237775596252938,2.0,-0.00884084414816183,1058.0,1203.0,1261.3400000000001,0.838790492650673,0.9537476017568617,0.0,0.2222222222222222,-15.430911264983806,278,199,71.00852609684303
239,West Georgia,ASun,18-13,94.87340131725355,131,102.96855751698767,324,0.28057255397585007,239,18.0,13.0,10.0,8.0,10-8,0.3342581963573074,0.27776583857815534,0.36632244096978533,0.3342581963573074,0.27776583857815534,0.36632244096978533,0.8718483416558039,0.795606072354688,87.10903297792767,95.63893137007756,87.10903297792767,95.63893137007756,96.28458365833107,100.86181963396105,78.62165572506981,99.68672534158766,0.061230103693379966,2.0,0.032663532265373996,1312.0,1261.0,1332.8200000000002,0.9843789859095751,0.9461142539877851,0.0,0.5555555555555556,-9.665486847770499,193,86,70.1229295060502
240,East Tennessee St.,SC,18-12,84.7598736236327,277,92.02489190206954,167,0.279745589708455,240,18.655716359380047,12.344283640619953,10.0,4.0,10-4,0.28713839325497276,0.37301142307111124,0.20417351548999432,0.28333992260231305,0.37301142307111124,0.20417351548999432,0.8818734703173517,0.7892907255689523,87.95371652295181,95.62150606917818,87.96258064496661,95.81697534111923,86.39372813802242,92.8582764866414,91.07909893959571,95.35619073738044,0.371042880384776,3.0,0.02546865537454246,813.0,760.0,885.84,0.9177729612571118,0.8579427436105843,0.0,0.7142857142857143,-8.757690169330276,177,100,64.22158709754406
241,Merrimack,MAAC,18-11,89.9013443403743,211,97.69829883352241,266,0.2775856375631936,241,18.740225079393603,11.259774920606398,15.0,5.0,15-5,0.254482841185158,0.3598935669326855,0.20704801459877062,0.24996089870397695,0.3598935669326855,0.20704801459877062,0.9138249927445641,0.8793196793253498,85.57905867426643,96.87942200710249,85.42893925632151,96.87271437741238,90.16393099746648,97.0987941391953,82.31671751845002,98.69175021556391,0.1104245211412808,2.0,0.0030664233793107343,1362.0,1232.0,1426.68,0.9546639751030364,0.8635433313707348,0.0,0.75,-8.925329554591077,179,164,71.84710868385655
242,Southern,SWAC,16-12,82.83995553927065,300,90.08459531143342,125,0.27604910782528763,242,16.327043143786078,12.67295685621392,12.327043143786078,5.672956856213921,12-5,0.3086683828964793,0.6925935103041337,0.06024624163270301,0.31126636018170606,0.6925935103041337,0.0782331017735559,0.7863970802517786,0.45664854402821925,88.58946297127983,95.97523668818432,88.37522710634711,95.61610344863983,80.75332614337299,89.80531584894212,87.17552894280819,91.31374737719096,0.3697374235872696,6.0,-0.046493512855705466,1096.0,910.0,1226.28,0.8937599895619271,0.7420817431581694,0.38400972416805523,0.7058823529411765,-6.287509677398596,128,300,68.93946141238338
243,IU Indy,Horz,14-16,88.88801924061482,224,97.24205861354224,257,0.26250320351913764,243,14.185903040003282,16.814096959996718,9.0,11.0,9-11,0.4087013854237394,0.4374336730090732,0.39125283984234893,0.4151683528505138,0.4374336730090732,0.39125283984234893,0.8833170331715601,0.8426382916828703,92.92135065006036,95.88756810171995,92.95592737930811,95.69723936326263,87.53976958437258,97.92144620181625,0.0,0.0,0.0,0.0,0.05211694506383485,1280.0,1360.0,1416.4800000000002,0.9036484807409916,0.9601265107873036,0.0,0.45,-13.331429766006533,251,56,70.47265040510489
244,Little Rock,OVC,15-16,86.22383353821121,257,94.36439852990817,217,0.26163300094898484,244,15.0,16.0,11.0,9.0,11-9,0.41962716452823,0.49327235782978807,0.3886457337762079,0.41962716452823,0.49327235782978807,0.3886457337762079,0.8523369186601452,0.7445585874923567,91.5362241673332,92.84573589470912,91.5362241673332,92.84573589470912,86.86348669597723,94.1929740033193,74.67090268948523,92.48469718616626,0.07867727223108682,2.0,0.0719438393965216,1216.0,1244.0,1356.8000000000002,0.8962264150943395,0.9168632075471697,0.0,0.55,-12.21691212865776,229,30,67.6811499522891
245,Kennesaw St.,CUSA,13-15,83.1644874956916,295,91.20706937875583,147,0.25700613471377776,245,13.294014384584218,15.705985615415782,6.294014384584217,11.705985615415782,6-11,0.36324362284975625,0.31712577297008826,0.39308458453660045,0.3644270528802892,0.31712577297008826,0.39333339060319006,0.877353299996592,0.843057394885398,90.68067559619065,94.01357606209098,90.69659156383486,94.03024684818874,82.20041021286379,90.89780818708492,99.2619084830024,90.33249282199935,0.7472584527904607,1.0,-0.0038691427073136997,1007.0,1071.0,1219.2600000000002,0.8259107983530992,0.8784016534619358,0.39756309373521365,0.35294117647058826,-12.16565209832641,227,185,70.49879356049723
246,Longwood,BSth,20-9,87.61298969430348,238,96.17302697353581,244,0.25501796376203506,246,20.82894457515649,9.171055424843509,11.0,5.0,11-5,0.25098223647870954,0.3784813671831669,0.14738919278133794,0.24481540126093357,0.3784813671831669,0.14738919278133794,0.9055336495939355,0.8168758570221113,86.55823159078136,98.31225651125254,86.2262130391189,98.2897125980158,87.13668208375884,98.83748793959194,82.79441808793092,106.05176300494918,0.05483573825770812,2.0,0.05864823827529453,1205.0,1047.0,1243.8199999999997,0.9687896962583012,0.8417616696949721,0.0,0.6875,-6.580364540637073,133,44,75.4927716804487
247,Stony Brook,CAA,17-12,86.36930609185276,255,94.81631849630111,223,0.2548224525400703,247,17.455030735460795,13.544969264539203,12.455030735460797,5.544969264539202,12-4,0.302490435085461,0.3893316550059294,0.23193194390008046,0.3161799890286775,0.3893316550059294,0.26334823026732906,0.8988824805231866,0.8345261586738998,88.81657548217332,95.49711140491476,89.08581786122764,95.23655539774752,89.92511399715775,97.0255325925835,76.28094211463403,82.12184036156184,0.29975180559088993,1.0,0.05699411140132171,959.0,892.0,1004.4600000000003,0.9547418513430099,0.8880393445234253,0.5146785212053178,0.75,-9.715777599325476,195,48,64.79279425678064
248,VCU,A10,8-23,84.6579305721223,279,92.97033499208764,188,0.25405345620772757,248,8.0,23.0,4.0,14.0,4-14,0.6005930873617791,0.6314743810898664,0.5977688429427422,0.6005930873617791,0.6314743810898664,0.5977688429427422,0.7238893960736554,0.6500280981452907,95.53216268626623,89.81728173338884,95.53216268626623,89.81728173338884,83.85771818311201,92.72965231133563,87.32696921133143,93.49441960168988,0.31328894158860404,7.0,0.01183478030234586,978.0,1173.0,1223.0000000000002,0.7996729354047423,0.9591169255928044,0.0,0.2222222222222222,-15.704800885632796,284,143,69.44676964563331
249,Georgia St.,SB,10-21,92.48332815316425,173,101.89231028191722,312,0.2470863004996588,249,10.0,21.0,5.0,13.0,5-13,0.5089389699093053,0.4216949840764718,0.5911571235990214,0.5089389699093053,0.4216949840764718,0.5911571235990214,0.8060686169474967,0.8174245529092768,93.425480969826,91.41180994593377,93.425480969826,91.41180994593377,93.95743533981032,100.8741348440175,96.14016344246342,99.45567393172502,0.40373986109763593,2.0,-0.0034536498484438183,1213.0,1344.0,1313.54,0.9234587450705727,1.0231892443321102,0.0,0.2777777777777778,-16.11566925848541,292,182,71.2788910864142
250,Pittsburgh,ACC,8-23,89.1283782586705,219,98.4411068268866,271,0.24179236820303052,250,9.0,22.0,1.0,17.0,1-17,0.5820376931320179,0.2534581935102057,0.8193451095255487,0.5820376931320179,0.2534581935102057,0.8193451095255487,0.6509689988431439,0.9023674166376231,97.16675172383793,91.0285271926032,97.16675172383793,91.0285271926032,90.21212872824924,100.09464105461545,83.97324910233475,96.0342183018596,0.17604558192597125,11.0,-0.060277988646378344,1036.0,1464.0,1297.9400000000005,0.7981878977456582,1.12794119913093,0.0,0.05555555555555555,-13.202896805789342,248,317,70.16775755763524
251,Oakland,Horz,10-21,92.99578794367655,165,102.99840312643566,325,0.23598273207051107,251,10.0,21.0,7.0,13.0,7-13,0.4825433351128087,0.6457568775046948,0.3938961768154371,0.4825433351128087,0.6457568775046948,0.3938961768154371,0.8172161955885945,0.6466609739560933,93.97413081422296,92.96279630738348,93.97413081422296,92.96279630738348,91.77610375572878,103.91834861902996,84.71425493861372,96.34620372897355,0.18548222045019344,2.0,0.002405475272825419,1275.0,1383.0,1359.74,0.9376792622118935,1.0171062114816067,0.0,0.35,-16.240112266225143,295,169,68.52590715754765
252,Maryland Eastern Shore,MEAC,18-13,82.1896807552379,306,91.03014509172269,144,0.23597925460142152,252,18.0,13.0,11.0,3.0,11-3,0.328995296996403,0.4783661221768656,0.14761643784869866,0.328995296996403,0.4783661221768656,0.14761643784869866,0.8691045147346109,0.7825377755693382,87.35028831438963,94.32178343828443,87.35028831438963,94.32178343828443,78.87180494242989,87.72704508587641,88.46011020239963,99.29484544425651,0.2093691284485854,3.0,0.07137740196162179,870.0,783.0,1050.58,0.8281139941746465,0.7453025947571817,0.0,0.7857142857142857,-9.554103009495929,192,31,70.8360570001796
253,Towson,CAA,16-12,88.10258652197028,234,97.62019053741552,265,0.23510646777517513,253,16.55922912944678,13.440770870553221,9.559229129446779,8.440770870553221,9-7,0.3232902417739485,0.40015921990888575,0.2656385081727454,0.3312451386178876,0.40015921990888575,0.28530241775722215,0.882131452829243,0.7846155991362235,88.84803871328498,94.70034827131175,89.02892825964152,94.60478473897047,86.15275453711874,97.10219979203279,92.21875920255583,93.1490350372903,0.47117514511028213,2.0,0.09439423008456899,962.0,964.0,1071.4,0.8978906104162777,0.8997573268620496,0.4426136944330361,0.5625,-9.10196941463146,182,20,70.33699778123744
254,Delaware,CUSA,12-17,86.17643784217094,258,95.52787948920357,233,0.23420003334533615,254,12.134598791667665,17.865401208332337,6.134598791667665,11.865401208332335,6-11,0.3791557044622298,0.37520371958374477,0.3819453408470428,0.38684123075102633,0.37520371958374477,0.39459957152921415,0.8987467573894572,0.8783844901046338,89.63736481179421,94.14112870959916,89.85526245553497,94.07781597967251,85.73349330346099,96.87128466846174,0.0,0.0,0.0,0.0,0.005229328729658034,1028.0,1130.0,1207.3199999999997,0.8514726832985458,0.9359573269721368,0.6097214931261269,0.35294117647058826,-14.791965841785444,271,158,70.27454651369789
255,Nicholls St.,Slnd,14-15,85.34948058582714,270,94.62271650525157,220,0.2339487529444878,255,14.56557959743959,15.43442040256041,10.0,12.0,10-12,0.2483653365610899,0.22488509710741958,0.2558363218418032,0.2464199543208795,0.22488509710741958,0.2558363218418032,0.9379122133393951,0.9279956567429358,86.76662151812285,98.63992239105616,87.00677405314268,98.90497886097741,85.4422099061036,92.70254802889119,0.0,0.0,0.0,0.0,-0.08486779795319427,1363.0,1326.0,1519.56,0.8969701755771408,0.8726210218747532,0.0,0.45454545454545453,-13.602573401171597,255,342,69.13859580240045
256,Weber St.,BSky,10-21,85.76681339346155,263,95.1296532237121,228,0.23299098533349163,256,10.71943365602948,21.28056634397052,4.0,14.0,4-14,0.4751924633599744,0.5043292070951683,0.4541492595512231,0.46365257689071027,0.5043292070951683,0.4541492595512231,0.816457990409668,0.7396331011207077,93.95444688329952,92.70944427938134,93.76830551057668,93.18860187459325,83.40964022971018,95.39768327517356,87.20639085809258,91.97402939399599,0.35157364118050605,3.0,-0.03480882930980217,1107.0,1259.0,1320.6999999999998,0.8381918679488152,0.9532823502687969,0.0,0.2222222222222222,-16.220649832905856,294,274,70.58841385737665
257,Furman,SC,18-12,83.69269790097643,292,92.92397473981396,185,0.23089855308895052,257,18.354534142791977,12.645465857208025,9.0,5.0,9-5,0.29302247661471525,0.3768605889047326,0.211125603991043,0.2949705104779576,0.3768605889047326,0.211125603991043,0.8630882451240959,0.7543744011300579,89.90588943877438,96.10326016736127,89.90169488031351,96.04889420912102,83.869601380683,93.314146311443,84.69190709580919,88.09565369779439,0.3886153631019744,3.0,0.047906282822763324,867.0,822.0,971.26,0.8926549018800322,0.8463233325783004,0.0,0.6428571428571429,-8.283554468686587,165,64,72.68307981060738
258,Fordham,A10,10-20,85.35267652544911,269,94.80304757956081,222,0.23012383456985114,258,10.0,20.0,2.0,16.0,2-16,0.4157557671390048,0.18308679381184675,0.5634818003131037,0.4157557671390048,0.18308679381184675,0.5634818003131037,0.8420457994949369,0.930182598201283,90.00087369136872,93.31186453124661,90.00087369136872,93.31186453124661,83.60445998266202,94.52785246294157,94.98270389008073,90.552896468415,0.6339609535250024,3.0,-0.07524738501026079,982.0,1195.0,1230.7799999999997,0.7978680186548369,0.970929004371212,0.0,0.1111111111111111,-16.08310426138335,290,337,68.879265038993
259,San Diego,WCC,11-21,83.88730066276014,290,93.28356380398725,194,0.2277690629086933,259,11.20803737717011,21.791962622829892,4.0,14.0,4-14,0.5100753921091229,0.4095862865417574,0.5853599016090838,0.5106467138335407,0.4095862865417574,0.5853599016090838,0.8189018864161747,0.8384154258427897,93.93901770979265,92.84570658569022,93.83052660118042,92.74304554511913,83.55648821906726,93.68844538418143,0.0,0.0,0.0,0.0,0.03446619788301303,1044.0,1208.0,1257.8999999999999,0.8299546863820655,0.9603307099133478,0.0,0.2222222222222222,-16.30694775165512,297,80,68.02387684850403
260,Tennessee Martin,OVC,13-17,87.36589793814454,240,97.22941321904156,256,0.226157824189171,260,13.0,17.0,9.0,11.0,9-11,0.382485316499687,0.36540160293084767,0.39218313675262995,0.382485316499687,0.36540160293084767,0.39218313675262995,0.87864381155619,0.8228200078846529,91.4514076147517,94.01079502952209,91.4514076147517,94.01079502952209,88.04732407192809,97.89839314647676,98.03255327654053,79.0697193604437,0.9221662621442253,1.0,0.023680543521996555,1225.0,1282.0,1351.4800000000002,0.9064137094148635,0.9485896942611062,0.0,0.45,-14.090142712317025,264,104,66.24127125760359
261,Northern Arizona,BSky,10-21,90.6542034654158,193,100.8965291614963,304,0.22600696664236147,261,10.531544676375185,21.468455323624816,6.0,12.0,6-12,0.48686951912692256,0.53110182995627,0.4549239613057268,0.47805086113315526,0.53110182995627,0.4549239613057268,0.8435663965401167,0.8077104629064618,93.04719621197073,92.29220625307651,92.95013454390052,92.5967091514144,88.90844088524386,101.99202579391948,0.0,0.0,0.0,0.0,0.012493335913700998,1201.0,1346.0,1349.62,0.8898801144025726,0.9973177635186201,0.0,0.3333333333333333,-17.086084053482683,309,138,73.52461952128073
262,Southern Illinois,MVC,9-19,88.89460782020248,222,99.50219247084519,287,0.2147758631169763,262,9.40941574626165,19.59058425373835,6.409415746261651,13.59058425373835,6-13,0.407122949624842,0.35202458029015093,0.43322217720443257,0.4013141289228724,0.35202458029015093,0.4234944258075971,0.8882862609241249,0.8795446403900942,93.46693010549073,97.06437659957881,93.36876338143736,97.18995511267887,90.17896369286535,99.00474030594519,0.0,0.0,0.0,0.0,-0.0676976917933727,1294.0,1388.0,1380.48,0.9373551228558182,1.0054473806212332,0.23866714926772295,0.3157894736842105,-16.549717680748252,299,328,70.10693789935912
263,Lipscomb,ASun,10-20,81.49545210046652,310,91.3384016502313,151,0.21227322368878257,263,10.0,20.0,7.0,11.0,7-11,0.37919194697768327,0.3349392839690291,0.39879082073040895,0.37919194697768327,0.3349392839690291,0.39879082073040895,0.8816171174742133,0.8482660266436657,90.27469203281078,96.13447084643212,90.27469203281078,96.13447084643212,82.86934379360184,89.03992073219253,69.54040792376829,91.19659405070958,0.0423805913689018,1.0,-0.08709348473169548,1086.0,1073.0,1263.8200000000004,0.8592995838014904,0.8490133088572737,0.0,0.3888888888888889,-17.21520346198714,311,344,69.26462820234774
264,UMKC,Sum,7-23,90.2963500099053,201,101.52217584732922,309,0.2062675224935136,264,7.0,23.0,4.0,12.0,4-12,0.4625424789746601,0.46645668048487426,0.43143529375315137,0.4625424789746601,0.46645668048487426,0.43143529375315137,0.7876096567633782,0.7565880534157726,95.47999337012308,94.1367001744007,95.47999337012308,94.1367001744007,89.1329032119327,102.60284559006405,91.14542859734046,97.38442090723626,0.31833938057683936,3.0,-0.14392985649456452,970.0,1126.0,1089.8000000000002,0.890071572765645,1.0332171040557898,0.0,0.25,-17.61448397972992,314,363,67.31652317131818
265,Texas St.,SB,11-19,84.36846979991536,285,94.88264824373019,226,0.2057654988239175,265,11.0,19.0,7.0,11.0,7-11,0.4373970136314836,0.3055889651372705,0.518741758606267,0.4373970136314836,0.3055889651372705,0.518741758606267,0.8530564174323598,0.8793017838510966,92.21611000318886,94.049157638451,92.21611000318886,94.049157638451,84.21029497338755,93.63325916406993,84.36055054754225,97.7534334706673,0.15518403476048592,2.0,0.015414859521448665,1121.0,1254.0,1322.4600000000003,0.847662689230676,0.9482328388004172,0.0,0.3888888888888889,-15.391051774387902,276,127,69.88724446481665
266,Montana,BSky,8-21,90.13534435431916,207,101.42729538253789,307,0.2046723853973335,266,8.468455323624815,21.531544676375184,5.0,13.0,5-13,0.5142119915446092,0.6073514333380561,0.45729344378194714,0.5046051602890524,0.6073514333380561,0.45729344378194714,0.7954431257133441,0.6710116001734368,93.94293144262386,91.60647765087994,93.82952709661387,91.92682417838681,88.94575555285353,102.0814903496361,88.23653409992055,99.45599239335402,0.201574460019186,2.0,-0.004631294558551213,1101.0,1271.0,1253.5200000000002,0.8783266322037142,1.0139447316357137,0.0,0.2777777777777778,-15.837422910030574,287,187,67.29837458736954
267,Wichita St.,Amer,8-22,86.41466066947149,254,97.36540695586683,261,0.20227966894252566,267,8.24886518465888,22.75113481534112,5.24886518465888,12.75113481534112,5-12,0.48367979017008883,0.4403584955611039,0.5168078389887244,0.4802753559560408,0.4403584955611039,0.5091041995746064,0.8490972138042198,0.841395327865237,92.66208585260452,92.03013247024074,92.36945891682328,91.8821722848497,87.69574933931793,99.44546023609637,78.64314371475483,93.81914666470361,0.11617536772821022,1.0,-0.017278088331939168,1027.0,1193.0,1203.62,0.8532593343414036,0.9911766172047657,0.37814232953460075,0.29411764705882354,-18.266479921184903,317,227,68.09371027742863
268,Western Michigan,MAC,9-19,83.3762239681561,294,94.07306066222614,210,0.1997035545469726,268,10.161876416952571,18.838123583047427,5.1618764169525715,12.838123583047429,5-12,0.45035550700247035,0.44175834149990384,0.45591837879824876,0.4522930321471461,0.44175834149990384,0.45873089865379424,0.824075921065868,0.7389339735669375,92.92006095214913,93.55450122954326,92.99705066585763,93.60111212931254,82.64267153263927,94.42907974109764,82.74698683594809,88.52145129599613,0.3152346250059875,3.0,-0.018727715020308178,936.0,1062.0,1136.1,0.8238711381040402,0.9347768682334302,0.5065437361980671,0.29411764705882354,-14.739536574706289,269,231,66.74386844040986
269,Evansville,MVC,7-22,89.91725620640455,210,101.46969316993133,308,0.19940642167230777,269,7.71008626646655,23.28991373353345,5.71008626646655,14.28991373353345,5-13,0.44433572011368033,0.46880047433446154,0.42938503697875846,0.4405626540591574,0.46880047433446154,0.42503185290774015,0.8591461944095813,0.7995332979182623,93.72900263417895,96.05622456736755,93.49202777118138,95.97620178775166,92.21289106302285,101.77295976748272,75.2027460822173,107.45102959341126,0.016242538275892313,1.0,-0.06621480991175457,1296.0,1370.0,1338.5,0.9682480388494583,1.0235338064998132,0.38585319626857545,0.2777777777777778,-18.618664799042914,323,327,71.60776186075769
270,Incarnate Word,Slnd,13-16,93.7310438824954,156,106.32656139700691,341,0.1900038246755389,270,13.43442040256041,16.56557959743959,11.0,11.0,11-11,0.337144127435672,0.5801286339941775,0.25983087534887495,0.33370428314790973,0.5801286339941775,0.25983087534887495,0.8597502869640385,0.5964424691784821,89.58120670385176,94.5911953952673,89.43007366166724,94.5923211110966,93.29871505606377,106.3846859296625,98.13206365435475,100.59496340047544,0.429213111332575,2.0,-0.012816369408822581,1476.0,1525.0,1534.4199999999998,0.9619269821821927,0.9938608725120893,0.0,0.5,-12.352289799481786,233,212,68.92358661884576
271,Yale,Ivy,7-19,84.8156837803695,275,96.31502745942666,246,0.18813800450338253,271,7.013441385166606,19.986558614833392,3.0134413851666064,10.986558614833394,3-10,0.47779424669980447,0.3899674405366031,0.5656210528630059,0.49458337540233194,0.3899674405366031,0.5917267434919374,0.8007794229840542,0.8633308816223438,91.29759070111027,92.87728321031327,92.02305152179221,92.71215001254492,86.64910723225053,96.4353981045179,0.0,0.0,0.0,0.0,-0.053879000817110945,730.0,876.0,883.64,0.8261282875379113,0.9913539450454937,0.9311007216680477,0.23076923076923078,-15.195072250885511,273,305,70.14654942488411
272,Mercer,SC,17-13,86.99789609851442,245,99.14296850066381,282,0.18200702113047904,272,17.0,13.0,7.0,7.0,7-7,0.24602224368511552,0.2730791951066095,0.21811291768311353,0.24602224368511552,0.2730791951066095,0.21811291768311353,0.9304357448949138,0.8961386986812951,85.8946730213594,97.00002446141056,85.8946730213594,97.00002446141056,88.12200065696302,104.03855722764078,0.0,0.0,0.0,0.0,0.048514929163606,874.0,887.0,941.1,0.9287004569121241,0.9425140792689406,0.0,0.5,-11.374453331161732,213,61,69.08137821585883
273,Denver,Sum,11-18,84.02188943507397,289,96.06868357659897,242,0.1764132815383019,273,11.120573440908636,18.879426559091364,5.0,11.0,5-11,0.43281775622891816,0.4299179405325463,0.4351738564822201,0.4387147876613391,0.4299179405325463,0.4351738564822201,0.8374494690141502,0.843259620142079,94.23327983253428,94.86083919645982,94.20382095765264,94.67644333350354,84.72962407265348,98.15854446602324,75.03630627154105,101.63702020876154,0.02961214530724989,2.0,0.02465260459138008,965.0,1111.0,1107.4,0.8714105111070977,1.00325085786527,0.0,0.3125,-14.13583953251358,265,102,67.9194250965215
274,North Florida,ASun,9-21,84.50646957053006,283,96.94853096834584,254,0.17085928630566521,274,9.0,21.0,4.0,14.0,4-14,0.40780220755763785,0.46189432195834185,0.3818142304356142,0.40780220755763785,0.46189432195834185,0.3818142304356142,0.8428499172358865,0.7154312323260149,91.38132603774011,94.34298846548133,91.38132603774011,94.34298846548133,84.68580904175688,96.66180222110685,92.44982034247629,106.14091374768122,0.16964179210676666,3.0,-0.056558888069114466,1123.0,1217.0,1301.5800000000002,0.8627975230104948,0.9350174403417384,0.0,0.2222222222222222,-17.06739395608113,308,313,71.28223332888967
275,Samford,SC,14-18,88.21077636201727,233,101.29011462803311,305,0.16938581376723544,275,14.344283640619953,18.655716359380047,6.0,8.0,6-8,0.33612805526886896,0.43435976845807045,0.2199220275495974,0.3344194952497384,0.43435976845807045,0.2199220275495974,0.838738242242482,0.721465553671946,90.80464765037611,94.3019991488025,90.60315517286777,94.22609558305986,88.89909628058983,101.82587538730105,81.41501375072687,103.58245488097799,0.05900614596868267,5.0,0.014154239881927266,843.0,864.0,915.4999999999999,0.9208083014746041,0.9437465865647189,0.0,0.42857142857142855,-13.275503708814778,249,132,66.20898500448565
276,LIU,NEC,18-10,87.28991633619194,241,100.62876696431346,302,0.16310055208039761,276,18.658412911871487,10.341587088128513,13.658412911871485,4.341587088128514,13-4,0.1580138865122734,0.2367969483507828,0.10703661120500267,0.15512925205916633,0.2367969483507828,0.10522121543651186,0.9528412902663587,0.9143682816812635,83.43739255744312,102.9664861808487,83.0706508159723,102.54415707839456,87.34845487130214,101.54088508844139,0.0,0.0,0.0,0.0,-0.03550767477957084,1193.0,1053.0,1194.46,0.998777690337056,0.8815699144383236,0.07435948737216802,0.7647058823529411,-8.959998128166518,181,277,70.17689828608206
277,UNC Greensboro,SC,14-16,83.02267986675596,298,95.86600244254842,237,0.16055124644919758,277,14.0,16.0,4.0,10.0,4-10,0.2608072212468022,0.2965209464199271,0.22118977617625696,0.2608072212468022,0.2965209464199271,0.22118977617625696,0.8984666171590155,0.8333029625018223,86.25621390683138,95.63374802949546,86.25621390683138,95.63374802949546,82.5576202747561,96.94846249083764,86.34416569011502,110.6610722005733,0.05450040968241123,2.0,-0.04566731003651292,789.0,820.0,911.3,0.8657961154394821,0.8998134533084605,0.0,0.2857142857142857,-13.412033872362287,252,296,65.05228406052325
278,Cal St. Bakersfield,BW,7-21,84.87742236440987,274,98.14912008987218,269,0.15832846846699622,278,8.229708155521386,21.770291844478614,3.229708155521387,16.770291844478614,2-16,0.40349538811619107,0.3294802625933408,0.4446149022955523,0.3843484642257396,0.3294802625933408,0.41178256504193894,0.8935013486075923,0.8947833876013517,90.24991579628691,94.16491805588932,89.59582591406418,94.46724380647693,84.43960695093544,98.51402337150948,0.0,0.0,0.0,0.0,-0.07423566220523592,1108.0,1270.0,1306.4200000000003,0.8481192878247422,0.9721222883911756,0.11629152975941903,0.1111111111111111,-18.558753303235967,322,336,71.00724610217499
279,Wright St.,Horz,10-22,88.83876389014341,226,102.78995550822967,322,0.15743443800301982,279,10.0,22.0,6.0,14.0,6-14,0.3749248750705027,0.3043220638670335,0.40176177338423946,0.3749248750705027,0.3043220638670335,0.40176177338423946,0.8819987038140886,0.8527184383643379,90.68044668338797,95.45843475103558,90.68044668338797,95.45843475103558,88.50432567249123,101.4396771421278,89.55123541179945,99.41092977422122,0.23126392389761322,1.0,-0.04236187726836893,1245.0,1393.0,1387.3,0.8974266560945722,1.004108700353204,0.0,0.3,-18.95000757865197,326,288,68.43586905414274
280,UTEP,CUSA,13-14,88.67267003023377,228,102.60716691933158,320,0.15729490211044447,280,13.140252572560582,15.859747427439418,5.140252572560582,12.859747427439418,5-11,0.3493181911625119,0.3144224858705191,0.3733089885507571,0.37287374101981285,0.3144224858705191,0.40859395249993685,0.873737917658113,0.8315044938305612,89.04039397305803,93.89177628944229,89.55309090033343,93.47277053010724,88.52196430420379,105.93739511928567,74.51371370741475,95.73521367483836,0.05305386196561422,2.0,0.09355417669367427,989.0,1141.0,1122.86,0.880786562884064,1.0161551751776714,0.690873664093375,0.3125,-11.401433504949027,214,21,70.94140990992632
281,North Carolina A&T,CAA,11-16,85.173011934541,273,98.55767616045203,274,0.15729301056465983,281,11.982826917260354,17.017173082739646,6.982826917260355,11.017173082739646,6-10,0.34758131811349885,0.457929435285784,0.27171698755755297,0.34525446403941906,0.457929435285784,0.2763975371666408,0.8324639851202121,0.6535124784860297,91.27914936627799,93.07736099968574,91.09120227209888,93.63846388289981,85.86974365416059,99.5427216815527,78.07902339517761,88.06182230306284,0.20042293879069162,4.0,-0.022535178632348885,1001.0,1031.0,1105.1,0.9058003800561036,0.9329472445932495,0.3138419340393432,0.375,-11.754606110450347,221,245,68.89114799874021
282,Western Kentucky,CUSA,8-19,86.5536595116277,253,100.1671498373652,296,0.1571125710862114,282,8.395707435795547,20.604292564204453,4.395707435795548,13.604292564204453,4-12,0.4093795405634116,0.40165499057026,0.41469016868370345,0.41497655874392,0.40165499057026,0.4231175170722678,0.8476297672267011,0.7731326727556379,92.0436195352506,93.54570585211928,91.86075154154953,93.27653856215525,88.85664900446787,104.42253382226204,78.98218306403959,82.6190112135213,0.37338986729490903,2.0,-0.006619221399824016,926.0,1060.0,1047.16,0.8842965735895183,1.01226173650636,0.4905363041807823,0.25,-15.41826302319906,277,193,66.05809561771441
283,Cal St. Northridge,BW,9-18,81.4436430543806,311,94.29624856767278,214,0.15642179961807018,283,9.77437906168658,19.22562093831342,5.77437906168658,14.22562093831342,5-13,0.41559478068760636,0.39323492349261113,0.4267747092851039,0.40615859205851146,0.39323492349261113,0.4119742429131665,0.8750723096596402,0.8356149364550195,91.15754876216857,94.09087797578118,90.84215533615387,94.20303656332011,81.72234368015559,94.97538308103795,0.0,0.0,0.0,0.0,-0.00919400893985517,1096.0,1224.0,1322.9200000000003,0.8284703534605266,0.9252260151785442,0.27877004556573054,0.2777777777777778,-15.284768481630717,274,200,73.03770131961548
284,Cornell,Ivy,8-18,85.32187794513928,272,98.81276681930306,276,0.15601889575881583,284,8.75533758780087,18.24466241219913,3.7553375878008706,10.24466241219913,3-10,0.4688057365222871,0.3007982396738106,0.6368132333707638,0.4540381891767647,0.3007982396738106,0.5963324280009364,0.8144759898325212,0.8926368009213483,91.96015238764987,92.96244314712887,91.62733067353358,93.39881899950639,88.2106705327785,95.99835889084106,103.12431150371643,98.44255097388219,0.6304885657414306,2.0,-0.003770643548028141,668.0,852.0,830.8599999999999,0.8039862311340058,1.0254435163565463,0.07008195819318236,0.23076923076923078,-13.840945906826853,259,184,62.63754488197688
285,Indiana St.,MVC,9-20,93.4432034303446,160,108.28110083933034,351,0.1551412397686492,285,9.171540605400194,20.828459394599804,5.171540605400194,14.828459394599806,5-14,0.41391397233473864,0.39415041747978774,0.4243158433110287,0.41769860120280894,0.39415041747978774,0.42947269306431946,0.8719028159530706,0.8333975266592683,92.71954317183734,96.01709065579492,92.70338004790234,95.85695790159976,94.9154360045951,110.89089537154753,98.55205620047859,105.97488066098937,0.30256826385585406,1.0,0.0028044002959925485,1421.0,1643.0,1462.5599999999997,0.9715840717645774,1.1233727163330054,0.527452838376846,0.2631578947368421,-17.000155414967676,307,167,76.50119738566791
286,Iona,MAAC,19-11,84.4279456356609,284,98.44461887787821,272,0.1459967768572053,286,19.518829825182106,11.481170174817894,12.0,8.0,12-8,0.21291877866753825,0.2836677578378234,0.17754428908239578,0.21046493663247895,0.2836677578378234,0.17754428908239578,0.9237045076933995,0.8952705340158881,83.7235176855023,98.60773083249991,83.77695898885818,98.65903081724846,84.52042190435846,99.8734697323585,78.77730783002878,102.17462439416691,0.047849098666465265,1.0,0.05865227520274041,1236.0,1223.0,1376.8599999999997,0.8976947547317812,0.8882529814214954,0.0,0.6,-9.143480581239995,183,43,66.88672572806372
287,Utah St.,MWC,6-23,85.46746925249228,267,99.73075524876728,288,0.1449352353778065,287,6.102497258488393,23.89750274151161,2.0,18.0,2-18,0.5234436873165895,0.5246581001988433,0.5228972015195754,0.5259108777187723,0.5246581001988433,0.5228972015195754,0.810578249502957,0.7410544986592575,92.91373049046163,91.06179327200402,92.84686984852542,90.95289970572311,84.4161598450711,98.77982010344257,60.23416967633635,75.19588566654423,0.07233568765067643,1.0,-0.017174179133350703,1127.0,1366.0,1386.4999999999998,0.8128380815001804,0.9852145690587812,0.0,0.1,-18.489381486744573,319,226,69.17745223078238
288,Loyola MD,Pat,12-17,84.75936578921913,278,99.21951616903203,283,0.1404614604401669,288,12.143592880932527,17.856407119067473,8.0,10.0,8-10,0.3432268575407974,0.42804086575940875,0.2913960747405349,0.34633327479812387,0.42804086575940875,0.2913960747405349,0.87893783342274,0.7878600624622073,89.16403793768552,95.48708059346836,89.4259877817007,95.61097885519703,85.41507136968472,99.5384353727545,78.6924102568263,82.97873698412872,0.3520744028762922,2.0,0.05747647677534479,991.0,1041.0,1107.3000000000002,0.8949697462295673,0.9401246274722296,0.0,0.4444444444444444,-14.012384771325282,262,46,63.68760602594524
289,Manhattan,MAAC,11-19,82.4678946862673,303,96.77878011338788,253,0.13702586877539005,289,11.037867222199214,19.962132777800786,10.0,10.0,10-10,0.34983041482730376,0.6297491284567333,0.23650584087696327,0.3643960652542283,0.6297491284567333,0.23650584087696327,0.8546673750591809,0.7331207254258936,88.13829953261275,95.69426566114876,88.48234241471322,95.43051075093265,83.65040941353648,98.05215209204957,83.71524631134203,95.46280739195906,0.18091960822570038,2.0,-0.047608240642342814,1230.0,1238.0,1390.8600000000001,0.8843449376644665,0.8900967746574061,0.0,0.5,-15.436791773785536,279,301,70.08646330737477
290,Siena,MAAC,13-16,85.32675840679916,271,100.14672847519296,295,0.13684972714957183,290,13.481170174817894,16.518829825182106,11.0,9.0,11-9,0.24971436295101462,0.32146185973683533,0.2174279893973953,0.24625710826001992,0.32146185973683533,0.2174279893973953,0.911557045091817,0.891657406318684,84.56341761636014,98.14257504713196,84.55890182983677,98.15264323709282,87.81637795592778,101.5084280485696,73.72773277085378,106.4537041262333,0.014424346037222202,1.0,-0.06343806445996059,1377.0,1343.0,1486.94,0.9260629211669603,0.9031971700270354,0.0,0.55,-13.915447489474339,261,322,74.1175211123503
291,Akron,MAC,7-23,90.55977024180598,195,106.57355693515478,342,0.13325370234178738,291,7.333494346008647,23.666505653991354,4.333494346008647,13.666505653991354,4-13,0.48622727967238333,0.3956800086632221,0.5554693104440948,0.4795384162655209,0.3956800086632221,0.5401028217560699,0.8220359316778034,0.8071996953300443,93.71135869804414,92.18512842448771,93.6515143635278,92.4510572866902,91.15238526091996,104.6352378482224,88.30405019148452,83.65665691531613,0.6506158079838572,2.0,-0.021046437326080636,1146.0,1357.0,1279.4399999999998,0.8957043706621648,1.060620271368724,0.2788725140596488,0.23529411764705882,-18.37944155583649,318,241,72.30640475468849
292,East Texas A&M,Slnd,13-16,84.58811709852883,280,99.73389770336932,289,0.13076792959188954,292,13.239752373306404,16.760247626693598,9.0,13.0,9-13,0.295355484084989,0.3899946236982376,0.26524303057168264,0.2962760270022828,0.3899946236982376,0.26524303057168264,0.887912325735174,0.722517060800864,88.78980571210356,96.93544331656365,88.72247232169126,96.78352105153985,84.04154246890856,100.47949145453856,94.59365320261026,103.71719696626147,0.25752128011158165,2.0,0.012334460300600536,1346.0,1434.0,1530.7199999999998,0.8793247622034077,0.9368140482910005,0.0,0.4090909090909091,-13.119785719438942,243,140,69.13585109343305
293,Hofstra,CAA,7-21,80.34130637694669,323,94.85466544102638,225,0.12901310714351585,293,7.408461163002026,21.591538836997973,5.408461163002026,12.591538836997973,5-12,0.3793502905983931,0.5288996849346183,0.2825830354396592,0.3712905620446618,0.5288996849346183,0.2749738758341329,0.8526779180521139,0.7028906092215712,90.99611772141009,94.13871084064388,90.88728583742834,94.4400834554272,79.97322396745413,92.4661473879917,78.51750433550532,106.04114427719452,0.030595938150166112,2.0,-0.06508806371354853,906.0,962.0,1092.22,0.829503213638278,0.8807749354525645,0.1456181625401867,0.29411764705882354,-17.34790729950029,313,325,65.71159492848201
294,Lafayette,Pat,11-18,86.75452333429718,251,102.49038865359555,319,0.12820828695728473,294,11.05732952556948,18.94267047443052,7.0,11.0,7-11,0.2961737127005202,0.3017462231158519,0.29276828966892876,0.30822411802250943,0.3017462231158519,0.29276828966892876,0.9016221890307466,0.8609551882502587,86.94341910373447,96.83210456447831,87.23388422499647,96.61693584607616,86.35578395726795,102.4879491254318,64.81336223742818,81.24848071010815,0.06920255999212542,1.0,-0.02941648177079975,1016.0,1107.0,1147.34,0.8855265222166054,0.9648404134781321,0.0,0.3888888888888889,-15.796643575372181,286,260,66.4469808694801
295,Northern Illinois,MAC,7-22,84.21391854000606,286,99.90181277054947,291,0.12297896692475699,295,7.097798038414291,22.90220196158571,4.097798038414291,13.902201961585709,4-13,0.4286051472524398,0.3909115177717198,0.45521241512118327,0.43121336555248757,0.3909115177717198,0.4580812640729994,0.867207140778568,0.8572032619957705,92.5897450172894,95.64626490473742,92.49714925489576,95.44465854419339,87.56215769552838,101.32218611800661,87.0035400263637,112.13580041443548,0.05125820020446001,1.0,-0.003628422710362872,992.0,1178.0,1147.1999999999998,0.8647140864714088,1.0268479776847979,0.5068516962538739,0.23529411764705882,-18.914492514188876,325,183,65.99247548001794
296,Northeastern,CAA,7-20,87.07804558863977,242,103.61327562128744,329,0.11926617071015994,296,7.591538836997974,20.408461163002027,3.591538836997974,14.408461163002027,3-14,0.3236991885818871,0.33891106636187857,0.31475102518189224,0.3158990634789903,0.33891106636187857,0.3031146174329413,0.9284660802358805,0.9113445273580766,88.74789153566925,96.35242244571909,88.4189629958469,96.33280782672205,88.12982010702207,105.74111141664794,0.0,0.0,0.0,0.0,-0.04574355233386879,1060.0,1183.0,1176.52,0.9009621595892973,1.0055077686737157,0.10529568570077605,0.17647058823529413,-18.514628245106625,320,297,68.21621548043764
297,Mount St. Mary's,MAAC,15-14,81.22559707835978,315,96.68489889585595,252,0.11882461239204281,297,15.259774920606398,14.740225079393602,11.0,9.0,11-9,0.2548108499235826,0.3498405582170868,0.21204748119150568,0.255570006636008,0.3498405582170868,0.21204748119150568,0.8947582583037992,0.7941065303569468,86.3792711914358,98.0168837977733,86.49667357417005,98.0062643604051,80.75983394288538,98.24030707734778,77.00299547699187,93.80578668813509,0.0936470765677627,2.0,0.05284307136985217,1212.0,1240.0,1424.9600000000003,0.8505501908825509,0.8701998652593755,0.0,0.55,-11.287867172615151,212,54,70.70841256650068
298,New Mexico St.,CUSA,9-19,79.76656990318278,329,94.99035761269259,227,0.11829090538574319,298,9.103664941548718,20.89633505845128,5.103664941548718,12.896335058451282,5-11,0.4051989220442532,0.44116930922567626,0.3782211316581858,0.424243904847528,0.44116930922567626,0.4129603019287624,0.874184635952963,0.8371982846780114,91.48991278443344,92.57744707354782,91.82116387382918,92.25579903390866,81.42538099584688,96.46006116581007,86.81387070644634,96.12979119089698,0.23645251826461436,1.0,0.054861911588770296,929.0,1056.0,1128.94,0.8228958137722111,0.9353907204988751,0.690873664093375,0.3125,-16.4056472674719,298,52,71.03651222200351
299,Boston University,Pat,10-19,90.21979559441121,203,107.60390750057059,349,0.11645954697127502,299,10.747203130099997,19.252796869900003,6.0,12.0,6-12,0.3242572386212023,0.3736285762579456,0.29408586562097017,0.3152201393827154,0.3736285762579456,0.29408586562097017,0.9021538741021019,0.8428415791539142,88.30040246162615,95.77863923421522,88.02497081613856,96.03350881540597,92.88060787856064,109.40549736348537,80.03188088640421,94.3690065553867,0.1306688601242476,1.0,-0.01906901771644176,1066.0,1125.0,1106.9199999999998,0.9630325588118384,1.0163336103783474,0.0,0.3333333333333333,-16.593769450976538,300,235,62.82050501668205
300,Coppin St.,MEAC,9-22,78.80265816546424,336,94.02059557310616,208,0.11603536881443838,300,9.0,22.0,6.0,8.0,6-8,0.40426273553508263,0.6014575854139763,0.16481184639642593,0.40426273553508263,0.6014575854139763,0.16481184639642593,0.7767695750366471,0.6166432969360031,90.7840158239831,92.25820477387776,90.7840158239831,92.25820477387776,80.5700804613482,96.99874951021846,85.10633246304401,84.54786803435339,0.5189187712852017,6.0,-0.06777147867985162,872.0,877.0,1046.3000000000002,0.8334129790691005,0.8381917232151389,0.0,0.42857142857142855,-15.738721834111853,285,329,72.4369761933672
301,New Hampshire,AE,10-20,80.78216543446598,321,96.4505135432098,249,0.11520434600519414,301,10.0,20.0,4.0,12.0,4-12,0.38406349507518706,0.3459247036900941,0.40523023023869287,0.38406349507518706,0.3459247036900941,0.40523023023869287,0.875194193266847,0.8399784959127212,90.5379483071895,95.02808168950459,90.5379483071895,95.02808168950459,78.2749503752275,91.54211232940398,71.20431873662424,99.9290331948048,0.019890382050170744,1.0,0.017749580452230962,805.0,917.0,1020.5400000000001,0.7887980872871224,0.89854390812707,0.0,0.25,-16.97772563771361,306,120,66.27619591067493
302,Sacred Heart,MAAC,13-17,82.87005721663873,299,98.94965231459035,279,0.11512992435143615,302,13.015187442621865,17.984812557378135,10.0,10.0,10-10,0.2859979637255418,0.39107024389233674,0.25115992637596685,0.3056119587400794,0.39107024389233674,0.25115992637596685,0.8715734244202772,0.8171204611412053,86.54754297366063,97.03102843337373,87.20297305846186,96.73775414848559,84.70966370815947,100.07356719778265,82.66417038576498,90.38182005994074,0.2637721207773833,2.0,-0.021365405801107018,1191.0,1207.0,1340.6200000000003,0.8883949217526217,0.9003296981993404,0.0,0.5,-14.051116719095402,263,242,65.79705416646017
303,Bucknell,Pat,11-18,79.58270370646059,331,95.390994030206,231,0.11069564690091374,303,11.7582254060857,18.2417745939143,7.0,11.0,7-11,0.3388434223341838,0.4110242012005255,0.29473294636030833,0.3291345978284522,0.4110242012005255,0.29473294636030833,0.892897110662899,0.8177128566889117,89.40233635032406,96.41695167212686,88.98848261507075,96.55571069418545,78.31662424915137,96.3753687734094,62.13384760950259,96.24932744620311,0.006477078372787324,1.0,0.03543254165210502,910.0,1017.0,1111.36,0.818816585084941,0.9150950187158078,0.0,0.3888888888888889,-15.43908441541156,280,79,63.811542287630985
304,Portland St.,BSky,6-24,88.55634504955032,230,106.60501707425044,343,0.105916045560326,304,6.28056634397052,24.71943365602948,2.0,16.0,2-16,0.44596791665415975,0.41242697945343715,0.46832854145464126,0.4390976959538775,0.41242697945343715,0.46832854145464126,0.8637396286010289,0.8606905948884259,91.05883247773254,92.49202863983236,90.88243190360812,92.57994938981483,89.06934212043898,104.90364670548095,76.27989741450571,87.04933721571678,0.1796449856569284,1.0,-0.011361824765191125,1128.0,1348.0,1291.0600000000002,0.8737006800613448,1.0441032949669262,0.0,0.1111111111111111,-20.633269291729544,343,207,69.38311179327263
305,Winthrop,BSth,15-16,84.5429747910267,282,102.05941298009427,315,0.10290143724933376,305,15.092569998753106,16.907430001246894,7.0,9.0,7-9,0.2555545224513497,0.3718417025821573,0.16646751563900958,0.26410846604573024,0.3718417025821573,0.16646751563900958,0.8691733497467573,0.7450207747888365,86.86615104150702,97.4734208306767,87.07629529236704,97.28527880510822,83.57132112730503,101.77425528954699,85.30604067316274,102.7811551051176,0.10497751652557764,4.0,-0.022546204077026344,1055.0,1041.0,1166.84,0.9041513832230641,0.8921531658153646,0.0,0.4375,-12.344507247788535,232,246,71.20783189243467
306,Milwaukee,Horz,8-24,85.60865108134831,266,103.74895125546237,330,0.09884194106717555,306,8.0,24.0,4.0,16.0,4-16,0.38532321432282696,0.3729603026926792,0.40767181720496704,0.38532321432282696,0.3729603026926792,0.40767181720496704,0.8914131723796673,0.8648611611260939,91.21093927455848,95.25201992295432,91.21093927455848,95.25201992295432,86.37684258494602,103.37729906428451,0.0,0.0,0.0,0.0,-0.019755267832951562,1195.0,1396.0,1358.4600000000003,0.8796725704106119,1.0276342328813508,0.0,0.2,-21.305522508407552,347,238,67.50846731551214
307,Marist,MAAC,11-20,82.39540137599853,305,100.0307385989243,293,0.09705350926010192,307,11.0,20.0,8.0,12.0,8-12,0.32422277346232614,0.46450491844973074,0.26344154860350627,0.32422277346232614,0.46450491844973074,0.26344154860350627,0.8805005336234146,0.8208657991949787,88.0056240380688,95.28089034429983,88.0056240380688,95.28089034429983,82.37275429520305,99.6905250328438,74.52075872662928,112.50423440295326,0.008688736634057375,2.0,0.024819049644362712,1169.0,1255.0,1362.1399999999999,0.8582084073590087,0.9213443552057792,0.0,0.4,-16.83988432807712,303,101,67.76110855709703
308,Grambling St.,SWAC,13-18,78.81206302520272,335,95.90298967680118,239,0.09473728952837775,308,13.0,18.0,10.0,8.0,10-8,0.272792475549178,0.5142090611943255,0.09843605258323812,0.272792475549178,0.5142090611943255,0.09843605258323812,0.8994814607678915,0.7820627485296003,84.73111879056606,96.84965119080037,84.73111879056606,96.84965119080037,78.66107891276748,94.83364098576543,69.94456049923956,100.59706816408278,0.01507790601591935,1.0,-0.055937866218603416,1153.0,1053.0,1333.18,0.864849457687634,0.789840831695645,0.0,0.5555555555555556,-15.465754932688357,281,311,72.07773883604038
309,Detroit Mercy,Horz,7-24,84.8006698447047,276,103.50197837492993,327,0.09180404692682158,309,8.0,23.0,4.0,16.0,4-16,0.4063358721608132,0.3889673761369848,0.4083845341101428,0.4063358721608132,0.3889673761369848,0.4083845341101428,0.8661943405434078,0.8045345532760236,91.84923562375693,95.12775393357529,91.84923562375693,95.12775393357529,86.39415629726133,105.4446325471011,86.83345272928922,102.50618332483393,0.1291822510836429,1.0,-0.014387534505421046,1272.0,1474.0,1428.9000000000003,0.8901952550913288,1.0315627405696688,0.0,0.2,-20.612788180105166,342,217,71.12312606569473
310,Eastern Illinois,OVC,4-27,81.28144571587421,313,99.45367233752725,286,0.08944724350206039,310,4.0,27.0,3.0,17.0,3-17,0.47027833436825683,0.5872760412763708,0.40592959556879415,0.47027833436825683,0.5872760412763708,0.40592959556879415,0.8214179143083885,0.6819801976992683,94.0629085581772,94.63734611062866,94.0629085581772,94.63734611062866,81.46320795051783,99.28829450493402,80.12641255345068,93.60162176071381,0.1433690768792522,2.0,-0.046451972946165154,1143.0,1377.0,1393.2399999999998,0.8203898825758664,0.9883437168039966,0.0,0.15,-22.365465763089794,353,299,69.32589405677747
311,Dartmouth,Ivy,10-16,84.14827180903677,288,103.27545915114791,326,0.08663568361462574,311,10.24466241219913,16.75533758780087,1.2446624121991294,12.75533758780087,1-12,0.42062939151982065,0.20279818006009143,0.6384606029795498,0.4120413070115994,0.20279818006009143,0.6063384963237138,0.8384393507882767,0.9440912132819179,91.80838759890446,93.24415095073698,91.57366709712852,93.43500468386492,83.77525621412559,107.69917024903765,67.31735534677428,87.08684730964777,0.049214064705154034,1.0,0.096497675897806,644.0,954.0,850.1800000000001,0.7574866498859064,1.1221153167564515,0.18875110979784637,0.07692307692307693,-12.461573426750766,235,17,64.76568026435928
312,Alcorn St.,SWAC,17-11,75.57259226382442,352,92.79987121876465,182,0.08615263089634281,312,17.800429648172276,11.199570351827722,14.800429648172278,3.1995703518277225,14-3,0.2551986767021807,0.5446313296832647,0.06791872477324405,0.24738955191357578,0.5446313296832647,0.06574179883209925,0.8536123031696841,0.6306387277161712,85.9550880089166,97.63567031236242,85.74076881235439,98.0794063564217,76.02740774495501,92.19307763872418,78.0006799977915,82.31102843555166,0.3501097318592599,4.0,0.07698319903671724,999.0,911.0,1179.44,0.8470121413552194,0.7724004612358407,0.028734057832637837,0.8235294117647058,-7.141883647067016,144,27,66.99235494355416
313,Tennessee St.,OVC,5-24,81.26424184418377,314,99.95837286344295,292,0.08462926839058899,313,5.0,24.0,4.0,16.0,4-16,0.4223496284801702,0.45775318925204744,0.4064180261328255,0.4223496284801702,0.45775318925204744,0.4064180261328255,0.8503708511718945,0.7444452196700498,92.30106889874558,93.57288284992369,92.30106889874558,93.57288284992369,80.99524515099588,99.15873460798619,66.48887010446869,102.08556797083541,0.007168011602407785,2.0,0.00024477627767902077,1196.0,1459.0,1474.26,0.8112544598646101,0.989649044266276,0.0,0.2,-20.296810094435763,339,172,74.0100283544164
314,San Jose St.,MWC,4-27,78.93296555688482,334,97.2637708835065,259,0.08305704246327084,314,4.039543884549479,27.96045611545052,2.0,18.0,2-18,0.5477068313074006,0.5267781091324902,0.5592176285036011,0.5520755206200906,0.5267781091324902,0.5592176285036011,0.7887880471076918,0.7282964681664297,94.23414235033368,90.8117216438952,94.35722331409876,90.83561163311384,79.34982364948361,99.56319989585339,79.74504892337688,96.10761543740028,0.1046784313808181,3.0,-0.003957907045757769,1105.0,1479.0,1451.0399999999997,0.7615227698753998,1.01926893814092,0.0,0.1,-21.57917999965297,349,186,72.51577975282652
315,Houston Christian,Slnd,8-21,77.9930456362628,340,96.3151197802029,247,0.08116928651272337,315,8.0,21.0,6.0,16.0,6-16,0.3343887684577655,0.5373719053368174,0.26980322490533987,0.3343887684577655,0.5373719053368174,0.26980322490533987,0.8730952457767306,0.6721252896725562,90.37270848118733,96.07183974147884,90.37270848118733,96.07183974147884,77.5138858914487,97.15347757598164,91.83261945853661,91.07874828126904,0.523681090457337,1.0,-0.037883806287409394,1254.0,1419.0,1539.34,0.8146348435043591,0.921823638702301,0.0,0.2727272727272727,-17.917269403569573,315,279,68.48442800288582
316,Mercyhurst,NEC,14-15,91.66038741782211,181,113.73424405495987,362,0.07717218099882243,316,14.0,15.0,14.0,4.0,14-4,0.2730437855383143,0.5318879401148494,0.11486124663043168,0.2730437855383143,0.5318879401148494,0.11486124663043168,0.8534183172294715,0.6547143362828526,86.66358698324517,98.56134979236136,86.66358698324517,98.56134979236136,94.29081085745041,114.45110623584245,80.91269283181775,114.87439135461207,0.017457253494229812,4.0,0.04960130793336204,1290.0,1208.0,1225.7,1.052459818879008,0.9855592722525903,0.0,0.7777777777777778,-11.132809566701404,210,59,68.06799521361948
317,Louisiana,SB,5-26,80.76240825138258,322,100.36378503932491,299,0.0759400344146105,317,6.0,25.0,2.0,16.0,2-16,0.4487605734264317,0.3408826255130128,0.5217943092546917,0.4487605734264317,0.3408826255130128,0.5217943092546917,0.8522004204325839,0.8645765100383523,93.48605784304037,92.84905785768514,93.48605784304037,92.84905785768514,78.90590866347605,99.76860443660425,79.90656011966628,103.39314225348976,0.04911036629485665,2.0,-0.013790898416870784,993.0,1363.0,1315.32,0.7549493659337652,1.0362497339050574,0.0,0.1111111111111111,-22.191226974578097,352,215,70.19763888991021
318,North Dakota,Sum,7-24,80.92702513000332,320,100.66384741407794,303,0.07517767476251709,318,7.0,24.0,3.0,13.0,3-13,0.4310374273589319,0.4391786511406843,0.4479427340358062,0.4310374273589319,0.4391786511406843,0.4479427340358062,0.825504423094351,0.8085193608531128,93.79009376109045,94.03923464464454,93.79009376109045,94.03923464464454,84.89595733474918,103.73950339466758,81.72690813771156,97.72918604677648,0.11340780842814241,2.0,-0.029584229027409398,963.0,1226.0,1132.7399999999998,0.8501509613856668,1.0823313381711603,0.0,0.1875,-19.442672799408882,331,262,71.63962350594288
319,Buffalo,MAC,3-26,80.24572646471522,325,100.03240471649337,294,0.07346738115556307,319,3.0150103557869046,26.984989644213094,1.0150103557869046,16.984989644213094,1-16,0.4509981272133694,0.4499458723720245,0.4517408953366719,0.4628056822392885,0.4499458723720245,0.4713788888174647,0.8434641033839718,0.8192455049427277,92.06038040011039,94.1755537614782,92.28131756833757,93.94404934294249,81.00373378402494,103.7515210917215,83.49370325406875,92.64054508490192,0.23227843720743346,1.0,-0.0616845688587586,1008.0,1289.0,1240.96,0.8122743682310469,1.0387119649303764,0.8052247779909432,0.058823529411764705,-22.505370290915852,354,320,72.3379499726746
320,Alabama St.,SWAC,15-14,77.34310091321069,345,96.53058585701116,250,0.07252744943292874,320,16.0,13.0,12.0,6.0,12-6,0.27218591918535673,0.5497239672916842,0.10257933423149004,0.27218591918535673,0.5497239672916842,0.10257933423149004,0.8220513332767916,0.5581688327525849,86.78786541006191,96.35979098296237,86.78786541006191,96.35979098296237,78.07457864177326,96.8077418581336,72.00723524499575,98.65574784262726,0.02605858802357138,5.0,0.02959725685527126,1160.0,1098.0,1345.9200000000003,0.8618640038040892,0.815798858773181,0.0,0.6666666666666666,-9.242883992547712,185,91,72.75099733578188
321,Queens,ASun,10-20,79.94291817845962,328,99.81640630629046,290,0.07221001826975976,321,10.0,20.0,4.0,14.0,4-14,0.3192598277335453,0.20763575421864375,0.3895639494239562,0.3192598277335453,0.20763575421864375,0.3895639494239562,0.8864414730511937,0.8449688918558138,87.9444822119161,96.05050015761454,87.9444822119161,96.05050015761454,78.73834353587034,100.80282751076768,75.90367576653873,98.17626569877234,0.04931554426504387,2.0,-0.014169376093853603,1017.0,1259.0,1275.8200000000002,0.7971343919988713,0.9868163220517,0.0,0.2222222222222222,-17.113711503677823,310,216,69.59629395656215
322,Long Beach St.,BW,5-23,83.14607969662148,296,103.95286803562672,331,0.0712004839528355,322,5.1128474102903185,24.88715258970968,4.112847410290319,15.88715258970968,4-14,0.4566182947930398,0.550426879741783,0.40450241426596034,0.4638659289260167,0.5504268797417832,0.4205854535181337,0.8468578803981532,0.757570637938145,92.23091832582097,91.98373019673866,92.2797233160815,91.90549542037756,84.66842754616393,105.8712012673209,92.64861243732392,100.14979030627299,0.29001536822010515,1.0,0.0037185777549443855,1072.0,1283.0,1257.6999999999996,0.8523495269142087,1.0201160849169122,0.5653328067876935,0.2222222222222222,-19.399926975757342,330,163,69.18169219994806
323,Seattle,WCC,5-25,83.39205516187488,293,104.28985306144,333,0.0709859544794504,323,5.0,25.0,1.0,17.0,1-17,0.48688301178070026,0.3373938604527051,0.5852205825788551,0.48688301178070026,0.3373938604527051,0.5852205825788551,0.8327964659767554,0.8487298348808724,93.5455356666117,93.24606634656195,93.5455356666117,93.24606634656195,86.28511126925743,103.44748515478112,78.31169345634473,100.4648681162224,0.05392241316831936,1.0,-0.029983925507995085,1054.0,1407.0,1299.4199999999998,0.811131120038171,1.0827907835803667,0.0,0.05555555555555555,-20.942159804545042,346,264,72.04718141350415
324,American,Pat,7-22,81.12412712421053,318,102.14837161569395,317,0.06598108410805634,324,7.252796869900003,22.747203130099997,5.0,13.0,5-13,0.3281034764241606,0.37446912074681477,0.2997689160047608,0.32190974675420514,0.37446912074681477,0.2997689160047608,0.9116712065794067,0.8719531752600602,88.34311973607997,95.71873478545166,88.43574881292878,96.0790393005352,80.20505540445586,100.73281263440246,78.38875809195764,110.77395831370397,0.01840008247699168,1.0,0.01824297626335661,1002.0,1179.0,1208.8600000000001,0.8288801019142,0.9752990420726965,0.0,0.2777777777777778,-19.953903098950956,335,118,67.78017309612919
325,UNC Asheville,BSth,12-17,77.59373126337918,343,97.70357017134603,267,0.06597719007888742,325,12.171055424843509,17.82894457515649,7.0,9.0,7-9,0.17149369329311281,0.17191883317666765,0.17114826713772457,0.17427783462695057,0.17191883317666765,0.17114826713772457,0.9664793594270401,0.9647239649062763,82.92797377633512,99.27898220236928,83.10149286227681,99.16394684887979,78.30420192159842,96.93359065332365,0.0,0.0,0.0,0.0,-0.04515416471830119,940.0,981.0,1126.14,0.8347097163762942,0.8711172678352602,0.0,0.4375,-16.28585530475034,296,294,69.33643679023311
326,Hampton,CAA,10-18,82.43705270826459,304,104.53539431491726,334,0.06116048881746068,326,10.293919204144519,19.70608079585548,4.29391920414452,13.706080795855481,4-12,0.27888617119370945,0.26099680962085037,0.2923031923733538,0.27973631520247305,0.26099680962085037,0.29222931892355486,0.9412365447922496,0.9304153393333155,87.63777994079915,95.45129440219397,87.43773905994215,95.18259241073,84.98704928677832,107.92118784765722,0.0,0.0,0.0,0.0,0.07550456285249124,926.0,1063.0,1045.44,0.885751453933272,1.016796755433119,0.2916383313251639,0.25,-16.757599734703625,302,29,67.29383539543072
327,North Carolina Central,MEAC,9-19,74.39119732454267,355,94.35679264891576,216,0.06099236562521295,327,9.0,19.0,5.0,9.0,5-9,0.29778349246015956,0.4227847934037956,0.17278219151652346,0.29778349246015956,0.4227847934037956,0.17278219151652346,0.854802680664023,0.7395638297551226,87.21644947324855,94.44151616798254,87.21644947324855,94.44151616798254,74.3671587599399,95.39014464359195,77.76205311469319,95.85982417393592,0.08270234493550059,3.0,-0.04193734795862358,862.0,885.0,1096.6,0.7860660222505929,0.8070399416377896,0.0,0.35714285714285715,-15.30384824281114,275,286,76.42626139944252
328,Wagner,NEC,13-15,72.80729384004914,358,92.48848372106559,177,0.059997369400011505,328,13.341587088128515,15.658412911871485,9.341587088128513,8.658412911871487,9-8,0.22359573698494403,0.39021373277932675,0.11578409264740216,0.2205090307160569,0.39021373277932675,0.1168006016773919,0.9023311323656568,0.7841131277506407,86.06990736965236,101.5172588340985,86.08276323681072,101.52162170399276,72.89573003014068,93.23621979280918,57.696441287525396,92.77324444615492,0.00422680945572044,2.0,-0.0028853201991698163,979.0,975.0,1176.6000000000001,0.8320584735679074,0.828658847526772,0.13408125518721742,0.5294117647058824,-12.643482634642059,240,178,69.92384503928618
329,Colgate,Pat,6-23,78.18240345816565,339,99.44649698335371,285,0.05915515248834053,329,6.241774593914301,23.7582254060857,2.0,16.0,2-16,0.35045013036378103,0.4321207225630688,0.3005403240197718,0.3432832986908548,0.4321207225630688,0.3005403240197718,0.8884488271903747,0.8086752035640594,89.97584552956894,95.72741930106983,89.64490359392158,95.68292503715097,76.73817607865152,99.21923141406482,73.36371494066898,103.43346918368067,0.018886514432916727,1.0,-0.009723727207196248,931.0,1108.0,1174.1200000000001,0.7929342826968282,0.9436854835962252,0.0,0.1111111111111111,-20.340088730986672,340,203,66.56037217093919
330,Southeastern Louisiana,Slnd,5-24,84.56624805283403,281,108.33858996457442,352,0.05474073285107785,330,5.0,24.0,4.0,18.0,4-18,0.35947428340977583,0.6336230556480397,0.2722451286066918,0.35947428340977583,0.6336230556480397,0.2722451286066918,0.8389939167877971,0.5319276960298537,91.00686462223199,94.34709125363962,91.00686462223199,94.34709125363962,84.83081968510702,108.84063754771746,73.65232062020887,121.98960550415013,0.003010385603062462,3.0,-0.055233243643820845,1322.0,1535.0,1501.36,0.8805349816166677,1.0224063515745725,0.0,0.18181818181818182,-19.840875659842645,334,309,66.84592115533935
331,Cal Poly,BW,3-25,80.07388028512176,327,102.71683413080201,321,0.05397221662573725,331,3.1862229748642954,26.813777025135703,1.1862229748642954,18.813777025135703,1-17,0.4612792851188877,0.5393157206516329,0.41792570982291805,0.46133040536923675,0.5393157206516329,0.4223377477280385,0.8072774020901916,0.6393169848134391,93.81323721033397,91.79441098294305,93.71681154219752,91.95344947419463,79.49085659410491,103.3141337168619,82.69982361896672,103.7427048847481,0.0686887384309088,4.0,-0.07030745203126042,988.0,1293.0,1265.86,0.7804970533866304,1.021439969664892,0.46204608887412235,0.05555555555555555,-20.17534340653798,336,333,69.74489465516156
332,UNC Wilmington,CAA,6-21,81.96762814564107,308,105.25663362754634,337,0.05335852188655083,332,6.218052204830057,22.781947795169945,2.2180522048300575,15.781947795169943,2-14,0.2913399927995493,0.28239638311255444,0.29748872445935826,0.29233663360634293,0.28239638311255444,0.2984112311303247,0.9150210842107057,0.8721915157631308,87.38045153495528,95.81781781900142,87.51149174617797,95.85089921205346,80.63099858222294,103.66803896983905,64.7831991387792,89.74814593921056,0.023009891770544442,1.0,-0.0238829565034461,897.0,1071.0,1091.14,0.8220759939146214,0.9815422402258188,0.305791284498056,0.125,-19.06286276989044,327,247,69.44534482084657
333,Gardner Webb,BSth,12-19,77.09094154856135,347,99.06836297645783,281,0.052926117622569685,333,12.0,19.0,9.0,7.0,9-7,0.22687679863779572,0.2975247847261415,0.17280827186032788,0.22687679863779572,0.2975247847261415,0.17280827186032788,0.932357191303344,0.8878372495662595,84.94628012017934,98.97773071129767,84.94628012017934,98.97773071129767,75.05686892144841,95.76077619443807,94.35910557100925,106.72971471358383,0.1951784869860829,1.0,0.0571702708990251,880.0,933.0,1091.32,0.8063629366272038,0.8549279771286149,0.0,0.5625,-17.30848120923387,312,47,66.27895702716627
334,Jackson St.,SWAC,12-18,77.75362498670822,342,100.40533436585179,300,0.05020140803157887,334,12.0,18.0,10.0,8.0,10-8,0.2788525277392599,0.5924288553046826,0.06980164269564475,0.2788525277392599,0.5924288553046826,0.06980164269564475,0.8580064759981771,0.66106221072583,85.2702887954544,97.81612815642839,85.2702887954544,97.81612815642839,75.38702429657673,100.2083549444845,91.36857801862233,87.07868894418603,0.634837990226164,3.0,-4.992195170588909e-05,1028.0,1030.0,1235.4600000000003,0.8320787399025462,0.8336975701358197,0.0,0.5555555555555556,-14.324877444306528,267,173,66.79595816980402
335,Stonehill,NEC,12-17,81.32299971082912,312,105.11494505929446,335,0.049680096427772484,335,12.0,17.0,8.0,10.0,8-10,0.23487930791228992,0.4261890017694457,0.11796782833291691,0.23487930791228992,0.4261890017694457,0.11796782833291691,0.9094135560239474,0.8030468901496554,85.20956339993911,100.52244555482572,85.20956339993911,100.52244555482572,80.62782352821515,105.64142003888567,76.3178475287229,99.98257414938492,0.042859432247385525,1.0,-0.0146981012727741,1073.0,1102.0,1188.7,0.9026667788340204,0.9270631782619668,0.0,0.4444444444444444,-14.778876503146996,270,219,67.27367920414272
336,Rider,MAAC,7-22,76.37951292155452,351,98.73852150640855,275,0.049606816370160116,336,7.0,22.0,5.0,15.0,5-15,0.2405459385609313,0.3470269286092768,0.19262949303917587,0.2405459385609313,0.3470269286092768,0.19262949303917587,0.9289965725792867,0.8699837958635585,85.40833812832939,97.30580387075796,85.40833812832939,97.30580387075796,76.8296926027224,99.3536342388185,0.0,0.0,0.0,0.0,-0.029728167477436312,1057.0,1211.0,1323.2,0.7988210399032648,0.9152055622732769,0.0,0.25,-20.37145748234942,341,263,66.18385809164545
337,Texas A&M Corpus Chris,Slnd,6-23,78.37809135316499,338,101.76880006291407,311,0.04727565999712365,337,6.0,23.0,5.0,17.0,5-17,0.3267720808767462,0.49596963308443603,0.2729364960833904,0.3267720808767462,0.49596963308443603,0.2729364960833904,0.887419535647397,0.7328439095957405,89.81824093990129,96.75880075232665,89.81824093990129,96.75880075232665,79.3890546437424,101.92482148047094,76.42801287947717,101.22977791053616,0.037979024717612,2.0,-0.009585104616702145,1231.0,1454.0,1496.9200000000003,0.8223552360847606,0.9713277930684336,0.0,0.22727272727272727,-20.290820008714988,338,202,67.13931367364604
338,Nebraska Omaha,Sum,6-27,79.67732419340498,330,103.59673025877134,328,0.04657537162201007,338,6.0,27.0,3.0,13.0,3-13,0.48278535993498206,0.5161284793758174,0.451580060455779,0.48278535993498206,0.5161284793758174,0.451580060455779,0.7977237351646993,0.7691571122134545,95.38115127325032,93.87813187389432,95.38115127325032,93.87813187389432,81.47876290047688,104.27422208012982,72.89301290078622,108.46128336709165,0.010250701122662494,4.0,0.026943040698630655,864.0,1175.0,1086.92,0.7949067088654178,1.0810363228204467,0.0,0.1875,-21.40920422695903,348,96,68.18365825928504
339,Chicago St.,NEC,9-22,81.14999432865622,317,106.72750638662745,344,0.04106108786676639,339,9.0,22.0,8.0,10.0,8-10,0.3063370647244041,0.5658040577578911,0.11894423642244119,0.3063370647244041,0.5658040577578911,0.11894423642244119,0.8866391066345611,0.7652847693872376,87.34984248579208,98.94705520251061,87.34984248579208,98.94705520251061,82.01542166387053,107.97582696731037,84.56247816103236,112.3919388750596,0.03655251304658972,1.0,-0.003343091648921548,1172.0,1230.0,1289.44,0.908921702444472,0.9539024692889936,0.0,0.4444444444444444,-19.14592479554194,328,180,73.1381375023855
340,USC Upstate,BSth,12-20,77.20384925476722,346,102.07486971141893,316,0.038736795974722696,340,12.0,20.0,6.0,10.0,6-10,0.25236127934466596,0.3390597450711888,0.17461653059530702,0.25236127934466596,0.3390597450711888,0.17461653059530702,0.8897781957474489,0.7930391774191587,85.89043688290162,97.7693876063234,85.89043688290162,97.7693876063234,78.06634171665875,99.30787740812917,74.30169359743542,102.42748828524807,0.024322131769494295,3.0,0.015400587240655406,909.0,984.0,1104.7399999999998,0.8228180386335248,0.890707315748502,0.0,0.375,-16.906233965051204,305,128,66.45217026674598
341,Charleston Southern,BSth,8-22,82.53613916063618,302,109.42307675793826,358,0.0375852454466332,341,8.0,22.0,6.0,10.0,6-10,0.3454363450927189,0.5560580424446427,0.17476344441632896,0.3454363450927189,0.5560580424446427,0.17476344441632896,0.8530715590415093,0.7049334905214614,87.59209460825092,95.24452062640434,87.59209460825092,95.24452062640434,82.64670911141323,108.78684190847106,107.99478148376603,113.34357847320635,0.36449215813303626,2.0,0.00889891912761992,1015.0,1101.0,1149.9799999999998,0.8826240456355764,0.9574079549209553,0.0,0.375,-18.223396835559353,316,150,69.29742752835202
342,Delaware St.,MEAC,7-22,76.89411878790659,348,102.0126111310069,314,0.03730278098663345,342,7.0,22.0,4.0,10.0,4-10,0.2765518121134947,0.37018475060271805,0.17623080658932683,0.2765518121134947,0.37018475060271805,0.17623080658932683,0.9028520032555135,0.8405784298053739,85.94897918413515,95.14150773434595,85.94897918413515,95.14150773434595,79.96122694012855,102.7758702094667,47.95048300400503,96.03990264681642,0.0003394510965149148,1.0,-0.05800682106689006,815.0,873.0,986.4800000000001,0.8261698159111182,0.8849647230557132,0.0,0.2857142857142857,-19.659176783791505,332,315,68.42947835725984
343,Saint Peter's,MAAC,7-23,76.41248932784455,350,101.42154460714244,306,0.03710820566597038,343,7.0,23.0,6.0,14.0,6-14,0.28778821764091955,0.42969062657507323,0.2325650504787546,0.28778821764091955,0.42969062657507323,0.2325650504787546,0.9079027542089383,0.8593104921875141,87.28538912111787,96.25013911458593,87.28538912111787,96.25013911458593,79.18576785881507,102.15833894978863,60.59538692107696,93.7528046973785,0.0065671118751056004,2.0,0.01958999327889277,1080.0,1236.0,1322.3999999999999,0.8166969147005445,0.9346642468239565,0.0,0.3,-20.754254723381493,344,115,65.09607562110477
344,New Haven,NEC,7-21,79.35248964842143,332,105.44567774822082,338,0.0366358187592408,344,7.7200844101317125,21.27991558986829,5.7200844101317125,12.279915589868287,5-12,0.1839483054826758,0.2738302810700977,0.12578938010257928,0.17800557247742824,0.2738302810700977,0.11944602833746358,0.945372194443227,0.8981713495548204,84.71936143323016,101.57113362766962,84.36279842316999,101.9024911153202,80.96756456725105,105.69424649133782,96.09232289772852,102.26035798782796,0.32839667165311437,1.0,-0.1370974203758224,997.0,1045.0,1111.46,0.8970183362424199,0.94020477570043,0.01160904833049649,0.29411764705882354,-19.740054380640967,333,362,64.61703748773554
345,Canisius,MAAC,5-24,77.39913386716727,344,102.91585732207068,323,0.03637692166261401,345,5.0,24.0,3.0,17.0,3-17,0.32751612471122826,0.47256775994487704,0.26224288885608626,0.32751612471122826,0.47256775994487704,0.26224288885608626,0.8513967632450621,0.7315290196692342,89.01756084733813,96.51775771576665,89.01756084733813,96.51775771576665,76.81890202156055,104.18942362176497,82.62734368976778,96.31491875009728,0.1464463215962071,3.0,-0.04183117107749845,1081.0,1302.0,1374.2799999999997,0.7865937072503422,0.9474051867159533,0.0,0.15,-20.281907008564815,337,285,67.48562988748026
346,Morgan St.,MEAC,5-25,81.61780719330665,309,108.5668909564461,354,0.036222890565987854,346,6.0,24.0,3.0,10.0,3-10,0.3609636804239418,0.49224799332345104,0.18928419432458332,0.3609636804239418,0.49224799332345104,0.18928419432458332,0.8401809504654908,0.7429629130451448,88.5353840314802,92.60318093857629,88.5353840314802,92.60318093857629,83.35050534643227,111.74228263808601,67.71888046852582,103.32684292555811,0.007697594959680255,3.0,-0.0648429117034407,763.0,883.0,913.3399999999999,0.8353953620776492,0.9667812643703332,0.0,0.23076923076923078,-20.82888503019307,345,324,67.90169622766818
347,Arkansas Pine Bluff,SWAC,12-15,81.19473613000915,316,108.09188864962981,350,0.035898205666896846,347,12.199570351827722,15.800429648172278,9.199570351827722,8.800429648172278,9-8,0.26408862604503575,0.5552900759370758,0.09279365552030627,0.2584450794237655,0.5552900759370758,0.09353119247192633,0.900865680307544,0.7500963716991234,83.61132249601383,96.51511892504202,83.34158159627412,96.34314683219542,82.92731557086306,111.11551385805532,96.84583661944916,116.85276057792392,0.10343436241807068,1.0,0.10909137127846008,1090.0,1108.0,1207.1799999999998,0.9029307973955832,0.9178415812057855,0.10606932064946747,0.5294117647058824,-12.717133075413091,242,10,68.5975052739526
348,Florida A&M,SWAC,8-21,80.19153092890551,326,107.06879370862934,345,0.034753038744366964,348,8.0,21.0,7.0,11.0,7-11,0.25130489838094067,0.4819945064342695,0.11032791568168417,0.25130489838094067,0.4819945064342695,0.11032791568168417,0.9102649772789692,0.7915853296442861,84.29181743223545,96.53676611243415,84.29181743223545,96.53676611243415,81.55987248709897,107.7678134961454,85.7565115144497,86.01743918032858,0.4912665300343963,1.0,-0.006043235628396371,1102.0,1162.0,1275.46,0.8640020071190002,0.9110438586862779,0.0,0.3888888888888889,-18.88589185413898,324,191,70.43071526490814
349,UMass Lowell,AE,8-21,81.068326040239,319,108.84187806987833,355,0.03267437184774216,349,8.0,21.0,2.0,14.0,2-14,0.33043373024151995,0.22548121169072205,0.4157076515640432,0.33043373024151995,0.22548121169072205,0.4157076515640432,0.9167045278900846,0.9324628481555468,89.5430696235805,95.64602121138033,89.5430696235805,95.64602121138033,82.76559158308368,112.35317852604648,0.0,0.0,0.0,0.0,0.06994650331321522,807.0,1134.0,1012.08,0.7973677970120939,1.120464785392459,0.0,0.125,-19.1843361306616,329,33,65.43101861509477
350,Texas Southern,SWAC,10-20,80.25908190889362,324,109.10111158409319,356,0.02845194274992931,350,10.0,20.0,6.0,12.0,6-12,0.25088468254084506,0.4971131509632741,0.08673237025922559,0.25088468254084506,0.4971131509632741,0.08673237025922559,0.8581606860413957,0.6635200505251485,85.73150660277621,95.46851074712377,85.73150660277621,95.46851074712377,79.40829083342834,108.39912377736312,76.13753671214147,98.15765555266393,0.05110647202496348,3.0,-0.03510786021422391,1162.0,1216.0,1347.9200000000003,0.8620689655172412,0.9021306902486792,0.0,0.3333333333333333,-16.099419306382323,291,276,73.35035677729678
351,New Orleans,Slnd,3-27,78.6404040546814,337,107.46417340116014,348,0.0268276810945721,351,4.0,26.0,3.0,19.0,3-19,0.3673092993664872,0.621616159956851,0.2748340773336276,0.3673092993664872,0.621616159956851,0.2748340773336276,0.854513148797928,0.6294587764913494,90.90826974637208,94.9789798929096,90.90826974637208,94.9789798929096,78.08265911313102,108.02567023805443,82.9762630369769,106.5566605929814,0.05333228300415002,2.0,-0.03867487253646906,1350.0,1696.0,1673.84,0.8065287004731635,1.0132390192611003,0.0,0.13636363636363635,-23.29113250749579,356,282,76.01782638589007
352,Western Carolina,SC,3-26,76.57803121069827,349,105.16774250567035,336,0.025373884692162525,352,3.0,26.0,0.0,14.0,0-14,0.30060270310108544,0.3566766910502693,0.24075665634660579,0.30060270310108544,0.3566766910502693,0.24075665634660579,0.8869272824088379,0.8087790206807511,89.08671127380555,94.92404173333261,89.08671127380555,94.92404173333261,76.45142779552614,103.94786441569421,70.09556209689019,90.98732994743534,0.04743043674481218,3.0,-0.09885223117325358,735.0,923.0,939.9399999999999,0.7819648062642297,0.9819775730365768,0.0,0.0,-23.221856575726672,355,354,68.64163973438808
353,Bethune Cookman,SWAC,6-25,77.9433994048645,341,107.27149007646818,347,0.024774110167129482,353,7.0,24.0,4.0,14.0,4-14,0.2597489655537654,0.46507081354234175,0.11146096422868262,0.2597489655537654,0.46507081354234175,0.11146096422868262,0.8822165247813504,0.7431641197912344,85.24118478066752,95.61504673948544,85.24118478066752,95.61504673948544,78.08565951118173,107.63640623801834,70.97134434529512,91.17001463042433,0.05314241029863644,2.0,-0.09268436569482658,1001.0,1118.0,1221.22,0.819672131147541,0.9154779646582925,0.0,0.2222222222222222,-21.877001485913084,351,350,67.43695975878822
354,Le Moyne,NEC,11-20,79.27900407351038,333,109.27567137818076,357,0.024355151353571837,354,11.0,20.0,9.0,9.0,9-9,0.26833350561233216,0.4725549021516931,0.12084027477834917,0.26833350561233216,0.4725549021516931,0.12084027477834917,0.8739737417573954,0.7354279666718058,87.15359733879062,99.24890325224872,87.15359733879062,99.24890325224872,78.90196484111172,108.21893700245926,71.59992605404805,111.8161520860358,0.00590365314217226,3.0,0.0990259904214173,1065.0,1133.0,1193.48,0.8923484264503804,0.9493246640077756,0.0,0.5,-16.669749711927373,301,15,66.51158666950168
355,Valparaiso,MVC,0-29,73.5287470740748,357,104.17031401303146,332,0.017879949577016722,355,0.021599308605150247,30.97840069139485,0.021599308605150247,19.97840069139485,0-18,0.423637738434917,0.43384931956880357,0.4173973277419862,0.4400061477993288,0.43384931956880357,0.4433924033261176,0.8723069982870709,0.8417399013022827,93.48258042664546,96.21237449515239,93.93862959707205,96.08643454693772,73.73770598106556,104.43547075351766,80.33832370154494,90.45869890280878,0.2035202661071768,1.0,-0.04277266125297633,1014.0,1460.0,1346.8199999999997,0.7528845725486704,1.0840349861154426,0.6773480835833006,0.0,-26.102582234225913,363,289,73.87820241799798
356,Mississippi Valley St.,SWAC,7-22,75.13457388898861,353,107.09191754381546,346,0.016697186913952118,356,7.0,22.0,6.0,12.0,6-12,0.2860241171784826,0.5972421429846066,0.09583532363029555,0.2860241171784826,0.5972421429846066,0.09583532363029555,0.8613433106919441,0.6601248822763481,85.15234557049297,96.18305244631475,85.15234557049297,96.18305244631475,75.2723514912681,106.79920954342708,74.52242384411781,112.32016191987371,0.00885469719173654,3.0,0.056590959597304924,1137.0,1278.0,1413.9400000000003,0.8041359605075178,0.9038573065335161,0.0,0.3333333333333333,-18.527323696339078,321,49,75.79307754593434
357,Saint Francis,NEC,3-26,74.7944268767766,354,108.43267776053003,353,0.01377620568103275,357,4.0,25.0,3.0,15.0,3-15,0.20578586374980834,0.34281901264452247,0.12204338386970519,0.20578586374980834,0.34281901264452247,0.12204338386970519,0.9548913417779821,0.9238183854763392,84.98608848841977,100.49695339896974,84.98608848841977,100.49695339896974,75.1499221576952,108.65008649194884,0.0,0.0,0.0,0.0,-0.09004477033138307,1061.0,1213.0,1262.6799999999998,0.8402762378433175,0.9606551145183262,0.0,0.16666666666666666,-25.029860516235722,361,347,70.84589436234064
358,Central Connecticut,NEC,1-27,74.3486747818832,356,111.63412521375028,360,0.009245766225913018,358,1.2799155898682875,27.72008441013171,1.2799155898682875,16.72008441013171,1-16,0.23983015085372972,0.41259157668613433,0.12804334590335018,0.2325714881712915,0.41259157668613433,0.12255921185666525,0.9121204013647981,0.8111653111125495,85.91636884996065,99.71977908027621,85.66266521695674,99.95358450419948,73.8101929627565,112.99474027294404,51.82748985911527,93.17237747612734,0.0011752459736407207,1.0,-0.08730445697774311,958.0,1222.0,1193.96,0.8023719387584174,1.023484873865121,0.029328933063021333,0.058823529411764705,-24.85620931043759,360,345,70.3811265294068
359,Niagara,MAAC,1-28,70.51168889421504,361,106.02389342658375,340,0.009096848220635726,359,1.0,28.0,1.0,19.0,1-19,0.3245637101616876,0.4568528679510876,0.2650335891564576,0.3245637101616876,0.4568528679510876,0.2650335891564576,0.8569957929339771,0.7503707806633423,88.28869634057067,95.39244393161356,88.28869634057067,95.39244393161356,71.87855540766714,107.33344308264624,66.24737663752161,109.74836581329075,0.003003004708044657,3.0,-0.030093997074004633,1055.0,1483.0,1470.2199999999998,0.717579681952361,1.008692576621186,0.0,0.05,-24.431626714303125,359,265,74.33706909052648
360,South Carolina St.,MEAC,5-24,68.75258654068391,363,105.83660667720872,339,0.006957908314041005,360,5.0,24.0,2.0,11.0,2-11,0.24772705377282947,0.29273492723521366,0.19233274797297206,0.24772705377282947,0.29273492723521366,0.19233274797297206,0.90614612877932,0.856859856148865,85.26038098662056,95.61573502453163,85.26038098662056,95.61573502453163,68.74053881649431,105.02549108612153,73.7824539093503,91.53022615088084,0.07735741248103227,2.0,0.045895494920098756,659.0,929.0,985.8200000000002,0.6684790326834512,0.9423627031303887,0.0,0.15384615384615385,-21.671020434109973,350,66,71.35436181030437
361,Presbyterian,BSth,3-27,72.14021376102174,359,113.21806067651606,361,0.005579301853451774,361,3.0,27.0,1.0,15.0,1-15,0.2476590785695384,0.348409677294118,0.1788568601343576,0.2476590785695384,0.348409677294118,0.1788568601343576,0.9269319624368447,0.8722406477183396,85.74912792877343,96.81741260578585,85.74912792877343,96.81741260578585,71.60540161424653,114.16521356998445,63.719206700987876,104.0713087110353,0.0035339870217961987,1.0,-0.01352553510759745,831.0,1181.0,1130.6599999999996,0.7349689561848834,1.04452266817611,0.0,0.0625,-25.227486135988975,362,214,69.21760697002357
362,Prairie View A&M,SWAC,2-27,68.82605379245516,362,109.46981214300425,359,0.004788374983543785,362,2.0,27.0,0.0,18.0,0-18,0.24316198303997127,0.4954243686054539,0.08900163630550967,0.24316198303997127,0.4954243686054539,0.08900163630550967,0.8832534601545506,0.7123520147529724,84.8576957056419,95.95929082889474,84.8576957056419,95.95929082889474,68.00234510188895,109.46272368194656,84.07719837229308,104.50148613589448,0.07579807336400024,3.0,-0.06572012705974012,969.0,1277.0,1346.02,0.7199001500720643,0.9487229015913582,0.0,0.0,-24.008283464873443,357,326,73.92727861323435
363,Bellarmine,ASun,2-30,71.82785269786149,360,115.78925621230678,363,0.004105786187498095,363,2.0,30.0,0.0,18.0,0-18,0.47226773323060584,0.5671244795788325,0.4004103671869846,0.47226773323060584,0.5671244795788325,0.4004103671869846,0.8000360579949689,0.6500635005800444,93.42760952603558,92.01844183491882,93.42760952603558,92.01844183491882,68.87984752996776,117.0462882909384,59.226758280400915,97.51323567224708,0.00322346789798487,4.0,0.02010851320947691,813.0,1466.0,1248.8600000000001,0.6509937062601091,1.1738705699598033,0.0,0.0,-24.429088476177164,358,112,69.89883030435217
