game_id,year,region,round,high_bracket_team,low_bracket_team,high_bracket_seed,low_bracket_seed,win,wab,barthag,adj_tempo,adj_oe,adj_de,efg_pct,efgd_pct,tor,tord,orb_pct,drb_pct,ftr,ftrd,2p_pct,2pd_pct,3p_pct,3pd_pct,3pr,3prd
20211101,2021,East,First Round,2021 Utah Valley,2021 Stanford,16,1,0,-17.0,-0.6234999999999999,-4.900000000000006,18.899999999999977,29.30000000000001,9.199999999999989,10.099999999999994,2.0,-2.200000000000003,4.800000000000011,12.099999999999994,6.1000000000000085,-0.4000000000000057,10.900000000000006,11.0,3.9000000000000057,5.400000000000006,-0.29999999999999716,3.4000000000000057
20221101,2022,South,First Round,2022 Howard,2022 South Carolina,16,1,0,-22.8,-0.7805,5.200000000000003,15.600000000000023,20.599999999999994,4.799999999999997,7.5,4.099999999999994,-3.5,10.699999999999989,12.900000000000006,16.200000000000003,-2.5,7.400000000000006,7.799999999999997,-1.9000000000000057,4.699999999999989,6.800000000000011,-9.0
20231101,2023,South,First Round,2023 Norfolk St.,2023 South Carolina,16,1,0,-19.2,-0.5174000000000001,0.7000000000000028,10.0,43.80000000000001,6.900000000000006,13.199999999999989,5.299999999999997,-13.200000000000003,11.900000000000006,16.19999999999999,10.599999999999994,-0.20000000000000284,10.099999999999994,14.799999999999997,-1.0999999999999943,6.0,2.4000000000000057,-20.80000000000001
20241101,2024,South,First Round,2024 Presbyterian,2024 South Carolina,16,1,0,-25.7,-0.8928999999999999,-6.200000000000003,7.599999999999994,25.099999999999994,9.099999999999994,9.599999999999994,4.400000000000006,-3.9000000000000057,-1.5,12.299999999999997,2.5,6.700000000000003,10.599999999999994,8.0,3.6999999999999886,9.600000000000009,2.700000000000003,-8.800000000000011
20251101b,2025,South,First Round,2025 Southern,2025 UCLA,16,1,0,-21.4,-0.5301,-3.299999999999997,9.600000000000023,35.69999999999999,0.20000000000000284,9.300000000000011,0.6999999999999886,-6.599999999999994,2.5999999999999943,6.8999999999999915,7.900000000000006,-16.900000000000006,0.0,10.799999999999997,0.5999999999999943,4.299999999999997,-1.1000000000000085,1.5
20211201,2021,West,First Round,2021 Mercer,2021 South Carolina,16,1,0,-13.8,-0.4697,-2.799999999999997,21.5,18.69999999999999,4.099999999999994,4.099999999999994,-4.400000000000006,-6.800000000000011,7.799999999999997,9.0,1.0999999999999943,-2.299999999999997,2.4000000000000057,2.5,6.799999999999997,6.300000000000011,-2.5,-7.900000000000006
20221201,2022,Midwest,First Round,2022 Albany,2022 Louisville,16,1,0,-16.1,-0.4907,-5.199999999999996,10.400000000000006,27.80000000000001,5.400000000000006,9.700000000000003,-0.8000000000000114,-5.0,9.400000000000006,7.900000000000006,-5.0,-0.30000000000001137,5.099999999999994,9.099999999999994,3.799999999999997,7.800000000000011,2.5999999999999943,-2.4000000000000057
20231201,2023,Midwest,First Round,2023 Tennessee Tech,2023 Indiana,16,1,0,-16.6,-0.5693,-2.799999999999997,16.5,20.0,4.799999999999997,10.900000000000006,-1.9000000000000057,-5.800000000000011,6.599999999999994,-2.5999999999999943,2.1000000000000085,-4.700000000000003,5.599999999999994,8.599999999999994,1.8999999999999915,11.400000000000006,2.6999999999999886,5.299999999999997
20241201,2024,Midwest,First Round,2024 Drexel,2024 Texas,16,1,0,-20.3,-0.4917,-7.999999999999993,14.599999999999994,30.30000000000001,0.5,8.599999999999994,-7.0,-6.200000000000003,4.299999999999997,9.600000000000009,-8.799999999999997,10.099999999999994,1.5,8.599999999999994,-0.9000000000000057,6.400000000000006,-5.5,-11.200000000000003
20251201b,2025,Midwest,First Round,2025 Tennessee Tech,2025 South Carolina,16,1,0,-19.8,-0.358,-0.6000000000000085,26.700000000000017,30.0,9.200000000000003,5.299999999999997,0.7999999999999972,-4.900000000000006,3.700000000000003,10.099999999999994,15.800000000000011,-1.4000000000000057,7.900000000000006,5.5,6.699999999999989,3.0999999999999943,9.399999999999991,0.4000000000000057
20211301,2021,South,First Round,2021 North Carolina A&T,2021 North Carolina St.,16,1,0,-9.9,-0.5971,2.5999999999999943,9.400000000000006,23.80000000000001,1.7999999999999972,15.099999999999994,4.400000000000006,-12.900000000000006,13.900000000000006,-0.8999999999999915,5.199999999999989,-1.3999999999999915,3.9000000000000057,14.900000000000006,-1.2999999999999972,10.299999999999997,-6.599999999999994,2.5
20221301,2022,West,First Round,2022 Montana St.,2022 Stanford,16,1,0,-21.6,-0.45799999999999996,-0.20000000000000284,21.5,20.600000000000023,4.400000000000006,3.0999999999999943,-5.5,-3.8000000000000114,2.5999999999999943,5.700000000000003,3.5999999999999943,-4.299999999999997,6.699999999999989,1.9000000000000057,-1.5,3.5999999999999943,7.599999999999994,-5.5
20231301,2023,West,First Round,2023 Chattanooga,2023 Virginia Tech,16,1,0,-18.6,-0.4426,-2.6000000000000085,8.5,30.30000000000001,5.300000000000011,8.299999999999997,1.7000000000000028,-0.5999999999999943,-0.7999999999999972,9.0,6.5,4.099999999999994,5.300000000000011,9.300000000000011,3.200000000000003,3.6999999999999886,7.400000000000006,10.900000000000006
20241301,2024,East,First Round,2024 Holy Cross,2024 Iowa,16,1,0,-20.6,-0.5583,-9.699999999999989,5.800000000000011,35.5,-1.4000000000000057,18.099999999999994,0.4000000000000057,-0.7000000000000028,6.699999999999989,6.1000000000000085,0.5999999999999943,2.5,-3.0999999999999943,19.299999999999997,1.7000000000000028,11.400000000000006,-8.400000000000006,13.900000000000006
20251301b,2025,East,First Round,2025 William & Mary,2025 Texas,16,1,0,-29.6,-0.7851,1.7000000000000028,15.900000000000006,19.30000000000001,1.9000000000000057,2.200000000000003,-6.199999999999989,-3.5999999999999943,-1.0999999999999943,9.799999999999997,-9.700000000000003,5.400000000000006,2.0999999999999943,2.5999999999999943,0.7999999999999972,-0.30000000000001137,7.6000000000000085,-15.100000000000009
20211401,2021,Midwest,First Round,2021 High Point,2021 Connecticut,16,1,0,-12.2,-0.5502,0.0,25.400000000000006,19.399999999999977,13.900000000000006,16.80000000000001,-6.200000000000003,1.1999999999999886,-4.199999999999989,8.599999999999994,14.900000000000006,-4.699999999999989,12.0,18.5,10.0,8.799999999999997,13.099999999999994,4.099999999999994
20221401,2022,East,First Round,2022 Longwood,2022 North Carolina St.,16,1,0,-20.6,-0.5422,6.299999999999997,15.599999999999994,25.30000000000001,6.700000000000003,8.0,2.0999999999999943,-7.8999999999999915,7.700000000000003,-2.5,9.700000000000003,-8.099999999999994,8.099999999999994,6.799999999999997,2.700000000000003,7.0,-0.09999999999999432,1.2000000000000028
20231401,2023,East,First Round,2023 Sacred Heart,2023 Stanford,16,1,0,-22.1,-0.7952,2.799999999999997,5.199999999999989,25.900000000000006,4.0,7.099999999999994,5.8999999999999915,-8.0,6.5,10.099999999999994,5.0,-3.4000000000000057,9.0,8.299999999999997,-3.5999999999999943,3.200000000000003,-2.700000000000003,-1.2999999999999972
20241401,2024,West,First Round,2024 Texas A&M Corpus Chris,2024 USC,16,1,0,-16.299999999999997,-0.4825999999999999,1.3999999999999915,9.699999999999989,26.599999999999994,0.7999999999999972,8.300000000000011,1.6999999999999886,-7.0,4.5,1.5999999999999943,10.299999999999997,3.1000000000000085,4.200000000000003,4.800000000000011,-4.5,10.199999999999989,1.5,0.5
20251401b,2025,West,First Round,2025 UNC Greensboro,2025 USC,16,1,0,-17.2,-0.4345,-10.5,20.0,26.5,4.099999999999994,6.300000000000011,-3.5,-3.700000000000003,7.599999999999994,8.200000000000003,3.9000000000000057,6.299999999999997,3.6999999999999886,8.599999999999994,2.5999999999999943,-0.09999999999999432,5.299999999999997,4.8999999999999915
20212109,2021,East,Second Round,2021 Oklahoma St.,2021 Stanford,8,1,0,-8.700000000000001,-0.03479999999999994,0.29999999999999716,33.69999999999999,44.30000000000001,10.199999999999989,11.099999999999994,-3.5999999999999943,-4.200000000000003,4.900000000000006,8.400000000000006,-1.7999999999999972,-0.30000000000001137,9.699999999999989,14.400000000000006,8.400000000000006,2.1999999999999886,-9.200000000000003,5.300000000000011
20222109,2022,South,Second Round,2022 Miami FL,2022 South Carolina,8,1,0,-12.7,-0.06929999999999992,1.0999999999999943,28.600000000000023,36.69999999999999,8.900000000000006,4.5,5.0,-4.700000000000003,7.5,14.199999999999989,4.700000000000003,3.0999999999999943,10.099999999999994,5.199999999999989,3.200000000000003,2.0,11.599999999999994,-8.0
20232109,2023,South,Second Round,2023 South Florida,2023 South Carolina,8,1,0,-12.299999999999999,-0.06110000000000004,-1.0999999999999943,38.80000000000001,38.400000000000006,16.099999999999994,8.5,2.4000000000000057,-1.5,13.599999999999994,22.69999999999999,7.400000000000006,8.899999999999991,16.099999999999994,11.299999999999997,10.0,0.7000000000000028,6.900000000000006,-9.300000000000011
20242109,2024,South,Second Round,2024 North Carolina,2024 South Carolina,8,1,0,-12.4,-0.043099999999999916,-3.1000000000000085,33.0,41.0,10.199999999999989,11.200000000000003,-3.3999999999999915,-4.599999999999994,2.5,12.200000000000003,8.599999999999994,1.5,12.0,12.099999999999994,3.9000000000000057,7.700000000000003,-2.4000000000000057,-11.300000000000011
20252109b,2025,South,Second Round,2025 Richmond,2025 UCLA,8,1,0,-13.0,-0.036900000000000044,-3.5,37.10000000000002,36.19999999999999,17.599999999999994,9.700000000000003,1.0999999999999943,-1.0,1.7000000000000028,10.799999999999997,2.299999999999997,11.0,19.700000000000003,12.199999999999989,9.099999999999994,3.4000000000000057,13.899999999999991,-5.900000000000006
20212209,2021,West,Second Round,2021 Oregon St.,2021 South Carolina,8,1,0,-6.8,-0.02839999999999998,-2.0,43.30000000000001,25.30000000000001,12.900000000000006,3.5999999999999943,0.5,6.400000000000006,-0.8000000000000114,12.400000000000006,10.700000000000003,10.700000000000003,7.900000000000006,8.400000000000006,14.299999999999997,-3.0,11.699999999999989,-13.600000000000009
20222209,2022,Midwest,Second Round,2022 Gonzaga,2022 Louisville,9,1,0,-5.499999999999999,-0.02310000000000001,-3.3999999999999915,32.5,33.5,8.0,9.099999999999994,-5.099999999999994,-1.1999999999999886,13.0,8.900000000000006,-0.7000000000000028,-2.9000000000000057,7.200000000000003,7.099999999999994,6.199999999999989,9.5,1.0999999999999943,-7.5
20232209,2023,Midwest,Second Round,2023 Miami FL,2023 Indiana,9,1,1,-9.520000000000001,-0.06020000000000003,-0.6999999999999886,25.400000000000006,35.099999999999994,4.400000000000006,9.099999999999994,0.19999999999998863,-5.900000000000006,10.299999999999997,0.9000000000000057,1.3000000000000114,4.299999999999997,5.900000000000006,9.599999999999994,0.5999999999999943,5.400000000000006,-1.7000000000000028,0.0
20242209,2024,Midwest,Second Round,2024 Alabama,2024 Texas,8,1,0,-7.5,-0.04830000000000001,-0.8999999999999915,31.69999999999999,36.900000000000006,5.900000000000006,9.900000000000006,-7.0,-5.5,8.099999999999994,8.700000000000003,3.700000000000003,8.200000000000003,6.099999999999994,9.800000000000011,3.4000000000000057,7.300000000000011,3.5,-10.0
20252209b,2025,Midwest,Second Round,2025 Indiana,2025 South Carolina,9,1,0,-13.6,-0.022499999999999964,-1.4000000000000057,39.0,43.30000000000001,12.700000000000003,4.900000000000006,-2.5999999999999943,-2.5999999999999943,-8.599999999999994,13.5,8.099999999999994,0.30000000000001137,12.799999999999997,5.5,7.299999999999997,2.299999999999997,10.299999999999997,-3.9000000000000057
20212309,2021,South,Second Round,2021 South Florida,2021 North Carolina St.,8,1,0,-5.3,-0.05589999999999995,-4.0,25.599999999999994,32.19999999999999,1.2999999999999972,14.299999999999997,2.6000000000000085,-4.099999999999994,15.5,2.4000000000000057,14.0,-4.799999999999997,1.7999999999999972,13.099999999999994,0.0,11.799999999999997,5.299999999999997,7.199999999999989
20222309,2022,West,Second Round,2022 Kansas,2022 Stanford,8,1,0,-11.2,-0.058699999999999974,3.0,27.099999999999994,34.900000000000006,8.300000000000011,9.599999999999994,0.7000000000000028,-2.8000000000000114,0.29999999999999716,6.8999999999999915,9.799999999999997,2.299999999999997,11.199999999999989,10.5,0.8000000000000114,5.400000000000006,-0.8000000000000114,-2.5
20232309,2023,West,Second Round,2023 South Dakota St.,2023 Virginia Tech,9,1,0,-8.899999999999999,-0.05249999999999999,2.700000000000003,26.099999999999994,33.39999999999998,12.0,9.099999999999994,-1.6999999999999886,-1.0,8.900000000000006,10.200000000000003,13.600000000000009,3.5,12.900000000000006,11.400000000000006,6.700000000000003,3.3000000000000114,6.800000000000011,3.8000000000000114
20242309,2024,East,Second Round,2024 West Virginia,2024 Iowa,8,1,0,-6.8,-0.010400000000000076,-3.6999999999999886,22.099999999999994,52.39999999999998,4.700000000000003,14.199999999999989,1.5,-14.900000000000006,4.299999999999997,-0.09999999999999432,9.799999999999997,-1.3999999999999915,6.199999999999989,15.699999999999989,1.3000000000000114,8.400000000000006,-2.1999999999999886,14.599999999999994
20252309b,2025,East,Second Round,2025 Illinois,2025 Texas,8,1,0,-10.7,-0.021500000000000075,-1.8999999999999915,39.80000000000001,36.39999999999998,6.299999999999997,4.0,-10.699999999999989,-0.9000000000000057,0.7999999999999972,16.400000000000006,0.29999999999999716,10.0,5.200000000000003,3.8000000000000114,6.0,2.0,3.0,-12.700000000000003
20212409,2021,Midwest,Second Round,2021 Syracuse,2021 Connecticut,8,1,0,-5.300000000000001,-0.07929999999999993,1.4000000000000057,36.30000000000001,30.30000000000001,9.400000000000006,12.200000000000003,-3.0999999999999943,-0.5999999999999943,10.600000000000009,3.1999999999999886,16.299999999999997,-4.400000000000006,11.900000000000006,16.200000000000003,3.299999999999997,2.5,0.7999999999999972,-2.0999999999999943
20222409,2022,East,Second Round,2022 Kansas St.,2022 North Carolina St.,9,1,0,-10.6,-0.04469999999999996,0.5,25.0,40.30000000000001,5.299999999999997,10.0,-1.5,-4.799999999999997,2.4000000000000057,5.900000000000006,9.900000000000006,-4.800000000000011,7.800000000000011,10.599999999999994,0.30000000000001137,5.5,-2.0999999999999943,2.299999999999997
20232409,2023,East,Second Round,2023 Mississippi,2023 Stanford,8,1,1,-6.5,-0.02059999999999995,0.0,27.100000000000023,42.5,7.800000000000011,12.900000000000006,4.3999999999999915,-4.099999999999994,11.599999999999994,11.900000000000006,5.400000000000006,-4.699999999999989,12.599999999999994,12.400000000000006,-1.1999999999999886,9.299999999999997,-8.599999999999994,9.0
20242409,2024,West,Second Round,2024 Kansas,2024 USC,8,1,0,-7.6,-0.03149999999999997,-2.200000000000003,30.80000000000001,31.099999999999994,5.5,3.9000000000000057,-2.8000000000000114,-4.1000000000000085,-1.0999999999999943,1.1999999999999886,8.0,3.799999999999997,6.5,3.0,2.0999999999999943,3.6999999999999886,-0.8999999999999915,2.3000000000000114
20252409b,2025,West,Second Round,2025 Mississippi St.,2025 USC,9,1,0,-10.7,-0.03199999999999992,-3.0999999999999943,37.900000000000006,33.80000000000001,10.299999999999997,5.300000000000011,-2.3999999999999915,-3.8999999999999915,10.0,8.599999999999994,-1.0,5.400000000000006,12.599999999999994,6.599999999999994,3.4000000000000057,1.8000000000000114,2.5999999999999943,-3.9000000000000057
20213113,2021,East,Sweet 16,2021 Missouri St.,2021 Stanford,5,1,0,-8.3,-0.04609999999999992,-0.5,32.599999999999994,43.19999999999999,8.900000000000006,8.800000000000011,-3.5,-5.299999999999997,10.100000000000009,19.0,2.3000000000000114,-7.199999999999989,10.299999999999997,7.800000000000011,4.0,7.300000000000011,-7.099999999999994,0.19999999999998863
20223113,2022,South,Sweet 16,2022 North Carolina,2022 South Carolina,5,1,0,-9.600000000000001,-0.007699999999999929,5.400000000000006,37.400000000000006,43.19999999999999,9.299999999999997,7.400000000000006,-1.0,-4.700000000000003,11.199999999999989,19.30000000000001,9.299999999999997,11.400000000000006,10.099999999999994,7.199999999999989,4.200000000000003,5.300000000000011,4.599999999999994,-13.200000000000003
20233113,2023,South,Sweet 16,2023 UCLA,2023 South Carolina,4,1,0,-8.6,-0.030000000000000027,0.5,39.400000000000006,43.19999999999999,10.0,7.299999999999997,-0.9000000000000057,-4.0,14.200000000000003,20.5,2.5,0.5999999999999943,10.599999999999994,10.5,5.099999999999994,-1.0999999999999943,8.5,-7.0
20243113,2024,South,Sweet 16,2024 Indiana,2024 South Carolina,4,1,0,-7.6,-0.014699999999999935,-3.200000000000003,43.80000000000001,40.099999999999994,22.099999999999994,9.599999999999994,-2.799999999999997,-1.7999999999999972,-3.0999999999999943,15.299999999999997,6.599999999999994,3.799999999999997,22.69999999999999,8.900000000000006,13.5,8.299999999999997,4.799999999999997,-4.099999999999994
20253113b,2025,South,Sweet 16,2025 Mississippi,2025 UCLA,5,1,0,-9.899999999999999,-0.008599999999999941,-0.5,38.69999999999999,43.69999999999999,6.900000000000006,7.900000000000006,-2.0,-7.699999999999989,14.299999999999997,12.099999999999994,9.700000000000003,-4.799999999999997,9.300000000000011,9.699999999999989,0.8000000000000114,2.9000000000000057,-5.800000000000011,9.099999999999994
20213213,2021,West,Sweet 16,2021 Georgia Tech,2021 South Carolina,5,1,0,-7.2,-0.0393,-5.900000000000006,34.39999999999998,30.0,7.299999999999997,2.5,-1.2999999999999972,-0.19999999999998863,6.299999999999997,14.600000000000009,2.299999999999997,9.700000000000003,7.299999999999997,3.5,4.799999999999997,0.30000000000001137,7.099999999999994,-5.900000000000006
20223213,2022,Midwest,Sweet 16,2022 Tennessee,2022 Louisville,4,1,0,-1.5999999999999996,-0.022299999999999986,3.9000000000000057,26.400000000000006,38.19999999999999,3.9000000000000057,11.599999999999994,-4.099999999999994,2.4000000000000057,12.700000000000003,9.799999999999997,1.7000000000000028,-1.8000000000000114,4.900000000000006,11.599999999999994,1.1999999999999886,8.900000000000006,-8.700000000000003,-9.599999999999994
20243213,2024,Midwest,Sweet 16,2024 Gonzaga,2024 Texas,4,1,0,-5.5,-0.012399999999999967,-2.1999999999999886,45.30000000000001,35.400000000000006,12.5,8.200000000000003,-8.799999999999997,-3.5999999999999943,12.0,14.299999999999997,-3.799999999999997,13.299999999999997,11.799999999999997,6.800000000000011,8.5,8.0,6.799999999999997,-16.299999999999997
20253213b,2025,Midwest,Sweet 16,2025 Maryland,2025 South Carolina,4,1,0,-9.0,-0.020000000000000018,2.799999999999997,47.70000000000002,37.80000000000001,11.5,3.9000000000000057,-1.3000000000000114,-4.0,8.400000000000006,9.299999999999997,16.30000000000001,-1.0,12.0,4.599999999999994,6.900000000000006,1.7000000000000028,-0.20000000000000284,-7.400000000000006
20213313,2021,South,Sweet 16,2021 Indiana,2021 North Carolina St.,4,1,1,-2.5999999999999996,-0.0049000000000000155,1.0999999999999943,30.69999999999999,38.30000000000001,7.200000000000003,10.299999999999997,-2.1999999999999886,-3.6999999999999886,4.200000000000003,6.5,12.5,1.9000000000000057,10.900000000000006,11.200000000000003,-0.7999999999999972,5.099999999999994,-12.200000000000003,4.900000000000006
20223313,2022,West,Sweet 16,2022 Maryland,2022 Stanford,4,1,0,-8.399999999999999,-0.019399999999999973,1.8999999999999915,39.30000000000001,32.60000000000002,8.599999999999994,2.0999999999999943,-4.5,-6.5,11.0,6.599999999999994,1.5,4.299999999999997,10.400000000000006,2.5999999999999943,2.9000000000000057,0.5999999999999943,-1.0,-1.1999999999999886
20233313,2023,West,Sweet 16,2023 Tennessee,2023 Virginia Tech,4,1,0,-4.1,-0.005700000000000038,4.799999999999997,33.39999999999998,37.599999999999994,6.900000000000006,8.0,0.6000000000000085,-0.09999999999999432,15.700000000000003,4.0,8.800000000000011,2.8000000000000114,8.200000000000003,9.400000000000006,2.3000000000000114,3.3000000000000114,-0.19999999999998863,8.099999999999994
20243313,2024,East,Sweet 16,2024 Colorado,2024 Iowa,5,1,0,-4.9,-0.011200000000000099,-4.799999999999997,29.19999999999999,47.099999999999994,5.5,13.199999999999989,0.20000000000000284,-5.6000000000000085,6.400000000000006,6.6000000000000085,3.4000000000000057,1.0,4.799999999999997,17.099999999999994,4.700000000000003,4.200000000000003,-7.699999999999989,12.5
20253313b,2025,East,Sweet 16,2025 Tennessee,2025 Texas,5,1,0,-8.7,-0.012300000000000089,7.800000000000011,45.0,36.0,8.700000000000003,0.5999999999999943,-11.0,-9.599999999999994,9.799999999999997,10.299999999999997,-9.200000000000003,2.700000000000003,10.200000000000003,-0.4000000000000057,4.099999999999994,0.9000000000000057,16.10000000000001,-11.900000000000006
20213413,2021,Midwest,Sweet 16,2021 Iowa,2021 Connecticut,5,1,0,-2.3,-0.040899999999999936,2.5999999999999943,55.30000000000001,20.69999999999999,21.400000000000006,5.900000000000006,-6.300000000000011,2.5999999999999943,4.300000000000011,4.199999999999989,12.599999999999994,-2.9000000000000057,21.400000000000006,8.400000000000006,14.0,0.29999999999999716,1.7999999999999972,-4.5
20223413,2022,East,Sweet 16,2022 Notre Dame,2022 North Carolina St.,5,1,0,-7.2,-0.030000000000000027,3.0,30.599999999999994,38.5,8.599999999999994,8.199999999999989,-0.20000000000000284,-5.5,8.200000000000003,6.400000000000006,5.700000000000003,4.800000000000011,10.099999999999994,8.599999999999994,3.5999999999999943,5.099999999999994,-7.0,-1.7000000000000028
20243413,2024,West,Sweet 16,2024 Baylor,2024 USC,5,1,0,-5.199999999999999,-0.0044999999999999485,3.299999999999997,28.5,39.5,7.099999999999994,5.200000000000003,-0.4000000000000057,-8.299999999999997,7.599999999999994,8.300000000000011,-2.0999999999999943,5.1000000000000085,8.5,1.0,2.5999999999999943,9.5,5.6000000000000085,4.099999999999994
20253413b,2025,West,Sweet 16,2025 Kansas St.,2025 USC,5,1,0,-8.100000000000001,-0.007399999999999962,-4.200000000000003,46.0,36.5,15.299999999999997,7.800000000000011,-7.299999999999997,-1.5,3.5,11.5,-4.3999999999999915,11.700000000000003,15.5,8.799999999999997,9.300000000000011,3.5999999999999943,6.400000000000006,-1.0
20214115,2021,East,Elite Eight,2021 Louisville,2021 Stanford,2,1,0,-5.000000000000001,-0.014100000000000001,-0.5999999999999943,45.89999999999998,41.39999999999998,15.599999999999994,11.700000000000003,-5.5,-3.700000000000003,7.900000000000006,8.0,-3.0999999999999943,-8.900000000000006,16.599999999999994,10.400000000000006,9.099999999999994,9.5,-1.7999999999999972,6.800000000000011
20224115,2022,South,Elite Eight,2022 Creighton,2022 South Carolina,10,1,0,-14.700000000000001,-0.05489999999999995,0.0,43.60000000000002,26.5,18.099999999999994,0.5,-0.7000000000000028,0.29999999999999716,6.0,19.400000000000006,-1.0999999999999943,8.0,18.5,2.4000000000000057,9.799999999999997,-2.5999999999999943,22.400000000000006,-4.400000000000006
20234115,2023,South,Elite Eight,2023 Maryland,2023 South Carolina,2,1,0,-6.799999999999999,-0.01990000000000003,4.700000000000003,42.900000000000006,43.5,14.699999999999989,3.0,-2.200000000000003,-7.700000000000003,7.300000000000011,15.5,5.299999999999997,9.5,14.099999999999994,5.799999999999997,10.299999999999997,-2.0999999999999943,3.3000000000000114,-16.30000000000001
20244115,2024,South,Elite Eight,2024 Oregon St.,2024 South Carolina,3,1,0,-6.9,-0.016799999999999926,-5.300000000000011,39.19999999999999,42.5,16.799999999999997,14.800000000000011,-2.3999999999999915,4.400000000000006,0.4000000000000057,15.299999999999997,3.5,10.0,18.0,14.099999999999994,9.199999999999989,11.600000000000009,6.5,-4.0
20254115b,2025,South,Elite Eight,2025 LSU,2025 UCLA,3,1,0,-5.299999999999999,-0.006700000000000039,4.700000000000003,40.30000000000001,43.69999999999999,8.700000000000003,11.700000000000003,-2.0,-1.4000000000000057,15.5,10.700000000000003,9.0,-1.2000000000000028,10.0,12.599999999999994,4.700000000000003,6.299999999999997,-11.300000000000011,-3.0
20214215,2021,West,Elite Eight,2021 Texas,2021 South Carolina,6,1,0,-6.5,-0.02639999999999998,-2.9000000000000057,32.5,33.80000000000001,5.0,0.29999999999999716,-0.29999999999999716,-8.0,11.399999999999991,13.5,7.0,0.29999999999999716,4.0,0.0,5.099999999999994,1.3000000000000114,2.0,-5.900000000000006
20224215,2022,Midwest,Elite Eight,2022 Michigan,2022 Louisville,3,1,0,-3.0999999999999996,-0.014000000000000012,0.4000000000000057,33.19999999999999,35.30000000000001,8.299999999999997,6.200000000000003,-4.900000000000006,-1.5999999999999943,10.600000000000009,10.900000000000006,4.799999999999997,-3.0999999999999943,10.099999999999994,6.300000000000011,2.6999999999999886,4.800000000000011,-5.800000000000011,-6.300000000000011
20244215,2024,Midwest,Elite Eight,2024 North Carolina St.,2024 Texas,3,1,1,-1.7999999999999998,-0.008299999999999974,0.4000000000000057,34.89999999999998,44.60000000000002,3.9000000000000057,12.599999999999994,-10.599999999999994,0.5,3.0,16.299999999999997,1.7000000000000028,19.200000000000003,5.199999999999989,14.099999999999994,0.7999999999999972,7.099999999999994,-2.0999999999999943,-16.299999999999997
20254215b,2025,Midwest,Elite Eight,2025 Duke,2025 South Carolina,2,1,0,-6.199999999999999,-0.0040999999999999925,-1.2000000000000028,39.30000000000001,52.400000000000006,9.099999999999994,8.299999999999997,-2.0999999999999943,-11.5,10.200000000000003,9.200000000000003,4.400000000000006,-0.4000000000000057,10.0,9.0,4.599999999999994,4.299999999999997,0.0,-0.9000000000000057
20224315,2022,West,Elite Eight,2022 Texas,2022 Stanford,2,1,0,-5.1,-0.007699999999999929,-1.4000000000000057,33.599999999999994,40.80000000000001,7.400000000000006,8.099999999999994,-2.0999999999999943,-11.199999999999989,10.200000000000003,7.8999999999999915,6.299999999999997,-10.200000000000003,9.299999999999997,6.700000000000003,3.0,7.199999999999989,-7.6000000000000085,3.5
20234315,2023,West,Elite Eight,2023 Ohio St.,2023 Virginia Tech,3,1,0,-3.0999999999999996,-0.021700000000000053,7.099999999999994,30.0,35.39999999999998,10.300000000000011,4.400000000000006,-2.3999999999999915,-7.0,4.400000000000006,1.0,6.1000000000000085,3.0999999999999943,11.400000000000006,3.0,5.200000000000003,4.699999999999989,7.200000000000003,5.800000000000011
20244315,2024,East,Elite Eight,2024 LSU,2024 Iowa,3,1,0,-3.5999999999999996,-0.0016000000000000458,-0.29999999999999716,34.19999999999999,48.30000000000001,3.9000000000000057,17.099999999999994,0.9000000000000057,-8.100000000000009,18.900000000000006,2.799999999999997,17.299999999999997,4.0,4.599999999999994,19.900000000000006,1.0,8.600000000000009,-18.5,10.900000000000006
20254315b,2025,East,Elite Eight,2025 TCU,2025 Texas,2,1,0,-3.6999999999999993,-0.0046000000000000485,-2.799999999999997,51.5,36.39999999999998,13.5,7.400000000000006,-10.699999999999989,-0.7000000000000028,4.199999999999989,16.099999999999994,-6.0,9.0,12.900000000000006,10.700000000000003,9.299999999999997,-2.3000000000000114,16.400000000000006,-9.799999999999997
20214415,2021,Midwest,Elite Eight,2021 Baylor,2021 Connecticut,2,1,0,3.1000000000000005,-0.0015999999999999348,2.200000000000003,43.5,45.69999999999999,13.300000000000011,20.5,-3.5,-3.6999999999999886,21.30000000000001,13.699999999999989,14.599999999999994,-4.699999999999989,14.700000000000003,24.400000000000006,6.099999999999994,8.0,-20.5,-1.5
20224415,2022,East,Elite Eight,2022 Connecticut,2022 North Carolina St.,2,1,1,-6.0,-0.0020000000000000018,-0.20000000000000284,36.400000000000006,44.599999999999994,14.299999999999997,12.199999999999989,-0.30000000000001137,-5.799999999999997,9.0,7.599999999999994,3.3000000000000114,4.5,17.200000000000003,12.0,5.800000000000011,8.5,-0.5,-3.4000000000000057
20244415,2024,West,Elite Eight,2024 Connecticut,2024 USC,3,1,1,-0.8999999999999986,0.008900000000000019,1.5999999999999943,43.099999999999994,39.80000000000001,11.799999999999997,7.099999999999994,-4.099999999999994,-6.400000000000006,3.8000000000000114,6.599999999999994,-1.4000000000000057,9.200000000000003,13.599999999999994,5.300000000000011,5.099999999999994,7.199999999999989,1.5,-3.0
20254415b,2025,West,Elite Eight,2025 Connecticut,2025 USC,2,1,1,-2.3000000000000007,0.0029000000000000137,-5.200000000000003,58.89999999999998,45.60000000000002,17.599999999999994,8.700000000000003,-10.199999999999989,-7.5,4.3999999999999915,11.0,-8.099999999999994,14.799999999999997,19.5,10.900000000000006,8.900000000000006,3.4000000000000057,6.599999999999994,-8.0
20215516,2021,Final Four,Final Four,2021 Stanford,2021 South Carolina,1,1,1,2.3000000000000007,0.005099999999999993,-1.5,49.69999999999999,42.0,13.5,10.099999999999994,-1.5,-3.0999999999999943,13.099999999999994,16.60000000000001,-1.4000000000000057,7.900000000000006,12.599999999999994,10.299999999999997,9.900000000000006,7.599999999999994,12.199999999999989,-15.200000000000003
20225516,2022,Final Four,Final Four,2022 South Carolina,2022 Louisville,1,1,1,6.200000000000001,0.006399999999999961,-1.0999999999999943,38.30000000000001,45.900000000000006,6.199999999999989,14.599999999999994,-6.200000000000003,1.5,16.80000000000001,12.0,2.0999999999999943,0.4000000000000057,7.400000000000006,14.400000000000006,2.4000000000000057,9.599999999999994,-6.900000000000006,3.8000000000000114
20215516,2021,Final Four,Final Four,2021 South Carolina,2021 Stanford,1,1,0,-2.3000000000000007,-0.005099999999999993,1.5,42.0,49.69999999999999,10.099999999999994,13.5,-3.0999999999999943,-1.5,16.60000000000001,13.099999999999994,7.900000000000006,-1.4000000000000057,10.299999999999997,12.599999999999994,7.599999999999994,9.900000000000006,-15.200000000000003,12.199999999999989
20225516,2022,Final Four,Final Four,2022 Louisville,2022 South Carolina,1,1,0,-6.200000000000001,-0.006399999999999961,1.0999999999999943,45.900000000000006,38.30000000000001,14.599999999999994,6.199999999999989,1.5,-6.200000000000003,12.0,16.80000000000001,0.4000000000000057,2.0999999999999943,14.400000000000006,7.400000000000006,9.599999999999994,2.4000000000000057,3.8000000000000114,-6.900000000000006
20235516,2023,Final Four,Final Four,2023 Iowa,2023 South Carolina,2,1,1,-6.299999999999999,-0.011500000000000066,5.700000000000003,52.400000000000006,40.5,23.400000000000006,4.799999999999997,-1.4000000000000057,-0.3999999999999915,3.0,24.80000000000001,9.599999999999994,7.799999999999997,26.0,5.199999999999989,11.700000000000003,1.7000000000000028,12.5,-15.800000000000011
20245516,2024,Final Four,Final Four,2024 North Carolina St.,2024 South Carolina,3,1,0,-6.3,-0.010499999999999954,-1.9000000000000057,37.89999999999998,46.19999999999999,11.5,14.200000000000003,-4.099999999999994,-0.5,2.0,15.299999999999997,8.0,13.100000000000009,12.899999999999991,14.400000000000006,5.599999999999994,10.400000000000006,-1.4000000000000057,-9.599999999999994
20255516b,2025,Final Four,Final Four,2025 Connecticut,2025 UCLA,2,1,1,-3.5,0.0031999999999999806,-0.10000000000000853,54.400000000000006,51.80000000000001,17.299999999999997,13.300000000000011,-5.5,-5.599999999999994,4.299999999999997,14.5,-3.5,8.599999999999994,19.30000000000001,16.799999999999997,8.900000000000006,4.799999999999997,3.8999999999999915,-5.799999999999997
20215517,2021,Final Four,Final Four,2021 Arizona,2021 Connecticut,3,1,1,-1.7000000000000002,-0.010000000000000009,-0.9000000000000057,36.19999999999999,43.69999999999999,7.700000000000003,15.099999999999994,-7.200000000000003,-5.900000000000006,4.700000000000003,8.5,11.299999999999997,-3.5999999999999943,7.599999999999994,19.900000000000006,5.3999999999999915,2.799999999999997,-6.700000000000003,0.7999999999999972
20235517,2023,Final Four,Final Four,2023 LSU,2023 Virginia Tech,3,1,1,-1.6999999999999993,0.0046999999999999265,5.700000000000003,37.599999999999994,40.69999999999999,9.400000000000006,11.799999999999997,-1.0,-4.3999999999999915,21.599999999999994,6.099999999999994,14.300000000000011,4.0,9.200000000000003,11.800000000000011,7.099999999999994,8.0,-3.799999999999997,5.300000000000011
20255517a,2025,Final Four,Final Four,2025 South Carolina,2025 Texas,1,1,1,2.1999999999999993,0.0014999999999999458,0.6000000000000085,52.099999999999994,45.60000000000002,9.0,8.700000000000003,-11.699999999999989,-4.700000000000003,9.299999999999997,11.700000000000003,-4.800000000000011,12.900000000000006,9.200000000000003,11.0,5.599999999999994,0.9000000000000057,0.5,-12.100000000000009
20225517,2022,Final Four,Final Four,2022 Connecticut,2022 Stanford,2,1,1,-7.199999999999999,-0.0012999999999999678,-1.2000000000000028,37.400000000000006,42.0,14.900000000000006,10.599999999999994,-1.9000000000000057,-4.599999999999994,6.0,10.899999999999991,-4.800000000000011,8.400000000000006,20.5,10.599999999999994,1.3000000000000114,7.0,4.699999999999989,-2.3000000000000114
20245517,2024,Final Four,Final Four,2024 Connecticut,2024 Iowa,3,1,0,-1.1999999999999993,0.0045999999999999375,-4.599999999999994,37.30000000000001,52.80000000000001,9.299999999999997,17.400000000000006,-1.0,-5.900000000000006,5.900000000000006,5.400000000000006,2.4000000000000057,8.700000000000003,10.299999999999997,19.400000000000006,4.700000000000003,9.799999999999997,-6.199999999999989,7.900000000000006
20255517b,2025,Final Four,Final Four,2025 Texas,2025 South Carolina,1,1,0,-2.1999999999999993,-0.0014999999999999458,-0.6000000000000085,45.60000000000002,52.099999999999994,8.700000000000003,9.0,-4.700000000000003,-11.699999999999989,11.700000000000003,9.299999999999997,12.900000000000006,-4.800000000000011,11.0,9.200000000000003,0.9000000000000057,5.599999999999994,-12.100000000000009,0.5
20245618,2024,Final Four,Championship,2024 South Carolina,2024 Iowa,1,1,1,3.5,0.005799999999999916,-3.1999999999999886,37.80000000000001,54.89999999999998,8.599999999999994,22.799999999999997,-1.0999999999999943,-3.799999999999997,14.5,3.0,6.0,8.0,7.299999999999997,25.89999999999999,8.600000000000009,11.5,-13.900000000000006,14.0
20255618a,2025,Final Four,Championship,2025 Connecticut,2025 South Carolina,2,1,1,-5.6,0.0010999999999999899,-0.6000000000000085,58.30000000000001,53.5,18.0,10.599999999999994,-7.799999999999997,-9.800000000000011,1.0,12.700000000000003,-1.2999999999999972,8.900000000000006,19.900000000000006,12.400000000000006,9.0,5.299999999999997,7.3999999999999915,-13.699999999999989
20215618,2021,Final Four,Championship,2021 Arizona,2021 Stanford,3,1,0,-6.800000000000001,-0.01100000000000001,-0.4000000000000057,35.30000000000001,50.19999999999999,8.400000000000006,11.599999999999994,-4.0,-7.5,3.200000000000003,9.900000000000006,1.4000000000000057,-6.599999999999994,8.400000000000006,13.300000000000011,5.799999999999997,4.900000000000006,-5.099999999999994,5.699999999999989
20225618,2022,Final Four,Championship,2022 Connecticut,2022 South Carolina,2,1,0,-8.4,-0.005599999999999938,1.0,44.80000000000001,39.69999999999999,18.69999999999999,7.099999999999994,1.1999999999999886,-2.0,8.799999999999997,18.5,0.9000000000000057,13.5,21.80000000000001,8.299999999999997,7.099999999999994,3.1999999999999886,10.800000000000011,-10.900000000000006
20245618,2024,Final Four,Championship,2024 Iowa,2024 South Carolina,1,1,0,-3.5,-0.005799999999999916,3.1999999999999886,54.89999999999998,37.80000000000001,22.799999999999997,8.599999999999994,-3.799999999999997,-1.0999999999999943,3.0,14.5,8.0,6.0,25.89999999999999,7.299999999999997,11.5,8.600000000000009,14.0,-13.900000000000006
20211102,2021,East,First Round,2021 Marist,2021 Louisville,15,2,0,-9.8,-0.3338,-4.5,10.300000000000011,29.599999999999994,5.099999999999994,14.400000000000006,-1.3000000000000114,-8.0,3.9000000000000057,5.0,-4.700000000000003,-0.5999999999999943,3.4000000000000057,14.400000000000006,6.0,9.5,0.8000000000000114,-1.2999999999999972
20221102,2022,South,First Round,2022 Illinois St.,2022 Iowa,15,2,0,-13.6,-0.3693000000000001,-8.400000000000006,11.300000000000011,23.69999999999999,4.199999999999989,10.099999999999994,1.9000000000000057,-0.3999999999999915,-2.5,-1.3000000000000114,8.0,4.400000000000006,3.799999999999997,13.699999999999989,3.700000000000003,2.4000000000000057,-6.099999999999994,-2.700000000000003
20231102,2023,South,First Round,2023 Holy Cross,2023 Maryland,15,2,0,-14.0,-0.5063,-7.599999999999994,8.699999999999989,22.5,0.09999999999999432,8.199999999999989,-3.3000000000000114,-4.200000000000003,-3.6999999999999886,2.6999999999999886,1.5999999999999943,5.900000000000006,1.5999999999999943,7.800000000000011,-1.2999999999999972,6.0,-9.300000000000011,0.5
20241102,2024,South,First Round,2024 Kent St.,2024 Notre Dame,15,2,0,-14.0,-0.2987000000000001,-3.5,24.30000000000001,17.30000000000001,5.200000000000003,4.699999999999989,-6.0,-1.2000000000000028,3.4000000000000057,9.700000000000003,4.5,1.8000000000000114,4.5,4.099999999999994,4.400000000000006,4.400000000000006,2.799999999999997,-11.200000000000003
20251102b,2025,South,First Round,2025 Vermont,2025 North Carolina St.,15,2,0,-18.6,-0.1997000000000001,-8.299999999999997,17.5,30.19999999999999,7.700000000000003,6.800000000000011,0.9000000000000057,-7.799999999999997,0.09999999999999432,3.5999999999999943,2.3999999999999915,1.3999999999999915,8.5,7.400000000000006,4.200000000000003,3.4000000000000057,-4.200000000000003,2.6999999999999886
20211202,2021,West,First Round,2021 Mount St. Mary's,2021 Maryland,15,2,0,-15.6,-0.5449999999999999,-2.700000000000003,10.800000000000011,32.80000000000001,2.799999999999997,13.099999999999994,-0.9000000000000057,-7.799999999999997,1.0999999999999943,12.900000000000006,-0.7999999999999972,1.0,2.700000000000003,12.099999999999994,1.3000000000000114,10.200000000000003,5.800000000000011,2.3000000000000114
20221202,2022,Midwest,First Round,2022 Hawaii,2022 Baylor,15,2,0,-13.2,-0.41269999999999996,-1.5,15.5,22.69999999999999,6.0,7.200000000000003,1.0999999999999943,-3.299999999999997,2.9000000000000057,1.7999999999999972,11.199999999999989,3.4000000000000057,6.199999999999989,7.799999999999997,2.8999999999999915,4.200000000000003,8.900000000000006,-4.6000000000000085
20231202,2023,Midwest,First Round,2023 Gardner Webb,2023 Utah,15,2,0,-10.2,-0.5166,-0.09999999999999432,11.800000000000011,22.5,3.8000000000000114,8.0,-1.0999999999999943,-10.299999999999997,8.900000000000006,0.29999999999999716,4.0,-0.20000000000000284,4.599999999999994,8.5,1.1000000000000085,5.199999999999989,5.8999999999999915,11.5
20241202,2024,Midwest,First Round,2024 Norfolk St.,2024 Stanford,15,2,0,-13.399999999999999,-0.39459999999999995,-1.5999999999999943,13.100000000000023,32.599999999999994,4.799999999999997,10.700000000000003,3.700000000000003,-12.699999999999989,9.5,9.800000000000011,9.299999999999997,-8.099999999999994,5.5,12.0,2.5999999999999943,5.900000000000006,-3.9000000000000057,-5.800000000000011
20251202b,2025,Midwest,First Round,2025 Lehigh,2025 Duke,15,2,0,-14.6,-0.34840000000000004,1.0999999999999943,25.0,19.69999999999999,8.199999999999989,3.1999999999999886,-7.0,-5.400000000000006,-3.6999999999999886,11.299999999999997,2.700000000000003,0.4000000000000057,10.799999999999997,1.0,2.6999999999999886,5.299999999999997,17.400000000000006,-6.099999999999994
20211302,2021,South,First Round,2021 Troy,2021 Texas A&M,15,2,0,-12.200000000000001,-0.33009999999999995,10.700000000000003,17.19999999999999,16.69999999999999,0.7000000000000028,8.0,-3.8999999999999915,-1.7000000000000028,13.799999999999997,3.799999999999997,9.700000000000003,6.800000000000011,1.9000000000000057,6.800000000000011,0.09999999999999432,8.699999999999989,-11.699999999999989,-11.400000000000006
20221302,2022,West,First Round,2022 Fairfield,2022 Texas,15,2,0,-11.8,-0.3467,-3.700000000000003,21.100000000000023,17.0,4.900000000000006,3.0999999999999943,-12.799999999999997,-3.9000000000000057,-2.6000000000000085,8.600000000000009,-13.300000000000011,13.200000000000003,3.0,1.5,6.099999999999994,6.0,0.5,-19.299999999999997
20231302,2023,West,First Round,2023 Vermont,2023 Connecticut,15,2,0,-15.9,-0.47030000000000005,-7.400000000000006,16.400000000000006,27.19999999999999,8.599999999999994,14.0,0.8000000000000114,1.1999999999999886,4.400000000000006,6.3999999999999915,4.299999999999997,6.900000000000006,6.699999999999989,14.300000000000011,9.0,8.700000000000003,-8.099999999999994,1.9000000000000057
20241302,2024,East,First Round,2024 California Baptist,2024 UCLA,15,2,0,-11.1,-0.35839999999999994,6.700000000000003,21.69999999999999,24.19999999999999,7.700000000000003,6.299999999999997,-3.200000000000003,-0.30000000000001137,3.1999999999999886,14.800000000000011,0.0,-1.0999999999999943,11.400000000000006,6.400000000000006,0.29999999999999716,3.700000000000003,12.599999999999994,-10.299999999999997
20251302b,2025,East,First Round,2025 Fairleigh Dickinson,2025 TCU,15,2,0,-12.4,-0.5761000000000001,-2.5,12.399999999999977,26.900000000000006,7.0,12.299999999999997,-0.8000000000000114,-3.0,7.699999999999989,4.800000000000011,-1.0999999999999943,5.599999999999994,8.0,12.599999999999994,1.2999999999999972,7.200000000000003,13.5,13.599999999999994
20211402,2021,Midwest,First Round,2021 Jackson St.,2021 Baylor,15,2,0,-12.8,-0.3329000000000001,-2.4000000000000057,22.19999999999999,25.69999999999999,10.299999999999997,11.599999999999994,1.8000000000000114,0.0,17.799999999999997,15.900000000000006,11.5,-0.7999999999999972,10.0,16.299999999999997,9.400000000000006,-1.7999999999999972,-10.5,-10.400000000000006
20221402,2022,East,First Round,2022 Mercer,2022 Connecticut,15,2,0,-9.6,-0.3671,0.5999999999999943,15.899999999999977,26.5,5.599999999999994,15.699999999999989,-4.099999999999994,-4.400000000000006,2.8999999999999915,1.0,7.900000000000006,-6.400000000000006,4.700000000000003,16.700000000000003,8.199999999999989,9.199999999999989,-17.200000000000003,2.5999999999999943
20231402,2023,East,First Round,2023 Southeastern Louisiana,2023 Iowa,15,2,0,-14.100000000000001,-0.5286,-7.799999999999997,2.3000000000000114,35.0,-1.5,13.599999999999994,0.9000000000000057,-7.5,4.099999999999994,0.20000000000000284,1.2000000000000028,5.5,-2.200000000000003,18.599999999999994,0.0,2.9000000000000057,-13.400000000000006,5.099999999999994
20241402,2024,West,First Round,2024 Maine,2024 Ohio St.,15,2,0,-14.4,-0.3205,-5.3999999999999915,19.600000000000023,22.900000000000006,0.5,8.0,-9.099999999999994,-4.0,3.799999999999997,3.6000000000000085,-8.400000000000006,5.5,0.9000000000000057,7.800000000000011,0.29999999999999716,5.599999999999994,8.400000000000006,6.6000000000000085
20251402b,2025,West,First Round,2025 Arkansas St.,2025 Connecticut,15,2,0,-19.3,-0.43379999999999996,5.0,22.5,39.5,5.300000000000011,12.099999999999994,-5.599999999999994,-10.599999999999994,6.599999999999994,-2.0,8.0,-9.099999999999994,5.199999999999989,11.700000000000003,3.0999999999999943,8.900000000000006,9.599999999999994,7.200000000000003
20212112,2021,East,Second Round,2021 Northwestern,2021 Louisville,7,2,1,-4.1,-0.015499999999999958,-0.4000000000000057,21.80000000000001,39.89999999999998,1.9000000000000057,5.900000000000006,-6.200000000000003,-12.599999999999994,1.9000000000000057,1.4000000000000057,3.200000000000003,-9.200000000000003,3.0999999999999943,6.099999999999994,-1.2000000000000028,3.5999999999999943,-3.5,0.5
20222112,2022,South,Second Round,2022 Creighton,2022 Iowa,10,2,1,-5.8999999999999995,-0.029100000000000015,-7.700000000000003,24.19999999999999,31.400000000000006,9.5,9.599999999999994,0.10000000000000853,-1.5,2.1000000000000085,1.9000000000000057,-5.400000000000006,5.800000000000011,9.299999999999997,13.5,6.200000000000003,0.9000000000000057,11.200000000000003,5.099999999999994
20232112,2023,South,Second Round,2023 Arizona,2023 Maryland,7,2,0,-4.4,-0.019100000000000006,-2.0999999999999943,27.19999999999999,31.0,0.7000000000000028,3.5,-8.900000000000006,-7.700000000000003,-1.3999999999999915,0.5,4.700000000000003,-3.200000000000003,1.5999999999999943,1.5999999999999943,0.4000000000000057,5.3999999999999915,-11.800000000000011,-1.5999999999999943
20242112,2024,South,Second Round,2024 Mississippi,2024 Notre Dame,7,2,0,-4.9,-0.02629999999999999,-5.5,29.30000000000001,31.30000000000001,2.4000000000000057,8.299999999999997,-3.3000000000000114,-4.900000000000006,11.5,6.1000000000000085,15.400000000000006,-0.9000000000000057,3.0999999999999943,9.299999999999997,-1.0999999999999943,3.4000000000000057,-11.200000000000003,0.29999999999999716
20252112a,2025,South,Second Round,2025 Michigan St.,2025 North Carolina St.,7,2,0,-4.5,-0.011900000000000022,2.6000000000000085,29.5,37.89999999999998,5.900000000000006,4.800000000000011,1.2999999999999972,-12.799999999999997,6.099999999999994,-0.29999999999999716,15.799999999999997,-7.700000000000003,6.299999999999997,6.099999999999994,3.5,1.4000000000000057,-2.8000000000000114,-0.4000000000000057
20212212,2021,West,Second Round,2021 Alabama,2021 Maryland,7,2,0,-7.8,-0.06120000000000003,-3.700000000000003,30.100000000000023,38.400000000000006,3.6999999999999886,7.799999999999997,-3.200000000000003,-2.0,-1.5,10.599999999999994,7.800000000000011,8.200000000000003,3.5999999999999943,8.300000000000011,2.1000000000000085,3.700000000000003,5.800000000000011,3.5
20222212,2022,Midwest,Second Round,2022 South Dakota,2022 Baylor,10,2,1,-6.5,-0.03410000000000002,-3.799999999999997,22.80000000000001,36.60000000000002,8.0,9.400000000000006,-5.5,-9.600000000000009,2.200000000000003,4.599999999999994,-2.5,5.300000000000011,10.0,9.5,2.3999999999999915,6.299999999999997,0.9000000000000057,-6.0
20232212,2023,Midwest,Second Round,2023 Princeton,2023 Utah,10,2,0,-7.199999999999999,-0.05279999999999996,-8.0,11.699999999999989,43.60000000000002,0.5999999999999943,14.0,-2.299999999999997,-8.700000000000003,8.400000000000006,6.0,-2.0,8.200000000000003,1.9000000000000057,15.799999999999997,-1.5999999999999943,7.199999999999989,-1.6000000000000085,7.799999999999997
20242212,2024,Midwest,Second Round,2024 Iowa St.,2024 Stanford,7,2,0,-7.0,-0.03500000000000003,0.9000000000000057,33.400000000000006,35.89999999999998,13.599999999999994,7.200000000000003,6.099999999999994,3.1999999999999886,4.099999999999994,16.69999999999999,9.0,3.5,14.099999999999994,8.900000000000006,8.0,3.1999999999999886,5.799999999999997,-7.300000000000011
20252212a,2025,Midwest,Second Round,2025 Oregon,2025 Duke,10,2,0,-7.0,-0.031200000000000006,-0.09999999999999432,34.20000000000002,31.599999999999994,4.199999999999989,3.0999999999999943,-9.5,-3.6999999999999886,1.3000000000000114,9.799999999999997,-0.5999999999999943,-0.7000000000000028,5.299999999999997,4.5,1.0,0.3999999999999915,0.7000000000000028,-3.8000000000000114
20212312,2021,South,Second Round,2021 Iowa St.,2021 Texas A&M,7,2,0,-5.4,-0.011399999999999966,1.2000000000000028,36.0,21.30000000000001,7.400000000000006,4.599999999999994,-4.5,3.5,1.2000000000000028,5.5,5.900000000000006,9.699999999999989,7.800000000000011,4.900000000000006,3.3000000000000114,4.5,10.099999999999994,-11.299999999999997
20222312,2022,West,Second Round,2022 Utah,2022 Texas,7,2,0,-6.0,-0.0262,1.9000000000000057,40.69999999999999,20.69999999999999,8.400000000000006,0.7999999999999972,-8.899999999999991,0.30000000000001137,7.199999999999989,8.200000000000003,-5.700000000000003,4.900000000000006,6.800000000000011,-1.3000000000000114,7.099999999999994,5.099999999999994,14.700000000000003,-10.100000000000009
20232312,2023,West,Second Round,2023 Baylor,2023 Connecticut,7,2,0,-9.7,-0.030200000000000005,0.20000000000000284,30.900000000000006,38.19999999999999,8.099999999999994,10.900000000000006,0.9000000000000057,-0.5,5.699999999999989,7.599999999999994,5.599999999999994,2.6999999999999886,9.400000000000006,10.5,3.8000000000000114,7.6000000000000085,-4.5,-5.0
20242312,2024,East,Second Round,2024 Creighton,2024 UCLA,7,2,0,-4.3,-0.0252,-1.7999999999999972,39.5,31.5,9.900000000000006,6.099999999999994,-5.0,2.1999999999999886,5.199999999999989,14.400000000000006,-8.200000000000003,-0.29999999999999716,12.5,7.299999999999997,2.700000000000003,2.0,8.799999999999997,4.299999999999997
20252312a,2025,East,Second Round,2025 Louisville,2025 TCU,7,2,0,-5.200000000000001,-0.02300000000000002,2.799999999999997,29.80000000000001,40.900000000000006,6.199999999999989,5.400000000000006,2.5,-8.0,12.199999999999989,2.4000000000000057,3.0,-5.900000000000006,8.700000000000003,5.099999999999994,-0.7000000000000028,3.6000000000000085,3.8000000000000114,9.5
20212412,2021,Midwest,Second Round,2021 Virginia Tech,2021 Baylor,7,2,0,-9.700000000000001,-0.034700000000000064,-2.4000000000000057,40.89999999999998,28.80000000000001,14.799999999999997,7.200000000000003,-3.799999999999997,3.1000000000000085,5.0,18.5,-3.5999999999999943,2.5999999999999943,14.0,9.300000000000011,9.5,1.0,11.900000000000006,-16.80000000000001
20222412,2022,East,Second Round,2022 UCF,2022 Connecticut,7,2,0,-1.9000000000000004,-0.027100000000000013,-3.799999999999997,22.099999999999994,40.5,4.099999999999994,15.799999999999997,1.0,-10.099999999999994,12.899999999999991,1.9000000000000057,10.300000000000011,-1.1999999999999886,4.5,21.19999999999999,3.1999999999999886,4.099999999999994,-15.5,-3.799999999999997
20232412,2023,East,Second Round,2023 Georgia,2023 Iowa,10,2,0,-7.4,-0.025499999999999967,-5.299999999999997,17.69999999999999,45.900000000000006,1.0,13.800000000000011,4.900000000000006,-10.300000000000011,13.900000000000006,-4.900000000000006,5.0,3.200000000000003,1.0999999999999943,16.799999999999997,-0.09999999999999432,6.0,-17.599999999999994,0.20000000000000284
20242412,2024,West,Second Round,2024 Duke,2024 Ohio St.,7,2,1,-6.0,-0.015800000000000036,-3.299999999999997,27.5,37.30000000000001,3.5999999999999943,12.400000000000006,-3.4000000000000057,-6.700000000000003,5.799999999999997,-2.200000000000003,-5.299999999999997,-0.3999999999999915,3.9000000000000057,14.800000000000011,1.8999999999999915,3.9000000000000057,-1.6999999999999886,7.400000000000006
20252412a,2025,West,Second Round,2025 South Dakota St.,2025 Connecticut,10,2,0,-8.399999999999999,-0.08250000000000002,-1.5999999999999943,39.0,41.5,14.300000000000011,12.900000000000006,-7.800000000000011,-1.8999999999999915,3.5999999999999943,9.0,11.599999999999994,-6.700000000000003,15.5,13.599999999999994,8.5,7.700000000000003,-4.199999999999989,2.700000000000003
20213114,2021,East,Sweet 16,2021 Oregon,2021 Louisville,6,2,0,-3.6999999999999997,0.0008000000000000229,-0.9000000000000057,34.30000000000001,36.0,9.099999999999994,9.699999999999989,-4.900000000000006,-4.5,4.700000000000003,5.0,-9.700000000000003,-3.200000000000003,7.599999999999994,11.699999999999989,8.099999999999994,3.6999999999999886,4.0,0.6000000000000085
20233114,2023,South,Sweet 16,2023 Notre Dame,2023 Maryland,3,2,0,-0.40000000000000036,0.006399999999999961,-3.0,28.899999999999977,36.900000000000006,2.4000000000000057,9.299999999999997,-4.1000000000000085,-3.6000000000000085,5.200000000000003,4.300000000000011,10.300000000000011,6.0,5.0,8.400000000000006,-1.8999999999999915,7.3999999999999915,-13.400000000000006,1.1999999999999886
20243114,2024,South,Sweet 16,2024 Oregon St.,2024 Notre Dame,3,2,1,-0.7000000000000002,-0.007199999999999984,-5.800000000000011,37.0,30.400000000000006,11.0,10.099999999999994,-6.200000000000003,5.700000000000003,-0.19999999999998863,10.299999999999997,2.6000000000000085,9.900000000000006,10.099999999999994,10.099999999999994,8.400000000000006,6.900000000000006,6.799999999999997,-3.6000000000000085
20253114a,2025,South,Sweet 16,2025 LSU,2025 North Carolina St.,3,2,1,-0.1999999999999993,0.0018999999999999018,2.8000000000000114,35.30000000000001,39.599999999999994,5.400000000000006,8.099999999999994,-0.30000000000001137,-7.0,15.5,0.9000000000000057,13.599999999999994,-1.7000000000000028,5.799999999999997,7.400000000000006,3.9000000000000057,6.0,-14.099999999999994,-4.400000000000006
20213214,2021,West,Sweet 16,2021 Texas,2021 Maryland,6,2,1,-6.6,-0.0262,-3.8000000000000114,21.30000000000001,50.80000000000001,-2.0,8.5,-2.299999999999997,-11.100000000000009,4.799999999999997,11.699999999999989,3.9000000000000057,-3.4000000000000057,-1.4000000000000057,6.599999999999994,-1.5,8.400000000000006,-7.099999999999994,4.900000000000006
20233214,2023,Midwest,Sweet 16,2023 LSU,2023 Utah,3,2,1,-0.1999999999999993,0.011099999999999999,-0.6999999999999886,31.69999999999999,44.80000000000001,5.5,15.5,-2.4000000000000057,-4.8999999999999915,18.599999999999994,7.299999999999997,9.0,7.900000000000006,6.400000000000006,17.099999999999994,2.8000000000000114,8.699999999999989,-5.900000000000006,6.400000000000006
20243214,2024,Midwest,Sweet 16,2024 North Carolina St.,2024 Stanford,3,2,1,-2.3999999999999995,-0.006099999999999994,1.9000000000000057,32.0,45.30000000000001,7.400000000000006,11.700000000000003,1.0,-0.4000000000000057,4.900000000000006,14.699999999999989,12.200000000000003,9.0,9.099999999999994,13.400000000000006,2.799999999999997,5.599999999999994,-3.3000000000000114,-0.5999999999999943
20253214a,2025,Midwest,Sweet 16,2025 North Carolina,2025 Duke,3,2,0,-1.9000000000000004,-0.01100000000000001,-0.29999999999999716,35.400000000000006,36.099999999999994,5.299999999999997,7.799999999999997,-10.400000000000006,-2.5999999999999943,1.7000000000000028,12.599999999999994,-2.799999999999997,0.6000000000000085,4.799999999999997,8.5,3.799999999999997,4.599999999999994,8.0,-5.400000000000006
20213314,2021,South,Sweet 16,2021 Arizona,2021 Texas A&M,3,2,1,-3.3000000000000007,0.014499999999999957,-0.10000000000000853,25.80000000000001,36.599999999999994,2.0999999999999943,9.900000000000006,-4.599999999999994,-5.299999999999997,2.299999999999997,3.4000000000000057,5.5,8.199999999999989,3.700000000000003,10.900000000000006,-0.5,6.599999999999994,-5.400000000000006,-8.900000000000006
20223314,2022,West,Sweet 16,2022 Ohio St.,2022 Texas,6,2,0,-5.199999999999999,-0.033500000000000085,5.700000000000003,32.80000000000001,25.5,9.900000000000006,2.0999999999999943,-12.099999999999994,-4.400000000000006,-3.1000000000000085,9.200000000000003,-9.200000000000003,5.599999999999994,7.5,0.5999999999999943,9.599999999999994,5.099999999999994,5.700000000000003,-9.100000000000009
20233314,2023,West,Sweet 16,2023 Ohio St.,2023 Connecticut,3,2,1,-4.9,-0.02870000000000006,3.0999999999999943,36.30000000000001,34.5,12.300000000000011,6.799999999999997,-1.8999999999999915,-3.5999999999999943,2.1999999999999886,4.799999999999997,8.799999999999997,2.4000000000000057,13.699999999999989,5.5,6.400000000000006,6.0,-3.700000000000003,-4.299999999999997
20243314,2024,East,Sweet 16,2024 LSU,2024 UCLA,3,2,1,-2.6999999999999993,-0.0034999999999999476,5.299999999999997,43.19999999999999,37.30000000000001,8.099999999999994,8.599999999999994,-1.2000000000000028,-5.0,21.69999999999999,12.699999999999989,9.299999999999997,0.29999999999999716,11.900000000000006,10.5,-0.4000000000000057,3.200000000000003,-12.900000000000006,-1.0999999999999943
20253314a,2025,East,Sweet 16,2025 Notre Dame,2025 TCU,3,2,0,-0.10000000000000142,0.0046000000000000485,8.100000000000009,37.5,50.80000000000001,12.799999999999997,14.799999999999997,0.09999999999999432,-5.900000000000006,9.099999999999994,5.900000000000006,0.0,3.5999999999999943,13.799999999999997,14.099999999999994,6.3999999999999915,10.400000000000006,1.9000000000000057,10.900000000000006
20213414,2021,Midwest,Sweet 16,2021 Michigan,2021 Baylor,6,2,0,-6.500000000000001,-0.01629999999999998,-3.1000000000000085,42.80000000000001,32.099999999999994,12.799999999999997,7.400000000000006,-1.7999999999999972,4.200000000000003,16.799999999999997,20.0,6.800000000000011,2.5,16.5,9.5,2.700000000000003,0.7999999999999972,-4.200000000000003,-14.599999999999994
20223414,2022,East,Sweet 16,2022 Indiana,2022 Connecticut,3,2,0,-0.9000000000000004,-0.016800000000000037,1.0999999999999943,32.30000000000001,35.30000000000001,8.900000000000006,10.699999999999989,-5.099999999999994,-0.9000000000000057,0.5999999999999943,7.700000000000003,13.0,-0.8000000000000114,9.900000000000006,12.700000000000003,4.699999999999989,4.300000000000011,-10.0,7.599999999999994
20233414,2023,East,Sweet 16,2023 Colorado,2023 Iowa,6,2,0,-3.6000000000000005,-0.018000000000000016,-6.099999999999994,22.399999999999977,43.900000000000006,2.799999999999997,15.0,3.200000000000003,-5.800000000000011,10.599999999999994,-1.1000000000000085,3.0999999999999943,6.599999999999994,1.0999999999999943,17.700000000000003,4.599999999999994,6.799999999999997,-9.099999999999994,4.400000000000006
20253414a,2025,West,Sweet 16,2025 Oklahoma,2025 Connecticut,3,2,0,-2.799999999999999,-0.009699999999999931,9.800000000000011,43.10000000000002,53.80000000000001,11.300000000000011,15.5,-3.9000000000000057,-4.799999999999997,11.5,7.099999999999994,10.400000000000006,-6.400000000000006,15.299999999999997,16.700000000000003,3.4000000000000057,8.900000000000006,-1.1999999999999886,1.7000000000000028
20214115,2021,East,Elite Eight,2021 Stanford,2021 Louisville,1,2,1,5.000000000000001,0.014100000000000001,0.5999999999999943,41.39999999999998,45.89999999999998,11.700000000000003,15.599999999999994,-3.700000000000003,-5.5,8.0,7.900000000000006,-8.900000000000006,-3.0999999999999943,10.400000000000006,16.599999999999994,9.5,9.099999999999994,6.800000000000011,-1.7999999999999972
20234115,2023,South,Elite Eight,2023 South Carolina,2023 Maryland,1,2,1,6.799999999999999,0.01990000000000003,-4.700000000000003,43.5,42.900000000000006,3.0,14.699999999999989,-7.700000000000003,-2.200000000000003,15.5,7.300000000000011,9.5,5.299999999999997,5.799999999999997,14.099999999999994,-2.0999999999999943,10.299999999999997,-16.30000000000001,3.3000000000000114
20254215a,2025,Midwest,Elite Eight,2025 South Carolina,2025 Duke,1,2,1,6.199999999999999,0.0040999999999999925,1.2000000000000028,52.400000000000006,39.30000000000001,8.299999999999997,9.099999999999994,-11.5,-2.0999999999999943,9.200000000000003,10.200000000000003,-0.4000000000000057,4.400000000000006,9.0,10.0,4.299999999999997,4.599999999999994,-0.9000000000000057,0.0
20224315,2022,West,Elite Eight,2022 Stanford,2022 Texas,1,2,1,5.1,0.007699999999999929,1.4000000000000057,40.80000000000001,33.599999999999994,8.099999999999994,7.400000000000006,-11.199999999999989,-2.0999999999999943,7.8999999999999915,10.200000000000003,-10.200000000000003,6.299999999999997,6.700000000000003,9.299999999999997,7.199999999999989,3.0,3.5,-7.6000000000000085
20254315a,2025,East,Elite Eight,2025 Texas,2025 TCU,1,2,1,3.6999999999999993,0.0046000000000000485,2.799999999999997,36.39999999999998,51.5,7.400000000000006,13.5,-0.7000000000000028,-10.699999999999989,16.099999999999994,4.199999999999989,9.0,-6.0,10.700000000000003,12.900000000000006,-2.3000000000000114,9.299999999999997,-9.799999999999997,16.400000000000006
20214415,2021,Midwest,Elite Eight,2021 Connecticut,2021 Baylor,1,2,1,-3.1000000000000005,0.0015999999999999348,-2.200000000000003,45.69999999999999,43.5,20.5,13.300000000000011,-3.6999999999999886,-3.5,13.699999999999989,21.30000000000001,-4.699999999999989,14.599999999999994,24.400000000000006,14.700000000000003,8.0,6.099999999999994,-1.5,-20.5
20224415,2022,East,Elite Eight,2022 North Carolina St.,2022 Connecticut,1,2,0,6.0,0.0020000000000000018,0.20000000000000284,44.599999999999994,36.400000000000006,12.199999999999989,14.299999999999997,-5.799999999999997,-0.30000000000001137,7.599999999999994,9.0,4.5,3.3000000000000114,12.0,17.200000000000003,8.5,5.800000000000011,-3.4000000000000057,-0.5
20234415,2023,East,Elite Eight,2023 Louisville,2023 Iowa,5,2,0,-4.300000000000001,-0.017000000000000015,-4.700000000000003,26.69999999999999,40.900000000000006,3.6999999999999886,13.200000000000003,2.9000000000000057,-5.900000000000006,11.900000000000006,-1.9000000000000057,1.0999999999999943,2.200000000000003,2.299999999999997,16.799999999999997,4.800000000000011,4.0,-10.900000000000006,8.0
20254415a,2025,West,Elite Eight,2025 USC,2025 Connecticut,1,2,0,2.3000000000000007,-0.0029000000000000137,5.200000000000003,45.60000000000002,58.89999999999998,8.700000000000003,17.599999999999994,-7.5,-10.199999999999989,11.0,4.3999999999999915,14.799999999999997,-8.099999999999994,10.900000000000006,19.5,3.4000000000000057,8.900000000000006,-8.0,6.599999999999994
20235516,2023,Final Four,Final Four,2023 South Carolina,2023 Iowa,1,2,0,6.299999999999999,0.011500000000000066,-5.700000000000003,40.5,52.400000000000006,4.799999999999997,23.400000000000006,-0.3999999999999915,-1.4000000000000057,24.80000000000001,3.0,7.799999999999997,9.599999999999994,5.199999999999989,26.0,1.7000000000000028,11.700000000000003,-15.800000000000011,12.5
20255516a,2025,Final Four,Final Four,2025 UCLA,2025 Connecticut,1,2,0,3.5,-0.0031999999999999806,0.10000000000000853,51.80000000000001,54.400000000000006,13.300000000000011,17.299999999999997,-5.599999999999994,-5.5,14.5,4.299999999999997,8.599999999999994,-3.5,16.799999999999997,19.30000000000001,4.799999999999997,8.900000000000006,-5.799999999999997,3.8999999999999915
20225517,2022,Final Four,Final Four,2022 Stanford,2022 Connecticut,1,2,0,7.199999999999999,0.0012999999999999678,1.2000000000000028,42.0,37.400000000000006,10.599999999999994,14.900000000000006,-4.599999999999994,-1.9000000000000057,10.899999999999991,6.0,8.400000000000006,-4.800000000000011,10.599999999999994,20.5,7.0,1.3000000000000114,-2.3000000000000114,4.699999999999989
20225618,2022,Final Four,Championship,2022 South Carolina,2022 Connecticut,1,2,1,8.4,0.005599999999999938,-1.0,39.69999999999999,44.80000000000001,7.099999999999994,18.69999999999999,-2.0,1.1999999999999886,18.5,8.799999999999997,13.5,0.9000000000000057,8.299999999999997,21.80000000000001,3.1999999999999886,7.099999999999994,-10.900000000000006,10.800000000000011
20235618,2023,Final Four,Championship,2023 LSU,2023 Iowa,3,2,1,-0.40000000000000036,0.005199999999999982,-1.3999999999999915,34.099999999999994,45.400000000000006,5.699999999999989,18.0,1.0,-5.5,22.30000000000001,1.3999999999999915,11.400000000000006,7.200000000000003,4.5,19.599999999999994,6.099999999999994,10.299999999999997,-14.200000000000003,5.300000000000011
20255618b,2025,Final Four,Championship,2025 South Carolina,2025 Connecticut,1,2,0,5.6,-0.0010999999999999899,0.6000000000000085,53.5,58.30000000000001,10.599999999999994,18.0,-9.800000000000011,-7.799999999999997,12.700000000000003,1.0,8.900000000000006,-1.2999999999999972,12.400000000000006,19.900000000000006,5.299999999999997,9.0,-13.699999999999989,7.3999999999999915
20211105,2021,East,First Round,2021 Drexel,2021 Georgia,14,3,0,-11.1,-0.38750000000000007,-9.799999999999997,18.30000000000001,11.800000000000011,4.599999999999994,4.800000000000011,-7.199999999999989,-5.199999999999989,1.7000000000000028,-6.099999999999994,-11.0,-0.5,4.300000000000011,3.9000000000000057,2.799999999999997,4.799999999999997,10.700000000000003,-12.400000000000006
20221105,2022,South,First Round,2022 UT Arlington,2022 Iowa St.,14,3,0,-11.5,-0.29190000000000005,2.200000000000003,11.900000000000006,27.30000000000001,2.0,8.699999999999989,1.9000000000000057,-3.3000000000000114,3.700000000000003,-2.700000000000003,16.400000000000006,2.0,4.5,2.799999999999997,-3.0,11.900000000000006,-8.400000000000006,16.599999999999994
20231105,2023,South,First Round,2023 Southern Utah,2023 Notre Dame,14,3,0,-11.6,-0.38569999999999993,-0.29999999999999716,17.30000000000001,19.599999999999994,7.400000000000006,7.0,2.5,6.3999999999999915,4.400000000000006,10.700000000000003,7.299999999999997,10.5,9.799999999999997,8.299999999999997,0.6999999999999886,2.4000000000000057,0.0,-8.400000000000006
20241105,2024,South,First Round,2024 Eastern Washington,2024 Oregon St.,14,3,0,-9.2,-0.2207,1.2000000000000028,15.599999999999994,25.900000000000006,7.0,11.699999999999989,3.6000000000000085,-5.299999999999997,6.799999999999997,0.8000000000000114,3.0,-1.0999999999999943,6.400000000000006,11.799999999999997,5.0,7.400000000000006,5.8999999999999915,8.0
20251105b,2025,South,First Round,2025 San Diego St.,2025 LSU,14,3,0,-14.5,-0.2794,-6.0,17.899999999999977,27.0,5.700000000000003,5.0,-3.4000000000000057,-3.0,-1.5,14.0,0.4000000000000057,2.5,4.0,5.299999999999997,6.199999999999989,3.799999999999997,-10.900000000000006,-14.0
20211205,2021,West,First Round,2021 Wyoming,2021 UCLA,14,3,0,-11.9,-0.31610000000000005,-7.100000000000001,18.0,27.19999999999999,3.5,2.5999999999999943,-7.900000000000006,-3.0999999999999943,-3.0999999999999943,11.799999999999997,-8.900000000000006,6.900000000000006,2.4000000000000057,1.5999999999999943,3.299999999999997,2.5,5.5,3.299999999999997
20221205,2022,Midwest,First Round,2022 American,2022 Michigan,14,3,0,-11.8,-0.5431999999999999,-1.0999999999999943,8.099999999999994,20.19999999999999,1.5,6.199999999999989,0.7000000000000028,-3.9000000000000057,-0.29999999999999716,7.799999999999997,4.0,10.200000000000003,5.099999999999994,3.799999999999997,-4.400000000000006,7.599999999999994,-5.200000000000003,-4.800000000000011
20231205,2023,Midwest,First Round,2023 Hawaii,2023 LSU,14,3,0,-17.7,-0.4727,-6.300000000000011,13.699999999999989,27.80000000000001,5.799999999999997,6.900000000000006,-1.1999999999999886,-1.9000000000000057,2.5,18.5,5.300000000000011,8.699999999999989,6.800000000000011,5.700000000000003,2.8999999999999915,6.900000000000006,8.200000000000003,-13.799999999999997
20241205,2024,Midwest,First Round,2024 Chattanooga,2024 North Carolina St.,14,3,0,-9.7,-0.26270000000000004,-7.5,20.30000000000001,22.19999999999999,10.099999999999994,6.300000000000011,1.0,-2.799999999999997,-1.5,4.5,16.400000000000006,-2.799999999999997,9.400000000000006,5.099999999999994,7.700000000000003,6.200000000000003,-0.4000000000000057,2.8000000000000114
20251205b,2025,Midwest,First Round,2025 Oregon St.,2025 North Carolina,14,3,0,-17.4,-0.3097,-2.9000000000000057,19.899999999999977,17.599999999999994,4.5,3.9000000000000057,-0.5,1.9000000000000057,3.299999999999997,5.599999999999994,4.800000000000011,5.200000000000003,7.299999999999997,5.099999999999994,-0.4000000000000057,1.4000000000000057,1.4000000000000057,-1.5999999999999943
20211305,2021,South,First Round,2021 Stony Brook,2021 Arizona,14,3,0,-9.3,-0.3757999999999999,-3.6999999999999886,18.099999999999994,18.69999999999999,3.1999999999999886,5.5,-1.9000000000000057,-8.700000000000003,7.800000000000011,2.700000000000003,2.9000000000000057,-0.20000000000000284,7.900000000000006,6.599999999999994,-5.299999999999997,2.200000000000003,-2.200000000000003,-2.4000000000000057
20221305,2022,West,First Round,2022 Jackson St.,2022 LSU,14,3,0,-9.1,-0.2682,0.7999999999999972,20.69999999999999,14.099999999999994,5.199999999999989,8.0,-2.1000000000000085,-2.299999999999997,17.5,8.300000000000011,14.899999999999991,2.9000000000000057,10.300000000000011,8.400000000000006,-4.700000000000003,5.400000000000006,-10.099999999999994,-16.80000000000001
20231305,2023,West,First Round,2023 James Madison,2023 Ohio St.,14,3,0,-11.5,-0.3097,-5.099999999999994,13.599999999999994,19.600000000000023,-1.4000000000000057,11.200000000000003,-6.800000000000011,-0.7000000000000028,3.200000000000003,3.0999999999999943,6.5,1.2999999999999972,-2.5,13.299999999999997,0.5,4.799999999999997,2.8000000000000114,-0.20000000000000284
20241305,2024,East,First Round,2024 Rice,2024 LSU,14,3,0,-15.9,-0.22499999999999998,-5.799999999999997,16.400000000000006,32.10000000000002,3.0999999999999943,6.0,-4.5,-3.5,3.299999999999997,14.400000000000006,2.1999999999999886,8.400000000000006,3.4000000000000057,6.900000000000006,2.0,1.6999999999999886,-3.5999999999999943,-6.700000000000003
20251305b,2025,East,First Round,2025 Stephen F. Austin,2025 Notre Dame,14,3,0,-13.799999999999999,-0.29910000000000003,-0.8000000000000114,28.0,25.19999999999999,12.799999999999997,10.599999999999994,1.0,-4.299999999999997,3.299999999999997,3.0999999999999943,14.300000000000011,4.1000000000000085,13.5,9.799999999999997,7.900000000000006,8.899999999999991,13.300000000000011,-3.5
20211405,2021,Midwest,First Round,2021 Middle Tennessee,2021 Tennessee,14,3,0,-8.5,-0.2328,0.09999999999999432,23.0,15.099999999999994,5.5,1.4000000000000057,-3.3999999999999915,2.1999999999999886,4.099999999999994,7.900000000000006,7.5,-0.3999999999999915,9.599999999999994,0.7999999999999972,-0.8000000000000114,1.5999999999999943,12.900000000000006,-14.200000000000003
20221405,2022,East,First Round,2022 Charlotte,2022 Indiana,14,3,0,-8.8,-0.20309999999999995,-2.299999999999997,14.199999999999989,24.100000000000023,-0.4000000000000057,10.099999999999994,-0.09999999999999432,-3.3000000000000114,3.8000000000000114,-4.700000000000003,10.199999999999989,3.6999999999999886,-0.19999999999998863,8.799999999999997,-0.6999999999999886,8.699999999999989,3.700000000000003,-4.900000000000006
20231405,2023,East,First Round,2023 Iona,2023 Duke,14,3,0,-12.899999999999999,-0.41759999999999997,0.30000000000001137,21.80000000000001,11.399999999999977,15.799999999999997,5.099999999999994,0.5,-3.9000000000000057,-0.7000000000000028,1.7999999999999972,-8.300000000000011,2.4000000000000057,14.200000000000003,6.0,11.699999999999989,2.5,7.5,-5.300000000000011
20241405,2024,West,First Round,2024 Jackson St.,2024 Connecticut,14,3,0,-10.700000000000001,-0.26749999999999996,-2.5999999999999943,21.5,33.099999999999994,1.7999999999999972,17.299999999999997,-2.4000000000000057,-3.9000000000000057,13.800000000000011,-0.4000000000000057,19.900000000000006,-8.800000000000011,2.700000000000003,19.0,0.0,8.700000000000003,-6.700000000000003,4.5
20251405b,2025,West,First Round,2025 Florida Gulf Coast,2025 Oklahoma,14,3,0,-9.4,-0.11040000000000005,-12.600000000000009,24.099999999999994,28.80000000000001,8.0,9.5,-1.4000000000000057,-1.1000000000000085,8.400000000000006,10.899999999999991,4.699999999999989,3.3000000000000114,9.099999999999994,12.599999999999994,4.099999999999994,2.3000000000000114,8.700000000000003,11.0
20212111,2021,East,Second Round,2021 Oregon,2021 Georgia,6,3,1,-1.9999999999999996,0.012399999999999967,-4.299999999999997,40.0,22.600000000000023,9.800000000000011,5.0,-7.5,1.5999999999999943,5.6000000000000085,5.700000000000003,-10.700000000000003,1.0999999999999943,9.0,6.299999999999997,7.0,2.0999999999999943,10.5,-9.599999999999994
20222111,2022,South,Second Round,2022 Georgia,2022 Iowa St.,6,3,0,-4.8,-0.02200000000000002,2.200000000000003,16.19999999999999,40.30000000000001,2.0,10.699999999999989,4.6000000000000085,-6.5,11.200000000000003,0.6000000000000085,6.300000000000011,-0.30000000000001137,2.9000000000000057,7.0,0.5,9.0,-14.900000000000006,19.700000000000003
20232111,2023,South,Second Round,2023 Mississippi St.,2023 Notre Dame,11,3,0,-7.0,-0.025699999999999945,-0.09999999999999432,29.5,29.69999999999999,9.799999999999997,8.900000000000006,1.1999999999999886,-2.1000000000000085,6.300000000000011,8.0,8.0,9.599999999999994,9.5,9.700000000000003,7.0,4.400000000000006,-0.5999999999999943,-12.299999999999997
20242111,2024,South,Second Round,2024 Nebraska,2024 Oregon St.,6,3,0,-4.3,-0.02650000000000008,1.8000000000000114,28.599999999999994,29.0,9.599999999999994,6.799999999999997,6.900000000000006,-1.0,10.799999999999997,5.300000000000011,9.599999999999994,1.1000000000000085,9.700000000000003,5.799999999999997,5.6000000000000085,5.699999999999989,12.899999999999991,1.2000000000000028
20252111a,2025,South,Second Round,2025 Florida St.,2025 LSU,6,3,0,-4.4,-0.014699999999999935,2.0999999999999943,39.599999999999994,30.100000000000023,8.700000000000003,3.5,-8.700000000000003,-2.0999999999999943,1.8000000000000114,11.5,-0.20000000000000284,7.799999999999997,7.300000000000011,3.5999999999999943,7.299999999999997,2.5999999999999943,-1.5,-6.0
20212211,2021,West,Second Round,2021 Texas,2021 UCLA,6,3,1,-2.7,-0.02510000000000001,-0.9000000000000057,29.600000000000023,36.60000000000002,0.7000000000000028,-1.2000000000000028,-6.099999999999994,-9.800000000000011,8.5,9.099999999999994,0.09999999999999432,-2.700000000000003,0.0,-4.099999999999994,2.0999999999999943,3.3000000000000114,-8.099999999999994,5.5
20222211,2022,Midwest,Second Round,2022 Villanova,2022 Michigan,11,3,0,-4.8999999999999995,-0.10509999999999997,-2.200000000000003,21.599999999999994,24.099999999999994,2.299999999999997,4.0,-3.200000000000003,1.0,2.3000000000000114,11.5,-0.29999999999999716,9.399999999999991,3.9000000000000057,5.099999999999994,-0.5999999999999943,0.6999999999999886,7.099999999999994,-0.8000000000000114
20232211,2023,Midwest,Second Round,2023 Michigan,2023 LSU,6,3,0,-4.9,-0.033299999999999996,-2.6000000000000085,31.69999999999999,35.400000000000006,11.900000000000006,4.799999999999997,-1.5,-5.400000000000006,7.199999999999989,19.0,7.0,13.5,12.599999999999994,6.300000000000011,6.8999999999999915,2.0,-2.6999999999999886,-10.099999999999994
20242211,2024,Midwest,Second Round,2024 Tennessee,2024 North Carolina St.,6,3,0,-5.300000000000001,-0.027700000000000058,0.7999999999999972,35.30000000000001,26.30000000000001,7.900000000000006,3.8000000000000114,2.0,1.2000000000000028,10.899999999999991,0.20000000000000284,14.0,11.200000000000003,10.0,5.5,2.5999999999999943,-0.20000000000000284,-0.7999999999999972,1.6999999999999886
20252211a,2025,Midwest,Second Round,2025 West Virginia,2025 North Carolina,6,3,0,-3.8,0.006500000000000061,2.5,35.39999999999998,32.30000000000001,9.299999999999997,3.4000000000000057,-1.8000000000000114,-14.400000000000006,8.399999999999991,0.5999999999999943,6.700000000000003,-4.3999999999999915,11.699999999999989,2.6999999999999886,3.0999999999999943,3.0999999999999943,1.9000000000000057,-0.20000000000000284
20212311,2021,South,Second Round,2021 BYU,2021 Arizona,11,3,0,-5.19,-0.06379999999999997,-1.5,30.899999999999977,22.5,9.099999999999994,4.700000000000003,-4.900000000000006,-3.299999999999997,3.6000000000000085,0.5,-6.900000000000006,-2.0999999999999943,12.099999999999994,6.200000000000003,1.5,1.5,4.199999999999989,-6.200000000000003
20222311,2022,West,Second Round,2022 Ohio St.,2022 LSU,6,3,1,-3.3000000000000003,-0.018100000000000005,2.200000000000003,30.0,22.5,9.900000000000006,2.0999999999999943,-4.900000000000006,-6.0,1.5999999999999943,6.900000000000006,4.099999999999994,4.0,12.0,2.200000000000003,3.0999999999999943,1.6999999999999886,3.700000000000003,-14.800000000000011
20232311,2023,West,Second Round,2023 North Carolina,2023 Ohio St.,6,3,0,-2.0999999999999996,0.0041999999999999815,-2.700000000000003,21.0,34.10000000000002,-1.0,9.800000000000011,-6.599999999999994,-7.5,-0.20000000000000284,-0.6999999999999886,2.0,3.5,-2.4000000000000057,12.599999999999994,1.1999999999999886,3.4000000000000057,-0.9000000000000057,-5.099999999999994
20242311,2024,East,Second Round,2024 Middle Tennessee,2024 LSU,11,3,0,-6.73,-0.050900000000000056,-10.700000000000003,26.100000000000023,35.400000000000006,9.5,9.900000000000006,-8.200000000000003,-1.9000000000000057,2.6999999999999886,16.0,3.299999999999997,18.0,10.099999999999994,12.199999999999989,5.400000000000006,3.0999999999999943,8.300000000000011,-15.600000000000009
20252311a,2025,East,Second Round,2025 Michigan,2025 Notre Dame,6,3,0,-4.699999999999999,-0.01540000000000008,-2.700000000000003,41.69999999999999,37.60000000000002,10.400000000000006,7.099999999999994,-3.5,-5.0,6.200000000000003,7.299999999999997,5.700000000000003,-4.5,9.099999999999994,4.0,8.599999999999994,9.5,2.0,-7.299999999999997
20212411,2021,Midwest,Second Round,2021 Michigan,2021 Tennessee,6,3,1,-1.0,0.007200000000000095,-0.9000000000000057,32.69999999999999,28.69999999999999,7.299999999999997,4.0,2.700000000000003,4.900000000000006,13.799999999999997,15.0,9.699999999999989,-1.5999999999999943,11.900000000000006,5.599999999999994,-1.9000000000000057,0.09999999999999432,-5.900000000000006,-7.400000000000006
20222411,2022,East,Second Round,2022 Princeton,2022 Indiana,11,3,0,-4.6,-0.014399999999999968,-2.0,23.19999999999999,30.30000000000001,2.4000000000000057,9.599999999999994,-1.7999999999999972,-10.099999999999994,11.200000000000003,0.7000000000000028,2.0,3.5,0.20000000000000284,9.699999999999989,5.099999999999994,6.400000000000006,2.799999999999997,-9.0
20232411,2023,East,Second Round,2023 Colorado,2023 Duke,6,3,1,-3.3999999999999995,-0.017199999999999993,1.1000000000000085,37.80000000000001,21.0,9.400000000000006,2.4000000000000057,-5.299999999999997,-1.8000000000000114,8.5,6.299999999999997,2.6999999999999886,-0.09999999999999432,9.700000000000003,3.0,6.0,1.2999999999999972,-1.4000000000000057,-8.099999999999994
20242411,2024,West,Second Round,2024 Syracuse,2024 Connecticut,6,3,0,-5.300000000000001,-0.07299999999999995,-0.9000000000000057,33.19999999999999,34.599999999999994,5.400000000000006,10.900000000000006,-3.3000000000000114,-4.800000000000011,14.200000000000003,-2.4000000000000057,5.099999999999994,1.8000000000000114,5.400000000000006,11.099999999999994,3.6999999999999886,6.8999999999999915,-4.599999999999994,2.0
20252411a,2025,West,Second Round,2025 Iowa,2025 Oklahoma,6,3,0,-2.200000000000001,-0.006200000000000094,-9.100000000000009,35.69999999999999,34.69999999999999,10.300000000000011,5.900000000000006,2.0,1.7999999999999972,6.699999999999989,11.899999999999991,3.299999999999997,2.5999999999999943,11.0,10.699999999999989,6.0,-1.1999999999999886,1.1000000000000085,0.20000000000000284
20223114,2022,South,Sweet 16,2022 Creighton,2022 Iowa St.,10,3,1,-7.8,-0.03520000000000001,-1.0,27.19999999999999,29.80000000000001,10.200000000000003,5.5,1.1000000000000085,-3.0999999999999943,6.1000000000000085,4.200000000000003,1.0999999999999943,3.0,10.299999999999997,2.5999999999999943,6.200000000000003,4.699999999999989,13.5,15.099999999999994
20233114,2023,South,Sweet 16,2023 Maryland,2023 Notre Dame,2,3,1,0.40000000000000036,-0.006399999999999961,3.0,36.900000000000006,28.899999999999977,9.299999999999997,2.4000000000000057,-3.6000000000000085,-4.1000000000000085,4.300000000000011,5.200000000000003,6.0,10.300000000000011,8.400000000000006,5.0,7.3999999999999915,-1.8999999999999915,1.1999999999999886,-13.400000000000006
20243114,2024,South,Sweet 16,2024 Notre Dame,2024 Oregon St.,2,3,0,0.7000000000000002,0.007199999999999984,5.800000000000011,30.400000000000006,37.0,10.099999999999994,11.0,5.700000000000003,-6.200000000000003,10.299999999999997,-0.19999999999998863,9.900000000000006,2.6000000000000085,10.099999999999994,10.099999999999994,6.900000000000006,8.400000000000006,-3.6000000000000085,6.799999999999997
20253114b,2025,South,Sweet 16,2025 North Carolina St.,2025 LSU,2,3,0,0.1999999999999993,-0.0018999999999999018,-2.8000000000000114,39.599999999999994,35.30000000000001,8.099999999999994,5.400000000000006,-7.0,-0.30000000000001137,0.9000000000000057,15.5,-1.7000000000000028,13.599999999999994,7.400000000000006,5.799999999999997,6.0,3.9000000000000057,-4.400000000000006,-14.099999999999994
20223214,2022,Midwest,Sweet 16,2022 South Dakota,2022 Michigan,10,3,0,-4.1,-0.02529999999999999,-3.0,24.5,29.400000000000006,4.700000000000003,7.299999999999997,-6.299999999999997,-4.6000000000000085,3.4000000000000057,11.5,0.20000000000000284,8.0,6.300000000000011,8.5,1.0,3.1999999999999886,-1.5,-11.699999999999989
20233214,2023,Midwest,Sweet 16,2023 Utah,2023 LSU,2,3,0,0.1999999999999993,-0.011099999999999999,0.6999999999999886,44.80000000000001,31.69999999999999,15.5,5.5,-4.8999999999999915,-2.4000000000000057,7.299999999999997,18.599999999999994,7.900000000000006,9.0,17.099999999999994,6.400000000000006,8.699999999999989,2.8000000000000114,6.400000000000006,-5.900000000000006
20243214,2024,Midwest,Sweet 16,2024 Stanford,2024 North Carolina St.,2,3,0,2.3999999999999995,0.006099999999999994,-1.9000000000000057,45.30000000000001,32.0,11.700000000000003,7.400000000000006,-0.4000000000000057,1.0,14.699999999999989,4.900000000000006,9.0,12.200000000000003,13.400000000000006,9.099999999999994,5.599999999999994,2.799999999999997,-0.5999999999999943,-3.3000000000000114
20253214b,2025,Midwest,Sweet 16,2025 Duke,2025 North Carolina,2,3,1,1.9000000000000004,0.01100000000000001,0.29999999999999716,36.099999999999994,35.400000000000006,7.799999999999997,5.299999999999997,-2.5999999999999943,-10.400000000000006,12.599999999999994,1.7000000000000028,0.6000000000000085,-2.799999999999997,8.5,4.799999999999997,4.599999999999994,3.799999999999997,-5.400000000000006,8.0
20213314,2021,South,Sweet 16,2021 Texas A&M,2021 Arizona,2,3,0,3.3000000000000007,-0.014499999999999957,0.10000000000000853,36.599999999999994,25.80000000000001,9.900000000000006,2.0999999999999943,-5.299999999999997,-4.599999999999994,3.4000000000000057,2.299999999999997,8.199999999999989,5.5,10.900000000000006,3.700000000000003,6.599999999999994,-0.5,-8.900000000000006,-5.400000000000006
20233314,2023,West,Sweet 16,2023 Connecticut,2023 Ohio St.,2,3,0,4.9,0.02870000000000006,-3.0999999999999943,34.5,36.30000000000001,6.799999999999997,12.300000000000011,-3.5999999999999943,-1.8999999999999915,4.799999999999997,2.1999999999999886,2.4000000000000057,8.799999999999997,5.5,13.699999999999989,6.0,6.400000000000006,-4.299999999999997,-3.700000000000003
20243314,2024,East,Sweet 16,2024 UCLA,2024 LSU,2,3,0,2.6999999999999993,0.0034999999999999476,-5.299999999999997,37.30000000000001,43.19999999999999,8.599999999999994,8.099999999999994,-5.0,-1.2000000000000028,12.699999999999989,21.69999999999999,0.29999999999999716,9.299999999999997,10.5,11.900000000000006,3.200000000000003,-0.4000000000000057,-1.0999999999999943,-12.900000000000006
20253314b,2025,East,Sweet 16,2025 TCU,2025 Notre Dame,2,3,1,0.10000000000000142,-0.0046000000000000485,-8.100000000000009,50.80000000000001,37.5,14.799999999999997,12.799999999999997,-5.900000000000006,0.09999999999999432,5.900000000000006,9.099999999999994,3.5999999999999943,0.0,14.099999999999994,13.799999999999997,10.400000000000006,6.3999999999999915,10.900000000000006,1.9000000000000057
20223414,2022,East,Sweet 16,2022 Connecticut,2022 Indiana,2,3,1,0.9000000000000004,0.016800000000000037,-1.0999999999999943,35.30000000000001,32.30000000000001,10.699999999999989,8.900000000000006,-0.9000000000000057,-5.099999999999994,7.700000000000003,0.5999999999999943,-0.8000000000000114,13.0,12.700000000000003,9.900000000000006,4.300000000000011,4.699999999999989,7.599999999999994,-10.0
20243414,2024,West,Sweet 16,2024 Duke,2024 Connecticut,7,3,0,-6.800000000000001,-0.02310000000000001,-3.200000000000003,29.30000000000001,45.400000000000006,7.900000000000006,14.5,0.9000000000000057,-6.800000000000011,10.200000000000003,1.1999999999999886,2.700000000000003,-6.0,9.200000000000003,17.700000000000003,3.3999999999999915,4.099999999999994,-6.5,4.300000000000011
20253414b,2025,West,Sweet 16,2025 Connecticut,2025 Oklahoma,2,3,1,2.799999999999999,0.009699999999999931,-9.800000000000011,53.80000000000001,43.10000000000002,15.5,11.300000000000011,-4.799999999999997,-3.9000000000000057,7.099999999999994,11.5,-6.400000000000006,10.400000000000006,16.700000000000003,15.299999999999997,8.900000000000006,3.4000000000000057,1.7000000000000028,-1.1999999999999886
20244115,2024,South,Elite Eight,2024 South Carolina,2024 Oregon St.,1,3,1,6.9,0.016799999999999926,5.300000000000011,42.5,39.19999999999999,14.800000000000011,16.799999999999997,4.400000000000006,-2.3999999999999915,15.299999999999997,0.4000000000000057,10.0,3.5,14.099999999999994,18.0,11.600000000000009,9.199999999999989,-4.0,6.5
20254115a,2025,South,Elite Eight,2025 UCLA,2025 LSU,1,3,1,5.299999999999999,0.006700000000000039,-4.700000000000003,43.69999999999999,40.30000000000001,11.700000000000003,8.700000000000003,-1.4000000000000057,-2.0,10.700000000000003,15.5,-1.2000000000000028,9.0,12.599999999999994,10.0,6.299999999999997,4.700000000000003,-3.0,-11.300000000000011
20224215,2022,Midwest,Elite Eight,2022 Louisville,2022 Michigan,1,3,1,3.0999999999999996,0.014000000000000012,-0.4000000000000057,35.30000000000001,33.19999999999999,6.200000000000003,8.299999999999997,-1.5999999999999943,-4.900000000000006,10.900000000000006,10.600000000000009,-3.0999999999999943,4.799999999999997,6.300000000000011,10.099999999999994,4.800000000000011,2.6999999999999886,-6.300000000000011,-5.800000000000011
20234215,2023,Midwest,Elite Eight,2023 Miami FL,2023 LSU,9,3,0,-8.22,-0.06279999999999997,-3.0,28.400000000000006,33.80000000000001,7.799999999999997,4.5,-1.6999999999999886,-4.199999999999989,10.399999999999991,18.5,3.3000000000000114,10.900000000000006,8.599999999999994,4.200000000000003,4.099999999999994,4.199999999999989,-4.299999999999997,-9.799999999999997
20244215,2024,Midwest,Elite Eight,2024 Texas,2024 North Carolina St.,1,3,0,1.7999999999999998,0.008299999999999974,-0.4000000000000057,44.60000000000002,34.89999999999998,12.599999999999994,3.9000000000000057,0.5,-10.599999999999994,16.299999999999997,3.0,19.200000000000003,1.7000000000000028,14.099999999999994,5.199999999999989,7.099999999999994,0.7999999999999972,-16.299999999999997,-2.0999999999999943
20214315,2021,South,Elite Eight,2021 Indiana,2021 Arizona,4,3,0,0.0,-0.0040000000000000036,1.0,36.30000000000001,29.400000000000006,7.599999999999994,3.5999999999999943,-10.099999999999994,-3.0999999999999943,0.6000000000000085,4.599999999999994,4.0,2.200000000000003,12.099999999999994,4.099999999999994,-2.5,1.0999999999999943,-5.800000000000011,3.1999999999999886
20234315,2023,West,Elite Eight,2023 Virginia Tech,2023 Ohio St.,1,3,1,3.0999999999999996,0.021700000000000053,-7.099999999999994,35.39999999999998,30.0,4.400000000000006,10.300000000000011,-7.0,-2.3999999999999915,1.0,4.400000000000006,3.0999999999999943,6.1000000000000085,3.0,11.400000000000006,4.699999999999989,5.200000000000003,5.800000000000011,7.200000000000003
20244315,2024,East,Elite Eight,2024 Iowa,2024 LSU,1,3,1,3.5999999999999996,0.0016000000000000458,0.29999999999999716,48.30000000000001,34.19999999999999,17.099999999999994,3.9000000000000057,-8.100000000000009,0.9000000000000057,2.799999999999997,18.900000000000006,4.0,17.299999999999997,19.900000000000006,4.599999999999994,8.600000000000009,1.0,10.900000000000006,-18.5
20244415,2024,West,Elite Eight,2024 USC,2024 Connecticut,1,3,0,0.8999999999999986,-0.008900000000000019,-1.5999999999999943,39.80000000000001,43.099999999999994,7.099999999999994,11.799999999999997,-6.400000000000006,-4.099999999999994,6.599999999999994,3.8000000000000114,9.200000000000003,-1.4000000000000057,5.300000000000011,13.599999999999994,7.199999999999989,5.099999999999994,-3.0,1.5
20245516,2024,Final Four,Final Four,2024 South Carolina,2024 North Carolina St.,1,3,1,6.3,0.010499999999999954,1.9000000000000057,46.19999999999999,37.89999999999998,14.200000000000003,11.5,-0.5,-4.099999999999994,15.299999999999997,2.0,13.100000000000009,8.0,14.400000000000006,12.899999999999991,10.400000000000006,5.599999999999994,-9.599999999999994,-1.4000000000000057
20245517,2024,Final Four,Final Four,2024 Iowa,2024 Connecticut,1,3,1,1.1999999999999993,-0.0045999999999999375,4.599999999999994,52.80000000000001,37.30000000000001,17.400000000000006,9.299999999999997,-5.900000000000006,-1.0,5.400000000000006,5.900000000000006,8.700000000000003,2.4000000000000057,19.400000000000006,10.299999999999997,9.799999999999997,4.700000000000003,7.900000000000006,-6.199999999999989
20215517,2021,Final Four,Final Four,2021 Connecticut,2021 Arizona,1,3,0,1.7000000000000002,0.010000000000000009,0.9000000000000057,43.69999999999999,36.19999999999999,15.099999999999994,7.700000000000003,-5.900000000000006,-7.200000000000003,8.5,4.700000000000003,-3.5999999999999943,11.299999999999997,19.900000000000006,7.599999999999994,2.799999999999997,5.3999999999999915,0.7999999999999972,-6.700000000000003
20235517,2023,Final Four,Final Four,2023 Virginia Tech,2023 LSU,1,3,0,1.6999999999999993,-0.0046999999999999265,-5.700000000000003,40.69999999999999,37.599999999999994,11.799999999999997,9.400000000000006,-4.3999999999999915,-1.0,6.099999999999994,21.599999999999994,4.0,14.300000000000011,11.800000000000011,9.200000000000003,8.0,7.099999999999994,5.300000000000011,-3.799999999999997
20215618,2021,Final Four,Championship,2021 Stanford,2021 Arizona,1,3,1,6.800000000000001,0.01100000000000001,0.4000000000000057,50.19999999999999,35.30000000000001,11.599999999999994,8.400000000000006,-7.5,-4.0,9.900000000000006,3.200000000000003,-6.599999999999994,1.4000000000000057,13.300000000000011,8.400000000000006,4.900000000000006,5.799999999999997,5.699999999999989,-5.099999999999994
20235618,2023,Final Four,Championship,2023 Iowa,2023 LSU,2,3,0,0.40000000000000036,-0.005199999999999982,1.3999999999999915,45.400000000000006,34.099999999999994,18.0,5.699999999999989,-5.5,1.0,1.3999999999999915,22.30000000000001,7.200000000000003,11.400000000000006,19.599999999999994,4.5,10.299999999999997,6.099999999999994,5.300000000000011,-14.200000000000003
20211104,2021,East,First Round,2021 Wright St.,2021 Arkansas,13,4,1,-8.6,-0.18069999999999997,-8.300000000000011,4.800000000000011,35.19999999999999,-5.099999999999994,11.900000000000006,-0.8999999999999915,-8.599999999999994,10.099999999999994,-3.6999999999999886,4.0,1.7000000000000028,-3.5999999999999943,7.5,-6.400000000000006,12.700000000000003,-5.199999999999989,2.5
20221104,2022,South,First Round,2022 UNLV,2022 Arizona,13,4,0,-7.3,-0.17680000000000007,4.400000000000006,22.900000000000006,15.699999999999989,7.099999999999994,4.5,-8.400000000000006,-0.30000000000001137,2.4000000000000057,5.699999999999989,-1.5999999999999943,6.599999999999994,8.900000000000006,3.799999999999997,1.8999999999999915,3.9000000000000057,0.09999999999999432,-0.4000000000000057
20231104,2023,South,First Round,2023 Sacramento St.,2023 UCLA,13,4,0,-10.7,-0.14690000000000003,-4.799999999999997,25.099999999999994,16.5,12.299999999999997,1.3000000000000114,0.9000000000000057,1.5999999999999943,5.400000000000006,12.299999999999997,-6.099999999999994,-2.3999999999999915,12.700000000000003,2.700000000000003,6.0,-1.5,15.899999999999991,5.599999999999994
20241104,2024,South,First Round,2024 Fairfield,2024 Indiana,13,4,0,-5.96,-0.17500000000000004,0.09999999999999432,16.599999999999994,29.69999999999999,8.900000000000006,17.5,4.900000000000006,-8.0,8.899999999999991,-2.9000000000000057,-0.8000000000000114,-3.5,13.5,17.0,1.5999999999999943,12.299999999999997,16.799999999999997,3.200000000000003
20251104b,2025,South,First Round,2025 Grand Canyon,2025 Baylor,13,4,0,-6.3,-0.12030000000000007,-1.2999999999999972,22.80000000000001,26.19999999999999,12.0,5.299999999999997,-2.3000000000000114,-11.100000000000009,4.699999999999989,6.900000000000006,-2.200000000000003,-5.199999999999989,11.099999999999994,3.5999999999999943,9.399999999999991,5.5,3.0999999999999943,-4.799999999999997
20211204,2021,West,First Round,2021 Lehigh,2021 West Virginia,13,4,0,-11.1,-0.393,3.5,15.300000000000011,15.300000000000011,2.3000000000000114,4.0,-5.300000000000011,1.7999999999999972,-7.099999999999994,8.699999999999989,-3.0999999999999943,10.200000000000003,-0.09999999999999432,0.30000000000001137,3.5,8.799999999999997,13.200000000000003,-1.3000000000000114
20221204,2022,Midwest,First Round,2022 Buffalo,2022 Tennessee,13,4,0,-9.299999999999999,-0.11829999999999996,0.20000000000000284,26.19999999999999,14.5,8.299999999999997,1.5,0.4000000000000057,0.30000000000001137,8.299999999999997,8.399999999999991,5.699999999999989,8.400000000000006,9.400000000000006,1.1999999999999886,4.699999999999989,1.5999999999999943,-10.099999999999994,-12.399999999999991
20231204,2023,Midwest,First Round,2023 Cleveland St.,2023 Villanova,13,4,0,-7.6000000000000005,-0.13,5.800000000000011,16.0,31.600000000000023,6.0,9.099999999999994,-1.2000000000000028,-9.0,5.099999999999994,3.4000000000000057,11.199999999999989,2.9000000000000057,7.099999999999994,8.799999999999997,1.2999999999999972,6.5,4.0,-4.099999999999994
20241204,2024,Midwest,First Round,2024 UC Irvine,2024 Gonzaga,13,4,0,-10.3,-0.3234,-1.4000000000000057,6.400000000000006,34.69999999999999,-1.1999999999999886,12.0,-0.8999999999999915,-9.0,9.299999999999997,11.600000000000009,6.900000000000006,-3.700000000000003,-0.4000000000000057,11.299999999999997,-2.4000000000000057,8.599999999999994,-5.299999999999997,3.0
20251204b,2025,Midwest,First Round,2025 Norfolk St.,2025 Maryland,13,4,0,-7.89,-0.15069999999999995,-2.4000000000000057,12.5,33.60000000000002,1.2999999999999972,9.400000000000006,-1.2000000000000028,-7.900000000000006,6.199999999999989,5.5,-2.5,6.199999999999989,2.0999999999999943,9.599999999999994,-0.09999999999999432,6.599999999999994,-1.0,-7.0
20211304,2021,South,First Round,2021 VCU,2021 Indiana,13,4,0,-11.4,-0.32719999999999994,-3.799999999999997,19.900000000000006,17.69999999999999,1.5,3.5999999999999943,-2.3999999999999915,-7.099999999999994,8.299999999999997,-2.3999999999999915,5.900000000000006,7.1000000000000085,0.5,6.0,2.1999999999999886,-1.7000000000000028,3.6999999999999886,-11.599999999999994
20221304,2022,West,First Round,2022 Delaware,2022 Maryland,13,4,0,-8.5,-0.2835,1.5,13.0,24.5,-6.099999999999994,5.700000000000003,-6.800000000000011,-3.799999999999997,8.900000000000006,10.299999999999997,7.299999999999997,2.200000000000003,-4.900000000000006,4.0,-5.400000000000006,6.6000000000000085,-10.799999999999997,1.3000000000000114
20231304,2023,West,First Round,2023 Saint Louis,2023 Tennessee,13,4,0,-16.7,-0.3861,1.9000000000000057,13.899999999999977,22.899999999999977,0.30000000000001137,3.0,3.5,-1.8999999999999915,8.200000000000003,5.1000000000000085,-0.19999999999998863,5.300000000000011,3.4000000000000057,6.400000000000006,-4.3999999999999915,-2.6999999999999886,-0.4000000000000057,-8.300000000000011
20241304,2024,East,First Round,2024 Portland,2024 Kansas St.,13,4,0,-12.6,-0.24309999999999998,2.5999999999999943,17.80000000000001,22.399999999999977,7.699999999999989,7.299999999999997,2.0999999999999943,-7.400000000000006,5.799999999999997,-8.400000000000006,4.599999999999994,-2.9000000000000057,8.099999999999994,10.0,4.599999999999994,1.2999999999999972,3.8999999999999915,7.599999999999994
20251304b,2025,East,First Round,2025 Montana St.,2025 Ohio St.,13,4,0,-7.970000000000001,-0.1079,-3.0,21.5,28.0,2.5999999999999943,5.099999999999994,-7.799999999999997,-14.599999999999994,0.5,-4.200000000000003,4.900000000000006,5.099999999999994,1.4000000000000057,3.700000000000003,3.0,5.300000000000011,4.700000000000003,-7.099999999999994
20211404,2021,Midwest,First Round,2021 Idaho St.,2021 Kentucky,13,4,0,-4.45,-0.13339999999999996,0.8999999999999915,12.0,26.0,5.299999999999997,9.200000000000003,-1.7000000000000028,-3.9000000000000057,-3.1999999999999886,5.6000000000000085,-7.900000000000006,-5.900000000000006,5.200000000000003,7.099999999999994,3.799999999999997,8.799999999999997,4.400000000000006,-4.5
20221404,2022,East,First Round,2022 IUPUI,2022 Oklahoma,13,4,0,-8.15,-0.08189999999999997,-13.200000000000003,17.30000000000001,23.599999999999994,8.099999999999994,9.0,1.6999999999999886,2.5,2.1999999999999886,6.5,-5.299999999999997,13.099999999999994,6.0,5.699999999999989,8.100000000000009,10.200000000000003,7.900000000000006,8.299999999999997
20231404,2023,East,First Round,2023 East Carolina,2023 Texas,13,4,0,-10.3,-0.2239000000000001,0.9000000000000057,12.900000000000006,30.19999999999999,-2.1999999999999886,6.299999999999997,-5.5,-11.900000000000006,7.0,4.900000000000006,-0.9000000000000057,-1.7999999999999972,2.799999999999997,4.099999999999994,-10.5,8.200000000000003,-4.800000000000011,-14.900000000000006
20241404,2024,West,First Round,2024 Marshall,2024 Virginia Tech,13,4,0,-8.9,-0.1957000000000001,10.900000000000006,19.69999999999999,21.899999999999977,8.0,3.5,3.5999999999999943,-11.299999999999997,10.900000000000006,-1.4000000000000057,4.5,-15.100000000000009,8.0,2.5,4.700000000000003,4.299999999999997,16.799999999999997,16.799999999999997
20251404b,2025,West,First Round,2025 Liberty,2025 Kentucky,13,4,0,-7.9,-0.12349999999999994,-1.5,26.80000000000001,24.599999999999994,11.5,7.599999999999994,6.700000000000003,-3.0999999999999943,5.700000000000003,2.1999999999999886,-1.5999999999999943,-7.400000000000006,10.299999999999997,11.900000000000006,8.900000000000006,0.19999999999998863,8.0,6.400000000000006
20222110,2022,South,Second Round,2022 North Carolina,2022 Arizona,5,4,1,1.0,0.021100000000000008,5.900000000000006,26.69999999999999,35.30000000000001,1.9000000000000057,9.0,-9.800000000000011,-6.800000000000011,5.599999999999994,5.300000000000011,-2.799999999999997,7.400000000000006,4.5,7.699999999999989,-2.700000000000003,7.800000000000011,-2.0,-5.900000000000006
20232110,2023,South,Second Round,2023 Oklahoma,2023 UCLA,5,4,0,0.9000000000000004,-0.005700000000000038,7.900000000000006,35.69999999999999,21.5,8.900000000000006,-1.5,-0.9000000000000057,0.5999999999999943,7.400000000000006,12.799999999999997,-6.5,-7.299999999999997,10.200000000000003,-0.7999999999999972,3.200000000000003,-1.6999999999999886,8.899999999999991,-2.1999999999999886
20242110,2024,South,Second Round,2024 Oklahoma,2024 Indiana,5,4,0,-1.2000000000000002,-0.01980000000000004,6.700000000000003,26.099999999999994,35.30000000000001,3.5999999999999943,14.300000000000011,1.5,-2.700000000000003,10.099999999999994,-2.3000000000000114,-1.5,0.5,5.199999999999989,13.599999999999994,0.29999999999999716,10.5,9.599999999999994,4.299999999999997
20252110a,2025,South,Second Round,2025 Mississippi,2025 Baylor,5,4,1,-2.3999999999999995,0.0030000000000000027,-2.5,36.099999999999994,34.0,5.099999999999994,5.0,-5.0,-10.0,15.099999999999994,7.799999999999997,2.799999999999997,-2.6999999999999886,5.300000000000011,4.799999999999997,2.6999999999999886,3.8000000000000114,-3.9000000000000057,8.599999999999994
20212210,2021,West,Second Round,2021 Georgia Tech,2021 West Virginia,5,4,1,-4.4,-0.013400000000000079,-4.200000000000003,25.19999999999999,27.80000000000001,1.0999999999999943,3.9000000000000057,-3.0,1.1000000000000085,2.9000000000000057,5.300000000000011,-1.4000000000000057,7.5,1.0999999999999943,4.200000000000003,1.0,1.7000000000000028,-1.2000000000000028,1.9000000000000057
20222210,2022,Midwest,Second Round,2022 Belmont,2022 Tennessee,12,4,0,-8.9,-0.10530000000000006,-5.200000000000003,23.900000000000006,17.19999999999999,11.799999999999997,3.5,0.9000000000000057,-1.8000000000000114,5.0,9.5,2.0,4.299999999999997,14.699999999999989,5.0,5.099999999999994,-0.4000000000000057,7.400000000000006,-3.5
20232210,2023,Midwest,Second Round,2023 Florida Gulf Coast,2023 Villanova,12,4,0,-6.300000000000001,-0.05019999999999991,3.5,25.400000000000006,30.19999999999999,15.5,6.400000000000006,-4.200000000000003,-9.799999999999997,-7.0,3.9000000000000057,-5.599999999999994,-0.9000000000000057,19.5,6.199999999999989,4.199999999999989,4.5,26.099999999999994,10.5
20242210,2024,Midwest,Second Round,2024 Utah,2024 Gonzaga,5,4,0,0.5999999999999996,-0.0015000000000000568,1.1999999999999886,30.69999999999999,39.099999999999994,10.099999999999994,9.099999999999994,-2.5,-3.0,5.5,16.0,0.4000000000000057,4.299999999999997,10.300000000000011,8.0,7.299999999999997,6.599999999999994,13.200000000000003,8.799999999999997
20252210a,2025,Midwest,Second Round,2025 Alabama,2025 Maryland,5,4,0,-2.3999999999999995,0.006199999999999983,-2.5999999999999943,29.900000000000006,38.69999999999999,6.5,9.0,-1.5,-0.8000000000000114,3.6999999999999886,7.400000000000006,0.20000000000000284,9.0,4.900000000000006,8.5,6.200000000000003,6.900000000000006,2.9000000000000057,-1.2000000000000028
20212310,2021,South,Second Round,2021 Belmont,2021 Indiana,12,4,0,-7.5,-0.21019999999999994,-3.6999999999999886,24.5,18.100000000000023,9.599999999999994,5.200000000000003,-1.0,-11.699999999999989,9.099999999999994,-6.3999999999999915,-2.299999999999997,0.10000000000000853,10.700000000000003,6.5,4.0,0.5999999999999943,15.400000000000006,-11.199999999999989
20222310,2022,West,Second Round,2022 Florida Gulf Coast,2022 Maryland,12,4,0,-3.9,-0.05410000000000004,0.30000000000001137,21.600000000000023,29.5,4.299999999999997,4.299999999999997,-9.700000000000003,-7.599999999999994,-7.800000000000011,14.200000000000003,2.799999999999997,2.200000000000003,9.799999999999997,1.7000000000000028,-1.5999999999999943,7.5,20.400000000000006,6.5
20232310,2023,West,Second Round,2023 Toledo,2023 Tennessee,12,4,0,-5.38,-0.13219999999999998,-3.799999999999997,23.0,25.099999999999994,7.400000000000006,4.199999999999989,-1.7999999999999972,0.7000000000000028,-1.0,16.0,8.300000000000011,9.0,9.099999999999994,6.900000000000006,2.4000000000000057,-1.1999999999999886,3.4000000000000057,-6.5
20242310,2024,East,Second Round,2024 Colorado,2024 Kansas St.,5,4,1,-1.0,-0.0037000000000000366,1.7999999999999972,39.400000000000006,25.599999999999994,11.400000000000006,5.299999999999997,-3.6000000000000085,-4.0,7.099999999999994,2.9000000000000057,-0.09999999999999432,-2.8000000000000114,10.5,10.0,8.899999999999991,-2.700000000000003,0.19999999999998863,1.7999999999999972
20252310a,2025,East,Second Round,2025 Tennessee,2025 Ohio St.,5,4,1,-2.1000000000000005,-0.0009000000000000119,4.200000000000003,39.19999999999999,30.0,4.5,2.200000000000003,-10.900000000000006,-10.599999999999994,7.900000000000006,-2.200000000000003,-2.799999999999997,0.0,5.900000000000006,0.09999999999999432,1.5999999999999943,4.900000000000006,6.6000000000000085,1.0999999999999943
20212410,2021,Midwest,Second Round,2021 Iowa,2021 Kentucky,5,4,1,0.9000000000000004,0.0018000000000000238,4.699999999999989,39.39999999999998,15.899999999999977,14.099999999999994,-1.7999999999999972,-3.0999999999999943,0.29999999999999716,-5.900000000000006,0.29999999999999716,-2.9000000000000057,-2.700000000000003,13.099999999999994,-2.799999999999997,10.5,0.20000000000000284,12.400000000000006,-2.9000000000000057
20222410,2022,East,Second Round,2022 Notre Dame,2022 Oklahoma,5,4,1,-1.9000000000000004,0.011199999999999988,-8.799999999999997,22.30000000000001,29.599999999999994,4.200000000000003,7.0,-1.0,-0.20000000000000284,1.5,2.6000000000000085,-6.799999999999997,13.200000000000003,3.799999999999997,7.900000000000006,3.3000000000000114,3.200000000000003,-3.0,7.099999999999994
20232410,2023,East,Second Round,2023 Louisville,2023 Texas,5,4,1,-2.0,-0.01640000000000008,-0.7000000000000028,35.0,28.5,6.5,3.0,-7.200000000000003,-3.0,6.200000000000003,11.799999999999997,-9.400000000000006,-0.29999999999999716,8.799999999999997,4.5,0.6999999999999886,0.7999999999999972,-2.6000000000000085,-11.199999999999989
20242410,2024,West,Second Round,2024 Baylor,2024 Virginia Tech,5,4,1,-0.7999999999999998,0.009399999999999964,5.900000000000006,23.19999999999999,39.5,8.599999999999994,8.900000000000006,4.799999999999997,-7.299999999999997,9.599999999999994,10.0,-1.8000000000000114,-4.799999999999997,9.699999999999989,7.099999999999994,4.0,8.700000000000003,8.200000000000003,11.5
20252410a,2025,West,Second Round,2025 Kansas St.,2025 Kentucky,5,4,1,-1.2000000000000002,0.0026000000000000467,0.6999999999999886,37.80000000000001,35.80000000000001,15.299999999999997,10.0,0.20000000000000284,-3.200000000000003,-0.09999999999999432,4.599999999999994,-2.5999999999999943,1.7000000000000028,14.099999999999994,12.900000000000006,11.400000000000006,3.4000000000000057,6.0,7.400000000000006
20233113,2023,South,Sweet 16,2023 South Carolina,2023 UCLA,1,4,1,8.6,0.030000000000000027,-0.5,43.19999999999999,39.400000000000006,7.299999999999997,10.0,-4.0,-0.9000000000000057,20.5,14.200000000000003,0.5999999999999943,2.5,10.5,10.599999999999994,-1.0999999999999943,5.099999999999994,-7.0,8.5
20243113,2024,South,Sweet 16,2024 South Carolina,2024 Indiana,1,4,1,7.6,0.014699999999999935,3.200000000000003,40.099999999999994,43.80000000000001,9.599999999999994,22.099999999999994,-1.7999999999999972,-2.799999999999997,15.299999999999997,-3.0999999999999943,3.799999999999997,6.599999999999994,8.900000000000006,22.69999999999999,8.299999999999997,13.5,-4.099999999999994,4.799999999999997
20223213,2022,Midwest,Sweet 16,2022 Louisville,2022 Tennessee,1,4,1,1.5999999999999996,0.022299999999999986,-3.9000000000000057,38.19999999999999,26.400000000000006,11.599999999999994,3.9000000000000057,2.4000000000000057,-4.099999999999994,9.799999999999997,12.700000000000003,-1.8000000000000114,1.7000000000000028,11.599999999999994,4.900000000000006,8.900000000000006,1.1999999999999886,-9.599999999999994,-8.700000000000003
20233213,2023,Midwest,Sweet 16,2023 Miami FL,2023 Villanova,9,4,1,-7.12,-0.05179999999999996,3.8000000000000114,23.900000000000006,31.19999999999999,5.799999999999997,2.700000000000003,0.4000000000000057,-8.599999999999994,4.799999999999997,4.0,0.19999999999998863,-2.9000000000000057,9.400000000000006,2.9000000000000057,-2.700000000000003,1.5999999999999943,2.700000000000003,1.3000000000000114
20243213,2024,Midwest,Sweet 16,2024 Texas,2024 Gonzaga,1,4,1,5.5,0.012399999999999967,2.1999999999999886,35.400000000000006,45.30000000000001,8.200000000000003,12.5,-3.5999999999999943,-8.799999999999997,14.299999999999997,12.0,13.299999999999997,-3.799999999999997,6.800000000000011,11.799999999999997,8.0,8.5,-16.299999999999997,6.799999999999997
20253213a,2025,Midwest,Sweet 16,2025 South Carolina,2025 Maryland,1,4,1,9.0,0.020000000000000018,-2.799999999999997,37.80000000000001,47.70000000000002,3.9000000000000057,11.5,-4.0,-1.3000000000000114,9.299999999999997,8.400000000000006,-1.0,16.30000000000001,4.599999999999994,12.0,1.7000000000000028,6.900000000000006,-7.400000000000006,-0.20000000000000284
20213313,2021,South,Sweet 16,2021 North Carolina St.,2021 Indiana,1,4,0,2.5999999999999996,0.0049000000000000155,-1.0999999999999943,38.30000000000001,30.69999999999999,10.299999999999997,7.200000000000003,-3.6999999999999886,-2.1999999999999886,6.5,4.200000000000003,1.9000000000000057,12.5,11.200000000000003,10.900000000000006,5.099999999999994,-0.7999999999999972,4.900000000000006,-12.200000000000003
20223313,2022,West,Sweet 16,2022 Stanford,2022 Maryland,1,4,1,8.399999999999999,0.019399999999999973,-1.8999999999999915,32.60000000000002,39.30000000000001,2.0999999999999943,8.599999999999994,-6.5,-4.5,6.599999999999994,11.0,4.299999999999997,1.5,2.5999999999999943,10.400000000000006,0.5999999999999943,2.9000000000000057,-1.1999999999999886,-1.0
20233313,2023,West,Sweet 16,2023 Virginia Tech,2023 Tennessee,1,4,1,4.1,0.005700000000000038,-4.799999999999997,37.599999999999994,33.39999999999998,8.0,6.900000000000006,-0.09999999999999432,0.6000000000000085,4.0,15.700000000000003,2.8000000000000114,8.800000000000011,9.400000000000006,8.200000000000003,3.3000000000000114,2.3000000000000114,8.099999999999994,-0.19999999999998863
20214315,2021,South,Elite Eight,2021 Arizona,2021 Indiana,3,4,1,0.0,0.0040000000000000036,-1.0,29.400000000000006,36.30000000000001,3.5999999999999943,7.599999999999994,-3.0999999999999943,-10.099999999999994,4.599999999999994,0.6000000000000085,2.200000000000003,4.0,4.099999999999994,12.099999999999994,1.0999999999999943,-2.5,3.1999999999999886,-5.800000000000011
20211106,2021,East,First Round,2021 UC Davis,2021 Missouri St.,12,5,0,-3.94,-0.08650000000000002,-2.5999999999999943,18.099999999999994,20.099999999999994,6.300000000000011,8.900000000000006,-3.5,2.700000000000003,3.5,8.200000000000003,-0.19999999999998863,5.900000000000006,3.5999999999999943,9.5,7.0,5.0,4.199999999999989,-6.5
20221106,2022,South,First Round,2022 Stephen F. Austin,2022 North Carolina,12,5,0,-6.16,-0.09860000000000002,-0.30000000000001137,25.599999999999994,25.099999999999994,9.800000000000011,4.799999999999997,-4.0,-14.199999999999989,4.800000000000011,0.4000000000000057,14.099999999999994,1.0,10.400000000000006,5.900000000000006,6.0,1.7000000000000028,-1.7000000000000028,-3.3000000000000114
20231106,2023,South,First Round,2023 Portland,2023 Oklahoma,12,5,0,-8.8,-0.12049999999999994,-8.099999999999994,14.199999999999989,28.600000000000023,4.900000000000006,6.400000000000006,5.400000000000006,-2.799999999999997,6.0,0.5,-2.9000000000000057,4.6000000000000085,7.099999999999994,7.0,0.5,2.299999999999997,-2.4000000000000057,12.399999999999991
20241106,2024,South,First Round,2024 Florida Gulf Coast,2024 Oklahoma,12,5,0,-5.0,-0.04720000000000002,-9.400000000000006,23.399999999999977,23.0,7.900000000000006,3.4000000000000057,-1.5,-5.6000000000000085,6.199999999999989,9.5,4.900000000000006,-5.300000000000011,13.799999999999997,4.599999999999994,1.0999999999999943,0.7000000000000028,18.799999999999997,10.400000000000006
20251106b,2025,South,First Round,2025 Ball St.,2025 Mississippi,12,5,0,-6.7,-0.1482000000000001,1.7000000000000028,19.80000000000001,29.399999999999977,4.5,3.5999999999999943,-8.5,-4.599999999999994,-0.20000000000000284,15.700000000000003,-2.5,6.700000000000003,7.599999999999994,6.200000000000003,-0.29999999999999716,-1.4000000000000057,13.899999999999991,-10.099999999999994
20211206,2021,West,First Round,2021 Stephen F. Austin,2021 Georgia Tech,12,5,0,-2.9,-0.029100000000000015,6.200000000000003,20.599999999999994,24.5,11.0,9.299999999999997,2.9000000000000057,-14.200000000000003,9.600000000000009,-1.5999999999999943,7.400000000000006,-12.299999999999997,14.0,10.0,2.5,5.200000000000003,11.900000000000006,3.0
20221206,2022,Midwest,First Round,2022 Belmont,2022 Oregon,12,5,1,-5.5,-0.11050000000000004,-0.9000000000000057,18.400000000000006,26.30000000000001,9.099999999999994,7.400000000000006,-2.0,-6.200000000000003,2.5,2.700000000000003,-4.200000000000003,0.0,12.099999999999994,8.300000000000011,3.0,2.9000000000000057,7.700000000000003,5.400000000000006
20231206,2023,Midwest,First Round,2023 Florida Gulf Coast,2023 Washington St.,12,5,1,-3.9,-0.014000000000000012,2.1999999999999886,25.599999999999994,19.19999999999999,15.200000000000003,5.799999999999997,-4.0,-3.0,-6.900000000000006,4.199999999999989,-2.4000000000000057,0.0,17.400000000000006,5.400000000000006,7.699999999999989,4.400000000000006,23.099999999999994,10.300000000000011
20241206,2024,Midwest,First Round,2024 South Dakota St.,2024 Utah,12,5,0,-4.869999999999999,-0.121,-2.1999999999999886,18.80000000000001,29.80000000000001,7.400000000000006,13.0,-0.7999999999999972,1.0999999999999943,8.299999999999997,6.300000000000011,13.399999999999991,-2.9000000000000057,6.900000000000006,13.300000000000011,5.299999999999997,9.0,2.5,12.400000000000006
20251206b,2025,Midwest,First Round,2025 Green Bay,2025 Alabama,12,5,0,-6.3999999999999995,-0.15879999999999994,-5.500000000000007,20.5,27.30000000000001,7.400000000000006,7.900000000000006,-5.099999999999994,-3.4000000000000057,-2.1999999999999886,6.199999999999989,-3.0999999999999943,6.200000000000003,5.900000000000006,6.799999999999997,6.900000000000006,6.799999999999997,3.5999999999999943,-2.4000000000000057
20211306,2021,South,First Round,2021 Belmont,2021 Gonzaga,12,5,1,-5.1,-0.19809999999999994,1.3000000000000114,19.899999999999977,19.19999999999999,8.900000000000006,7.900000000000006,-2.5999999999999943,-5.3999999999999915,11.399999999999991,5.700000000000003,-7.700000000000003,-6.8999999999999915,10.300000000000011,6.5,3.799999999999997,7.299999999999997,9.900000000000006,-7.0
20221306,2022,West,First Round,2022 Florida Gulf Coast,2022 Virginia Tech,12,5,1,-2.6,-0.05159999999999998,4.5,23.30000000000001,26.19999999999999,12.400000000000006,7.599999999999994,-4.099999999999994,-6.5,-4.900000000000006,3.0,3.299999999999997,2.799999999999997,18.599999999999994,5.099999999999994,1.9000000000000057,8.099999999999994,27.400000000000006,20.099999999999994
20231306,2023,West,First Round,2023 Toledo,2023 Iowa St.,12,5,1,-6.28,-0.13559999999999994,-1.7000000000000028,24.19999999999999,25.399999999999977,8.400000000000006,5.199999999999989,0.5999999999999943,-1.5999999999999943,3.0999999999999943,6.199999999999989,10.800000000000011,6.099999999999994,10.299999999999997,7.0,2.799999999999997,1.0,2.3000000000000114,10.5
20241306,2024,East,First Round,2024 Drake,2024 Colorado,12,5,0,-5.27,-0.09119999999999995,3.0,24.80000000000001,25.600000000000023,9.799999999999997,4.599999999999994,-0.10000000000000853,-0.6000000000000085,7.200000000000003,7.800000000000011,1.2999999999999972,7.300000000000011,16.19999999999999,5.599999999999994,-0.7000000000000028,1.8999999999999915,8.299999999999997,-3.4000000000000057
20251306b,2025,East,First Round,2025 South Florida,2025 Tennessee,12,5,0,-7.699999999999999,-0.1349999999999999,-10.800000000000011,21.100000000000023,28.400000000000006,-2.0,4.700000000000003,-6.599999999999994,-5.400000000000006,3.0999999999999943,8.900000000000006,-4.799999999999997,-3.5999999999999943,-5.5,6.200000000000003,4.799999999999997,1.5999999999999943,-2.0999999999999943,9.5
20211406,2021,Midwest,First Round,2021 Central Michigan,2021 Iowa,12,5,0,-8.2,-0.23140000000000005,-4.099999999999994,12.800000000000011,25.30000000000001,3.200000000000003,9.699999999999989,1.7000000000000028,0.5999999999999943,-3.9000000000000057,0.30000000000001137,-3.4000000000000057,0.29999999999999716,4.300000000000011,9.299999999999997,1.0,6.800000000000011,10.0,1.6999999999999886
20221406,2022,East,First Round,2022 Massachusetts,2022 Notre Dame,12,5,0,-5.2,-0.10260000000000002,-1.2999999999999972,24.19999999999999,17.80000000000001,4.5,4.0,-3.700000000000003,-1.5,10.100000000000009,6.6000000000000085,8.099999999999994,2.299999999999997,6.200000000000003,6.700000000000003,0.8000000000000114,-0.5,-4.0,-11.599999999999994
20231406,2023,East,First Round,2023 Drake,2023 Louisville,12,5,0,-7.3,-0.05169999999999997,5.400000000000006,22.19999999999999,26.599999999999994,9.700000000000003,7.0,-1.2000000000000028,2.4000000000000057,3.9000000000000057,11.200000000000003,2.200000000000003,5.400000000000006,14.699999999999989,8.900000000000006,0.29999999999999716,2.5,8.700000000000003,-6.400000000000006
20241406,2024,West,First Round,2024 Vanderbilt,2024 Baylor,12,5,0,-4.0,-0.06320000000000003,-3.9000000000000057,27.100000000000023,24.30000000000001,2.8000000000000114,5.300000000000011,-4.799999999999997,-3.5,10.700000000000003,4.400000000000006,1.7000000000000028,-0.5999999999999943,-0.09999999999999432,4.599999999999994,6.300000000000011,4.299999999999997,3.0,0.6000000000000085
20251406b,2025,West,First Round,2025 Fairfield,2025 Kansas St.,12,5,0,-6.3999999999999995,-0.17789999999999995,-1.7999999999999972,20.599999999999994,29.099999999999994,11.900000000000006,12.200000000000003,-0.7000000000000028,-8.5,3.5999999999999943,4.900000000000006,-0.4000000000000057,-2.299999999999997,15.599999999999994,9.400000000000006,4.400000000000006,11.599999999999994,11.900000000000006,2.9000000000000057
20212110,2021,East,Second Round,2021 Wright St.,2021 Missouri St.,13,5,0,-7.8,-0.16820000000000002,-2.9000000000000057,15.199999999999989,18.5,-0.9000000000000057,5.599999999999994,-2.0999999999999943,-3.5,23.099999999999994,11.400000000000006,4.099999999999994,-6.400000000000006,0.4000000000000057,5.599999999999994,-3.0999999999999943,3.5,-10.800000000000011,-8.400000000000006
20222110,2022,South,Second Round,2022 Arizona,2022 North Carolina,4,5,0,-1.0,-0.021100000000000008,-5.900000000000006,35.30000000000001,26.69999999999999,9.0,1.9000000000000057,-6.800000000000011,-9.800000000000011,5.300000000000011,5.599999999999994,7.400000000000006,-2.799999999999997,7.699999999999989,4.5,7.800000000000011,-2.700000000000003,-5.900000000000006,-2.0
20232110,2023,South,Second Round,2023 UCLA,2023 Oklahoma,4,5,1,-0.9000000000000004,0.005700000000000038,-7.900000000000006,21.5,35.69999999999999,-1.5,8.900000000000006,0.5999999999999943,-0.9000000000000057,12.799999999999997,7.400000000000006,-7.299999999999997,-6.5,-0.7999999999999972,10.200000000000003,-1.6999999999999886,3.200000000000003,-2.1999999999999886,8.899999999999991
20242110,2024,South,Second Round,2024 Indiana,2024 Oklahoma,4,5,1,1.2000000000000002,0.01980000000000004,-6.700000000000003,35.30000000000001,26.099999999999994,14.300000000000011,3.5999999999999943,-2.700000000000003,1.5,-2.3000000000000114,10.099999999999994,0.5,-1.5,13.599999999999994,5.199999999999989,10.5,0.29999999999999716,4.299999999999997,9.599999999999994
20252110b,2025,South,Second Round,2025 Baylor,2025 Mississippi,4,5,0,2.3999999999999995,-0.0030000000000000027,2.5,34.0,36.099999999999994,5.0,5.099999999999994,-10.0,-5.0,7.799999999999997,15.099999999999994,-2.6999999999999886,2.799999999999997,4.799999999999997,5.300000000000011,3.8000000000000114,2.6999999999999886,8.599999999999994,-3.9000000000000057
20212210,2021,West,Second Round,2021 West Virginia,2021 Georgia Tech,4,5,0,4.4,0.013400000000000079,4.200000000000003,27.80000000000001,25.19999999999999,3.9000000000000057,1.0999999999999943,1.1000000000000085,-3.0,5.300000000000011,2.9000000000000057,7.5,-1.4000000000000057,4.200000000000003,1.0999999999999943,1.7000000000000028,1.0,1.9000000000000057,-1.2000000000000028
20242210,2024,Midwest,Second Round,2024 Gonzaga,2024 Utah,4,5,1,-0.5999999999999996,0.0015000000000000568,-1.1999999999999886,39.099999999999994,30.69999999999999,9.099999999999994,10.099999999999994,-3.0,-2.5,16.0,5.5,4.299999999999997,0.4000000000000057,8.0,10.300000000000011,6.599999999999994,7.299999999999997,8.799999999999997,13.200000000000003
20252210b,2025,Midwest,Second Round,2025 Maryland,2025 Alabama,4,5,1,2.3999999999999995,-0.006199999999999983,2.5999999999999943,38.69999999999999,29.900000000000006,9.0,6.5,-0.8000000000000114,-1.5,7.400000000000006,3.6999999999999886,9.0,0.20000000000000284,8.5,4.900000000000006,6.900000000000006,6.200000000000003,-1.2000000000000028,2.9000000000000057
20242310,2024,East,Second Round,2024 Kansas St.,2024 Colorado,4,5,0,1.0,0.0037000000000000366,-1.7999999999999972,25.599999999999994,39.400000000000006,5.299999999999997,11.400000000000006,-4.0,-3.6000000000000085,2.9000000000000057,7.099999999999994,-2.8000000000000114,-0.09999999999999432,10.0,10.5,-2.700000000000003,8.899999999999991,1.7999999999999972,0.19999999999998863
20252310b,2025,East,Second Round,2025 Ohio St.,2025 Tennessee,4,5,0,2.1000000000000005,0.0009000000000000119,-4.200000000000003,30.0,39.19999999999999,2.200000000000003,4.5,-10.599999999999994,-10.900000000000006,-2.200000000000003,7.900000000000006,0.0,-2.799999999999997,0.09999999999999432,5.900000000000006,4.900000000000006,1.5999999999999943,1.0999999999999943,6.6000000000000085
20212410,2021,Midwest,Second Round,2021 Kentucky,2021 Iowa,4,5,0,-0.9000000000000004,-0.0018000000000000238,-4.699999999999989,15.899999999999977,39.39999999999998,-1.7999999999999972,14.099999999999994,0.29999999999999716,-3.0999999999999943,0.29999999999999716,-5.900000000000006,-2.700000000000003,-2.9000000000000057,-2.799999999999997,13.099999999999994,0.20000000000000284,10.5,-2.9000000000000057,12.400000000000006
20222410,2022,East,Second Round,2022 Oklahoma,2022 Notre Dame,4,5,0,1.9000000000000004,-0.011199999999999988,8.799999999999997,29.599999999999994,22.30000000000001,7.0,4.200000000000003,-0.20000000000000284,-1.0,2.6000000000000085,1.5,13.200000000000003,-6.799999999999997,7.900000000000006,3.799999999999997,3.200000000000003,3.3000000000000114,7.099999999999994,-3.0
20232410,2023,East,Second Round,2023 Texas,2023 Louisville,4,5,0,2.0,0.01640000000000008,0.7000000000000028,28.5,35.0,3.0,6.5,-3.0,-7.200000000000003,11.799999999999997,6.200000000000003,-0.29999999999999716,-9.400000000000006,4.5,8.799999999999997,0.7999999999999972,0.6999999999999886,-11.199999999999989,-2.6000000000000085
20242410,2024,West,Second Round,2024 Virginia Tech,2024 Baylor,4,5,0,0.7999999999999998,-0.009399999999999964,-5.900000000000006,39.5,23.19999999999999,8.900000000000006,8.599999999999994,-7.299999999999997,4.799999999999997,10.0,9.599999999999994,-4.799999999999997,-1.8000000000000114,7.099999999999994,9.699999999999989,8.700000000000003,4.0,11.5,8.200000000000003
20252410b,2025,West,Second Round,2025 Kentucky,2025 Kansas St.,4,5,0,1.2000000000000002,-0.0026000000000000467,-0.6999999999999886,35.80000000000001,37.80000000000001,10.0,15.299999999999997,-3.200000000000003,0.20000000000000284,4.599999999999994,-0.09999999999999432,1.7000000000000028,-2.5999999999999943,12.900000000000006,14.099999999999994,3.4000000000000057,11.400000000000006,7.400000000000006,6.0
20213113,2021,East,Sweet 16,2021 Stanford,2021 Missouri St.,1,5,1,8.3,0.04609999999999992,0.5,43.19999999999999,32.599999999999994,8.800000000000011,8.900000000000006,-5.299999999999997,-3.5,19.0,10.100000000000009,-7.199999999999989,2.3000000000000114,7.800000000000011,10.299999999999997,7.300000000000011,4.0,0.19999999999998863,-7.099999999999994
20223113,2022,South,Sweet 16,2022 South Carolina,2022 North Carolina,1,5,1,9.600000000000001,0.007699999999999929,-5.400000000000006,43.19999999999999,37.400000000000006,7.400000000000006,9.299999999999997,-4.700000000000003,-1.0,19.30000000000001,11.199999999999989,11.400000000000006,9.299999999999997,7.199999999999989,10.099999999999994,5.300000000000011,4.200000000000003,-13.200000000000003,4.599999999999994
20253113a,2025,South,Sweet 16,2025 UCLA,2025 Mississippi,1,5,1,9.899999999999999,0.008599999999999941,0.5,43.69999999999999,38.69999999999999,7.900000000000006,6.900000000000006,-7.699999999999989,-2.0,12.099999999999994,14.299999999999997,-4.799999999999997,9.700000000000003,9.699999999999989,9.300000000000011,2.9000000000000057,0.8000000000000114,9.099999999999994,-5.800000000000011
20213213,2021,West,Sweet 16,2021 South Carolina,2021 Georgia Tech,1,5,1,7.2,0.0393,5.900000000000006,30.0,34.39999999999998,2.5,7.299999999999997,-0.19999999999998863,-1.2999999999999972,14.600000000000009,6.299999999999997,9.700000000000003,2.299999999999997,3.5,7.299999999999997,0.30000000000001137,4.799999999999997,-5.900000000000006,7.099999999999994
20243313,2024,East,Sweet 16,2024 Iowa,2024 Colorado,1,5,1,4.9,0.011200000000000099,4.799999999999997,47.099999999999994,29.19999999999999,13.199999999999989,5.5,-5.6000000000000085,0.20000000000000284,6.6000000000000085,6.400000000000006,1.0,3.4000000000000057,17.099999999999994,4.799999999999997,4.200000000000003,4.700000000000003,12.5,-7.699999999999989
20253313a,2025,East,Sweet 16,2025 Texas,2025 Tennessee,1,5,1,8.7,0.012300000000000089,-7.800000000000011,36.0,45.0,0.5999999999999943,8.700000000000003,-9.599999999999994,-11.0,10.299999999999997,9.799999999999997,2.700000000000003,-9.200000000000003,-0.4000000000000057,10.200000000000003,0.9000000000000057,4.099999999999994,-11.900000000000006,16.10000000000001
20213413,2021,Midwest,Sweet 16,2021 Connecticut,2021 Iowa,1,5,1,2.3,0.040899999999999936,-2.5999999999999943,20.69999999999999,55.30000000000001,5.900000000000006,21.400000000000006,2.5999999999999943,-6.300000000000011,4.199999999999989,4.300000000000011,-2.9000000000000057,12.599999999999994,8.400000000000006,21.400000000000006,0.29999999999999716,14.0,-4.5,1.7999999999999972
20223413,2022,East,Sweet 16,2022 North Carolina St.,2022 Notre Dame,1,5,1,7.2,0.030000000000000027,-3.0,38.5,30.599999999999994,8.199999999999989,8.599999999999994,-5.5,-0.20000000000000284,6.400000000000006,8.200000000000003,4.800000000000011,5.700000000000003,8.599999999999994,10.099999999999994,5.099999999999994,3.5999999999999943,-1.7000000000000028,-7.0
20233413,2023,East,Sweet 16,2023 Mississippi,2023 Louisville,8,5,0,-0.5999999999999996,0.0024000000000000687,-1.1999999999999886,22.100000000000023,34.69999999999999,1.3000000000000114,10.799999999999997,-3.700000000000003,-2.0999999999999943,8.599999999999994,8.100000000000009,-0.5999999999999943,-6.0,4.199999999999989,9.799999999999997,-3.8000000000000114,9.099999999999994,-4.199999999999989,2.5
20243413,2024,West,Sweet 16,2024 USC,2024 Baylor,1,5,1,5.199999999999999,0.0044999999999999485,-3.299999999999997,39.5,28.5,5.200000000000003,7.099999999999994,-8.299999999999997,-0.4000000000000057,8.300000000000011,7.599999999999994,5.1000000000000085,-2.0999999999999943,1.0,8.5,9.5,2.5999999999999943,4.099999999999994,5.6000000000000085
20253413a,2025,West,Sweet 16,2025 USC,2025 Kansas St.,1,5,1,8.100000000000001,0.007399999999999962,4.200000000000003,36.5,46.0,7.800000000000011,15.299999999999997,-1.5,-7.299999999999997,11.5,3.5,11.700000000000003,-4.3999999999999915,8.799999999999997,15.5,3.5999999999999943,9.300000000000011,-1.0,6.400000000000006
20234415,2023,East,Elite Eight,2023 Iowa,2023 Louisville,2,5,1,4.300000000000001,0.017000000000000015,4.700000000000003,40.900000000000006,26.69999999999999,13.200000000000003,3.6999999999999886,-5.900000000000006,2.9000000000000057,-1.9000000000000057,11.900000000000006,2.200000000000003,1.0999999999999943,16.799999999999997,2.299999999999997,4.0,4.800000000000011,8.0,-10.900000000000006
20211103,2021,East,First Round,2021 South Dakota,2021 Oregon,11,6,0,-3.94,-0.04349999999999998,-0.7000000000000028,27.0,31.19999999999999,7.199999999999989,6.200000000000003,-5.299999999999997,-6.5,2.0999999999999943,9.600000000000009,6.0,-11.100000000000009,9.0,10.599999999999994,2.3999999999999915,-0.29999999999999716,0.4000000000000057,-4.599999999999994
20221103,2022,South,First Round,2022 Dayton,2022 Georgia,11,6,0,-2.4000000000000004,-0.04689999999999994,-2.799999999999997,20.5,20.80000000000001,3.4000000000000057,6.5,-5.8999999999999915,1.9000000000000057,3.3000000000000114,11.299999999999997,2.1999999999999886,0.30000000000001137,2.0999999999999943,7.699999999999989,3.8999999999999915,2.9000000000000057,4.900000000000006,-14.0
20231103,2023,South,First Round,2023 Mississippi St.,2023 Creighton,11,6,1,-3.5999999999999996,-0.012599999999999945,3.5,22.69999999999999,32.900000000000006,5.400000000000006,11.900000000000006,3.6999999999999886,-6.300000000000011,8.099999999999994,-3.0,6.299999999999997,-5.599999999999994,3.0999999999999943,10.5,7.400000000000006,9.200000000000003,-2.5,6.900000000000006
20241103,2024,South,First Round,2024 Texas A&M,2024 Nebraska,11,6,0,-3.1399999999999997,-0.005599999999999938,0.09999999999999432,18.099999999999994,29.80000000000001,-1.0999999999999943,8.099999999999994,-0.09999999999999432,-2.299999999999997,12.900000000000006,9.799999999999997,0.30000000000001137,-1.2000000000000028,-0.4000000000000057,8.400000000000006,-2.3000000000000114,4.299999999999997,-7.599999999999994,12.700000000000003
20251103b,2025,South,First Round,2025 George Mason,2025 Florida St.,11,6,0,-4.99,-0.04600000000000004,-7.299999999999997,21.69999999999999,31.80000000000001,2.0999999999999943,6.900000000000006,-3.799999999999997,-12.5,3.4000000000000057,0.5,7.599999999999994,1.0999999999999943,-0.5,8.800000000000011,4.799999999999997,1.9000000000000057,5.700000000000003,2.200000000000003
20211203,2021,West,First Round,2021 Bradley,2021 Texas,11,6,0,-8.4,-0.18220000000000003,1.3000000000000114,24.19999999999999,13.5,1.0999999999999943,0.20000000000000284,-8.900000000000006,0.29999999999999716,-0.09999999999999432,8.599999999999994,-5.800000000000011,-1.0999999999999943,-0.7000000000000028,1.9000000000000057,2.5,-0.9000000000000057,10.799999999999997,-10.599999999999994
20221203,2022,Midwest,First Round,2022 Villanova,2022 BYU,11,6,1,-4.3,-0.11029999999999995,-2.200000000000003,21.599999999999994,26.69999999999999,5.299999999999997,7.0,-6.5,-3.1999999999999886,-2.5999999999999943,9.099999999999994,-4.0,-2.9000000000000057,7.799999999999997,8.900000000000006,0.6000000000000085,1.7999999999999972,4.599999999999994,7.799999999999997
20231203,2023,Midwest,First Round,2023 UNLV,2023 Michigan,11,6,0,-1.5,-0.07150000000000001,0.29999999999999716,24.900000000000006,19.0,5.099999999999994,7.900000000000006,-7.0,1.8000000000000114,6.6000000000000085,9.199999999999989,5.299999999999997,9.400000000000006,7.599999999999994,9.900000000000006,0.09999999999999432,2.3999999999999915,-1.3999999999999915,-2.0
20241203,2024,Midwest,First Round,2024 Green Bay,2024 Tennessee,11,6,0,-4.3,-0.03359999999999996,-6.5,24.400000000000006,23.899999999999977,9.5,3.799999999999997,0.20000000000000284,-2.4000000000000057,-0.4000000000000057,9.200000000000003,8.299999999999997,7.300000000000011,12.800000000000011,6.099999999999994,1.4000000000000057,0.30000000000001137,6.0,-7.799999999999997
20251203b,2025,Midwest,First Round,2025 Columbia,2025 West Virginia,11,6,0,-4.6,-0.06520000000000004,-1.9000000000000057,34.19999999999999,23.0,5.099999999999994,3.1999999999999886,-12.400000000000006,-4.900000000000006,12.299999999999997,7.3999999999999915,-2.5999999999999943,8.5,7.0,3.1999999999999886,1.1999999999999886,2.0999999999999943,3.9000000000000057,1.5
20211303,2021,South,First Round,2021 BYU,2021 Rutgers,11,6,1,-2.79,-0.053300000000000014,2.299999999999997,21.899999999999977,29.599999999999994,6.900000000000006,11.599999999999994,-8.5,-2.4000000000000057,-3.0,9.900000000000006,-14.299999999999997,-3.5999999999999943,11.900000000000006,13.099999999999994,-1.7000000000000028,6.200000000000003,-0.6999999999999886,-4.299999999999997
20221303,2022,West,First Round,2022 Missouri St.,2022 Ohio St.,11,6,0,-3.3,-0.03820000000000001,-4.900000000000006,11.800000000000011,30.69999999999999,-4.900000000000006,11.800000000000011,-5.5,-7.700000000000003,8.599999999999994,0.7999999999999972,4.299999999999997,-4.900000000000006,-4.5,10.099999999999994,-3.9000000000000057,9.899999999999991,-5.700000000000003,5.700000000000003
20231303,2023,West,First Round,2023 St. John's,2023 North Carolina,11,6,0,-3.1,-0.057499999999999996,-6.699999999999989,30.0,16.80000000000001,7.0,2.5999999999999943,-4.099999999999994,-0.09999999999999432,3.3000000000000114,-1.9000000000000057,1.7999999999999972,7.299999999999997,7.400000000000006,2.1999999999999886,5.0,2.5999999999999943,-7.299999999999997,2.5999999999999943
20241303,2024,East,First Round,2024 Middle Tennessee,2024 Louisville,11,6,1,-4.13,-0.030000000000000027,-5.200000000000003,23.5,27.599999999999994,4.699999999999989,9.299999999999997,-8.099999999999994,0.0,2.9000000000000057,9.100000000000009,0.09999999999999432,11.799999999999997,3.299999999999997,11.5,4.799999999999997,3.299999999999997,9.800000000000011,-10.300000000000011
20251303b,2025,East,First Round,2025 Michigan,2025 Michigan,11,6,0,0.0,0.0,0.0,33.10000000000002,33.10000000000002,4.300000000000011,4.300000000000011,-3.5,-3.5,6.0,6.0,-1.2000000000000028,-1.2000000000000028,1.4000000000000057,1.4000000000000057,6.599999999999994,6.599999999999994,-2.1999999999999886,-2.1999999999999886
20211403,2021,Midwest,First Round,2021 Florida Gulf Coast,2021 Michigan,11,6,0,-3.1999999999999997,-0.06730000000000003,3.4000000000000057,22.599999999999994,28.69999999999999,11.099999999999994,7.200000000000003,-2.9000000000000057,-2.299999999999997,-5.6000000000000085,16.200000000000003,-2.799999999999997,1.5,17.799999999999997,8.099999999999994,2.0,3.200000000000003,24.0,1.0
20221403,2022,East,First Round,2022 Princeton,2022 Kentucky,11,6,1,-1.7999999999999998,0.011199999999999988,-3.200000000000003,16.599999999999994,32.30000000000001,1.2999999999999972,8.5,-3.5999999999999943,-9.099999999999994,3.4000000000000057,7.400000000000006,0.5,-2.0999999999999943,1.0,7.799999999999997,0.6999999999999886,7.0,3.799999999999997,-6.900000000000006
20231403,2023,East,First Round,2023 Middle Tennessee,2023 Colorado,11,6,0,-4.5,-0.017899999999999916,-0.9000000000000057,28.5,23.69999999999999,7.099999999999994,6.900000000000006,-6.5,-3.299999999999997,3.5,7.0,9.299999999999997,-2.5,10.200000000000003,7.800000000000011,1.5999999999999943,4.0,9.099999999999994,-5.400000000000006
20241403,2024,West,First Round,2024 Arizona,2024 Syracuse,11,6,0,-3.4,0.02859999999999996,-0.09999999999999432,18.399999999999977,26.80000000000001,3.200000000000003,-1.0999999999999943,-2.4000000000000057,-7.0,-3.299999999999997,5.799999999999997,4.900000000000006,-5.300000000000011,2.8000000000000114,-1.8000000000000114,2.5,0.19999999999998863,-7.299999999999997,-2.4000000000000057
20251403b,2025,West,First Round,2025 Murray St.,2025 Iowa,11,6,0,-7.1,-0.08639999999999992,6.0,33.80000000000001,18.900000000000006,7.099999999999994,2.9000000000000057,-4.400000000000006,0.5,4.599999999999994,6.900000000000006,5.0,5.900000000000006,10.0,2.6999999999999886,1.7000000000000028,2.200000000000003,4.599999999999994,4.200000000000003
20212111,2021,East,Second Round,2021 Georgia,2021 Oregon,3,6,0,1.9999999999999996,-0.012399999999999967,4.299999999999997,22.600000000000023,40.0,5.0,9.800000000000011,1.5999999999999943,-7.5,5.700000000000003,5.6000000000000085,1.0999999999999943,-10.700000000000003,6.299999999999997,9.0,2.0999999999999943,7.0,-9.599999999999994,10.5
20222111,2022,South,Second Round,2022 Iowa St.,2022 Georgia,3,6,1,4.8,0.02200000000000002,-2.200000000000003,40.30000000000001,16.19999999999999,10.699999999999989,2.0,-6.5,4.6000000000000085,0.6000000000000085,11.200000000000003,-0.30000000000001137,6.300000000000011,7.0,2.9000000000000057,9.0,0.5,19.700000000000003,-14.900000000000006
20242111,2024,South,Second Round,2024 Oregon St.,2024 Nebraska,3,6,1,4.3,0.02650000000000008,-1.8000000000000114,29.0,28.599999999999994,6.799999999999997,9.599999999999994,-1.0,6.900000000000006,5.300000000000011,10.799999999999997,1.1000000000000085,9.599999999999994,5.799999999999997,9.700000000000003,5.699999999999989,5.6000000000000085,1.2000000000000028,12.899999999999991
20252111b,2025,South,Second Round,2025 LSU,2025 Florida St.,3,6,1,4.4,0.014699999999999935,-2.0999999999999943,30.100000000000023,39.599999999999994,3.5,8.700000000000003,-2.0999999999999943,-8.700000000000003,11.5,1.8000000000000114,7.799999999999997,-0.20000000000000284,3.5999999999999943,7.300000000000011,2.5999999999999943,7.299999999999997,-6.0,-1.5
20212211,2021,West,Second Round,2021 UCLA,2021 Texas,3,6,0,2.7,0.02510000000000001,0.9000000000000057,36.60000000000002,29.600000000000023,-1.2000000000000028,0.7000000000000028,-9.800000000000011,-6.099999999999994,9.099999999999994,8.5,-2.700000000000003,0.09999999999999432,-4.099999999999994,0.0,3.3000000000000114,2.0999999999999943,5.5,-8.099999999999994
20232211,2023,Midwest,Second Round,2023 LSU,2023 Michigan,3,6,1,4.9,0.033299999999999996,2.6000000000000085,35.400000000000006,31.69999999999999,4.799999999999997,11.900000000000006,-5.400000000000006,-1.5,19.0,7.199999999999989,13.5,7.0,6.300000000000011,12.599999999999994,2.0,6.8999999999999915,-10.099999999999994,-2.6999999999999886
20242211,2024,Midwest,Second Round,2024 North Carolina St.,2024 Tennessee,3,6,1,5.300000000000001,0.027700000000000058,-0.7999999999999972,26.30000000000001,35.30000000000001,3.8000000000000114,7.900000000000006,1.2000000000000028,2.0,0.20000000000000284,10.899999999999991,11.200000000000003,14.0,5.5,10.0,-0.20000000000000284,2.5999999999999943,1.6999999999999886,-0.7999999999999972
20252211b,2025,Midwest,Second Round,2025 North Carolina,2025 West Virginia,3,6,1,3.8,-0.006500000000000061,-2.5,32.30000000000001,35.39999999999998,3.4000000000000057,9.299999999999997,-14.400000000000006,-1.8000000000000114,0.5999999999999943,8.399999999999991,-4.3999999999999915,6.700000000000003,2.6999999999999886,11.699999999999989,3.0999999999999943,3.0999999999999943,-0.20000000000000284,1.9000000000000057
20222311,2022,West,Second Round,2022 LSU,2022 Ohio St.,3,6,0,3.3000000000000003,0.018100000000000005,-2.200000000000003,22.5,30.0,2.0999999999999943,9.900000000000006,-6.0,-4.900000000000006,6.900000000000006,1.5999999999999943,4.0,4.099999999999994,2.200000000000003,12.0,1.6999999999999886,3.0999999999999943,-14.800000000000011,3.700000000000003
20232311,2023,West,Second Round,2023 Ohio St.,2023 North Carolina,3,6,1,2.0999999999999996,-0.0041999999999999815,2.700000000000003,34.10000000000002,21.0,9.800000000000011,-1.0,-7.5,-6.599999999999994,-0.6999999999999886,-0.20000000000000284,3.5,2.0,12.599999999999994,-2.4000000000000057,3.4000000000000057,1.1999999999999886,-5.099999999999994,-0.9000000000000057
20252311b,2025,East,Second Round,2025 Notre Dame,2025 Michigan,3,6,1,4.699999999999999,0.01540000000000008,2.700000000000003,37.60000000000002,41.69999999999999,7.099999999999994,10.400000000000006,-5.0,-3.5,7.299999999999997,6.200000000000003,-4.5,5.700000000000003,4.0,9.099999999999994,9.5,8.599999999999994,-7.299999999999997,2.0
20212411,2021,Midwest,Second Round,2021 Tennessee,2021 Michigan,3,6,0,1.0,-0.007200000000000095,0.9000000000000057,28.69999999999999,32.69999999999999,4.0,7.299999999999997,4.900000000000006,2.700000000000003,15.0,13.799999999999997,-1.5999999999999943,9.699999999999989,5.599999999999994,11.900000000000006,0.09999999999999432,-1.9000000000000057,-7.400000000000006,-5.900000000000006
20232411,2023,East,Second Round,2023 Duke,2023 Colorado,3,6,0,3.3999999999999995,0.017199999999999993,-1.1000000000000085,21.0,37.80000000000001,2.4000000000000057,9.400000000000006,-1.8000000000000114,-5.299999999999997,6.299999999999997,8.5,-0.09999999999999432,2.6999999999999886,3.0,9.700000000000003,1.2999999999999972,6.0,-8.099999999999994,-1.4000000000000057
20242411,2024,West,Second Round,2024 Connecticut,2024 Syracuse,3,6,1,5.300000000000001,0.07299999999999995,0.9000000000000057,34.599999999999994,33.19999999999999,10.900000000000006,5.400000000000006,-4.800000000000011,-3.3000000000000114,-2.4000000000000057,14.200000000000003,1.8000000000000114,5.099999999999994,11.099999999999994,5.400000000000006,6.8999999999999915,3.6999999999999886,2.0,-4.599999999999994
20252411b,2025,West,Second Round,2025 Oklahoma,2025 Iowa,3,6,1,2.200000000000001,0.006200000000000094,9.100000000000009,34.69999999999999,35.69999999999999,5.900000000000006,10.300000000000011,1.7999999999999972,2.0,11.899999999999991,6.699999999999989,2.5999999999999943,3.299999999999997,10.699999999999989,11.0,-1.1999999999999886,6.0,0.20000000000000284,1.1000000000000085
20213114,2021,East,Sweet 16,2021 Louisville,2021 Oregon,2,6,1,3.6999999999999997,-0.0008000000000000229,0.9000000000000057,36.0,34.30000000000001,9.699999999999989,9.099999999999994,-4.5,-4.900000000000006,5.0,4.700000000000003,-3.200000000000003,-9.700000000000003,11.699999999999989,7.599999999999994,3.6999999999999886,8.099999999999994,0.6000000000000085,4.0
20213214,2021,West,Sweet 16,2021 Maryland,2021 Texas,2,6,0,6.6,0.0262,3.8000000000000114,50.80000000000001,21.30000000000001,8.5,-2.0,-11.100000000000009,-2.299999999999997,11.699999999999989,4.799999999999997,-3.4000000000000057,3.9000000000000057,6.599999999999994,-1.4000000000000057,8.400000000000006,-1.5,4.900000000000006,-7.099999999999994
20223314,2022,West,Sweet 16,2022 Texas,2022 Ohio St.,2,6,1,5.199999999999999,0.033500000000000085,-5.700000000000003,25.5,32.80000000000001,2.0999999999999943,9.900000000000006,-4.400000000000006,-12.099999999999994,9.200000000000003,-3.1000000000000085,5.599999999999994,-9.200000000000003,0.5999999999999943,7.5,5.099999999999994,9.599999999999994,-9.100000000000009,5.700000000000003
20213414,2021,Midwest,Sweet 16,2021 Baylor,2021 Michigan,2,6,1,6.500000000000001,0.01629999999999998,3.1000000000000085,32.099999999999994,42.80000000000001,7.400000000000006,12.799999999999997,4.200000000000003,-1.7999999999999972,20.0,16.799999999999997,2.5,6.800000000000011,9.5,16.5,0.7999999999999972,2.700000000000003,-14.599999999999994,-4.200000000000003
20233414,2023,East,Sweet 16,2023 Iowa,2023 Colorado,2,6,1,3.6000000000000005,0.018000000000000016,6.099999999999994,43.900000000000006,22.399999999999977,15.0,2.799999999999997,-5.800000000000011,3.200000000000003,-1.1000000000000085,10.599999999999994,6.599999999999994,3.0999999999999943,17.700000000000003,1.0999999999999943,6.799999999999997,4.599999999999994,4.400000000000006,-9.099999999999994
20214215,2021,West,Elite Eight,2021 South Carolina,2021 Texas,1,6,1,6.5,0.02639999999999998,2.9000000000000057,33.80000000000001,32.5,0.29999999999999716,5.0,-8.0,-0.29999999999999716,13.5,11.399999999999991,0.29999999999999716,7.0,0.0,4.0,1.3000000000000114,5.099999999999994,-5.900000000000006,2.0
20211107,2021,East,First Round,2021 UCF,2021 Northwestern,10,7,0,-1.7000000000000002,-0.0383,-4.0,17.69999999999999,27.900000000000006,-2.0,4.799999999999997,-2.0,-13.099999999999994,3.9000000000000057,0.4000000000000057,4.0,5.700000000000003,-3.700000000000003,9.5,3.299999999999997,-3.3999999999999915,-12.900000000000006,-10.5
20221107,2022,South,First Round,2022 Creighton,2022 Colorado,10,7,1,-3.5999999999999996,-0.01980000000000004,0.5,33.900000000000006,15.5,10.800000000000011,-0.5999999999999943,-8.599999999999994,0.0,0.7000000000000028,7.5,-6.400000000000006,7.200000000000003,10.5,1.7000000000000028,7.099999999999994,-3.9000000000000057,9.5,4.299999999999997
20231107,2023,South,First Round,2023 West Virginia,2023 Arizona,10,7,0,-2.1,-0.036599999999999966,-0.7999999999999972,15.300000000000011,29.80000000000001,-1.2999999999999972,3.5999999999999943,-6.700000000000003,-10.299999999999997,-4.299999999999997,0.4000000000000057,-5.900000000000006,2.299999999999997,-0.20000000000000284,0.8000000000000114,-2.1000000000000085,6.5,6.599999999999994,-9.400000000000006
20241107,2024,South,First Round,2024 Marquette,2024 Mississippi,10,7,0,-1.2999999999999998,-0.011500000000000066,2.5,24.69999999999999,24.30000000000001,9.099999999999994,-0.30000000000001137,-3.3000000000000114,-1.0,1.2000000000000028,17.700000000000003,-6.599999999999994,14.0,9.099999999999994,2.4000000000000057,5.1000000000000085,-5.800000000000011,6.200000000000003,-10.0
20251107b,2025,South,First Round,2025 Harvard,2025 Michigan St.,10,7,0,-3.7,-0.0605,-6.200000000000003,21.899999999999977,27.30000000000001,2.5,7.599999999999994,-10.199999999999989,-10.0,5.900000000000006,3.0,-11.400000000000006,1.5,5.299999999999997,7.099999999999994,-1.5999999999999943,5.699999999999989,5.700000000000003,-0.8000000000000114
20211207,2021,West,First Round,2021 North Carolina,2021 Alabama,10,7,0,-2.27,-0.01629999999999998,4.099999999999994,13.699999999999989,29.100000000000023,-1.3000000000000114,6.0,-0.5,-0.9000000000000057,4.5,4.400000000000006,7.700000000000003,7.300000000000011,1.4000000000000057,7.299999999999997,-5.900000000000006,2.9000000000000057,5.1000000000000085,-0.7999999999999972
20221207,2022,Midwest,First Round,2022 South Dakota,2022 Mississippi,10,7,1,-2.5999999999999996,-0.013800000000000034,-2.9000000000000057,26.80000000000001,22.5,7.400000000000006,2.5999999999999943,-10.599999999999994,-6.900000000000006,0.6000000000000085,9.699999999999989,-7.3999999999999915,4.400000000000006,7.700000000000003,4.200000000000003,4.099999999999994,-1.7000000000000028,8.800000000000011,-18.5
20231207,2023,Midwest,First Round,2023 Princeton,2023 North Carolina St.,10,7,1,-3.0999999999999996,-0.04369999999999996,-5.200000000000003,18.400000000000006,30.19999999999999,3.5999999999999943,6.400000000000006,-0.3999999999999915,-9.600000000000009,9.599999999999994,2.5,5.800000000000011,1.0999999999999943,3.200000000000003,7.099999999999994,3.0999999999999943,3.0,-6.0,-3.0
20241207,2024,Midwest,First Round,2024 Maryland,2024 Iowa St.,10,7,0,-1.1,0.00040000000000006697,4.400000000000006,24.5,28.599999999999994,3.5,6.799999999999997,5.299999999999997,0.6999999999999886,11.099999999999994,-1.5,11.400000000000006,2.4000000000000057,3.5999999999999943,4.699999999999989,4.0,6.900000000000006,-16.0,2.200000000000003
20251207b,2025,Midwest,First Round,2025 Oregon,2025 Vanderbilt,10,7,1,-0.7999999999999998,-0.012900000000000023,-4.299999999999997,20.0,38.39999999999998,-1.8000000000000114,4.200000000000003,-8.300000000000011,-6.5,-4.800000000000011,6.699999999999989,2.0,3.299999999999997,-2.8000000000000114,6.099999999999994,0.29999999999999716,0.09999999999999432,-4.299999999999997,-1.8000000000000114
20211307,2021,South,First Round,2021 Michigan St.,2021 Iowa St.,10,7,0,-1.5,-0.016700000000000048,0.6999999999999886,19.5,32.19999999999999,3.0999999999999943,3.299999999999997,2.5999999999999943,-5.099999999999994,7.0,0.6000000000000085,4.199999999999989,-5.5,5.400000000000006,1.3000000000000114,-1.0,3.5999999999999943,-1.0999999999999943,12.0
20221307,2022,West,First Round,2022 Arkansas,2022 Utah,10,7,0,-2.3,-0.020300000000000096,1.8999999999999915,19.5,31.19999999999999,1.0,7.5,-4.5,-0.29999999999999716,-2.0999999999999943,5.800000000000011,4.400000000000006,2.5,0.19999999999998863,7.400000000000006,1.5999999999999943,4.099999999999994,8.199999999999989,16.299999999999997
20231307,2023,West,First Round,2023 Alabama,2023 Baylor,10,7,0,-0.6000000000000001,-0.005900000000000016,-2.9000000000000057,29.599999999999994,22.69999999999999,8.300000000000011,4.599999999999994,-1.0,-4.099999999999994,4.099999999999994,0.8000000000000114,0.19999999999998863,-1.9000000000000057,4.299999999999997,6.0,9.400000000000006,0.9000000000000057,7.5,5.6000000000000085
20241307,2024,East,First Round,2024 UNLV,2024 Creighton,10,7,0,-3.5999999999999996,-0.02089999999999992,1.3999999999999915,23.5,30.30000000000001,8.0,9.300000000000011,-3.799999999999997,-3.0999999999999943,5.099999999999994,7.5,-2.9000000000000057,4.200000000000003,8.0,8.5,5.0,7.0,5.400000000000006,9.099999999999994
20251307b,2025,East,First Round,2025 Louisville,2025 Louisville,10,7,0,0.0,0.0,0.0,28.600000000000023,28.600000000000023,-2.8000000000000114,-2.8000000000000114,-4.700000000000003,-4.700000000000003,7.099999999999994,7.099999999999994,-4.099999999999994,-4.099999999999994,-2.4000000000000057,-2.4000000000000057,-2.3999999999999915,-2.3999999999999915,-2.5999999999999943,-2.5999999999999943
20211407,2021,Midwest,First Round,2021 Marquette,2021 Virginia Tech,10,7,0,0.7999999999999999,-0.021399999999999975,0.4000000000000057,20.80000000000001,28.599999999999994,5.299999999999997,7.099999999999994,2.6000000000000085,-2.4000000000000057,9.799999999999997,2.4000000000000057,-4.099999999999994,2.5,7.200000000000003,4.699999999999989,0.5,6.599999999999994,-11.800000000000011,13.199999999999989
20221407,2022,East,First Round,2022 Florida,2022 UCF,10,7,0,-2.3,-0.05469999999999997,8.399999999999991,27.19999999999999,15.0,6.299999999999997,1.5,-7.900000000000006,1.2000000000000028,-0.09999999999999432,9.399999999999991,4.5,-5.199999999999989,9.199999999999989,0.9000000000000057,1.2999999999999972,2.5,-9.5,-2.5999999999999943
20231407,2023,East,First Round,2023 Georgia,2023 Florida St.,10,7,1,-2.6,-0.007000000000000006,-7.5,19.099999999999994,34.69999999999999,5.400000000000006,3.8000000000000114,2.5999999999999943,-11.300000000000011,7.0,-0.5,8.200000000000003,3.700000000000003,8.300000000000011,4.900000000000006,-1.2000000000000028,1.5,-12.400000000000006,-6.199999999999989
20241407,2024,West,First Round,2024 Richmond,2024 Duke,10,7,0,-1.0,-0.06469999999999998,0.7000000000000028,32.400000000000006,15.300000000000011,14.900000000000006,7.199999999999989,-4.1000000000000085,3.5999999999999943,-5.5,5.0,-2.299999999999997,2.5,16.599999999999994,9.700000000000003,6.0,1.7000000000000028,16.5,-6.900000000000006
20251407b,2025,West,First Round,2025 South Dakota St.,2025 Oklahoma St.,10,7,1,-2.2,-0.05470000000000008,-3.9000000000000057,30.599999999999994,18.099999999999994,13.200000000000003,6.599999999999994,-3.3000000000000114,3.200000000000003,3.6999999999999886,11.099999999999994,2.700000000000003,5.400000000000006,12.0,7.299999999999997,10.400000000000006,3.4000000000000057,1.8000000000000114,6.0
20212112,2021,East,Second Round,2021 Louisville,2021 Northwestern,2,7,0,4.1,0.015499999999999958,0.4000000000000057,39.89999999999998,21.80000000000001,5.900000000000006,1.9000000000000057,-12.599999999999994,-6.200000000000003,1.4000000000000057,1.9000000000000057,-9.200000000000003,3.200000000000003,6.099999999999994,3.0999999999999943,3.5999999999999943,-1.2000000000000028,0.5,-3.5
20232112,2023,South,Second Round,2023 Maryland,2023 Arizona,2,7,1,4.4,0.019100000000000006,2.0999999999999943,31.0,27.19999999999999,3.5,0.7000000000000028,-7.700000000000003,-8.900000000000006,0.5,-1.3999999999999915,-3.200000000000003,4.700000000000003,1.5999999999999943,1.5999999999999943,5.3999999999999915,0.4000000000000057,-1.5999999999999943,-11.800000000000011
20242112,2024,South,Second Round,2024 Notre Dame,2024 Mississippi,2,7,1,4.9,0.02629999999999999,5.5,31.30000000000001,29.30000000000001,8.299999999999997,2.4000000000000057,-4.900000000000006,-3.3000000000000114,6.1000000000000085,11.5,-0.9000000000000057,15.400000000000006,9.299999999999997,3.0999999999999943,3.4000000000000057,-1.0999999999999943,0.29999999999999716,-11.200000000000003
20252112b,2025,South,Second Round,2025 North Carolina St.,2025 Michigan St.,2,7,1,4.5,0.011900000000000022,-2.6000000000000085,37.89999999999998,29.5,4.800000000000011,5.900000000000006,-12.799999999999997,1.2999999999999972,-0.29999999999999716,6.099999999999994,-7.700000000000003,15.799999999999997,6.099999999999994,6.299999999999997,1.4000000000000057,3.5,-0.4000000000000057,-2.8000000000000114
20212212,2021,West,Second Round,2021 Maryland,2021 Alabama,2,7,1,7.8,0.06120000000000003,3.700000000000003,38.400000000000006,30.100000000000023,7.799999999999997,3.6999999999999886,-2.0,-3.200000000000003,10.599999999999994,-1.5,8.200000000000003,7.800000000000011,8.300000000000011,3.5999999999999943,3.700000000000003,2.1000000000000085,3.5,5.800000000000011
20242212,2024,Midwest,Second Round,2024 Stanford,2024 Iowa St.,2,7,1,7.0,0.03500000000000003,-0.9000000000000057,35.89999999999998,33.400000000000006,7.200000000000003,13.599999999999994,3.1999999999999886,6.099999999999994,16.69999999999999,4.099999999999994,3.5,9.0,8.900000000000006,14.099999999999994,3.1999999999999886,8.0,-7.300000000000011,5.799999999999997
20212312,2021,South,Second Round,2021 Texas A&M,2021 Iowa St.,2,7,1,5.4,0.011399999999999966,-1.2000000000000028,21.30000000000001,36.0,4.599999999999994,7.400000000000006,3.5,-4.5,5.5,1.2000000000000028,9.699999999999989,5.900000000000006,4.900000000000006,7.800000000000011,4.5,3.3000000000000114,-11.299999999999997,10.099999999999994
20222312,2022,West,Second Round,2022 Texas,2022 Utah,2,7,1,6.0,0.0262,-1.9000000000000057,20.69999999999999,40.69999999999999,0.7999999999999972,8.400000000000006,0.30000000000001137,-8.899999999999991,8.200000000000003,7.199999999999989,4.900000000000006,-5.700000000000003,-1.3000000000000114,6.800000000000011,5.099999999999994,7.099999999999994,-10.100000000000009,14.700000000000003
20232312,2023,West,Second Round,2023 Connecticut,2023 Baylor,2,7,1,9.7,0.030200000000000005,-0.20000000000000284,38.19999999999999,30.900000000000006,10.900000000000006,8.099999999999994,-0.5,0.9000000000000057,7.599999999999994,5.699999999999989,2.6999999999999886,5.599999999999994,10.5,9.400000000000006,7.6000000000000085,3.8000000000000114,-5.0,-4.5
20242312,2024,East,Second Round,2024 UCLA,2024 Creighton,2,7,1,4.3,0.0252,1.7999999999999972,31.5,39.5,6.099999999999994,9.900000000000006,2.1999999999999886,-5.0,14.400000000000006,5.199999999999989,-0.29999999999999716,-8.200000000000003,7.299999999999997,12.5,2.0,2.700000000000003,4.299999999999997,8.799999999999997
20252312b,2025,East,Second Round,2025 TCU,2025 Louisville,2,7,1,5.200000000000001,0.02300000000000002,-2.799999999999997,40.900000000000006,29.80000000000001,5.400000000000006,6.199999999999989,-8.0,2.5,2.4000000000000057,12.199999999999989,-5.900000000000006,3.0,5.099999999999994,8.700000000000003,3.6000000000000085,-0.7000000000000028,9.5,3.8000000000000114
20212412,2021,Midwest,Second Round,2021 Baylor,2021 Virginia Tech,2,7,1,9.700000000000001,0.034700000000000064,2.4000000000000057,28.80000000000001,40.89999999999998,7.200000000000003,14.799999999999997,3.1000000000000085,-3.799999999999997,18.5,5.0,2.5999999999999943,-3.5999999999999943,9.300000000000011,14.0,1.0,9.5,-16.80000000000001,11.900000000000006
20222412,2022,East,Second Round,2022 Connecticut,2022 UCF,2,7,1,1.9000000000000004,0.027100000000000013,3.799999999999997,40.5,22.099999999999994,15.799999999999997,4.099999999999994,-10.099999999999994,1.0,1.9000000000000057,12.899999999999991,-1.1999999999999886,10.300000000000011,21.19999999999999,4.5,4.099999999999994,3.1999999999999886,-3.799999999999997,-15.5
20242412,2024,West,Second Round,2024 Ohio St.,2024 Duke,2,7,0,6.0,0.015800000000000036,3.299999999999997,37.30000000000001,27.5,12.400000000000006,3.5999999999999943,-6.700000000000003,-3.4000000000000057,-2.200000000000003,5.799999999999997,-0.3999999999999915,-5.299999999999997,14.800000000000011,3.9000000000000057,3.9000000000000057,1.8999999999999915,7.400000000000006,-1.6999999999999886
20243414,2024,West,Sweet 16,2024 Connecticut,2024 Duke,3,7,1,6.800000000000001,0.02310000000000001,3.200000000000003,45.400000000000006,29.30000000000001,14.5,7.900000000000006,-6.800000000000011,0.9000000000000057,1.1999999999999886,10.200000000000003,-6.0,2.700000000000003,17.700000000000003,9.200000000000003,4.099999999999994,3.3999999999999915,4.300000000000011,-6.5
20211108,2021,East,First Round,2021 Wake Forest,2021 Oklahoma St.,9,8,0,-3.1,-0.06040000000000001,-3.5,27.600000000000023,16.899999999999977,4.0,0.19999999999998863,-3.3000000000000114,0.5999999999999943,0.5,-1.2999999999999972,9.099999999999994,2.0999999999999943,7.299999999999997,-1.0999999999999943,-2.4000000000000057,2.6999999999999886,0.20000000000000284,-3.6000000000000085
20221108,2022,South,First Round,2022 South Florida,2022 Miami FL,9,8,0,0.5,-0.0050000000000000044,-4.299999999999997,23.5,15.400000000000006,-0.09999999999999432,5.0,-3.700000000000003,2.9000000000000057,7.699999999999989,4.1000000000000085,-0.29999999999999716,-1.2999999999999972,-0.09999999999999432,5.799999999999997,0.0,2.1000000000000085,-0.7999999999999972,7.199999999999989
20231108,2023,South,First Round,2023 Marquette,2023 South Florida,9,8,0,-0.2999999999999998,0.00990000000000002,2.0999999999999943,13.400000000000006,31.69999999999999,3.0,7.900000000000006,0.19999999999998863,-0.6999999999999886,7.599999999999994,10.800000000000011,-5.200000000000003,7.699999999999989,4.5,7.800000000000011,0.0,4.700000000000003,-4.5,7.200000000000003
20241108,2024,South,First Round,2024 Michigan St.,2024 North Carolina,9,8,0,0.7999999999999998,0.02059999999999995,2.9000000000000057,35.30000000000001,21.19999999999999,12.300000000000011,-2.4000000000000057,-6.699999999999989,-6.5,-1.5,4.900000000000006,1.6999999999999886,4.700000000000003,14.599999999999994,-1.3000000000000114,5.299999999999997,-3.1999999999999886,3.299999999999997,-3.5999999999999943
20251108b,2025,South,First Round,2025 Georgia Tech,2025 Richmond,9,8,0,1.5,0.0037000000000000366,4.099999999999994,26.80000000000001,27.900000000000006,5.799999999999997,11.800000000000011,-5.8999999999999915,0.7000000000000028,4.5,1.9000000000000057,5.099999999999994,6.0,8.0,11.400000000000006,1.6000000000000085,8.800000000000011,-2.5999999999999943,16.89999999999999
20211208,2021,West,First Round,2021 Florida St.,2021 Oregon St.,9,8,0,-2.5,-0.05010000000000003,-0.7000000000000028,13.800000000000011,34.10000000000002,1.1999999999999886,7.700000000000003,8.700000000000003,-1.5999999999999943,2.4000000000000057,-8.0,6.200000000000003,5.900000000000006,5.699999999999989,2.4000000000000057,-4.5,11.5,-6.5,2.3000000000000114
20221208,2022,Midwest,First Round,2022 Gonzaga,2022 Nebraska,9,8,1,0.30000000000000027,0.006199999999999983,-6.5,25.5,29.099999999999994,6.800000000000011,9.799999999999997,2.1999999999999886,-2.5999999999999943,13.900000000000006,6.800000000000011,0.09999999999999432,4.599999999999994,4.5,8.199999999999989,7.599999999999994,8.5,2.9000000000000057,2.700000000000003
20231208,2023,Midwest,First Round,2023 Miami FL,2023 Oklahoma St.,9,8,1,-2.52,-0.02859999999999996,-0.5,20.0,28.19999999999999,2.4000000000000057,5.200000000000003,3.5999999999999943,-5.400000000000006,8.5,-0.09999999999999432,5.5,0.4000000000000057,3.5999999999999943,3.9000000000000057,-0.4000000000000057,4.900000000000006,-0.7999999999999972,3.5999999999999943
20241208,2024,Midwest,First Round,2024 Florida St.,2024 Alabama,9,8,0,0.2999999999999998,-0.0015999999999999348,5.8999999999999915,24.19999999999999,23.400000000000006,3.5,5.900000000000006,-9.5,2.1999999999999886,-5.0,3.5999999999999943,0.7000000000000028,12.799999999999997,3.5,5.300000000000011,2.200000000000003,4.5,5.5,5.299999999999997
20251208b,2025,Midwest,First Round,2025 Indiana,2025 Utah,9,8,1,-0.9999999999999996,0.0049000000000000155,-1.6000000000000085,27.30000000000001,32.69999999999999,5.5,8.799999999999997,-3.1999999999999886,2.4000000000000057,-2.5,5.799999999999997,5.099999999999994,0.5,5.400000000000006,9.099999999999994,3.200000000000003,5.099999999999994,5.900000000000006,16.0
20211308,2021,South,First Round,2021 Washington St.,2021 South Florida,9,8,0,-0.2999999999999998,0.013699999999999934,0.9000000000000057,23.099999999999994,21.399999999999977,6.700000000000003,-1.8000000000000114,-0.4000000000000057,-1.0999999999999943,4.5,8.200000000000003,-8.299999999999997,4.299999999999997,4.400000000000006,-1.2000000000000028,7.700000000000003,-3.0,13.0,10.900000000000006
20221308,2022,West,First Round,2022 Georgia Tech,2022 Kansas,9,8,0,-0.2999999999999998,0.027599999999999958,-8.0,17.0,28.19999999999999,4.299999999999997,8.599999999999994,-0.4000000000000057,2.200000000000003,1.5999999999999943,3.8999999999999915,1.0,14.700000000000003,5.699999999999989,9.299999999999997,1.2000000000000028,4.400000000000006,-4.3999999999999915,0.19999999999998863
20231308,2023,West,First Round,2023 South Dakota St.,2023 USC,9,8,1,-1.8,-0.021499999999999964,2.700000000000003,32.19999999999999,13.0,14.699999999999989,0.5999999999999943,-6.099999999999994,1.5,0.8000000000000114,14.0,16.700000000000003,5.200000000000003,15.799999999999997,0.30000000000001137,8.200000000000003,1.3000000000000114,5.900000000000006,-2.6999999999999886
20241308,2024,East,First Round,2024 Princeton,2024 West Virginia,9,8,0,-0.9000000000000004,-0.029799999999999938,-6.1000000000000085,31.5,24.0,5.199999999999989,5.5,-13.200000000000003,-6.199999999999989,7.5,2.0999999999999943,-9.399999999999991,5.700000000000003,5.400000000000006,11.599999999999994,3.4000000000000057,-5.599999999999994,-5.700000000000003,6.400000000000006
20251308b,2025,East,First Round,2025 Creighton,2025 Illinois,9,8,0,2.0,-0.011799999999999922,1.0999999999999943,33.0,25.599999999999994,8.0,1.0,-2.700000000000003,-1.9000000000000057,-0.5999999999999943,3.5999999999999943,-5.099999999999994,9.799999999999997,5.5,-0.5,8.400000000000006,3.1999999999999886,12.400000000000006,-0.19999999999998863
20211408,2021,Midwest,First Round,2021 South Dakota St.,2021 Syracuse,9,8,0,0.3999999999999999,-0.02400000000000002,-4.400000000000006,17.400000000000006,20.099999999999994,4.200000000000003,3.4000000000000057,-0.9000000000000057,0.0,-3.1000000000000085,7.900000000000006,10.0,2.9000000000000057,6.900000000000006,4.699999999999989,-0.5999999999999943,0.7000000000000028,4.1000000000000085,1.6999999999999886
20221408,2022,East,First Round,2022 Kansas St.,2022 Washington St.,9,8,1,-1.6,0.05020000000000002,2.9000000000000057,19.69999999999999,20.19999999999999,1.0999999999999943,2.3000000000000114,-3.5999999999999943,-1.5,-4.400000000000006,1.9000000000000057,3.0999999999999943,-7.0,4.700000000000003,2.3000000000000114,-4.400000000000006,0.6999999999999886,1.0999999999999943,7.299999999999997
20231408,2023,East,First Round,2023 Gonzaga,2023 Mississippi,9,8,0,-0.8999999999999999,-0.029000000000000026,-1.3000000000000114,34.0,17.80000000000001,13.599999999999994,2.0999999999999943,-2.0999999999999943,-2.0,10.0,8.399999999999991,-7.5,5.700000000000003,8.5,3.0999999999999943,16.0,-0.4000000000000057,9.400000000000006,-7.900000000000006
20241408,2024,West,First Round,2024 Michigan,2024 Kansas,9,8,0,-2.3000000000000003,-0.028800000000000048,0.5,20.80000000000001,25.600000000000023,4.400000000000006,0.29999999999999716,0.29999999999999716,-4.699999999999989,3.0,1.2000000000000028,-0.4000000000000057,5.400000000000006,4.0,0.29999999999999716,3.3999999999999915,0.20000000000000284,1.4000000000000057,-6.299999999999997
20251408b,2025,West,First Round,2025 Mississippi St.,2025 California,9,8,1,-2.7,-0.0033999999999999586,0.7000000000000028,27.400000000000006,27.80000000000001,7.099999999999994,9.0,2.700000000000003,1.7000000000000028,8.300000000000011,4.299999999999997,0.0,1.3000000000000114,9.700000000000003,10.599999999999994,0.10000000000000853,4.400000000000006,6.3999999999999915,7.900000000000006
20212109,2021,East,Second Round,2021 Stanford,2021 Oklahoma St.,1,8,1,8.700000000000001,0.03479999999999994,-0.29999999999999716,44.30000000000001,33.69999999999999,11.099999999999994,10.199999999999989,-4.200000000000003,-3.5999999999999943,8.400000000000006,4.900000000000006,-0.30000000000001137,-1.7999999999999972,14.400000000000006,9.699999999999989,2.1999999999999886,8.400000000000006,5.300000000000011,-9.200000000000003
20222109,2022,South,Second Round,2022 South Carolina,2022 Miami FL,1,8,1,12.7,0.06929999999999992,-1.0999999999999943,36.69999999999999,28.600000000000023,4.5,8.900000000000006,-4.700000000000003,5.0,14.199999999999989,7.5,3.0999999999999943,4.700000000000003,5.199999999999989,10.099999999999994,2.0,3.200000000000003,-8.0,11.599999999999994
20232109,2023,South,Second Round,2023 South Carolina,2023 South Florida,1,8,1,12.299999999999999,0.06110000000000004,1.0999999999999943,38.400000000000006,38.80000000000001,8.5,16.099999999999994,-1.5,2.4000000000000057,22.69999999999999,13.599999999999994,8.899999999999991,7.400000000000006,11.299999999999997,16.099999999999994,0.7000000000000028,10.0,-9.300000000000011,6.900000000000006
20242109,2024,South,Second Round,2024 South Carolina,2024 North Carolina,1,8,1,12.4,0.043099999999999916,3.1000000000000085,41.0,33.0,11.200000000000003,10.199999999999989,-4.599999999999994,-3.3999999999999915,12.200000000000003,2.5,1.5,8.599999999999994,12.099999999999994,12.0,7.700000000000003,3.9000000000000057,-11.300000000000011,-2.4000000000000057
20252109a,2025,South,Second Round,2025 UCLA,2025 Richmond,1,8,1,13.0,0.036900000000000044,3.5,36.19999999999999,37.10000000000002,9.700000000000003,17.599999999999994,-1.0,1.0999999999999943,10.799999999999997,1.7000000000000028,11.0,2.299999999999997,12.199999999999989,19.700000000000003,3.4000000000000057,9.099999999999994,-5.900000000000006,13.899999999999991
20212209,2021,West,Second Round,2021 South Carolina,2021 Oregon St.,1,8,1,6.8,0.02839999999999998,2.0,25.30000000000001,43.30000000000001,3.5999999999999943,12.900000000000006,6.400000000000006,0.5,12.400000000000006,-0.8000000000000114,10.700000000000003,10.700000000000003,8.400000000000006,7.900000000000006,-3.0,14.299999999999997,-13.600000000000009,11.699999999999989
20242209,2024,Midwest,Second Round,2024 Texas,2024 Alabama,1,8,1,7.5,0.04830000000000001,0.8999999999999915,36.900000000000006,31.69999999999999,9.900000000000006,5.900000000000006,-5.5,-7.0,8.700000000000003,8.099999999999994,8.200000000000003,3.700000000000003,9.800000000000011,6.099999999999994,7.300000000000011,3.4000000000000057,-10.0,3.5
20212309,2021,South,Second Round,2021 North Carolina St.,2021 South Florida,1,8,1,5.3,0.05589999999999995,4.0,32.19999999999999,25.599999999999994,14.299999999999997,1.2999999999999972,-4.099999999999994,2.6000000000000085,2.4000000000000057,15.5,-4.799999999999997,14.0,13.099999999999994,1.7999999999999972,11.799999999999997,0.0,7.199999999999989,5.299999999999997
20222309,2022,West,Second Round,2022 Stanford,2022 Kansas,1,8,1,11.2,0.058699999999999974,-3.0,34.900000000000006,27.099999999999994,9.599999999999994,8.300000000000011,-2.8000000000000114,0.7000000000000028,6.8999999999999915,0.29999999999999716,2.299999999999997,9.799999999999997,10.5,11.199999999999989,5.400000000000006,0.8000000000000114,-2.5,-0.8000000000000114
20242309,2024,East,Second Round,2024 Iowa,2024 West Virginia,1,8,1,6.8,0.010400000000000076,3.6999999999999886,52.39999999999998,22.099999999999994,14.199999999999989,4.700000000000003,-14.900000000000006,1.5,-0.09999999999999432,4.299999999999997,-1.3999999999999915,9.799999999999997,15.699999999999989,6.199999999999989,8.400000000000006,1.3000000000000114,14.599999999999994,-2.1999999999999886
20252309a,2025,East,Second Round,2025 Texas,2025 Illinois,1,8,1,10.7,0.021500000000000075,1.8999999999999915,36.39999999999998,39.80000000000001,4.0,6.299999999999997,-0.9000000000000057,-10.699999999999989,16.400000000000006,0.7999999999999972,10.0,0.29999999999999716,3.8000000000000114,5.200000000000003,2.0,6.0,-12.700000000000003,3.0
20212409,2021,Midwest,Second Round,2021 Connecticut,2021 Syracuse,1,8,1,5.300000000000001,0.07929999999999993,-1.4000000000000057,30.30000000000001,36.30000000000001,12.200000000000003,9.400000000000006,-0.5999999999999943,-3.0999999999999943,3.1999999999999886,10.600000000000009,-4.400000000000006,16.299999999999997,16.200000000000003,11.900000000000006,2.5,3.299999999999997,-2.0999999999999943,0.7999999999999972
20232409,2023,East,Second Round,2023 Stanford,2023 Mississippi,1,8,0,6.5,0.02059999999999995,0.0,42.5,27.100000000000023,12.900000000000006,7.800000000000011,-4.099999999999994,4.3999999999999915,11.900000000000006,11.599999999999994,-4.699999999999989,5.400000000000006,12.400000000000006,12.599999999999994,9.299999999999997,-1.1999999999999886,9.0,-8.599999999999994
20242409,2024,West,Second Round,2024 USC,2024 Kansas,1,8,1,7.6,0.03149999999999997,2.200000000000003,31.099999999999994,30.80000000000001,3.9000000000000057,5.5,-4.1000000000000085,-2.8000000000000114,1.1999999999999886,-1.0999999999999943,3.799999999999997,8.0,3.0,6.5,3.6999999999999886,2.0999999999999943,2.3000000000000114,-0.8999999999999915
20233413,2023,East,Sweet 16,2023 Louisville,2023 Mississippi,5,8,1,0.5999999999999996,-0.0024000000000000687,1.1999999999999886,34.69999999999999,22.100000000000023,10.799999999999997,1.3000000000000114,-2.0999999999999943,-3.700000000000003,8.100000000000009,8.599999999999994,-6.0,-0.5999999999999943,9.799999999999997,4.199999999999989,9.099999999999994,-3.8000000000000114,2.5,-4.199999999999989
20211108,2021,East,First Round,2021 Oklahoma St.,2021 Wake Forest,8,9,1,3.1,0.06040000000000001,3.5,16.899999999999977,27.600000000000023,0.19999999999998863,4.0,0.5999999999999943,-3.3000000000000114,-1.2999999999999972,0.5,2.0999999999999943,9.099999999999994,-1.0999999999999943,7.299999999999997,2.6999999999999886,-2.4000000000000057,-3.6000000000000085,0.20000000000000284
20221108,2022,South,First Round,2022 Miami FL,2022 South Florida,8,9,1,-0.5,0.0050000000000000044,4.299999999999997,15.400000000000006,23.5,5.0,-0.09999999999999432,2.9000000000000057,-3.700000000000003,4.1000000000000085,7.699999999999989,-1.2999999999999972,-0.29999999999999716,5.799999999999997,-0.09999999999999432,2.1000000000000085,0.0,7.199999999999989,-0.7999999999999972
20231108,2023,South,First Round,2023 South Florida,2023 Marquette,8,9,1,0.2999999999999998,-0.00990000000000002,-2.0999999999999943,31.69999999999999,13.400000000000006,7.900000000000006,3.0,-0.6999999999999886,0.19999999999998863,10.800000000000011,7.599999999999994,7.699999999999989,-5.200000000000003,7.800000000000011,4.5,4.700000000000003,0.0,7.200000000000003,-4.5
20241108,2024,South,First Round,2024 North Carolina,2024 Michigan St.,8,9,1,-0.7999999999999998,-0.02059999999999995,-2.9000000000000057,21.19999999999999,35.30000000000001,-2.4000000000000057,12.300000000000011,-6.5,-6.699999999999989,4.900000000000006,-1.5,4.700000000000003,1.6999999999999886,-1.3000000000000114,14.599999999999994,-3.1999999999999886,5.299999999999997,-3.5999999999999943,3.299999999999997
20251108a,2025,South,First Round,2025 Richmond,2025 Georgia Tech,8,9,1,-1.5,-0.0037000000000000366,-4.099999999999994,27.900000000000006,26.80000000000001,11.800000000000011,5.799999999999997,0.7000000000000028,-5.8999999999999915,1.9000000000000057,4.5,6.0,5.099999999999994,11.400000000000006,8.0,8.800000000000011,1.6000000000000085,16.89999999999999,-2.5999999999999943
20211208,2021,West,First Round,2021 Oregon St.,2021 Florida St.,8,9,1,2.5,0.05010000000000003,0.7000000000000028,34.10000000000002,13.800000000000011,7.700000000000003,1.1999999999999886,-1.5999999999999943,8.700000000000003,-8.0,2.4000000000000057,5.900000000000006,6.200000000000003,2.4000000000000057,5.699999999999989,11.5,-4.5,2.3000000000000114,-6.5
20221208,2022,Midwest,First Round,2022 Nebraska,2022 Gonzaga,8,9,0,-0.30000000000000027,-0.006199999999999983,6.5,29.099999999999994,25.5,9.799999999999997,6.800000000000011,-2.5999999999999943,2.1999999999999886,6.800000000000011,13.900000000000006,4.599999999999994,0.09999999999999432,8.199999999999989,4.5,8.5,7.599999999999994,2.700000000000003,2.9000000000000057
20231208,2023,Midwest,First Round,2023 Oklahoma St.,2023 Miami FL,8,9,0,2.52,0.02859999999999996,0.5,28.19999999999999,20.0,5.200000000000003,2.4000000000000057,-5.400000000000006,3.5999999999999943,-0.09999999999999432,8.5,0.4000000000000057,5.5,3.9000000000000057,3.5999999999999943,4.900000000000006,-0.4000000000000057,3.5999999999999943,-0.7999999999999972
20241208,2024,Midwest,First Round,2024 Alabama,2024 Florida St.,8,9,1,-0.2999999999999998,0.0015999999999999348,-5.8999999999999915,23.400000000000006,24.19999999999999,5.900000000000006,3.5,2.1999999999999886,-9.5,3.5999999999999943,-5.0,12.799999999999997,0.7000000000000028,5.300000000000011,3.5,4.5,2.200000000000003,5.299999999999997,5.5
20251208a,2025,Midwest,First Round,2025 Utah,2025 Indiana,8,9,0,0.9999999999999996,-0.0049000000000000155,1.6000000000000085,32.69999999999999,27.30000000000001,8.799999999999997,5.5,2.4000000000000057,-3.1999999999999886,5.799999999999997,-2.5,0.5,5.099999999999994,9.099999999999994,5.400000000000006,5.099999999999994,3.200000000000003,16.0,5.900000000000006
20211308,2021,South,First Round,2021 South Florida,2021 Washington St.,8,9,1,0.2999999999999998,-0.013699999999999934,-0.9000000000000057,21.399999999999977,23.099999999999994,-1.8000000000000114,6.700000000000003,-1.0999999999999943,-0.4000000000000057,8.200000000000003,4.5,4.299999999999997,-8.299999999999997,-1.2000000000000028,4.400000000000006,-3.0,7.700000000000003,10.900000000000006,13.0
20221308,2022,West,First Round,2022 Kansas,2022 Georgia Tech,8,9,1,0.2999999999999998,-0.027599999999999958,8.0,28.19999999999999,17.0,8.599999999999994,4.299999999999997,2.200000000000003,-0.4000000000000057,3.8999999999999915,1.5999999999999943,14.700000000000003,1.0,9.299999999999997,5.699999999999989,4.400000000000006,1.2000000000000028,0.19999999999998863,-4.3999999999999915
20231308,2023,West,First Round,2023 USC,2023 South Dakota St.,8,9,0,1.8,0.021499999999999964,-2.700000000000003,13.0,32.19999999999999,0.5999999999999943,14.699999999999989,1.5,-6.099999999999994,14.0,0.8000000000000114,5.200000000000003,16.700000000000003,0.30000000000001137,15.799999999999997,1.3000000000000114,8.200000000000003,-2.6999999999999886,5.900000000000006
20241308,2024,East,First Round,2024 West Virginia,2024 Princeton,8,9,1,0.9000000000000004,0.029799999999999938,6.1000000000000085,24.0,31.5,5.5,5.199999999999989,-6.199999999999989,-13.200000000000003,2.0999999999999943,7.5,5.700000000000003,-9.399999999999991,11.599999999999994,5.400000000000006,-5.599999999999994,3.4000000000000057,6.400000000000006,-5.700000000000003
20251308a,2025,East,First Round,2025 Illinois,2025 Creighton,8,9,1,-2.0,0.011799999999999922,-1.0999999999999943,25.599999999999994,33.0,1.0,8.0,-1.9000000000000057,-2.700000000000003,3.5999999999999943,-0.5999999999999943,9.799999999999997,-5.099999999999994,-0.5,5.5,3.1999999999999886,8.400000000000006,-0.19999999999998863,12.400000000000006
20211408,2021,Midwest,First Round,2021 Syracuse,2021 South Dakota St.,8,9,1,-0.3999999999999999,0.02400000000000002,4.400000000000006,20.099999999999994,17.400000000000006,3.4000000000000057,4.200000000000003,0.0,-0.9000000000000057,7.900000000000006,-3.1000000000000085,2.9000000000000057,10.0,4.699999999999989,6.900000000000006,0.7000000000000028,-0.5999999999999943,1.6999999999999886,4.1000000000000085
20221408,2022,East,First Round,2022 Washington St.,2022 Kansas St.,8,9,0,1.6,-0.05020000000000002,-2.9000000000000057,20.19999999999999,19.69999999999999,2.3000000000000114,1.0999999999999943,-1.5,-3.5999999999999943,1.9000000000000057,-4.400000000000006,-7.0,3.0999999999999943,2.3000000000000114,4.700000000000003,0.6999999999999886,-4.400000000000006,7.299999999999997,1.0999999999999943
20231408,2023,East,First Round,2023 Mississippi,2023 Gonzaga,8,9,1,0.8999999999999999,0.029000000000000026,1.3000000000000114,17.80000000000001,34.0,2.0999999999999943,13.599999999999994,-2.0,-2.0999999999999943,8.399999999999991,10.0,5.700000000000003,-7.5,3.0999999999999943,8.5,-0.4000000000000057,16.0,-7.900000000000006,9.400000000000006
20241408,2024,West,First Round,2024 Kansas,2024 Michigan,8,9,1,2.3000000000000003,0.028800000000000048,-0.5,25.600000000000023,20.80000000000001,0.29999999999999716,4.400000000000006,-4.699999999999989,0.29999999999999716,1.2000000000000028,3.0,5.400000000000006,-0.4000000000000057,0.29999999999999716,4.0,0.20000000000000284,3.3999999999999915,-6.299999999999997,1.4000000000000057
20251408a,2025,West,First Round,2025 California,2025 Mississippi St.,8,9,0,2.7,0.0033999999999999586,-0.7000000000000028,27.80000000000001,27.400000000000006,9.0,7.099999999999994,1.7000000000000028,2.700000000000003,4.299999999999997,8.300000000000011,1.3000000000000114,0.0,10.599999999999994,9.700000000000003,4.400000000000006,0.10000000000000853,7.900000000000006,6.3999999999999915
20222209,2022,Midwest,Second Round,2022 Louisville,2022 Gonzaga,1,9,1,5.499999999999999,0.02310000000000001,3.3999999999999915,33.5,32.5,9.099999999999994,8.0,-1.1999999999999886,-5.099999999999994,8.900000000000006,13.0,-2.9000000000000057,-0.7000000000000028,7.099999999999994,7.200000000000003,9.5,6.199999999999989,-7.5,1.0999999999999943
20232209,2023,Midwest,Second Round,2023 Indiana,2023 Miami FL,1,9,0,9.520000000000001,0.06020000000000003,0.6999999999999886,35.099999999999994,25.400000000000006,9.099999999999994,4.400000000000006,-5.900000000000006,0.19999999999998863,0.9000000000000057,10.299999999999997,4.299999999999997,1.3000000000000114,9.599999999999994,5.900000000000006,5.400000000000006,0.5999999999999943,0.0,-1.7000000000000028
20252209a,2025,Midwest,Second Round,2025 South Carolina,2025 Indiana,1,9,1,13.6,0.022499999999999964,1.4000000000000057,43.30000000000001,39.0,4.900000000000006,12.700000000000003,-2.5999999999999943,-2.5999999999999943,13.5,-8.599999999999994,0.30000000000001137,8.099999999999994,5.5,12.799999999999997,2.299999999999997,7.299999999999997,-3.9000000000000057,10.299999999999997
20232309,2023,West,Second Round,2023 Virginia Tech,2023 South Dakota St.,1,9,1,8.899999999999999,0.05249999999999999,-2.700000000000003,33.39999999999998,26.099999999999994,9.099999999999994,12.0,-1.0,-1.6999999999999886,10.200000000000003,8.900000000000006,3.5,13.600000000000009,11.400000000000006,12.900000000000006,3.3000000000000114,6.700000000000003,3.8000000000000114,6.800000000000011
20222409,2022,East,Second Round,2022 North Carolina St.,2022 Kansas St.,1,9,1,10.6,0.04469999999999996,-0.5,40.30000000000001,25.0,10.0,5.299999999999997,-4.799999999999997,-1.5,5.900000000000006,2.4000000000000057,-4.800000000000011,9.900000000000006,10.599999999999994,7.800000000000011,5.5,0.30000000000001137,2.299999999999997,-2.0999999999999943
20252409a,2025,West,Second Round,2025 USC,2025 Mississippi St.,1,9,1,10.7,0.03199999999999992,3.0999999999999943,33.80000000000001,37.900000000000006,5.300000000000011,10.299999999999997,-3.8999999999999915,-2.3999999999999915,8.599999999999994,10.0,5.400000000000006,-1.0,6.599999999999994,12.599999999999994,1.8000000000000114,3.4000000000000057,-3.9000000000000057,2.5999999999999943
20233213,2023,Midwest,Sweet 16,2023 Villanova,2023 Miami FL,4,9,0,7.12,0.05179999999999996,-3.8000000000000114,31.19999999999999,23.900000000000006,2.700000000000003,5.799999999999997,-8.599999999999994,0.4000000000000057,4.0,4.799999999999997,-2.9000000000000057,0.19999999999998863,2.9000000000000057,9.400000000000006,1.5999999999999943,-2.700000000000003,1.3000000000000114,2.700000000000003
20234215,2023,Midwest,Elite Eight,2023 LSU,2023 Miami FL,3,9,1,8.22,0.06279999999999997,3.0,33.80000000000001,28.400000000000006,4.5,7.799999999999997,-4.199999999999989,-1.6999999999999886,18.5,10.399999999999991,10.900000000000006,3.3000000000000114,4.200000000000003,8.599999999999994,4.199999999999989,4.099999999999994,-9.799999999999997,-4.299999999999997
20211107,2021,East,First Round,2021 Northwestern,2021 UCF,7,10,1,1.7000000000000002,0.0383,4.0,27.900000000000006,17.69999999999999,4.799999999999997,-2.0,-13.099999999999994,-2.0,0.4000000000000057,3.9000000000000057,5.700000000000003,4.0,9.5,-3.700000000000003,-3.3999999999999915,3.299999999999997,-10.5,-12.900000000000006
20221107,2022,South,First Round,2022 Colorado,2022 Creighton,7,10,0,3.5999999999999996,0.01980000000000004,-0.5,15.5,33.900000000000006,-0.5999999999999943,10.800000000000011,0.0,-8.599999999999994,7.5,0.7000000000000028,7.200000000000003,-6.400000000000006,1.7000000000000028,10.5,-3.9000000000000057,7.099999999999994,4.299999999999997,9.5
20231107,2023,South,First Round,2023 Arizona,2023 West Virginia,7,10,1,2.1,0.036599999999999966,0.7999999999999972,29.80000000000001,15.300000000000011,3.5999999999999943,-1.2999999999999972,-10.299999999999997,-6.700000000000003,0.4000000000000057,-4.299999999999997,2.299999999999997,-5.900000000000006,0.8000000000000114,-0.20000000000000284,6.5,-2.1000000000000085,-9.400000000000006,6.599999999999994
20241107,2024,South,First Round,2024 Mississippi,2024 Marquette,7,10,1,1.2999999999999998,0.011500000000000066,-2.5,24.30000000000001,24.69999999999999,-0.30000000000001137,9.099999999999994,-1.0,-3.3000000000000114,17.700000000000003,1.2000000000000028,14.0,-6.599999999999994,2.4000000000000057,9.099999999999994,-5.800000000000011,5.1000000000000085,-10.0,6.200000000000003
20251107a,2025,South,First Round,2025 Michigan St.,2025 Harvard,7,10,1,3.7,0.0605,6.200000000000003,27.30000000000001,21.899999999999977,7.599999999999994,2.5,-10.0,-10.199999999999989,3.0,5.900000000000006,1.5,-11.400000000000006,7.099999999999994,5.299999999999997,5.699999999999989,-1.5999999999999943,-0.8000000000000114,5.700000000000003
20211207,2021,West,First Round,2021 Alabama,2021 North Carolina,7,10,1,2.27,0.01629999999999998,-4.099999999999994,29.100000000000023,13.699999999999989,6.0,-1.3000000000000114,-0.9000000000000057,-0.5,4.400000000000006,4.5,7.300000000000011,7.700000000000003,7.299999999999997,1.4000000000000057,2.9000000000000057,-5.900000000000006,-0.7999999999999972,5.1000000000000085
20221207,2022,Midwest,First Round,2022 Mississippi,2022 South Dakota,7,10,0,2.5999999999999996,0.013800000000000034,2.9000000000000057,22.5,26.80000000000001,2.5999999999999943,7.400000000000006,-6.900000000000006,-10.599999999999994,9.699999999999989,0.6000000000000085,4.400000000000006,-7.3999999999999915,4.200000000000003,7.700000000000003,-1.7000000000000028,4.099999999999994,-18.5,8.800000000000011
20231207,2023,Midwest,First Round,2023 North Carolina St.,2023 Princeton,7,10,0,3.0999999999999996,0.04369999999999996,5.200000000000003,30.19999999999999,18.400000000000006,6.400000000000006,3.5999999999999943,-9.600000000000009,-0.3999999999999915,2.5,9.599999999999994,1.0999999999999943,5.800000000000011,7.099999999999994,3.200000000000003,3.0,3.0999999999999943,-3.0,-6.0
20241207,2024,Midwest,First Round,2024 Iowa St.,2024 Maryland,7,10,1,1.1,-0.00040000000000006697,-4.400000000000006,28.599999999999994,24.5,6.799999999999997,3.5,0.6999999999999886,5.299999999999997,-1.5,11.099999999999994,2.4000000000000057,11.400000000000006,4.699999999999989,3.5999999999999943,6.900000000000006,4.0,2.200000000000003,-16.0
20251207a,2025,Midwest,First Round,2025 Vanderbilt,2025 Oregon,7,10,0,0.7999999999999998,0.012900000000000023,4.299999999999997,38.39999999999998,20.0,4.200000000000003,-1.8000000000000114,-6.5,-8.300000000000011,6.699999999999989,-4.800000000000011,3.299999999999997,2.0,6.099999999999994,-2.8000000000000114,0.09999999999999432,0.29999999999999716,-1.8000000000000114,-4.299999999999997
20211307,2021,South,First Round,2021 Iowa St.,2021 Michigan St.,7,10,1,1.5,0.016700000000000048,-0.6999999999999886,32.19999999999999,19.5,3.299999999999997,3.0999999999999943,-5.099999999999994,2.5999999999999943,0.6000000000000085,7.0,-5.5,4.199999999999989,1.3000000000000114,5.400000000000006,3.5999999999999943,-1.0,12.0,-1.0999999999999943
20221307,2022,West,First Round,2022 Utah,2022 Arkansas,7,10,1,2.3,0.020300000000000096,-1.8999999999999915,31.19999999999999,19.5,7.5,1.0,-0.29999999999999716,-4.5,5.800000000000011,-2.0999999999999943,2.5,4.400000000000006,7.400000000000006,0.19999999999998863,4.099999999999994,1.5999999999999943,16.299999999999997,8.199999999999989
20231307,2023,West,First Round,2023 Baylor,2023 Alabama,7,10,1,0.6000000000000001,0.005900000000000016,2.9000000000000057,22.69999999999999,29.599999999999994,4.599999999999994,8.300000000000011,-4.099999999999994,-1.0,0.8000000000000114,4.099999999999994,-1.9000000000000057,0.19999999999998863,6.0,4.299999999999997,0.9000000000000057,9.400000000000006,5.6000000000000085,7.5
20241307,2024,East,First Round,2024 Creighton,2024 UNLV,7,10,1,3.5999999999999996,0.02089999999999992,-1.3999999999999915,30.30000000000001,23.5,9.300000000000011,8.0,-3.0999999999999943,-3.799999999999997,7.5,5.099999999999994,4.200000000000003,-2.9000000000000057,8.5,8.0,7.0,5.0,9.099999999999994,5.400000000000006
20251307a,2025,East,First Round,2025 Louisville,2025 Louisville,7,10,1,0.0,0.0,0.0,28.600000000000023,28.600000000000023,-2.8000000000000114,-2.8000000000000114,-4.700000000000003,-4.700000000000003,7.099999999999994,7.099999999999994,-4.099999999999994,-4.099999999999994,-2.4000000000000057,-2.4000000000000057,-2.3999999999999915,-2.3999999999999915,-2.5999999999999943,-2.5999999999999943
20211407,2021,Midwest,First Round,2021 Virginia Tech,2021 Marquette,7,10,1,-0.7999999999999999,0.021399999999999975,-0.4000000000000057,28.599999999999994,20.80000000000001,7.099999999999994,5.299999999999997,-2.4000000000000057,2.6000000000000085,2.4000000000000057,9.799999999999997,2.5,-4.099999999999994,4.699999999999989,7.200000000000003,6.599999999999994,0.5,13.199999999999989,-11.800000000000011
20221407,2022,East,First Round,2022 UCF,2022 Florida,7,10,1,2.3,0.05469999999999997,-8.399999999999991,15.0,27.19999999999999,1.5,6.299999999999997,1.2000000000000028,-7.900000000000006,9.399999999999991,-0.09999999999999432,-5.199999999999989,4.5,0.9000000000000057,9.199999999999989,2.5,1.2999999999999972,-2.5999999999999943,-9.5
20231407,2023,East,First Round,2023 Florida St.,2023 Georgia,7,10,0,2.6,0.007000000000000006,7.5,34.69999999999999,19.099999999999994,3.8000000000000114,5.400000000000006,-11.300000000000011,2.5999999999999943,-0.5,7.0,3.700000000000003,8.200000000000003,4.900000000000006,8.300000000000011,1.5,-1.2000000000000028,-6.199999999999989,-12.400000000000006
20241407,2024,West,First Round,2024 Duke,2024 Richmond,7,10,1,1.0,0.06469999999999998,-0.7000000000000028,15.300000000000011,32.400000000000006,7.199999999999989,14.900000000000006,3.5999999999999943,-4.1000000000000085,5.0,-5.5,2.5,-2.299999999999997,9.700000000000003,16.599999999999994,1.7000000000000028,6.0,-6.900000000000006,16.5
20251407a,2025,West,First Round,2025 Oklahoma St.,2025 South Dakota St.,7,10,0,2.2,0.05470000000000008,3.9000000000000057,18.099999999999994,30.599999999999994,6.599999999999994,13.200000000000003,3.200000000000003,-3.3000000000000114,11.099999999999994,3.6999999999999886,5.400000000000006,2.700000000000003,7.299999999999997,12.0,3.4000000000000057,10.400000000000006,6.0,1.8000000000000114
20222112,2022,South,Second Round,2022 Iowa,2022 Creighton,2,10,0,5.8999999999999995,0.029100000000000015,7.700000000000003,31.400000000000006,24.19999999999999,9.599999999999994,9.5,-1.5,0.10000000000000853,1.9000000000000057,2.1000000000000085,5.800000000000011,-5.400000000000006,13.5,9.299999999999997,0.9000000000000057,6.200000000000003,5.099999999999994,11.200000000000003
20222212,2022,Midwest,Second Round,2022 Baylor,2022 South Dakota,2,10,0,6.5,0.03410000000000002,3.799999999999997,36.60000000000002,22.80000000000001,9.400000000000006,8.0,-9.600000000000009,-5.5,4.599999999999994,2.200000000000003,5.300000000000011,-2.5,9.5,10.0,6.299999999999997,2.3999999999999915,-6.0,0.9000000000000057
20232212,2023,Midwest,Second Round,2023 Utah,2023 Princeton,2,10,1,7.199999999999999,0.05279999999999996,8.0,43.60000000000002,11.699999999999989,14.0,0.5999999999999943,-8.700000000000003,-2.299999999999997,6.0,8.400000000000006,8.200000000000003,-2.0,15.799999999999997,1.9000000000000057,7.199999999999989,-1.5999999999999943,7.799999999999997,-1.6000000000000085
20252212b,2025,Midwest,Second Round,2025 Duke,2025 Oregon,2,10,1,7.0,0.031200000000000006,0.09999999999999432,31.599999999999994,34.20000000000002,3.0999999999999943,4.199999999999989,-3.6999999999999886,-9.5,9.799999999999997,1.3000000000000114,-0.7000000000000028,-0.5999999999999943,4.5,5.299999999999997,0.3999999999999915,1.0,-3.8000000000000114,0.7000000000000028
20232412,2023,East,Second Round,2023 Iowa,2023 Georgia,2,10,1,7.4,0.025499999999999967,5.299999999999997,45.900000000000006,17.69999999999999,13.800000000000011,1.0,-10.300000000000011,4.900000000000006,-4.900000000000006,13.900000000000006,3.200000000000003,5.0,16.799999999999997,1.0999999999999943,6.0,-0.09999999999999432,0.20000000000000284,-17.599999999999994
20252412b,2025,West,Second Round,2025 Connecticut,2025 South Dakota St.,2,10,1,8.399999999999999,0.08250000000000002,1.5999999999999943,41.5,39.0,12.900000000000006,14.300000000000011,-1.8999999999999915,-7.800000000000011,9.0,3.5999999999999943,-6.700000000000003,11.599999999999994,13.599999999999994,15.5,7.700000000000003,8.5,2.700000000000003,-4.199999999999989
20223114,2022,South,Sweet 16,2022 Iowa St.,2022 Creighton,3,10,0,7.8,0.03520000000000001,1.0,29.80000000000001,27.19999999999999,5.5,10.200000000000003,-3.0999999999999943,1.1000000000000085,4.200000000000003,6.1000000000000085,3.0,1.0999999999999943,2.5999999999999943,10.299999999999997,4.699999999999989,6.200000000000003,15.099999999999994,13.5
20223214,2022,Midwest,Sweet 16,2022 Michigan,2022 South Dakota,3,10,1,4.1,0.02529999999999999,3.0,29.400000000000006,24.5,7.299999999999997,4.700000000000003,-4.6000000000000085,-6.299999999999997,11.5,3.4000000000000057,8.0,0.20000000000000284,8.5,6.300000000000011,3.1999999999999886,1.0,-11.699999999999989,-1.5
20224115,2022,South,Elite Eight,2022 South Carolina,2022 Creighton,1,10,1,14.700000000000001,0.05489999999999995,0.0,26.5,43.60000000000002,0.5,18.099999999999994,0.29999999999999716,-0.7000000000000028,19.400000000000006,6.0,8.0,-1.0999999999999943,2.4000000000000057,18.5,-2.5999999999999943,9.799999999999997,-4.400000000000006,22.400000000000006
20211103,2021,East,First Round,2021 Oregon,2021 South Dakota,6,11,1,3.94,0.04349999999999998,0.7000000000000028,31.19999999999999,27.0,6.200000000000003,7.199999999999989,-6.5,-5.299999999999997,9.600000000000009,2.0999999999999943,-11.100000000000009,6.0,10.599999999999994,9.0,-0.29999999999999716,2.3999999999999915,-4.599999999999994,0.4000000000000057
20221103,2022,South,First Round,2022 Georgia,2022 Dayton,6,11,1,2.4000000000000004,0.04689999999999994,2.799999999999997,20.80000000000001,20.5,6.5,3.4000000000000057,1.9000000000000057,-5.8999999999999915,11.299999999999997,3.3000000000000114,0.30000000000001137,2.1999999999999886,7.699999999999989,2.0999999999999943,2.9000000000000057,3.8999999999999915,-14.0,4.900000000000006
20231103,2023,South,First Round,2023 Creighton,2023 Mississippi St.,6,11,0,3.5999999999999996,0.012599999999999945,-3.5,32.900000000000006,22.69999999999999,11.900000000000006,5.400000000000006,-6.300000000000011,3.6999999999999886,-3.0,8.099999999999994,-5.599999999999994,6.299999999999997,10.5,3.0999999999999943,9.200000000000003,7.400000000000006,6.900000000000006,-2.5
20241103,2024,South,First Round,2024 Nebraska,2024 Texas A&M,6,11,1,3.1399999999999997,0.005599999999999938,-0.09999999999999432,29.80000000000001,18.099999999999994,8.099999999999994,-1.0999999999999943,-2.299999999999997,-0.09999999999999432,9.799999999999997,12.900000000000006,-1.2000000000000028,0.30000000000001137,8.400000000000006,-0.4000000000000057,4.299999999999997,-2.3000000000000114,12.700000000000003,-7.599999999999994
20251103a,2025,South,First Round,2025 Florida St.,2025 George Mason,6,11,1,4.99,0.04600000000000004,7.299999999999997,31.80000000000001,21.69999999999999,6.900000000000006,2.0999999999999943,-12.5,-3.799999999999997,0.5,3.4000000000000057,1.0999999999999943,7.599999999999994,8.800000000000011,-0.5,1.9000000000000057,4.799999999999997,2.200000000000003,5.700000000000003
20211203,2021,West,First Round,2021 Texas,2021 Bradley,6,11,1,8.4,0.18220000000000003,-1.3000000000000114,13.5,24.19999999999999,0.20000000000000284,1.0999999999999943,0.29999999999999716,-8.900000000000006,8.599999999999994,-0.09999999999999432,-1.0999999999999943,-5.800000000000011,1.9000000000000057,-0.7000000000000028,-0.9000000000000057,2.5,-10.599999999999994,10.799999999999997
20221203,2022,Midwest,First Round,2022 BYU,2022 Villanova,6,11,0,4.3,0.11029999999999995,2.200000000000003,26.69999999999999,21.599999999999994,7.0,5.299999999999997,-3.1999999999999886,-6.5,9.099999999999994,-2.5999999999999943,-2.9000000000000057,-4.0,8.900000000000006,7.799999999999997,1.7999999999999972,0.6000000000000085,7.799999999999997,4.599999999999994
20231203,2023,Midwest,First Round,2023 Michigan,2023 UNLV,6,11,1,1.5,0.07150000000000001,-0.29999999999999716,19.0,24.900000000000006,7.900000000000006,5.099999999999994,1.8000000000000114,-7.0,9.199999999999989,6.6000000000000085,9.400000000000006,5.299999999999997,9.900000000000006,7.599999999999994,2.3999999999999915,0.09999999999999432,-2.0,-1.3999999999999915
20241203,2024,Midwest,First Round,2024 Tennessee,2024 Green Bay,6,11,1,4.3,0.03359999999999996,6.5,23.899999999999977,24.400000000000006,3.799999999999997,9.5,-2.4000000000000057,0.20000000000000284,9.200000000000003,-0.4000000000000057,7.300000000000011,8.299999999999997,6.099999999999994,12.800000000000011,0.30000000000001137,1.4000000000000057,-7.799999999999997,6.0
20251203a,2025,Midwest,First Round,2025 West Virginia,2025 Columbia,6,11,1,4.6,0.06520000000000004,1.9000000000000057,23.0,34.19999999999999,3.1999999999999886,5.099999999999994,-4.900000000000006,-12.400000000000006,7.3999999999999915,12.299999999999997,8.5,-2.5999999999999943,3.1999999999999886,7.0,2.0999999999999943,1.1999999999999886,1.5,3.9000000000000057
20211303,2021,South,First Round,2021 Rutgers,2021 BYU,6,11,0,2.79,0.053300000000000014,-2.299999999999997,29.599999999999994,21.899999999999977,11.599999999999994,6.900000000000006,-2.4000000000000057,-8.5,9.900000000000006,-3.0,-3.5999999999999943,-14.299999999999997,13.099999999999994,11.900000000000006,6.200000000000003,-1.7000000000000028,-4.299999999999997,-0.6999999999999886
20221303,2022,West,First Round,2022 Ohio St.,2022 Missouri St.,6,11,1,3.3,0.03820000000000001,4.900000000000006,30.69999999999999,11.800000000000011,11.800000000000011,-4.900000000000006,-7.700000000000003,-5.5,0.7999999999999972,8.599999999999994,-4.900000000000006,4.299999999999997,10.099999999999994,-4.5,9.899999999999991,-3.9000000000000057,5.700000000000003,-5.700000000000003
20231303,2023,West,First Round,2023 North Carolina,2023 St. John's,6,11,1,3.1,0.057499999999999996,6.699999999999989,16.80000000000001,30.0,2.5999999999999943,7.0,-0.09999999999999432,-4.099999999999994,-1.9000000000000057,3.3000000000000114,7.299999999999997,1.7999999999999972,2.1999999999999886,7.400000000000006,2.5999999999999943,5.0,2.5999999999999943,-7.299999999999997
20241303,2024,East,First Round,2024 Louisville,2024 Middle Tennessee,6,11,0,4.13,0.030000000000000027,5.200000000000003,27.599999999999994,23.5,9.299999999999997,4.699999999999989,0.0,-8.099999999999994,9.100000000000009,2.9000000000000057,11.799999999999997,0.09999999999999432,11.5,3.299999999999997,3.299999999999997,4.799999999999997,-10.300000000000011,9.800000000000011
20251303a,2025,East,First Round,2025 Michigan,2025 Michigan,6,11,1,0.0,0.0,0.0,33.10000000000002,33.10000000000002,4.300000000000011,4.300000000000011,-3.5,-3.5,6.0,6.0,-1.2000000000000028,-1.2000000000000028,1.4000000000000057,1.4000000000000057,6.599999999999994,6.599999999999994,-2.1999999999999886,-2.1999999999999886
20211403,2021,Midwest,First Round,2021 Michigan,2021 Florida Gulf Coast,6,11,1,3.1999999999999997,0.06730000000000003,-3.4000000000000057,28.69999999999999,22.599999999999994,7.200000000000003,11.099999999999994,-2.299999999999997,-2.9000000000000057,16.200000000000003,-5.6000000000000085,1.5,-2.799999999999997,8.099999999999994,17.799999999999997,3.200000000000003,2.0,1.0,24.0
20221403,2022,East,First Round,2022 Kentucky,2022 Princeton,6,11,0,1.7999999999999998,-0.011199999999999988,3.200000000000003,32.30000000000001,16.599999999999994,8.5,1.2999999999999972,-9.099999999999994,-3.5999999999999943,7.400000000000006,3.4000000000000057,-2.0999999999999943,0.5,7.799999999999997,1.0,7.0,0.6999999999999886,-6.900000000000006,3.799999999999997
20231403,2023,East,First Round,2023 Colorado,2023 Middle Tennessee,6,11,1,4.5,0.017899999999999916,0.9000000000000057,23.69999999999999,28.5,6.900000000000006,7.099999999999994,-3.299999999999997,-6.5,7.0,3.5,-2.5,9.299999999999997,7.800000000000011,10.200000000000003,4.0,1.5999999999999943,-5.400000000000006,9.099999999999994
20241403,2024,West,First Round,2024 Syracuse,2024 Arizona,6,11,1,3.4,-0.02859999999999996,0.09999999999999432,26.80000000000001,18.399999999999977,-1.0999999999999943,3.200000000000003,-7.0,-2.4000000000000057,5.799999999999997,-3.299999999999997,-5.300000000000011,4.900000000000006,-1.8000000000000114,2.8000000000000114,0.19999999999998863,2.5,-2.4000000000000057,-7.299999999999997
20251403a,2025,West,First Round,2025 Iowa,2025 Murray St.,6,11,1,7.1,0.08639999999999992,-6.0,18.900000000000006,33.80000000000001,2.9000000000000057,7.099999999999994,0.5,-4.400000000000006,6.900000000000006,4.599999999999994,5.900000000000006,5.0,2.6999999999999886,10.0,2.200000000000003,1.7000000000000028,4.200000000000003,4.599999999999994
20232111,2023,South,Second Round,2023 Notre Dame,2023 Mississippi St.,3,11,1,7.0,0.025699999999999945,0.09999999999999432,29.69999999999999,29.5,8.900000000000006,9.799999999999997,-2.1000000000000085,1.1999999999999886,8.0,6.300000000000011,9.599999999999994,8.0,9.700000000000003,9.5,4.400000000000006,7.0,-12.299999999999997,-0.5999999999999943
20222211,2022,Midwest,Second Round,2022 Michigan,2022 Villanova,3,11,1,4.8999999999999995,0.10509999999999997,2.200000000000003,24.099999999999994,21.599999999999994,4.0,2.299999999999997,1.0,-3.200000000000003,11.5,2.3000000000000114,9.399999999999991,-0.29999999999999716,5.099999999999994,3.9000000000000057,0.6999999999999886,-0.5999999999999943,-0.8000000000000114,7.099999999999994
20212311,2021,South,Second Round,2021 Arizona,2021 BYU,3,11,1,5.19,0.06379999999999997,1.5,22.5,30.899999999999977,4.700000000000003,9.099999999999994,-3.299999999999997,-4.900000000000006,0.5,3.6000000000000085,-2.0999999999999943,-6.900000000000006,6.200000000000003,12.099999999999994,1.5,1.5,-6.200000000000003,4.199999999999989
20242311,2024,East,Second Round,2024 LSU,2024 Middle Tennessee,3,11,1,6.73,0.050900000000000056,10.700000000000003,35.400000000000006,26.100000000000023,9.900000000000006,9.5,-1.9000000000000057,-8.200000000000003,16.0,2.6999999999999886,18.0,3.299999999999997,12.199999999999989,10.099999999999994,3.0999999999999943,5.400000000000006,-15.600000000000009,8.300000000000011
20222411,2022,East,Second Round,2022 Indiana,2022 Princeton,3,11,1,4.6,0.014399999999999968,2.0,30.30000000000001,23.19999999999999,9.599999999999994,2.4000000000000057,-10.099999999999994,-1.7999999999999972,0.7000000000000028,11.200000000000003,3.5,2.0,9.699999999999989,0.20000000000000284,6.400000000000006,5.099999999999994,-9.0,2.799999999999997
20211106,2021,East,First Round,2021 Missouri St.,2021 UC Davis,5,12,1,3.94,0.08650000000000002,2.5999999999999943,20.099999999999994,18.099999999999994,8.900000000000006,6.300000000000011,2.700000000000003,-3.5,8.200000000000003,3.5,5.900000000000006,-0.19999999999998863,9.5,3.5999999999999943,5.0,7.0,-6.5,4.199999999999989
20221106,2022,South,First Round,2022 North Carolina,2022 Stephen F. Austin,5,12,1,6.16,0.09860000000000002,0.30000000000001137,25.099999999999994,25.599999999999994,4.799999999999997,9.800000000000011,-14.199999999999989,-4.0,0.4000000000000057,4.800000000000011,1.0,14.099999999999994,5.900000000000006,10.400000000000006,1.7000000000000028,6.0,-3.3000000000000114,-1.7000000000000028
20231106,2023,South,First Round,2023 Oklahoma,2023 Portland,5,12,1,8.8,0.12049999999999994,8.099999999999994,28.600000000000023,14.199999999999989,6.400000000000006,4.900000000000006,-2.799999999999997,5.400000000000006,0.5,6.0,4.6000000000000085,-2.9000000000000057,7.0,7.099999999999994,2.299999999999997,0.5,12.399999999999991,-2.4000000000000057
20241106,2024,South,First Round,2024 Oklahoma,2024 Florida Gulf Coast,5,12,1,5.0,0.04720000000000002,9.400000000000006,23.0,23.399999999999977,3.4000000000000057,7.900000000000006,-5.6000000000000085,-1.5,9.5,6.199999999999989,-5.300000000000011,4.900000000000006,4.599999999999994,13.799999999999997,0.7000000000000028,1.0999999999999943,10.400000000000006,18.799999999999997
20251106a,2025,South,First Round,2025 Mississippi,2025 Ball St.,5,12,1,6.7,0.1482000000000001,-1.7000000000000028,29.399999999999977,19.80000000000001,3.5999999999999943,4.5,-4.599999999999994,-8.5,15.700000000000003,-0.20000000000000284,6.700000000000003,-2.5,6.200000000000003,7.599999999999994,-1.4000000000000057,-0.29999999999999716,-10.099999999999994,13.899999999999991
20211206,2021,West,First Round,2021 Georgia Tech,2021 Stephen F. Austin,5,12,1,2.9,0.029100000000000015,-6.200000000000003,24.5,20.599999999999994,9.299999999999997,11.0,-14.200000000000003,2.9000000000000057,-1.5999999999999943,9.600000000000009,-12.299999999999997,7.400000000000006,10.0,14.0,5.200000000000003,2.5,3.0,11.900000000000006
20221206,2022,Midwest,First Round,2022 Oregon,2022 Belmont,5,12,0,5.5,0.11050000000000004,0.9000000000000057,26.30000000000001,18.400000000000006,7.400000000000006,9.099999999999994,-6.200000000000003,-2.0,2.700000000000003,2.5,0.0,-4.200000000000003,8.300000000000011,12.099999999999994,2.9000000000000057,3.0,5.400000000000006,7.700000000000003
20231206,2023,Midwest,First Round,2023 Washington St.,2023 Florida Gulf Coast,5,12,0,3.9,0.014000000000000012,-2.1999999999999886,19.19999999999999,25.599999999999994,5.799999999999997,15.200000000000003,-3.0,-4.0,4.199999999999989,-6.900000000000006,0.0,-2.4000000000000057,5.400000000000006,17.400000000000006,4.400000000000006,7.699999999999989,10.300000000000011,23.099999999999994
20241206,2024,Midwest,First Round,2024 Utah,2024 South Dakota St.,5,12,1,4.869999999999999,0.121,2.1999999999999886,29.80000000000001,18.80000000000001,13.0,7.400000000000006,1.0999999999999943,-0.7999999999999972,6.300000000000011,8.299999999999997,-2.9000000000000057,13.399999999999991,13.300000000000011,6.900000000000006,9.0,5.299999999999997,12.400000000000006,2.5
20251206a,2025,Midwest,First Round,2025 Alabama,2025 Green Bay,5,12,1,6.3999999999999995,0.15879999999999994,5.500000000000007,27.30000000000001,20.5,7.900000000000006,7.400000000000006,-3.4000000000000057,-5.099999999999994,6.199999999999989,-2.1999999999999886,6.200000000000003,-3.0999999999999943,6.799999999999997,5.900000000000006,6.799999999999997,6.900000000000006,-2.4000000000000057,3.5999999999999943
20211306,2021,South,First Round,2021 Gonzaga,2021 Belmont,5,12,0,5.1,0.19809999999999994,-1.3000000000000114,19.19999999999999,19.899999999999977,7.900000000000006,8.900000000000006,-5.3999999999999915,-2.5999999999999943,5.700000000000003,11.399999999999991,-6.8999999999999915,-7.700000000000003,6.5,10.300000000000011,7.299999999999997,3.799999999999997,-7.0,9.900000000000006
20221306,2022,West,First Round,2022 Virginia Tech,2022 Florida Gulf Coast,5,12,0,2.6,0.05159999999999998,-4.5,26.19999999999999,23.30000000000001,7.599999999999994,12.400000000000006,-6.5,-4.099999999999994,3.0,-4.900000000000006,2.799999999999997,3.299999999999997,5.099999999999994,18.599999999999994,8.099999999999994,1.9000000000000057,20.099999999999994,27.400000000000006
20231306,2023,West,First Round,2023 Iowa St.,2023 Toledo,5,12,0,6.28,0.13559999999999994,1.7000000000000028,25.399999999999977,24.19999999999999,5.199999999999989,8.400000000000006,-1.5999999999999943,0.5999999999999943,6.199999999999989,3.0999999999999943,6.099999999999994,10.800000000000011,7.0,10.299999999999997,1.0,2.799999999999997,10.5,2.3000000000000114
20241306,2024,East,First Round,2024 Colorado,2024 Drake,5,12,1,5.27,0.09119999999999995,-3.0,25.600000000000023,24.80000000000001,4.599999999999994,9.799999999999997,-0.6000000000000085,-0.10000000000000853,7.800000000000011,7.200000000000003,7.300000000000011,1.2999999999999972,5.599999999999994,16.19999999999999,1.8999999999999915,-0.7000000000000028,-3.4000000000000057,8.299999999999997
20251306a,2025,East,First Round,2025 Tennessee,2025 South Florida,5,12,1,7.699999999999999,0.1349999999999999,10.800000000000011,28.400000000000006,21.100000000000023,4.700000000000003,-2.0,-5.400000000000006,-6.599999999999994,8.900000000000006,3.0999999999999943,-3.5999999999999943,-4.799999999999997,6.200000000000003,-5.5,1.5999999999999943,4.799999999999997,9.5,-2.0999999999999943
20211406,2021,Midwest,First Round,2021 Iowa,2021 Central Michigan,5,12,1,8.2,0.23140000000000005,4.099999999999994,25.30000000000001,12.800000000000011,9.699999999999989,3.200000000000003,0.5999999999999943,1.7000000000000028,0.30000000000001137,-3.9000000000000057,0.29999999999999716,-3.4000000000000057,9.299999999999997,4.300000000000011,6.800000000000011,1.0,1.6999999999999886,10.0
20221406,2022,East,First Round,2022 Notre Dame,2022 Massachusetts,5,12,1,5.2,0.10260000000000002,1.2999999999999972,17.80000000000001,24.19999999999999,4.0,4.5,-1.5,-3.700000000000003,6.6000000000000085,10.100000000000009,2.299999999999997,8.099999999999994,6.700000000000003,6.200000000000003,-0.5,0.8000000000000114,-11.599999999999994,-4.0
20231406,2023,East,First Round,2023 Louisville,2023 Drake,5,12,1,7.3,0.05169999999999997,-5.400000000000006,26.599999999999994,22.19999999999999,7.0,9.700000000000003,2.4000000000000057,-1.2000000000000028,11.200000000000003,3.9000000000000057,5.400000000000006,2.200000000000003,8.900000000000006,14.699999999999989,2.5,0.29999999999999716,-6.400000000000006,8.700000000000003
20241406,2024,West,First Round,2024 Baylor,2024 Vanderbilt,5,12,1,4.0,0.06320000000000003,3.9000000000000057,24.30000000000001,27.100000000000023,5.300000000000011,2.8000000000000114,-3.5,-4.799999999999997,4.400000000000006,10.700000000000003,-0.5999999999999943,1.7000000000000028,4.599999999999994,-0.09999999999999432,4.299999999999997,6.300000000000011,0.6000000000000085,3.0
20251406a,2025,West,First Round,2025 Kansas St.,2025 Fairfield,5,12,1,6.3999999999999995,0.17789999999999995,1.7999999999999972,29.099999999999994,20.599999999999994,12.200000000000003,11.900000000000006,-8.5,-0.7000000000000028,4.900000000000006,3.5999999999999943,-2.299999999999997,-0.4000000000000057,9.400000000000006,15.599999999999994,11.599999999999994,4.400000000000006,2.9000000000000057,11.900000000000006
20222210,2022,Midwest,Second Round,2022 Tennessee,2022 Belmont,4,12,1,8.9,0.10530000000000006,5.200000000000003,17.19999999999999,23.900000000000006,3.5,11.799999999999997,-1.8000000000000114,0.9000000000000057,9.5,5.0,4.299999999999997,2.0,5.0,14.699999999999989,-0.4000000000000057,5.099999999999994,-3.5,7.400000000000006
20232210,2023,Midwest,Second Round,2023 Villanova,2023 Florida Gulf Coast,4,12,1,6.300000000000001,0.05019999999999991,-3.5,30.19999999999999,25.400000000000006,6.400000000000006,15.5,-9.799999999999997,-4.200000000000003,3.9000000000000057,-7.0,-0.9000000000000057,-5.599999999999994,6.199999999999989,19.5,4.5,4.199999999999989,10.5,26.099999999999994
20212310,2021,South,Second Round,2021 Indiana,2021 Belmont,4,12,1,7.5,0.21019999999999994,3.6999999999999886,18.100000000000023,24.5,5.200000000000003,9.599999999999994,-11.699999999999989,-1.0,-6.3999999999999915,9.099999999999994,0.10000000000000853,-2.299999999999997,6.5,10.700000000000003,0.5999999999999943,4.0,-11.199999999999989,15.400000000000006
20222310,2022,West,Second Round,2022 Maryland,2022 Florida Gulf Coast,4,12,1,3.9,0.05410000000000004,-0.30000000000001137,29.5,21.600000000000023,4.299999999999997,4.299999999999997,-7.599999999999994,-9.700000000000003,14.200000000000003,-7.800000000000011,2.200000000000003,2.799999999999997,1.7000000000000028,9.799999999999997,7.5,-1.5999999999999943,6.5,20.400000000000006
20232310,2023,West,Second Round,2023 Tennessee,2023 Toledo,4,12,1,5.38,0.13219999999999998,3.799999999999997,25.099999999999994,23.0,4.199999999999989,7.400000000000006,0.7000000000000028,-1.7999999999999972,16.0,-1.0,9.0,8.300000000000011,6.900000000000006,9.099999999999994,-1.1999999999999886,2.4000000000000057,-6.5,3.4000000000000057
20211104,2021,East,First Round,2021 Arkansas,2021 Wright St.,4,13,0,8.6,0.18069999999999997,8.300000000000011,35.19999999999999,4.800000000000011,11.900000000000006,-5.099999999999994,-8.599999999999994,-0.8999999999999915,-3.6999999999999886,10.099999999999994,1.7000000000000028,4.0,7.5,-3.5999999999999943,12.700000000000003,-6.400000000000006,2.5,-5.199999999999989
20221104,2022,South,First Round,2022 Arizona,2022 UNLV,4,13,1,7.3,0.17680000000000007,-4.400000000000006,15.699999999999989,22.900000000000006,4.5,7.099999999999994,-0.30000000000001137,-8.400000000000006,5.699999999999989,2.4000000000000057,6.599999999999994,-1.5999999999999943,3.799999999999997,8.900000000000006,3.9000000000000057,1.8999999999999915,-0.4000000000000057,0.09999999999999432
20231104,2023,South,First Round,2023 UCLA,2023 Sacramento St.,4,13,1,10.7,0.14690000000000003,4.799999999999997,16.5,25.099999999999994,1.3000000000000114,12.299999999999997,1.5999999999999943,0.9000000000000057,12.299999999999997,5.400000000000006,-2.3999999999999915,-6.099999999999994,2.700000000000003,12.700000000000003,-1.5,6.0,5.599999999999994,15.899999999999991
20241104,2024,South,First Round,2024 Indiana,2024 Fairfield,4,13,1,5.96,0.17500000000000004,-0.09999999999999432,29.69999999999999,16.599999999999994,17.5,8.900000000000006,-8.0,4.900000000000006,-2.9000000000000057,8.899999999999991,-3.5,-0.8000000000000114,17.0,13.5,12.299999999999997,1.5999999999999943,3.200000000000003,16.799999999999997
20251104a,2025,South,First Round,2025 Baylor,2025 Grand Canyon,4,13,1,6.3,0.12030000000000007,1.2999999999999972,26.19999999999999,22.80000000000001,5.299999999999997,12.0,-11.100000000000009,-2.3000000000000114,6.900000000000006,4.699999999999989,-5.199999999999989,-2.200000000000003,3.5999999999999943,11.099999999999994,5.5,9.399999999999991,-4.799999999999997,3.0999999999999943
20211204,2021,West,First Round,2021 West Virginia,2021 Lehigh,4,13,1,11.1,0.393,-3.5,15.300000000000011,15.300000000000011,4.0,2.3000000000000114,1.7999999999999972,-5.300000000000011,8.699999999999989,-7.099999999999994,10.200000000000003,-3.0999999999999943,0.30000000000001137,-0.09999999999999432,8.799999999999997,3.5,-1.3000000000000114,13.200000000000003
20221204,2022,Midwest,First Round,2022 Tennessee,2022 Buffalo,4,13,1,9.299999999999999,0.11829999999999996,-0.20000000000000284,14.5,26.19999999999999,1.5,8.299999999999997,0.30000000000001137,0.4000000000000057,8.399999999999991,8.299999999999997,8.400000000000006,5.699999999999989,1.1999999999999886,9.400000000000006,1.5999999999999943,4.699999999999989,-12.399999999999991,-10.099999999999994
20231204,2023,Midwest,First Round,2023 Villanova,2023 Cleveland St.,4,13,1,7.6000000000000005,0.13,-5.800000000000011,31.600000000000023,16.0,9.099999999999994,6.0,-9.0,-1.2000000000000028,3.4000000000000057,5.099999999999994,2.9000000000000057,11.199999999999989,8.799999999999997,7.099999999999994,6.5,1.2999999999999972,-4.099999999999994,4.0
20241204,2024,Midwest,First Round,2024 Gonzaga,2024 UC Irvine,4,13,1,10.3,0.3234,1.4000000000000057,34.69999999999999,6.400000000000006,12.0,-1.1999999999999886,-9.0,-0.8999999999999915,11.600000000000009,9.299999999999997,-3.700000000000003,6.900000000000006,11.299999999999997,-0.4000000000000057,8.599999999999994,-2.4000000000000057,3.0,-5.299999999999997
20251204a,2025,Midwest,First Round,2025 Maryland,2025 Norfolk St.,4,13,1,7.89,0.15069999999999995,2.4000000000000057,33.60000000000002,12.5,9.400000000000006,1.2999999999999972,-7.900000000000006,-1.2000000000000028,5.5,6.199999999999989,6.199999999999989,-2.5,9.599999999999994,2.0999999999999943,6.599999999999994,-0.09999999999999432,-7.0,-1.0
20211304,2021,South,First Round,2021 Indiana,2021 VCU,4,13,1,11.4,0.32719999999999994,3.799999999999997,17.69999999999999,19.900000000000006,3.5999999999999943,1.5,-7.099999999999994,-2.3999999999999915,-2.3999999999999915,8.299999999999997,7.1000000000000085,5.900000000000006,6.0,0.5,-1.7000000000000028,2.1999999999999886,-11.599999999999994,3.6999999999999886
20221304,2022,West,First Round,2022 Maryland,2022 Delaware,4,13,1,8.5,0.2835,-1.5,24.5,13.0,5.700000000000003,-6.099999999999994,-3.799999999999997,-6.800000000000011,10.299999999999997,8.900000000000006,2.200000000000003,7.299999999999997,4.0,-4.900000000000006,6.6000000000000085,-5.400000000000006,1.3000000000000114,-10.799999999999997
20231304,2023,West,First Round,2023 Tennessee,2023 Saint Louis,4,13,1,16.7,0.3861,-1.9000000000000057,22.899999999999977,13.899999999999977,3.0,0.30000000000001137,-1.8999999999999915,3.5,5.1000000000000085,8.200000000000003,5.300000000000011,-0.19999999999998863,6.400000000000006,3.4000000000000057,-2.6999999999999886,-4.3999999999999915,-8.300000000000011,-0.4000000000000057
20241304,2024,East,First Round,2024 Kansas St.,2024 Portland,4,13,1,12.6,0.24309999999999998,-2.5999999999999943,22.399999999999977,17.80000000000001,7.299999999999997,7.699999999999989,-7.400000000000006,2.0999999999999943,-8.400000000000006,5.799999999999997,-2.9000000000000057,4.599999999999994,10.0,8.099999999999994,1.2999999999999972,4.599999999999994,7.599999999999994,3.8999999999999915
20251304a,2025,East,First Round,2025 Ohio St.,2025 Montana St.,4,13,1,7.970000000000001,0.1079,3.0,28.0,21.5,5.099999999999994,2.5999999999999943,-14.599999999999994,-7.799999999999997,-4.200000000000003,0.5,5.099999999999994,4.900000000000006,3.700000000000003,1.4000000000000057,5.300000000000011,3.0,-7.099999999999994,4.700000000000003
20211404,2021,Midwest,First Round,2021 Kentucky,2021 Idaho St.,4,13,1,4.45,0.13339999999999996,-0.8999999999999915,26.0,12.0,9.200000000000003,5.299999999999997,-3.9000000000000057,-1.7000000000000028,5.6000000000000085,-3.1999999999999886,-5.900000000000006,-7.900000000000006,7.099999999999994,5.200000000000003,8.799999999999997,3.799999999999997,-4.5,4.400000000000006
20221404,2022,East,First Round,2022 Oklahoma,2022 IUPUI,4,13,1,8.15,0.08189999999999997,13.200000000000003,23.599999999999994,17.30000000000001,9.0,8.099999999999994,2.5,1.6999999999999886,6.5,2.1999999999999886,13.099999999999994,-5.299999999999997,5.699999999999989,6.0,10.200000000000003,8.100000000000009,8.299999999999997,7.900000000000006
20231404,2023,East,First Round,2023 Texas,2023 East Carolina,4,13,1,10.3,0.2239000000000001,-0.9000000000000057,30.19999999999999,12.900000000000006,6.299999999999997,-2.1999999999999886,-11.900000000000006,-5.5,4.900000000000006,7.0,-1.7999999999999972,-0.9000000000000057,4.099999999999994,2.799999999999997,8.200000000000003,-10.5,-14.900000000000006,-4.800000000000011
20241404,2024,West,First Round,2024 Virginia Tech,2024 Marshall,4,13,1,8.9,0.1957000000000001,-10.900000000000006,21.899999999999977,19.69999999999999,3.5,8.0,-11.299999999999997,3.5999999999999943,-1.4000000000000057,10.900000000000006,-15.100000000000009,4.5,2.5,8.0,4.299999999999997,4.700000000000003,16.799999999999997,16.799999999999997
20251404a,2025,West,First Round,2025 Kentucky,2025 Liberty,4,13,1,7.9,0.12349999999999994,1.5,24.599999999999994,26.80000000000001,7.599999999999994,11.5,-3.0999999999999943,6.700000000000003,2.1999999999999886,5.700000000000003,-7.400000000000006,-1.5999999999999943,11.900000000000006,10.299999999999997,0.19999999999998863,8.900000000000006,6.400000000000006,8.0
20212110,2021,East,Second Round,2021 Missouri St.,2021 Wright St.,5,13,1,7.8,0.16820000000000002,2.9000000000000057,18.5,15.199999999999989,5.599999999999994,-0.9000000000000057,-3.5,-2.0999999999999943,11.400000000000006,23.099999999999994,-6.400000000000006,4.099999999999994,5.599999999999994,0.4000000000000057,3.5,-3.0999999999999943,-8.400000000000006,-10.800000000000011
20211105,2021,East,First Round,2021 Georgia,2021 Drexel,3,14,1,11.1,0.38750000000000007,9.799999999999997,11.800000000000011,18.30000000000001,4.800000000000011,4.599999999999994,-5.199999999999989,-7.199999999999989,-6.099999999999994,1.7000000000000028,-0.5,-11.0,3.9000000000000057,4.300000000000011,4.799999999999997,2.799999999999997,-12.400000000000006,10.700000000000003
20221105,2022,South,First Round,2022 Iowa St.,2022 UT Arlington,3,14,1,11.5,0.29190000000000005,-2.200000000000003,27.30000000000001,11.900000000000006,8.699999999999989,2.0,-3.3000000000000114,1.9000000000000057,-2.700000000000003,3.700000000000003,2.0,16.400000000000006,2.799999999999997,4.5,11.900000000000006,-3.0,16.599999999999994,-8.400000000000006
20231105,2023,South,First Round,2023 Notre Dame,2023 Southern Utah,3,14,1,11.6,0.38569999999999993,0.29999999999999716,19.599999999999994,17.30000000000001,7.0,7.400000000000006,6.3999999999999915,2.5,10.700000000000003,4.400000000000006,10.5,7.299999999999997,8.299999999999997,9.799999999999997,2.4000000000000057,0.6999999999999886,-8.400000000000006,0.0
20241105,2024,South,First Round,2024 Oregon St.,2024 Eastern Washington,3,14,1,9.2,0.2207,-1.2000000000000028,25.900000000000006,15.599999999999994,11.699999999999989,7.0,-5.299999999999997,3.6000000000000085,0.8000000000000114,6.799999999999997,-1.0999999999999943,3.0,11.799999999999997,6.400000000000006,7.400000000000006,5.0,8.0,5.8999999999999915
20251105a,2025,South,First Round,2025 LSU,2025 San Diego St.,3,14,1,14.5,0.2794,6.0,27.0,17.899999999999977,5.0,5.700000000000003,-3.0,-3.4000000000000057,14.0,-1.5,2.5,0.4000000000000057,5.299999999999997,4.0,3.799999999999997,6.199999999999989,-14.0,-10.900000000000006
20211205,2021,West,First Round,2021 UCLA,2021 Wyoming,3,14,1,11.9,0.31610000000000005,7.100000000000001,27.19999999999999,18.0,2.5999999999999943,3.5,-3.0999999999999943,-7.900000000000006,11.799999999999997,-3.0999999999999943,6.900000000000006,-8.900000000000006,1.5999999999999943,2.4000000000000057,2.5,3.299999999999997,3.299999999999997,5.5
20221205,2022,Midwest,First Round,2022 Michigan,2022 American,3,14,1,11.8,0.5431999999999999,1.0999999999999943,20.19999999999999,8.099999999999994,6.199999999999989,1.5,-3.9000000000000057,0.7000000000000028,7.799999999999997,-0.29999999999999716,10.200000000000003,4.0,3.799999999999997,5.099999999999994,7.599999999999994,-4.400000000000006,-4.800000000000011,-5.200000000000003
20231205,2023,Midwest,First Round,2023 LSU,2023 Hawaii,3,14,1,17.7,0.4727,6.300000000000011,27.80000000000001,13.699999999999989,6.900000000000006,5.799999999999997,-1.9000000000000057,-1.1999999999999886,18.5,2.5,8.699999999999989,5.300000000000011,5.700000000000003,6.800000000000011,6.900000000000006,2.8999999999999915,-13.799999999999997,8.200000000000003
20241205,2024,Midwest,First Round,2024 North Carolina St.,2024 Chattanooga,3,14,1,9.7,0.26270000000000004,7.5,22.19999999999999,20.30000000000001,6.300000000000011,10.099999999999994,-2.799999999999997,1.0,4.5,-1.5,-2.799999999999997,16.400000000000006,5.099999999999994,9.400000000000006,6.200000000000003,7.700000000000003,2.8000000000000114,-0.4000000000000057
20251205a,2025,Midwest,First Round,2025 North Carolina,2025 Oregon St.,3,14,1,17.4,0.3097,2.9000000000000057,17.599999999999994,19.899999999999977,3.9000000000000057,4.5,1.9000000000000057,-0.5,5.599999999999994,3.299999999999997,5.200000000000003,4.800000000000011,5.099999999999994,7.299999999999997,1.4000000000000057,-0.4000000000000057,-1.5999999999999943,1.4000000000000057
20211305,2021,South,First Round,2021 Arizona,2021 Stony Brook,3,14,1,9.3,0.3757999999999999,3.6999999999999886,18.69999999999999,18.099999999999994,5.5,3.1999999999999886,-8.700000000000003,-1.9000000000000057,2.700000000000003,7.800000000000011,-0.20000000000000284,2.9000000000000057,6.599999999999994,7.900000000000006,2.200000000000003,-5.299999999999997,-2.4000000000000057,-2.200000000000003
20221305,2022,West,First Round,2022 LSU,2022 Jackson St.,3,14,1,9.1,0.2682,-0.7999999999999972,14.099999999999994,20.69999999999999,8.0,5.199999999999989,-2.299999999999997,-2.1000000000000085,8.300000000000011,17.5,2.9000000000000057,14.899999999999991,8.400000000000006,10.300000000000011,5.400000000000006,-4.700000000000003,-16.80000000000001,-10.099999999999994
20231305,2023,West,First Round,2023 Ohio St.,2023 James Madison,3,14,1,11.5,0.3097,5.099999999999994,19.600000000000023,13.599999999999994,11.200000000000003,-1.4000000000000057,-0.7000000000000028,-6.800000000000011,3.0999999999999943,3.200000000000003,1.2999999999999972,6.5,13.299999999999997,-2.5,4.799999999999997,0.5,-0.20000000000000284,2.8000000000000114
20241305,2024,East,First Round,2024 LSU,2024 Rice,3,14,1,15.9,0.22499999999999998,5.799999999999997,32.10000000000002,16.400000000000006,6.0,3.0999999999999943,-3.5,-4.5,14.400000000000006,3.299999999999997,8.400000000000006,2.1999999999999886,6.900000000000006,3.4000000000000057,1.6999999999999886,2.0,-6.700000000000003,-3.5999999999999943
20251305a,2025,East,First Round,2025 Notre Dame,2025 Stephen F. Austin,3,14,1,13.799999999999999,0.29910000000000003,0.8000000000000114,25.19999999999999,28.0,10.599999999999994,12.799999999999997,-4.299999999999997,1.0,3.0999999999999943,3.299999999999997,4.1000000000000085,14.300000000000011,9.799999999999997,13.5,8.899999999999991,7.900000000000006,-3.5,13.300000000000011
20211405,2021,Midwest,First Round,2021 Tennessee,2021 Middle Tennessee,3,14,1,8.5,0.2328,-0.09999999999999432,15.099999999999994,23.0,1.4000000000000057,5.5,2.1999999999999886,-3.3999999999999915,7.900000000000006,4.099999999999994,-0.3999999999999915,7.5,0.7999999999999972,9.599999999999994,1.5999999999999943,-0.8000000000000114,-14.200000000000003,12.900000000000006
20221405,2022,East,First Round,2022 Indiana,2022 Charlotte,3,14,1,8.8,0.20309999999999995,2.299999999999997,24.100000000000023,14.199999999999989,10.099999999999994,-0.4000000000000057,-3.3000000000000114,-0.09999999999999432,-4.700000000000003,3.8000000000000114,3.6999999999999886,10.199999999999989,8.799999999999997,-0.19999999999998863,8.699999999999989,-0.6999999999999886,-4.900000000000006,3.700000000000003
20231405,2023,East,First Round,2023 Duke,2023 Iona,3,14,1,12.899999999999999,0.41759999999999997,-0.30000000000001137,11.399999999999977,21.80000000000001,5.099999999999994,15.799999999999997,-3.9000000000000057,0.5,1.7999999999999972,-0.7000000000000028,2.4000000000000057,-8.300000000000011,6.0,14.200000000000003,2.5,11.699999999999989,-5.300000000000011,7.5
20241405,2024,West,First Round,2024 Connecticut,2024 Jackson St.,3,14,1,10.700000000000001,0.26749999999999996,2.5999999999999943,33.099999999999994,21.5,17.299999999999997,1.7999999999999972,-3.9000000000000057,-2.4000000000000057,-0.4000000000000057,13.800000000000011,-8.800000000000011,19.900000000000006,19.0,2.700000000000003,8.700000000000003,0.0,4.5,-6.700000000000003
20251405a,2025,West,First Round,2025 Oklahoma,2025 Florida Gulf Coast,3,14,1,9.4,0.11040000000000005,12.600000000000009,28.80000000000001,24.099999999999994,9.5,8.0,-1.1000000000000085,-1.4000000000000057,10.899999999999991,8.400000000000006,3.3000000000000114,4.699999999999989,12.599999999999994,9.099999999999994,2.3000000000000114,4.099999999999994,11.0,8.700000000000003
20211102,2021,East,First Round,2021 Louisville,2021 Marist,2,15,1,9.8,0.3338,4.5,29.599999999999994,10.300000000000011,14.400000000000006,5.099999999999994,-8.0,-1.3000000000000114,5.0,3.9000000000000057,-0.5999999999999943,-4.700000000000003,14.400000000000006,3.4000000000000057,9.5,6.0,-1.2999999999999972,0.8000000000000114
20221102,2022,South,First Round,2022 Iowa,2022 Illinois St.,2,15,1,13.6,0.3693000000000001,8.400000000000006,23.69999999999999,11.300000000000011,10.099999999999994,4.199999999999989,-0.3999999999999915,1.9000000000000057,-1.3000000000000114,-2.5,4.400000000000006,8.0,13.699999999999989,3.799999999999997,2.4000000000000057,3.700000000000003,-2.700000000000003,-6.099999999999994
20231102,2023,South,First Round,2023 Maryland,2023 Holy Cross,2,15,1,14.0,0.5063,7.599999999999994,22.5,8.699999999999989,8.199999999999989,0.09999999999999432,-4.200000000000003,-3.3000000000000114,2.6999999999999886,-3.6999999999999886,5.900000000000006,1.5999999999999943,7.800000000000011,1.5999999999999943,6.0,-1.2999999999999972,0.5,-9.300000000000011
20241102,2024,South,First Round,2024 Notre Dame,2024 Kent St.,2,15,1,14.0,0.2987000000000001,3.5,17.30000000000001,24.30000000000001,4.699999999999989,5.200000000000003,-1.2000000000000028,-6.0,9.700000000000003,3.4000000000000057,1.8000000000000114,4.5,4.099999999999994,4.5,4.400000000000006,4.400000000000006,-11.200000000000003,2.799999999999997
20251102a,2025,South,First Round,2025 North Carolina St.,2025 Vermont,2,15,1,18.6,0.1997000000000001,8.299999999999997,30.19999999999999,17.5,6.800000000000011,7.700000000000003,-7.799999999999997,0.9000000000000057,3.5999999999999943,0.09999999999999432,1.3999999999999915,2.3999999999999915,7.400000000000006,8.5,3.4000000000000057,4.200000000000003,2.6999999999999886,-4.200000000000003
20211202,2021,West,First Round,2021 Maryland,2021 Mount St. Mary's,2,15,1,15.6,0.5449999999999999,2.700000000000003,32.80000000000001,10.800000000000011,13.099999999999994,2.799999999999997,-7.799999999999997,-0.9000000000000057,12.900000000000006,1.0999999999999943,1.0,-0.7999999999999972,12.099999999999994,2.700000000000003,10.200000000000003,1.3000000000000114,2.3000000000000114,5.800000000000011
20221202,2022,Midwest,First Round,2022 Baylor,2022 Hawaii,2,15,1,13.2,0.41269999999999996,1.5,22.69999999999999,15.5,7.200000000000003,6.0,-3.299999999999997,1.0999999999999943,1.7999999999999972,2.9000000000000057,3.4000000000000057,11.199999999999989,7.799999999999997,6.199999999999989,4.200000000000003,2.8999999999999915,-4.6000000000000085,8.900000000000006
20231202,2023,Midwest,First Round,2023 Utah,2023 Gardner Webb,2,15,1,10.2,0.5166,0.09999999999999432,22.5,11.800000000000011,8.0,3.8000000000000114,-10.299999999999997,-1.0999999999999943,0.29999999999999716,8.900000000000006,-0.20000000000000284,4.0,8.5,4.599999999999994,5.199999999999989,1.1000000000000085,11.5,5.8999999999999915
20241202,2024,Midwest,First Round,2024 Stanford,2024 Norfolk St.,2,15,1,13.399999999999999,0.39459999999999995,1.5999999999999943,32.599999999999994,13.100000000000023,10.700000000000003,4.799999999999997,-12.699999999999989,3.700000000000003,9.800000000000011,9.5,-8.099999999999994,9.299999999999997,12.0,5.5,5.900000000000006,2.5999999999999943,-5.800000000000011,-3.9000000000000057
20251202a,2025,Midwest,First Round,2025 Duke,2025 Lehigh,2,15,1,14.6,0.34840000000000004,-1.0999999999999943,19.69999999999999,25.0,3.1999999999999886,8.199999999999989,-5.400000000000006,-7.0,11.299999999999997,-3.6999999999999886,0.4000000000000057,2.700000000000003,1.0,10.799999999999997,5.299999999999997,2.6999999999999886,-6.099999999999994,17.400000000000006
20211302,2021,South,First Round,2021 Texas A&M,2021 Troy,2,15,1,12.200000000000001,0.33009999999999995,-10.700000000000003,16.69999999999999,17.19999999999999,8.0,0.7000000000000028,-1.7000000000000028,-3.8999999999999915,3.799999999999997,13.799999999999997,6.800000000000011,9.700000000000003,6.800000000000011,1.9000000000000057,8.699999999999989,0.09999999999999432,-11.400000000000006,-11.699999999999989
20221302,2022,West,First Round,2022 Texas,2022 Fairfield,2,15,1,11.8,0.3467,3.700000000000003,17.0,21.100000000000023,3.0999999999999943,4.900000000000006,-3.9000000000000057,-12.799999999999997,8.600000000000009,-2.6000000000000085,13.200000000000003,-13.300000000000011,1.5,3.0,6.0,6.099999999999994,-19.299999999999997,0.5
20231302,2023,West,First Round,2023 Connecticut,2023 Vermont,2,15,1,15.9,0.47030000000000005,7.400000000000006,27.19999999999999,16.400000000000006,14.0,8.599999999999994,1.1999999999999886,0.8000000000000114,6.3999999999999915,4.400000000000006,6.900000000000006,4.299999999999997,14.300000000000011,6.699999999999989,8.700000000000003,9.0,1.9000000000000057,-8.099999999999994
20241302,2024,East,First Round,2024 UCLA,2024 California Baptist,2,15,1,11.1,0.35839999999999994,-6.700000000000003,24.19999999999999,21.69999999999999,6.299999999999997,7.700000000000003,-0.30000000000001137,-3.200000000000003,14.800000000000011,3.1999999999999886,-1.0999999999999943,0.0,6.400000000000006,11.400000000000006,3.700000000000003,0.29999999999999716,-10.299999999999997,12.599999999999994
20251302a,2025,East,First Round,2025 TCU,2025 Fairleigh Dickinson,2,15,1,12.4,0.5761000000000001,2.5,26.900000000000006,12.399999999999977,12.299999999999997,7.0,-3.0,-0.8000000000000114,4.800000000000011,7.699999999999989,5.599999999999994,-1.0999999999999943,12.599999999999994,8.0,7.200000000000003,1.2999999999999972,13.599999999999994,13.5
20211402,2021,Midwest,First Round,2021 Baylor,2021 Jackson St.,2,15,1,12.8,0.3329000000000001,2.4000000000000057,25.69999999999999,22.19999999999999,11.599999999999994,10.299999999999997,0.0,1.8000000000000114,15.900000000000006,17.799999999999997,-0.7999999999999972,11.5,16.299999999999997,10.0,-1.7999999999999972,9.400000000000006,-10.400000000000006,-10.5
20221402,2022,East,First Round,2022 Connecticut,2022 Mercer,2,15,1,9.6,0.3671,-0.5999999999999943,26.5,15.899999999999977,15.699999999999989,5.599999999999994,-4.400000000000006,-4.099999999999994,1.0,2.8999999999999915,-6.400000000000006,7.900000000000006,16.700000000000003,4.700000000000003,9.199999999999989,8.199999999999989,2.5999999999999943,-17.200000000000003
20231402,2023,East,First Round,2023 Iowa,2023 Southeastern Louisiana,2,15,1,14.100000000000001,0.5286,7.799999999999997,35.0,2.3000000000000114,13.599999999999994,-1.5,-7.5,0.9000000000000057,0.20000000000000284,4.099999999999994,5.5,1.2000000000000028,18.599999999999994,-2.200000000000003,2.9000000000000057,0.0,5.099999999999994,-13.400000000000006
20241402,2024,West,First Round,2024 Ohio St.,2024 Maine,2,15,1,14.4,0.3205,5.3999999999999915,22.900000000000006,19.600000000000023,8.0,0.5,-4.0,-9.099999999999994,3.6000000000000085,3.799999999999997,5.5,-8.400000000000006,7.800000000000011,0.9000000000000057,5.599999999999994,0.29999999999999716,6.6000000000000085,8.400000000000006
20251402a,2025,West,First Round,2025 Connecticut,2025 Arkansas St.,2,15,1,19.3,0.43379999999999996,-5.0,39.5,22.5,12.099999999999994,5.300000000000011,-10.599999999999994,-5.599999999999994,-2.0,6.599999999999994,-9.099999999999994,8.0,11.700000000000003,5.199999999999989,8.900000000000006,3.0999999999999943,7.200000000000003,9.599999999999994
20211101,2021,East,First Round,2021 Stanford,2021 Utah Valley,1,16,1,17.0,0.6234999999999999,4.900000000000006,29.30000000000001,18.899999999999977,10.099999999999994,9.199999999999989,-2.200000000000003,2.0,12.099999999999994,4.800000000000011,-0.4000000000000057,6.1000000000000085,11.0,10.900000000000006,5.400000000000006,3.9000000000000057,3.4000000000000057,-0.29999999999999716
20221101,2022,South,First Round,2022 South Carolina,2022 Howard,1,16,1,22.8,0.7805,-5.200000000000003,20.599999999999994,15.600000000000023,7.5,4.799999999999997,-3.5,4.099999999999994,12.900000000000006,10.699999999999989,-2.5,16.200000000000003,7.799999999999997,7.400000000000006,4.699999999999989,-1.9000000000000057,-9.0,6.800000000000011
20231101,2023,South,First Round,2023 South Carolina,2023 Norfolk St.,1,16,1,19.2,0.5174000000000001,-0.7000000000000028,43.80000000000001,10.0,13.199999999999989,6.900000000000006,-13.200000000000003,5.299999999999997,16.19999999999999,11.900000000000006,-0.20000000000000284,10.599999999999994,14.799999999999997,10.099999999999994,6.0,-1.0999999999999943,-20.80000000000001,2.4000000000000057
20241101,2024,South,First Round,2024 South Carolina,2024 Presbyterian,1,16,1,25.7,0.8928999999999999,6.200000000000003,25.099999999999994,7.599999999999994,9.599999999999994,9.099999999999994,-3.9000000000000057,4.400000000000006,12.299999999999997,-1.5,6.700000000000003,2.5,8.0,10.599999999999994,9.600000000000009,3.6999999999999886,-8.800000000000011,2.700000000000003
20251101a,2025,South,First Round,2025 UCLA,2025 Southern,1,16,1,21.4,0.5301,3.299999999999997,35.69999999999999,9.600000000000023,9.300000000000011,0.20000000000000284,-6.599999999999994,0.6999999999999886,6.8999999999999915,2.5999999999999943,-16.900000000000006,7.900000000000006,10.799999999999997,0.0,4.299999999999997,0.5999999999999943,1.5,-1.1000000000000085
20211201,2021,West,First Round,2021 South Carolina,2021 Mercer,1,16,1,13.8,0.4697,2.799999999999997,18.69999999999999,21.5,4.099999999999994,4.099999999999994,-6.800000000000011,-4.400000000000006,9.0,7.799999999999997,-2.299999999999997,1.0999999999999943,2.5,2.4000000000000057,6.300000000000011,6.799999999999997,-7.900000000000006,-2.5
20221201,2022,Midwest,First Round,2022 Louisville,2022 Albany,1,16,1,16.1,0.4907,5.199999999999996,27.80000000000001,10.400000000000006,9.700000000000003,5.400000000000006,-5.0,-0.8000000000000114,7.900000000000006,9.400000000000006,-0.30000000000001137,-5.0,9.099999999999994,5.099999999999994,7.800000000000011,3.799999999999997,-2.4000000000000057,2.5999999999999943
20231201,2023,Midwest,First Round,2023 Indiana,2023 Tennessee Tech,1,16,1,16.6,0.5693,2.799999999999997,20.0,16.5,10.900000000000006,4.799999999999997,-5.800000000000011,-1.9000000000000057,-2.5999999999999943,6.599999999999994,-4.700000000000003,2.1000000000000085,8.599999999999994,5.599999999999994,11.400000000000006,1.8999999999999915,5.299999999999997,2.6999999999999886
20241201,2024,Midwest,First Round,2024 Texas,2024 Drexel,1,16,1,20.3,0.4917,7.999999999999993,30.30000000000001,14.599999999999994,8.599999999999994,0.5,-6.200000000000003,-7.0,9.600000000000009,4.299999999999997,10.099999999999994,-8.799999999999997,8.599999999999994,1.5,6.400000000000006,-0.9000000000000057,-11.200000000000003,-5.5
20251201a,2025,Midwest,First Round,2025 South Carolina,2025 Tennessee Tech,1,16,1,19.8,0.358,0.6000000000000085,30.0,26.700000000000017,5.299999999999997,9.200000000000003,-4.900000000000006,0.7999999999999972,10.099999999999994,3.700000000000003,-1.4000000000000057,15.800000000000011,5.5,7.900000000000006,3.0999999999999943,6.699999999999989,0.4000000000000057,9.399999999999991
20211301,2021,South,First Round,2021 North Carolina St.,2021 North Carolina A&T,1,16,1,9.9,0.5971,-2.5999999999999943,23.80000000000001,9.400000000000006,15.099999999999994,1.7999999999999972,-12.900000000000006,4.400000000000006,-0.8999999999999915,13.900000000000006,-1.3999999999999915,5.199999999999989,14.900000000000006,3.9000000000000057,10.299999999999997,-1.2999999999999972,2.5,-6.599999999999994
20221301,2022,West,First Round,2022 Stanford,2022 Montana St.,1,16,1,21.6,0.45799999999999996,0.20000000000000284,20.600000000000023,21.5,3.0999999999999943,4.400000000000006,-3.8000000000000114,-5.5,5.700000000000003,2.5999999999999943,-4.299999999999997,3.5999999999999943,1.9000000000000057,6.699999999999989,3.5999999999999943,-1.5,-5.5,7.599999999999994
20231301,2023,West,First Round,2023 Virginia Tech,2023 Chattanooga,1,16,1,18.6,0.4426,2.6000000000000085,30.30000000000001,8.5,8.299999999999997,5.300000000000011,-0.5999999999999943,1.7000000000000028,9.0,-0.7999999999999972,4.099999999999994,6.5,9.300000000000011,5.300000000000011,3.6999999999999886,3.200000000000003,10.900000000000006,7.400000000000006
20241301,2024,East,First Round,2024 Iowa,2024 Holy Cross,1,16,1,20.6,0.5583,9.699999999999989,35.5,5.800000000000011,18.099999999999994,-1.4000000000000057,-0.7000000000000028,0.4000000000000057,6.1000000000000085,6.699999999999989,2.5,0.5999999999999943,19.299999999999997,-3.0999999999999943,11.400000000000006,1.7000000000000028,13.900000000000006,-8.400000000000006
20251301a,2025,East,First Round,2025 Texas,2025 William & Mary,1,16,1,29.6,0.7851,-1.7000000000000028,19.30000000000001,15.900000000000006,2.200000000000003,1.9000000000000057,-3.5999999999999943,-6.199999999999989,9.799999999999997,-1.0999999999999943,5.400000000000006,-9.700000000000003,2.5999999999999943,2.0999999999999943,-0.30000000000001137,0.7999999999999972,-15.100000000000009,7.6000000000000085
20211401,2021,Midwest,First Round,2021 Connecticut,2021 High Point,1,16,1,12.2,0.5502,0.0,19.399999999999977,25.400000000000006,16.80000000000001,13.900000000000006,1.1999999999999886,-6.200000000000003,8.599999999999994,-4.199999999999989,-4.699999999999989,14.900000000000006,18.5,12.0,8.799999999999997,10.0,4.099999999999994,13.099999999999994
20221401,2022,East,First Round,2022 North Carolina St.,2022 Longwood,1,16,1,20.6,0.5422,-6.299999999999997,25.30000000000001,15.599999999999994,8.0,6.700000000000003,-7.8999999999999915,2.0999999999999943,-2.5,7.700000000000003,-8.099999999999994,9.700000000000003,6.799999999999997,8.099999999999994,7.0,2.700000000000003,1.2000000000000028,-0.09999999999999432
20231401,2023,East,First Round,2023 Stanford,2023 Sacred Heart,1,16,1,22.1,0.7952,-2.799999999999997,25.900000000000006,5.199999999999989,7.099999999999994,4.0,-8.0,5.8999999999999915,10.099999999999994,6.5,-3.4000000000000057,5.0,8.299999999999997,9.0,3.200000000000003,-3.5999999999999943,-1.2999999999999972,-2.700000000000003
20241401,2024,West,First Round,2024 USC,2024 Texas A&M Corpus Chris,1,16,1,16.299999999999997,0.4825999999999999,-1.3999999999999915,26.599999999999994,9.699999999999989,8.300000000000011,0.7999999999999972,-7.0,1.6999999999999886,1.5999999999999943,4.5,3.1000000000000085,10.299999999999997,4.800000000000011,4.200000000000003,10.199999999999989,-4.5,0.5,1.5
20251401a,2025,West,First Round,2025 USC,2025 UNC Greensboro,1,16,1,17.2,0.4345,10.5,26.5,20.0,6.300000000000011,4.099999999999994,-3.700000000000003,-3.5,8.200000000000003,7.599999999999994,6.299999999999997,3.9000000000000057,8.599999999999994,3.6999999999999886,-0.09999999999999432,2.5999999999999943,4.8999999999999915,5.299999999999997
