,team_id,year,team,region,seed,finish,weekend,coach,coach_id,conference,conf,conf_id,kenpom_id,torvik_id,5man_prpg!,5man_dprpg,5man_bpm,5man_obpm,5man_dbpm,3man_prpg!,3man_dprpg,3man_bpm,3man_obpm,3man_dbpm,kenpom_off,kenpom_def,kenpom_rtg,size,height,experience,bench,pts_from_5,pts_from_4,pts_from_3,pts_from_2,pts_from_1,or_from_5,or_from_4,or_from_3,or_from_2,or_from_1,dr_from_5,dr_from_4,dr_from_3,dr_from_2,dr_from_1,wab,torvik_off,torvik_def,torvik_rtg,efg%,efgd%,ftr,ftrd,tor,tord,orb%,drb%,raw_tempo,2p%,2p%d,3p%,3p%d,blk%,blked%,ast%,ast%d,3pr,3prd,adj_tempo,ft%,ft%d,off_dunk_fg%,off_dunk_share,def_dunk_fg%,def_dunk_share,off_close2_fg%,off_close2_share,def_close2_fg%,def_close2_share,off_far2_fg%,off_far2_share,def_far2_fg%,def_far2_share,off_3pt_fg%,off_3pt_share,def_3pt_fg%,def_3pt_share,net_efg_margin,net_turnover_margin,net_rebounding_margin,net_ftr_margin,def_net_efg_margin,def_net_turnover_margin,def_net_rebounding_margin,def_net_ftr_margin,rim_efficiency,perimeter_efficiency,three_point_volume_efficiency,shot_quality_variance,def_rim_efficiency,def_perimeter_efficiency,def_three_point_volume_efficiency,def_shot_quality_variance,rim_to_three_ratio,mid_range_reliance,paint_touch_rate,def_rim_to_three_ratio,def_mid_range_reliance,def_paint_touch_rate,top5_scoring_concentration,top5_rebounding_concentration,top5_def_rebounding_concentration,bench_scoring_ratio,rotation_balance,tempo_advantage,effective_possession_rate,def_effective_possession_rate,offensive_versatility_score,assist_to_usage_ratio,defensive_versatility_score,def_assist_suppression,size_speed_index,def_size_speed_index,free_throw_advantage,block_efficiency,experience_weighted_production,def_free_throw_advantage,def_block_efficiency,def_experience_impact,four_factors_composite,def_four_factors_composite,elite_outcome_probability,shooting_variance_resilience,lineup_depth_quality,def_lineup_depth_quality,offense_defense_balance
0,2015 Villanova,2015,Villanova,Region 2,1,Second Round,1,Jay Wright,2015 Jay Wright,Big East,BE,2015 BE,2015 Villanova,2015 Villanova,15.7,30.7,32.4,18.9,13.2,9.9,38.1,24.4,14.4,10.2,122.473,108.4837,30.9562,77.38,0.13,1.89,31.54,19.21,21.79,21.75,19.01,18.24,41.98,17.51,19.4,9.45,11.66,35.94,18.87,17.44,12.2,15.55,11.22742574,120.6641892,108.64573441,0.960836677,55.3,54.5,42.4,69.7,83.4,21.7,32.7,31.1,65.1,53.1,54.8,38.9,69.2,10.9,91.3,62.8,46.3,43.0,32.5,64.8,72.7,32.5,90.5,8.5,11.099999999999994,4.1,65.1,30.8,46.6,33.4,39.1,26.4,62.2,34.4,38.9,42.8,69.5,32.2,0.7999999999999972,-61.7,-36.199999999999996,-27.300000000000004,-0.7999999999999972,61.7,36.199999999999996,27.300000000000004,27.743299999999998,26.971599999999995,16.649199999999997,24.684948180352066,16.0195,43.775800000000004,22.379,25.985701196363102,0.9182028457279036,23.6,39.3,1.1645601068289804,34.4,62.5,0.0,1.4210854715202004e-14,0.0,31.54,98.34407125757176,-3.200000000000003,46.120200000000004,11.8265,79.89060874397364,0.8020331796528779,78.48459766336683,2.7889886151436665,0.08424,0.08424,817.23,0.11938532984304663,35.721,-817.23,8.375378405650858,24.947999999999997,55.87,43.9,3,70.28986402517882,-4.499999999999998,-3.0,8.789426066532883
1,2015 Virginia,2015,Virginia,Region 2,2,Second Round,1,Tony Bennett,2015 Tony Bennett,ACC,ACC,2015 ACC,2015 Virginia,2015 Virginia,12.1,29.1,31.7,11.6,22.9,9.9,36.7,23.8,11.7,12.2,115.318,115.5708,30.8885,78.28,1.99,1.65,33.58,22.14,20.58,22.22,21.34,13.72,40.86,34.94,15.07,5.81,3.31,25.52,21.6,22.24,17.26,13.37,9.921541443,113.2149061,116.66998978,0.971377151,51.2,58.3,34.2,72.1,83.9,18.1,34.0,24.3,58.5,50.1,60.5,36.1,69.7,13.5,92.9,54.3,50.1,27.3,36.5,58.3,72.3,35.3,92.9,7.7,13.700000000000003,4.7,65.9,36.3,47.6,31.4,33.8,36.1,72.0,32.0,35.2,27.5,69.2,36.6,-7.099999999999994,-65.80000000000001,-41.7,-37.89999999999999,7.099999999999994,65.80000000000001,41.7,37.89999999999999,31.075000000000003,21.8818,9.680000000000001,28.17498890860474,15.5903,48.3672,25.3272,26.922899175237426,1.5999418202974436,13.899999999999999,44.0,0.9863118494030219,32.0,63.9,0.0,0.009999999999990905,0.009999999999990905,33.58,96.42654229072177,-9.700000000000003,42.95680000000001,10.5523,83.31895251028844,0.6629955678196846,75.07524725757767,3.11160797465996,1.16017,1.16017,-72.46999999999935,0.1453159815287241,19.139999999999997,72.46999999999935,6.880971779868158,37.785,53.38500000000001,43.519999999999996,0,66.90201280497931,0.09999999999999964,-10.7,7.478039625583403
2,2015 Oklahoma,2015,Oklahoma,Region 2,3,Sweet 16,2,Lon Kruger,2015 Lon Kruger,Big 12,B12,2015 B12,2015 Oklahoma,2015 Oklahoma,14.2,27.0,31.4,15.2,15.7,9.9,36.0,22.5,12.9,9.5,111.785,112.3146,24.1001,76.87,0.52,1.82,22.33,16.31,18.53,24.13,24.36,16.67,33.79,30.2,14.93,14.88,6.19,26.18,25.49,17.34,16.86,14.13,4.249322904,109.9986092,112.73358711,0.934763459,49.4,56.3,32.7,71.1,82.3,20.2,30.9,31.5,68.2,48.4,57.6,34.3,69.1,12.9,89.8,48.9,51.0,33.6,33.7,68.1,73.5,34.599999999999994,90.5,7.8,11.299999999999997,4.6,62.8,32.2,45.6,31.0,33.9,33.9,68.4,34.6,34.1,33.9,68.1,34.4,-6.899999999999999,-62.099999999999994,-37.6,-38.39999999999999,6.899999999999999,62.099999999999994,37.6,38.39999999999999,27.280600000000003,23.052,11.5599,27.09666338623017,14.655800000000001,47.0928,23.426399999999997,26.909292075415138,1.1799061974573022,16.1,40.0,1.0348536379756403,34.6,64.4,0.0,0.010000000000019327,0.0,22.33,96.03350280474069,0.09999999999999432,40.6562,11.372599999999998,83.34828086448422,0.6127742760115787,79.30975501529744,2.8811931529292125,0.35412,0.35412,-56.60999999999922,0.14365096157058385,27.663999999999998,56.60999999999922,6.9607007208743505,28.573999999999998,51.42,44.535000000000004,1,67.12474182100134,-2.299999999999999,-6.199999999999999,7.452758120866557
3,2015 Louisville,2015,Louisville,Region 2,4,Sweet 16,2,Rick Pitino,2015 Rick Pitino,ACC,ACC,2015 ACC,2015 Louisville,2015 Louisville,11.2,29.8,23.3,8.0,17.5,11.0,34.4,22.5,12.2,10.3,108.601,111.824,20.4245,76.87,2.76,1.46,30.08,8.88,24.01,19.67,20.97,26.47,37.97,31.77,9.83,8.22,12.21,22.29,27.41,16.18,16.58,17.54,5.660871547,107.8675766,113.38496579,0.925769877,47.8,56.6,38.8,65.3,82.2,21.8,35.1,30.9,66.2,48.9,56.7,30.4,70.7,14.8,93.0,47.8,44.5,32.6,31.4,66.0,66.0,34.8,92.8,9.9,14.599999999999994,7.2,64.5,31.3,42.6,31.6,35.1,37.0,68.6,36.8,30.8,31.8,69.7,31.6,-8.800000000000004,-60.400000000000006,-34.0,-26.5,8.800000000000004,60.400000000000006,34.0,26.5,29.375700000000002,22.7814,9.794400000000001,28.857003771470566,14.5128,47.269999999999996,22.025199999999998,26.05703679750763,1.2955567434986321,13.0,41.2,1.227809246542831,36.8,61.199999999999996,0.0,0.0,0.0,30.08,93.24268544464593,-2.0,39.2916,12.3388,83.54912674229102,0.6112453804938555,77.5019298176698,2.4998595584517727,1.8215999999999999,1.8215999999999999,288.3600000000001,0.15913807378415284,11.68,-288.3600000000001,6.283359232484291,25.55,52.510000000000005,44.065,2,65.91343702201105,4.199999999999999,-7.199999999999999,7.211692376481108
4,2015 Northern Iowa,2015,Northern Iowa,Region 2,5,Second Round,1,Ben Jacobson,2015 Ben Jacobson,Missouri Valley,MVC,2015 MVC,2015 Northern Iowa,2015 Northern Iowa,11.4,34.1,26.6,14.6,12.4,8.4,39.9,22.3,12.5,9.8,115.17,105.7808,20.9503,76.91,-0.65,2.16,37.55,28.71,19.32,14.74,15.43,21.8,29.88,34.63,26.57,1.39,7.54,26.69,23.87,18.7,13.5,17.25,5.562426197,114.0488554,107.84323403,0.920639063,56.2,54.9,40.2,73.3,82.0,19.3,26.9,26.9,57.4,53.9,56.2,39.7,68.4,8.1,91.7,53.6,52.3,40.0,38.1,58.5,72.6,28.5,94.9,4.0,16.099999999999994,2.9,63.5,35.9,42.0,25.6,38.3,24.2,65.8,36.5,39.8,39.9,67.9,37.9,1.3000000000000043,-62.7,-46.2,-33.099999999999994,-1.3000000000000043,62.7,46.2,33.099999999999994,26.5925,25.148799999999994,15.880199999999997,26.496084616410787,11.2189,49.7511,25.7341,24.265544845864618,0.9999749379714795,25.8,39.9,0.7519590512123692,36.5,71.5,0.0,-0.010000000000019327,-0.010000000000005116,37.55,94.34051680804687,-9.5,46.083999999999996,10.5957,79.56026720783822,0.6641801216837462,77.13646082909789,2.9053941447697347,-0.38025,-0.38025,829.4700000000003,0.08833055255667877,31.536,-829.4700000000003,11.319590174052587,26.784000000000002,54.39000000000001,43.16,2,69.05461396424305,-2.0999999999999996,-2.5999999999999996,8.387506168357884
5,2015 Providence,2015,Providence,Region 2,6,First Round,1,Ed Cooley,2015 Ed Cooley,Big East,BE,2015 BE,2015 Providence,2015 Providence,14.3,31.7,23.4,13.1,10.6,10.6,37.3,20.8,11.2,9.6,112.954,104.6129,17.5673,78.61,4.81,1.43,29.23,16.27,19.37,21.66,23.52,19.18,27.81,31.9,17.36,15.33,7.6,21.74,20.16,17.67,21.25,19.18,3.552458314,111.7856825,105.96498911,0.879588346,48.6,51.9,41.6,61.5,82.1,19.7,35.3,29.5,65.7,49.4,53.0,31.0,66.7,13.6,92.1,57.5,45.8,28.4,35.8,65.8,71.0,31.200000000000003,88.2,6.9,3.4000000000000057,5.0,60.0,38.9,41.3,36.7,35.6,32.1,68.4,27.1,31.3,29.0,66.7,36.3,-3.299999999999997,-62.39999999999999,-35.2,-19.9,3.299999999999997,62.39999999999999,35.2,19.9,29.425800000000002,20.5046,9.077,26.199793256181753,15.3271,42.74850000000001,24.2121,30.34627928868161,1.5792558877280092,17.9,45.8,1.1487286851601886,27.1,58.3,0.0,1.4210854715202004e-14,0.0,29.23,97.255541947852,-2.200000000000003,39.9006,10.2243,80.25201087649873,0.7160558399023673,78.42442915738425,2.558516284006479,3.1649799999999995,3.1649799999999995,1034.7999999999997,0.14766397758981986,18.732999999999997,-1034.7999999999997,6.77156091463863,15.158,53.26500000000001,40.81,1,67.24034587283492,-1.9000000000000004,-1.0,8.297226754762034
6,2015 Michigan St.,2015,Michigan St.,Region 2,7,Final Four,3,Tom Izzo,2015 Tom Izzo,Big 10,B10,2015 B10,2015 Michigan St.,2015 Michigan St.,16.2,31.7,35.1,22.8,12.9,11.4,37.4,23.7,16.5,7.2,115.973,104.948,20.9213,76.2,-0.88,1.85,31.77,17.88,22.17,22.52,20.4,17.02,39.61,35.52,16.17,4.18,4.52,23.85,29.97,23.65,9.67,12.85,2.973485124,114.7703742,107.44123301,0.922265264,53.8,54.3,31.9,62.3,82.1,17.0,34.6,26.0,63.2,51.6,55.9,38.6,67.7,13.2,92.7,64.6,49.5,34.7,35.3,64.1,63.3,28.299999999999997,88.5,9.2,17.900000000000006,4.0,67.6,30.9,43.5,32.6,35.6,34.2,68.7,33.5,38.6,35.0,68.6,33.9,-0.5,-65.1,-39.4,-30.4,0.5,65.1,39.4,30.4,29.030399999999997,25.685200000000002,13.51,25.164839889549597,14.897000000000002,46.26989999999999,23.255399999999995,24.275416233987283,1.1456815519556582,15.799999999999997,40.099999999999994,1.0796141706734317,33.5,63.4,0.010000000000005116,1.4210854715202004e-14,0.010000000000005116,31.77,97.5203790612273,-3.9000000000000057,44.169799999999995,9.231,80.08278275751486,0.7783038758569173,76.6068683038398,2.765208647561588,-0.5640799999999999,-0.5640799999999999,256.18000000000006,0.14239328594082046,42.18000000000001,-256.18000000000006,7.022195288235741,23.865000000000002,53.75,40.515,2,69.58595063436384,-6.300000000000001,-5.7,8.550414963458442
7,2015 NC St.,2015,North Carolina St.,Region 2,8,Sweet 16,2,Mark Gottfried,2015 Mark Gottfried,ACC,ACC,2015 ACC,2015 North Carolina St.,2015 N.C. State,11.4,36.3,16.9,13.0,4.1,9.5,40.7,15.2,12.3,2.9,114.001,101.3623,15.3629,77.68,1.03,1.31,32.18,17.15,15.2,20.61,24.22,22.82,30.05,36.63,13.03,10.21,10.07,25.71,27.19,16.65,16.32,14.13,1.033735931,113.2909892,102.70642312,0.852029295,49.6,54.5,36.1,65.9,83.8,15.4,34.1,30.5,64.5,47.4,56.4,36.1,66.8,13.6,89.9,46.7,48.5,32.4,31.3,64.9,68.5,29.700000000000003,85.7,8.0,11.0,5.2,59.4,31.2,46.4,33.7,37.1,36.6,65.9,34.9,35.7,32.2,67.1,31.4,-4.899999999999999,-68.39999999999999,-35.400000000000006,-29.800000000000004,4.899999999999999,68.39999999999999,35.400000000000006,29.800000000000004,25.388799999999996,25.074000000000005,11.495400000000002,23.477986143051822,16.2088,44.0685,21.069399999999995,26.179763176927327,1.217353498338561,13.399999999999999,39.2,1.2388140505079457,34.9,61.099999999999994,0.0,0.009999999999990905,0.0,32.18,96.21531375144518,-3.0999999999999943,41.5648,8.393,87.21429557324068,0.5520029314074302,79.2060867950735,2.993642367755076,0.6684700000000001,0.6684700000000001,515.6199999999997,0.15127751637912812,17.03,-515.6199999999997,6.609808102345417,5.3709999999999996,53.025000000000006,41.635000000000005,1,69.88225066519648,-0.6999999999999993,-1.1999999999999997,8.746772747138262
8,2015 LSU,2015,LSU,Region 2,9,First Round,1,Johnny Jones,2015 Johnny Jones,SEC,SEC,2015 SEC,2015 LSU,2015 LSU,12.8,29.6,21.8,11.0,9.0,7.0,39.0,13.8,7.2,6.8,108.743,105.2004,13.9432,77.72,3.12,1.19,21.39,21.11,23.88,19.45,19.97,15.6,31.4,35.84,16.99,9.11,6.67,25.36,29.58,17.78,15.2,12.08,0.449160534,107.1007991,106.33894986,0.823757059,50.5,55.4,33.4,70.0,79.5,19.2,34.0,33.0,69.8,50.3,56.4,33.9,68.7,14.0,91.2,57.7,52.8,28.5,28.9,70.3,68.9,33.8,94.1,7.2,9.799999999999997,5.7,63.8,39.2,43.4,35.9,33.6,32.3,68.9,34.8,33.9,28.4,69.1,29.3,-4.899999999999999,-60.3,-33.0,-36.6,4.899999999999999,60.3,33.0,36.6,31.784799999999997,20.4804,9.6276,28.879808401949848,16.1392,44.223499999999994,20.246299999999998,28.06100497131206,1.63374529065878,17.700000000000003,46.400000000000006,1.4197467663219685,34.8,58.4,-0.009999999999990905,-0.010000000000005116,0.0,21.39,97.00208906069577,2.299999999999997,40.1475,10.6368,80.93220933924394,0.7141000730188983,80.43669575120703,2.5754841227257206,2.19336,2.19336,-64.73999999999978,0.15350708873806207,13.09,64.73999999999978,6.513820441397043,10.709999999999999,51.885,44.06,1,66.115763837705,-3.8,-2.2,7.836649512268847
9,2015 Georgia,2015,Georgia,Region 2,10,First Round,1,Mark Fox,2015 Mark Fox,SEC,SEC,2015 SEC,2015 Georgia,2015 Georgia,12.7,35.3,17.8,13.8,5.5,6.7,41.3,16.7,10.0,6.7,109.524,105.8698,15.3937,76.95,0.3,1.87,29.19,20.58,20.97,18.48,20.67,19.3,28.95,29.62,19.31,12.79,9.33,22.56,22.88,20.37,18.22,15.97,1.524672462,107.8484049,106.84781103,0.843520321,48.9,55.8,47.8,65.7,80.7,16.8,32.3,28.9,64.8,47.7,57.0,34.4,69.0,12.6,89.4,55.4,53.2,31.3,35.4,64.7,68.9,29.700000000000003,94.8,4.9,16.200000000000003,3.0,62.6,36.6,42.9,26.2,29.6,32.4,66.1,38.4,34.2,31.0,68.9,35.3,-6.899999999999999,-63.900000000000006,-38.800000000000004,-17.900000000000006,6.899999999999999,63.900000000000006,38.800000000000004,17.900000000000006,27.556800000000003,20.1924,10.602,30.10669914376754,11.725800000000001,49.7041,24.3217,24.49875847194438,1.3386664946292055,17.6,41.5,0.8271720347865501,38.4,70.8,0.0,1.4210854715202004e-14,0.0,29.19,98.93620960711237,-3.299999999999997,39.4623,9.3744,81.67036835075244,0.6658573815218566,78.12273605669336,2.756333868711466,0.1941,0.1941,1342.1299999999999,0.1409380208275075,25.806000000000004,-1342.1299999999999,7.094675025791605,10.285,53.365,42.155,0,64.74943190649749,-3.8000000000000007,1.2000000000000002,7.845062094552984
10,2015 Dayton,2015,Dayton,Region 2,11,Second Round,1,Archie Miller,2015 Archie Miller,Atlantic 10,A10,2015 A10,2015 Dayton,2015 Dayton,11.6,30.1,17.3,7.1,7.9,8.1,37.8,14.0,7.5,6.5,108.983,104.9028,13.8856,76.01,-2.93,1.54,21.41,20.46,21.75,23.36,19.33,15.1,44.04,38.64,7.3,5.99,4.04,26.31,26.5,16.44,14.91,15.85,0.902824547,106.5305162,105.17608718,0.792278276,52.8,52.7,48.6,68.9,82.2,21.1,24.2,28.0,64.4,52.9,52.9,35.1,68.2,7.2,88.3,60.8,45.3,37.4,32.8,64.0,68.3,32.0,88.6,6.5,19.700000000000003,5.2,66.8,31.8,38.7,30.9,37.7,29.9,66.3,35.7,35.7,38.2,67.5,33.4,0.09999999999999432,-61.1,-47.8,-20.300000000000004,-0.09999999999999432,61.1,47.8,20.300000000000004,27.001399999999997,24.9097,13.637400000000003,25.30230556029759,12.9827,46.2141,22.545,23.11211803362037,1.00259155519489,20.1,38.3,1.0808059638932968,35.7,63.9,1.4210854715202004e-14,-0.010000000000005116,-0.009999999999990905,21.41,96.87659640776283,-4.0,43.4016,11.119700000000002,75.01071194049537,0.7705859241327738,77.05362978283058,2.544800853884613,-1.8752000000000002,-1.8752000000000002,1114.58,0.08153928041585033,10.934,-1114.58,12.26218580752673,12.166,53.800000000000004,42.290000000000006,0,69.33176751105397,0.40000000000000036,-1.4000000000000004,7.888851500136315
11,2015 Wyoming,2015,Wyoming,Region 2,12,First Round,1,Larry Shyatt,2015 Larry Shyatt,Mountain West,MWC,2015 MWC,2015 Wyoming,2015 Wyoming,10.4,31.9,12.0,5.5,7.5,8.3,38.1,13.4,6.9,6.5,104.478,101.9259,6.40364,77.03,1.11,2.32,24.02,17.75,27.36,15.16,21.49,18.25,40.27,32.47,10.8,9.05,7.42,27.35,28.38,16.61,14.03,13.63,-1.347631306,102.7006057,102.38653603,0.642040071,52.1,53.3,41.0,73.3,81.3,18.1,22.1,26.9,58.4,54.6,56.0,32.3,65.6,8.7,91.3,66.6,51.4,39.7,35.2,59.1,70.9,30.200000000000003,93.6,17.1,18.200000000000003,4.1,74.1,32.2,34.599999999999994,21.4,31.7,27.8,66.4,43.4,32.6,40.0,65.1,35.2,-1.1999999999999957,-63.199999999999996,-51.0,-32.3,1.1999999999999957,63.199999999999996,51.0,32.3,39.8658,21.8526,13.04,30.89455183901092,8.150599999999999,51.7328,22.9152,23.690697893195686,1.2324691882702934,22.2,49.300000000000004,0.7244112383170933,43.4,74.5,-0.009999999999990905,-0.010000000000005116,0.0,24.02,95.31117605363562,-8.899999999999999,42.357299999999995,9.647300000000001,71.37812846092288,0.813176884287127,77.78430223667695,2.7485161221325054,0.6560100000000001,0.6560100000000001,693.2399999999998,0.09528920822334913,12.76,-693.2399999999998,10.493046776232617,17.4,51.73500000000001,42.22,0,65.24623426044906,1.4000000000000004,-1.0,7.750287215641798
12,2015 UC Irvine,2015,UC Irvine,Region 2,13,First Round,1,Russell Turner,2015 Russell Turner,Big West,BW,2015 BW,2015 UC Irvine,2015 UC Irvine,9.6,35.1,12.9,7.7,8.6,6.9,40.7,11.3,7.9,3.3,105.818,101.0408,6.85898,77.47,4.84,2.03,37.31,20.91,24.2,16.62,18.1,20.17,34.07,34.5,16.04,7.32,8.08,25.16,25.06,20.8,16.02,12.96,-4.313851827,105.0285566,102.72898226,0.707321137,50.7,55.3,31.0,63.9,82.0,17.3,29.8,30.7,64.0,47.7,57.7,38.3,66.4,12.0,92.3,56.5,50.7,30.5,29.1,64.1,68.3,30.200000000000003,86.3,6.6,23.599999999999994,4.4,57.9,31.0,48.3,30.4,39.9,38.6,64.4,40.5,38.4,30.4,66.4,29.0,-4.599999999999994,-64.7,-39.5,-32.9,4.599999999999994,64.7,39.5,32.9,23.644799999999996,27.075,11.673599999999999,22.286823461408762,15.721599999999999,45.33800000000001,19.256,19.785074340690933,1.236801421005888,11.399999999999999,37.6,1.1999586221164786,40.5,65.2,-1.4210854715202004e-14,-0.009999999999976694,0.0,37.31,97.10468481853874,-3.9000000000000057,41.574,9.5669,81.1467232701184,0.6831840001934679,79.59744649622223,2.8165101938781176,3.1024399999999996,3.1024399999999996,187.51999999999953,0.13000942568336205,15.630999999999998,-187.51999999999953,7.691025747854345,17.458,51.39,42.17,2,71.3951792897767,0.20000000000000018,-5.3,7.972695458711145
13,2015 Albany,2015,Albany,Region 2,14,First Round,1,Will Brown,2015 Will Brown,Amerian East,AE,2015 AE,2015 Albany,2015 Albany,10.6,35.6,8.8,7.7,2.6,7.9,40.8,8.5,7.6,0.9,106.463,96.569,3.03231,76.86,-0.98,1.66,27.2,10.86,20.78,22.37,22.88,23.11,34.83,26.8,19.84,12.75,5.78,21.92,23.7,20.29,17.49,16.6,-2.992558242,104.7214001,97.879281,0.571800361,50.1,50.4,39.9,69.6,81.0,20.3,32.5,25.5,61.2,48.1,54.1,36.0,63.5,5.6,89.6,47.3,44.9,34.1,41.6,61.5,76.1,30.200000000000003,80.0,1.4,16.0,2.6,53.9,44.2,44.9,33.9,35.5,21.5,66.0,24.5,35.8,34.3,63.8,41.6,-0.29999999999999716,-60.7,-42.0,-29.699999999999996,0.29999999999999716,60.7,42.0,29.699999999999996,24.943800000000003,19.9119,12.279399999999999,20.978878266802862,15.6371,42.710800000000006,26.5408,23.14323155193904,1.3294073059094489,28.5,45.6,0.8773827552222303,24.5,63.5,0.0,0.0,0.0,27.2,94.81031311156444,-6.5,40.581,10.231200000000001,85.68844974188936,0.5934680869750693,76.98970790270363,2.363033524551339,-0.6027,-0.6027,934.4699999999998,0.06249930246314215,12.782,-934.4699999999998,15.997143367255847,4.316,52.775000000000006,40.775,0,70.97549308347664,-0.10000000000000053,-1.7000000000000002,8.52443823133478
14,2015 Belmont,2015,Belmont,Region 2,15,First Round,1,Rick Byrd,2015 Rick Byrd,Ohio Valley,OVC,2015 OVC,2015 Belmont,2015 Belmont,11.4,38.2,10.7,11.7,3.1,9.0,42.1,9.5,9.9,-0.4,109.115,92.381,1.49515,76.48,-0.68,1.49,30.87,20.46,23.38,20.05,21.11,15.01,28.4,32.12,8.72,7.39,23.37,19.65,28.78,15.96,15.86,19.75,-4.420845686,107.3292752,93.5480781,0.5235805,56.5,48.7,33.0,72.3,79.7,18.7,29.2,29.5,67.4,56.3,48.8,37.9,65.7,5.4,87.6,58.9,48.6,48.0,36.9,67.5,69.0,29.400000000000006,94.1,3.7,7.5,4.6,65.2,34.3,34.7,32.5,39.5,17.7,63.6,30.8,37.6,47.9,65.6,36.6,7.799999999999997,-61.0,-41.3,-39.3,-7.799999999999997,61.0,41.3,39.3,25.8453,25.0019,18.0104,26.51175839761168,11.6225,43.5984,24.0096,27.472228401302527,0.7933028538026347,32.3,38.0,1.013633507281222,30.8,62.9,-0.010000000000005116,0.0,0.0,30.87,96.92710722608159,-0.5,45.0305,9.106900000000001,78.54930038679628,0.7244683337228324,78.98573580693868,2.3939707403576183,-0.4590000000000001,-0.4590000000000001,151.37999999999965,0.061643131927717726,17.433,-151.37999999999965,16.219218663210512,4.619,53.31500000000001,40.900000000000006,2,69.0329351678134,-1.799999999999999,-3.5,9.311283583382044
15,2015 Lafayette,2015,Lafayette,Region 2,16,First Round,1,Fran O'Hanlon,2015 Fran O'Hanlon,Patriot,Pat,2015 Pat,2015 Lafayette,2015 Lafayette,15.4,41.8,3.6,15.0,-5.4,10.0,45.1,3.8,10.4,-6.5,112.691,85.55,-1.75874,76.78,1.21,2.09,26.07,28.52,19.86,16.17,15.21,20.25,40.81,29.73,11.73,9.75,7.97,29.04,24.31,17.62,17.1,11.93,-6.796103148,110.56734,86.2899923,0.420113694,56.3,47.1,31.0,72.4,83.1,16.9,27.6,34.4,64.6,53.0,49.2,41.4,62.4,7.1,91.4,58.2,48.4,35.4,37.1,65.2,76.5,30.0,83.3,0.5,14.299999999999997,3.6,61.4,32.4,40.0,34.1,44.1,32.2,58.3,28.7,40.9,35.4,61.9,37.2,9.199999999999996,-66.19999999999999,-38.0,-41.400000000000006,-9.199999999999996,66.19999999999999,38.0,41.400000000000006,20.3101,28.678800000000003,14.478599999999998,19.458909698815773,14.1548,39.7589,23.0268,21.774813432036566,0.9293522781842322,17.799999999999997,32.9,1.013413617913497,28.7,62.3,-0.009999999999990905,0.009999999999990905,0.0,26.07,94.74915530604837,-2.799999999999997,46.78529999999999,7.959899999999999,79.28851887355994,0.700352583001408,83.06932587752,2.8637358736169447,0.78892,0.78892,199.5,0.07767967527707573,31.349999999999998,-199.5,12.871426559639488,-11.286,53.465,40.805,3,74.69085965627986,-4.6,-1.0999999999999996,9.327623289032275
16,2015 Kentucky,2015,Kentucky,Region 1,1,Final Four,3,John Calipari,2015 John Calipari,SEC,SEC,2015 SEC,2015 Kentucky,2015 Kentucky,14.2,29.4,45.0,21.2,22.5,9.1,37.0,32.1,14.8,17.3,121.27,116.1633,37.4333,79.28,6.89,0.73,39.9,19.66,23.57,18.78,22.66,15.33,33.72,34.47,20.03,5.69,6.08,27.92,30.08,18.01,13.0,10.99,12.95853499,119.0418569,116.51892943,0.983387299,51.8,60.3,43.8,68.4,83.6,21.8,40.4,31.6,63.9,51.5,60.9,35.0,72.6,18.4,94.2,56.6,59.9,28.1,31.0,63.5,72.2,35.0,92.5,13.5,11.5,5.3,70.7,34.1,49.9,33.8,34.2,39.0,71.3,35.6,34.9,27.0,73.0,30.5,-8.5,-61.8,-28.0,-24.60000000000001,8.5,61.8,28.0,24.60000000000001,36.5962,22.761000000000003,9.423,28.58652071635628,17.4757,47.647800000000004,22.265,28.61717141857315,1.7628976704566497,11.0,47.6,1.2819251827808922,35.6,60.900000000000006,0.0,0.010000000000005116,0.0,39.9,96.7123944883852,-4.5,43.30479999999999,13.145399999999999,84.2342057585119,0.7237759107939795,78.85669886447249,3.6522163282726647,4.37515,4.37515,768.3600000000001,0.19532701351365694,15.475999999999999,-768.3600000000001,5.119286995271996,16.425,56.269999999999996,46.15,2,67.01397503781472,-6.399999999999999,-5.199999999999999,7.939524018997228
17,2015 Kansas,2015,Kansas,Region 1,2,Second Round,1,Bill Self,2015 Bill Self,Big 12,B12,2015 B12,2015 Kansas,2015 Kansas,12.3,32.9,25.8,13.5,14.3,9.7,38.5,20.3,12.0,8.2,114.271,109.4707,23.7421,77.59,1.13,0.97,34.37,17.89,20.62,22.91,18.03,20.55,34.84,29.9,17.37,11.01,6.89,25.26,23.09,25.34,11.11,15.2,8.740298545,113.2619244,108.99346612,0.925247256,49.3,55.6,43.0,66.4,80.9,17.5,34.9,31.8,66.8,46.5,56.5,37.5,69.1,12.7,87.0,54.9,51.3,28.3,31.9,67.3,72.0,33.099999999999994,79.8,9.1,19.0,5.9,57.8,37.0,45.4,33.5,34.3,34.6,67.5,34.5,37.9,28.5,68.5,32.0,-6.300000000000004,-63.400000000000006,-33.3,-23.400000000000006,6.300000000000004,63.400000000000006,33.3,23.400000000000006,28.647799999999997,22.6693,10.801499999999999,20.95845096057117,16.33,45.2075,21.92,23.313944325231628,1.6174871057155888,15.399999999999999,46.1,1.231211524639855,34.5,60.6,0.0,-0.010000000000019327,0.0,34.37,97.90906719381039,-0.7000000000000028,39.8837,9.73,84.63473545741361,0.6654464794366128,79.53373618465413,2.6857232605622747,0.7604899999999999,0.7604899999999999,898.1600000000003,0.14597533361685497,13.094999999999999,-898.1600000000003,6.849854342177782,13.871,53.375,42.935,3,71.44992819544703,-1.5,-6.100000000000001,7.938405542254299
18,2015 Notre Dame,2015,Notre Dame,Region 1,3,Elite Eight,2,Mike Brey,2015 Mike Brey,ACC,ACC,2015 ACC,2015 Notre Dame,2015 Notre Dame,21.2,32.6,30.0,25.1,10.1,14.9,38.5,22.7,18.7,4.1,124.623,99.448,24.0703,77.29,-0.66,1.77,19.56,22.63,19.26,19.83,19.83,18.46,38.79,17.66,12.93,12.93,17.68,26.48,19.78,20.12,20.12,13.49,8.442280586,124.3512171,100.17285955,0.925958483,58.6,51.9,37.1,76.7,85.6,17.4,28.1,31.6,64.1,58.4,52.6,39.2,67.1,9.1,93.3,54.4,48.9,38.6,32.6,64.1,74.0,29.799999999999997,91.6,9.3,6.099999999999994,4.4,66.6,41.0,39.7,32.9,42.2,21.4,64.4,35.6,38.9,37.7,67.4,31.5,6.700000000000003,-68.19999999999999,-40.3,-39.6,-6.700000000000003,68.19999999999999,40.3,39.6,35.824799999999996,23.6961,14.6653,24.52242171292767,13.3297,44.15740000000001,21.231000000000005,28.39002172125505,1.3341821171852204,28.6,50.3,1.1840893939874924,35.6,62.7,-0.009999999999990905,0.009999999999990905,0.009999999999990905,19.56,98.42727306883872,-3.9000000000000057,50.1616,9.0306,78.79699955069735,0.6585876684301643,79.83948535356977,3.395597527949447,-0.42306,-0.42306,459.74000000000024,0.09753378849101295,44.427,-459.74000000000024,10.251620701021867,17.877,56.025000000000006,42.935,4,70.9272311029274,-6.400000000000002,-6.0,9.968652274029903
19,2015 Maryland,2015,Maryland,Region 1,4,Second Round,1,Mark Turgeon,2015 Mark Turgeon,Big 10,B10,2015 B10,2015 Maryland,2015 Maryland,13.5,32.4,23.9,11.7,14.0,11.4,37.7,19.0,12.7,6.2,111.125,105.0672,16.1924,78.57,3.93,1.54,33.85,15.93,18.88,22.75,16.76,25.67,35.3,28.34,17.75,14.7,3.91,24.12,25.51,15.87,16.76,17.75,6.827584286,109.8663502,106.14137814,0.859478164,50.9,54.6,44.5,72.1,81.6,17.3,29.2,30.4,64.8,47.8,55.4,37.2,68.8,11.6,90.2,48.6,52.1,38.2,37.4,64.6,75.7,34.0,90.5,6.8,20.299999999999997,4.7,63.8,31.4,42.4,29.4,31.5,29.9,67.9,33.3,37.4,38.8,68.0,37.4,-3.700000000000003,-64.3,-40.400000000000006,-27.599999999999994,3.700000000000003,64.3,40.400000000000006,27.599999999999994,26.187199999999997,23.929699999999997,14.511199999999999,27.062520207844653,13.4197,48.042699999999996,25.432,22.976582281386705,0.9845107084868947,20.1,38.199999999999996,0.911740327798722,33.3,65.9,0.009999999999990905,0.0,-0.010000000000005116,33.85,95.87603710006988,-3.4000000000000057,41.5344,9.4458,83.53789955296625,0.5876591576885406,78.94338124729232,2.8313678604423664,2.53878,2.53878,917.2500000000005,0.1286016784736311,18.018,-917.2500000000005,7.77519179381088,21.560000000000002,53.27499999999999,43.06,2,67.3408513903774,1.0,-7.8,8.07646366836017
20,2015 West Virginia,2015,West Virginia,Region 1,5,Sweet 16,2,Bob Huggins,2015 Bob Huggins,Big 12,B12,2015 B12,2015 West Virginia,2015 West Virginia,10.5,35.2,20.0,12.3,7.5,6.8,41.1,13.6,8.4,5.3,113.252,105.5007,18.7531,76.49,1.02,1.36,41.79,18.99,18.59,18.75,21.03,22.65,29.8,34.44,15.37,14.15,6.24,30.59,29.69,13.51,12.34,13.87,3.948267888,110.4555147,107.1389654,0.880308039,46.6,47.4,40.4,44.1,81.3,28.2,40.9,31.1,69.1,45.9,48.4,31.9,63.5,9.0,90.1,57.2,46.3,33.8,31.8,69.1,66.0,31.299999999999997,94.2,3.6,10.400000000000006,8.6,54.1,36.1,37.2,39.5,35.2,30.5,64.1,28.5,31.6,33.5,63.5,32.1,-0.7999999999999972,-53.099999999999994,-28.0,-3.700000000000003,0.7999999999999972,53.099999999999994,28.0,3.700000000000003,22.921300000000002,21.322000000000003,10.586000000000002,28.699869337681662,15.588400000000002,38.652,20.3835,25.555821254657417,1.1850392525596252,19.5,39.7,1.4983956886078316,28.5,51.9,-0.009999999999990905,0.0,-1.4210854715202004e-14,41.79,98.22137131474835,1.0999999999999943,37.885799999999996,13.366799999999998,82.79858191338874,0.7966462862634225,80.4792867399087,2.475803432971498,0.70482,0.70482,1286.0700000000002,0.09988790357487708,16.728,-1286.0700000000002,10.009998889012332,10.200000000000001,53.205000000000005,38.845000000000006,2,65.20210145324381,-3.9000000000000004,-2.2,8.234613755039017
21,2015 Butler,2015,Butler,Region 1,6,Second Round,1,Chris Holtmann,2015 Chris Holtmann,Big East,BE,2015 BE,2015 Butler,2015 Butler,13.6,27.6,28.5,12.8,16.1,8.8,36.0,20.2,9.0,11.2,110.554,109.0731,19.6267,77.09,-0.16,1.99,21.17,14.11,22.74,25.34,21.9,15.91,38.57,20.77,11.79,21.8,7.07,37.7,15.02,14.61,15.55,17.11,3.359838907,108.4996021,110.34959973,0.899757377,49.1,53.1,40.5,66.7,82.6,19.3,35.5,24.9,64.6,47.2,52.7,35.8,69.4,8.5,89.0,47.4,49.4,29.0,33.9,64.1,68.0,32.099999999999994,98.1,4.0,7.700000000000003,3.3,60.4,35.2,40.4,33.2,32.7,36.1,65.6,32.6,35.5,28.7,69.2,34.1,-4.0,-63.3,-39.6,-26.200000000000003,4.0,63.3,39.6,26.200000000000003,25.1848,21.9932,10.1885,30.293494901271018,13.666899999999998,44.9828,23.5972,28.40391698340213,1.3658060694749312,13.899999999999999,39.2,1.0703498431131053,32.6,63.5,0.0,0.0,0.010000000000005116,21.17,95.22890473790346,-3.9000000000000057,40.556599999999996,10.2483,87.68266443614823,0.5873533165636112,75.54304120425984,2.83891730360324,-0.10255999999999998,-0.10255999999999998,612.9300000000003,0.095504544892754,25.472,-612.9300000000003,10.469356546288672,32.039,53.465,41.050000000000004,1,65.16767754525812,-3.8000000000000007,-4.900000000000002,7.635678405781023
22,2015 Wichita St.,2015,Wichita St.,Region 1,7,Sweet 16,2,Gregg Marshall,2015 Gregg Marshall,Missouri Valley,MVC,2015 MVC,2015 Wichita St.,2015 Wichita St.,15.5,31.1,34.9,22.1,17.5,11.6,37.0,27.1,17.0,10.2,114.962,106.6935,21.6555,76.19,-1.75,1.74,30.39,19.36,20.81,19.52,17.81,22.5,31.77,26.77,17.13,9.29,15.04,24.2,21.34,18.86,17.89,17.7,4.421778834,114.0963619,108.30664464,0.92510532,50.7,54.8,35.4,63.2,84.8,21.6,34.8,27.0,60.9,48.9,57.5,35.9,65.6,11.1,90.1,56.5,55.3,35.3,29.7,62.2,69.2,31.900000000000006,86.2,7.1,16.299999999999997,4.2,61.8,32.2,46.0,29.8,36.5,33.1,66.0,39.8,35.3,34.7,64.7,30.4,-4.099999999999994,-63.199999999999996,-38.2,-27.800000000000004,4.099999999999994,63.199999999999996,38.2,27.800000000000004,26.0198,24.3306,12.2491,24.15236358343975,14.3926,45.93679999999999,19.668799999999997,23.177072003742552,1.132532203682891,16.9,39.300000000000004,1.118384263675537,39.8,66.0,0.0,0.0,0.009999999999990905,30.39,98.24342663119356,-5.799999999999997,42.9936,11.8368,82.88661768704479,0.7206540732898814,77.89504574731005,3.637918557989605,-1.0885,-1.0885,433.59999999999945,0.12319508107568174,38.454,-433.59999999999945,8.116385911179174,30.45,53.75000000000001,42.2,2,69.46733679919518,-5.100000000000001,-7.300000000000001,8.274875930811803
23,2015 Cincinnati,2015,Cincinnati,Region 1,8,Second Round,1,Mick Cronin,2015 Mick Cronin,American,Amer,2015 Amer,2015 Cincinnati,2015 Cincinnati,11.1,32.3,24.3,11.2,13.7,7.7,38.9,19.9,10.1,9.7,108.353,105.8955,14.2488,77.24,1.34,1.44,33.57,23.31,18.38,16.61,20.36,21.35,34.95,28.89,21.88,7.55,6.73,27.66,23.31,20.22,15.57,13.25,-1.162892063,106.3803175,107.52340159,0.833515063,50.4,55.5,37.8,74.6,78.7,20.3,37.3,31.7,59.4,50.5,58.0,33.3,67.1,15.6,92.0,53.1,45.7,30.6,33.4,60.2,67.4,35.099999999999994,93.9,6.8,16.700000000000003,6.0,63.3,34.7,49.6,38.1,36.1,35.5,68.7,28.5,32.9,29.8,68.1,33.3,-5.100000000000001,-58.400000000000006,-31.0,-36.8,5.100000000000001,58.400000000000006,31.0,36.8,28.350300000000004,22.6197,9.8042,28.390784889936857,19.8996,42.2568,22.677299999999995,24.385429392706346,1.3925707191033858,14.5,41.5,1.324284556019339,28.5,55.9,-0.009999999999990905,0.0,-0.009999999999990905,33.57,97.40073664281589,-7.799999999999997,39.6648,11.2665,83.79759418532541,0.6662400722701095,79.18692454141546,2.1454391812590963,0.8066800000000001,0.8066800000000001,-70.73999999999978,0.1695633743111488,16.128,70.73999999999978,5.897057880905071,19.727999999999998,52.965,44.805,2,66.57618517585408,-1.0999999999999996,-4.0,7.7319717837700015
24,2015 Purdue,2015,Purdue,Region 1,9,First Round,1,Matt Painter,2015 Matt Painter,Big 10,B10,2015 B10,2015 Purdue,2015 Purdue,11.1,34.2,22.6,12.0,13.8,7.9,40.0,18.2,10.2,7.9,110.824,103.1564,13.9802,78.14,3.52,1.2,34.08,28.63,18.83,19.26,17.79,15.49,39.76,22.14,12.58,13.88,11.65,30.57,17.48,16.55,18.99,16.41,0.901718951,110.144969,105.47370067,0.853030721,50.7,54.5,42.5,61.5,80.0,17.8,36.2,31.1,65.1,51.0,57.7,33.5,65.0,14.1,91.2,61.3,48.5,32.3,31.0,65.0,68.5,30.299999999999997,89.2,5.9,9.700000000000003,4.8,68.0,33.2,41.5,31.4,34.4,34.4,71.1,38.1,32.7,32.4,65.0,30.5,-3.799999999999997,-62.2,-32.69999999999999,-19.0,3.799999999999997,62.2,32.69999999999999,19.0,27.838800000000006,22.428399999999996,10.5948,27.420597489235476,13.496599999999999,46.9141,19.825,27.846169694711453,1.206752877997593,15.600000000000001,39.1,1.1868463329071177,38.1,63.800000000000004,1.4210854715202004e-14,-0.010000000000005116,1.4210854715202004e-14,34.08,94.9597222298766,-3.0,40.56,9.701,80.11191380923896,0.7457330202795586,79.96322251182175,2.424878756062197,2.2880000000000003,2.2880000000000003,1047.8000000000002,0.15460356794333394,14.399999999999999,-1047.8000000000002,6.467626409474506,16.56,53.895,41.695,2,67.15962289029731,-1.8000000000000007,-5.9,8.243194380626111
25,2015 Indiana,2015,Indiana,Region 1,10,First Round,1,Tom Crean,2015 Tom Crean,Big 10,B10,2015 B10,2015 Indiana,2015 Indiana,16.5,37.2,17.6,18.5,2.9,13.5,41.5,16.2,17.6,-1.4,119.285,94.522,13.8074,76.46,-1.27,0.98,31.95,18.6,17.43,21.56,19.11,23.3,29.59,32.39,19.09,12.02,6.91,27.36,22.95,18.71,17.39,13.59,-0.372987083,118.9236959,96.5693736,0.83274127,54.6,49.5,32.7,67.9,82.9,16.1,35.3,31.3,66.8,50.7,49.0,40.3,67.2,7.9,88.1,51.5,52.1,39.6,30.7,67.1,71.5,33.099999999999994,90.5,7.0,6.599999999999994,6.6,59.0,38.7,36.7,38.7,34.5,21.9,64.2,30.9,40.7,39.4,67.4,30.4,5.100000000000001,-66.80000000000001,-33.400000000000006,-35.2,-5.100000000000001,66.80000000000001,33.400000000000006,35.2,29.168000000000003,23.5913,16.035800000000002,25.136079646595647,14.6385,40.3274,20.4896,28.327533720157618,1.159869038856882,28.1,45.7,1.4900825630735832,30.9,54.699999999999996,0.0,0.0,-1.4210854715202004e-14,31.95,97.61879232321076,-0.9000000000000057,45.263400000000004,7.9695,86.58538606427958,0.6138186672387694,79.64106893986096,3.0466054616689093,-0.85217,-0.85217,90.5600000000004,0.08966981078534864,18.13,-90.5600000000004,11.150487280091125,2.842,54.53000000000001,40.27,4,69.0869059605364,-0.8999999999999986,-4.3,9.88032013372407
26,2015 Texas,2015,Texas,Region 1,11,First Round,1,Rick Barnes,2015 Rick Barnes,Big 12,B12,2015 B12,2015 Texas,2015 Texas,11.3,34.1,21.0,11.0,8.5,6.1,40.6,15.9,7.6,8.3,112.877,107.241,20.1184,77.44,3.53,1.63,40.39,21.56,18.61,20.24,16.01,23.58,24.21,31.19,22.87,16.04,5.69,31.87,24.97,19.55,11.03,12.58,0.77376868,110.6126196,108.61303194,0.899863597,49.4,57.8,36.9,65.8,80.0,14.2,38.0,29.0,63.1,48.6,62.2,33.9,65.2,20.2,91.4,55.6,49.9,34.0,30.9,62.9,72.4,33.900000000000006,82.8,9.6,23.099999999999994,4.9,63.2,30.0,49.3,27.5,35.7,36.0,70.9,41.7,33.9,34.1,65.4,30.8,-8.399999999999999,-65.8,-33.0,-28.9,8.399999999999999,65.8,33.0,28.9,26.9088,24.411900000000003,11.5599,23.47296317042226,14.6894,49.70850000000001,20.1432,21.440984896532473,1.1612562681446292,14.0,39.6,1.0519138988993864,41.7,67.6,0.0,0.0,0.0,40.39,97.1207726730944,-5.100000000000001,39.52,8.2076,83.70719471920388,0.648011095441778,78.36541730051898,2.494875256237188,2.22037,2.22037,440.9399999999996,0.22100414656294787,17.93,-440.9399999999996,4.524528488688679,13.854999999999999,52.895,42.339999999999996,1,69.66296902910194,-3.4000000000000004,-0.1999999999999993,8.025447119598663
27,2015 Buffalo,2015,Buffalo,Region 1,12,First Round,1,Bobby Hurley,2015 Bobby Hurley,MAC,MAC,2015 MAC,2015 Buffalo,2015 Buffalo,11.9,33.7,15.6,10.9,5.6,9.0,39.6,12.7,9.9,2.9,111.344,100.9955,12.339,76.88,-0.28,1.74,28.49,15.61,27.64,18.42,15.61,22.73,27.65,36.12,21.68,9.17,5.38,21.57,32.14,20.43,12.93,12.93,-0.965405658,108.8266184,102.44532985,0.778585915,48.6,51.5,42.3,66.2,83.6,19.8,34.7,30.4,68.9,47.6,52.1,34.0,67.0,11.3,91.8,51.5,50.7,30.2,38.1,69.2,72.2,33.8,86.3,7.6,8.299999999999997,4.1,60.6,41.1,43.2,38.9,29.0,28.5,66.9,23.1,34.2,30.4,67.1,38.0,-2.8999999999999986,-63.8,-34.900000000000006,-23.900000000000006,2.8999999999999986,63.8,34.900000000000006,23.900000000000006,31.465400000000002,18.6618,10.3968,26.427179821792055,17.1451,40.9519,25.497999999999998,27.752402298419746,1.6019209894411368,21.5,48.7,1.1315491697586906,23.1,57.0,-0.010000000000005116,1.4210854715202004e-14,0.0,28.49,94.83126998190077,1.2000000000000028,40.629599999999996,10.197000000000001,84.44407457543011,0.6421366317128214,79.35697984104767,3.0912749222608364,-0.19376000000000002,-0.19376000000000002,816.5,0.12309234104203659,18.966,-816.5,8.123174940270772,9.744,53.625,41.56,2,66.52803613300725,-1.0,-2.6999999999999997,8.52454045437218
28,2015 Valparaiso,2015,Valparaiso,Region 1,13,First Round,1,Bryce Drew,2015 Bryce Drew,Horizon,Horz,2015 Horz,2015 Valparaiso,2015 Valparaiso,9.4,34.3,15.0,6.5,15.2,7.2,39.6,14.3,8.7,5.7,106.629,104.3406,10.9697,77.69,2.35,1.42,34.52,21.06,23.16,15.9,21.71,18.16,32.35,19.5,22.92,12.74,12.5,25.09,21.07,20.0,19.24,14.61,0.395851668,105.0346196,105.7093399,0.775727673,51.4,55.1,36.7,67.3,80.9,18.6,35.0,27.6,63.2,48.5,57.9,38.1,67.0,12.9,90.8,51.4,44.4,33.4,36.9,63.2,68.7,30.099999999999994,85.0,5.7,0.0,2.5,59.0,37.1,44.5,28.2,34.0,28.6,68.3,34.6,38.8,34.2,66.6,37.2,-3.700000000000003,-62.300000000000004,-37.4,-30.599999999999994,3.700000000000003,62.300000000000004,37.4,30.599999999999994,26.733999999999998,22.9936,13.2696,23.21551205552012,12.549,48.407,24.775199999999998,31.804664228170473,1.251425396918219,21.4,42.800000000000004,0.8252466331550227,34.6,69.3,0.010000000000005116,-0.010000000000005116,-0.009999999999990905,34.52,97.07472736313348,-4.799999999999997,41.5826,10.248600000000001,86.29998964808173,0.6314418741784498,76.82401757681782,2.3244856290246587,1.4852,1.4852,495.56000000000085,0.14206891994581558,9.23,-495.56000000000085,7.038214091930858,21.584,53.290000000000006,42.30500000000001,2,70.0121957976215,2.1999999999999993,-9.5,7.7192222469274
29,2015 Northeastern,2015,Northeastern,Region 1,14,First Round,1,Bill Coen,2015 Bill Coen,CAA,CAA,2015 CAA,2015 Northeastern,2015 Northeastern,10.5,35.0,9.1,7.6,2.7,8.0,40.5,9.8,8.0,1.8,107.892,96.929,4.82045,77.79,-0.13,1.81,21.14,23.49,21.12,21.02,16.2,18.17,26.92,27.81,6.44,27.92,10.91,24.8,22.42,15.28,22.36,15.15,-4.245065608,106.6342515,99.0984937,0.653733033,54.6,50.4,42.2,75.3,78.6,15.6,29.6,25.6,63.5,52.9,51.3,38.8,65.6,9.6,90.1,59.8,50.7,30.8,29.1,63.7,72.4,31.299999999999997,88.6,5.8,4.400000000000006,3.2,59.3,47.8,41.5,43.2,38.9,21.7,65.5,28.1,38.6,30.5,65.6,28.7,4.200000000000003,-62.99999999999999,-44.8,-33.099999999999994,-4.200000000000003,62.99999999999999,44.8,33.099999999999994,33.484199999999994,20.2143,11.773,23.581984649303795,18.0688,37.2327,18.827199999999998,28.884655672750075,1.7573194321497654,28.3,53.599999999999994,1.6166684087662453,28.1,53.599999999999994,0.0,0.0,-0.010000000000005116,21.14,97.15993838095017,-4.299999999999997,42.9156,7.8624,79.32894020580807,0.7085224108719089,77.0349256409121,2.36904817531891,-0.08281000000000001,-0.08281000000000001,698.3900000000008,0.10654709714653555,13.756,-698.3900000000008,9.384439120924904,4.8870000000000005,53.74,40.475,2,70.49780543943545,0.40000000000000036,-0.9000000000000001,8.63091922005571
30,2015 New Mexico St.,2015,New Mexico St.,Region 1,15,First Round,1,Marvin Menzies,2015 Marvin Menzies,WAC,WAC,2015 WAC,2015 New Mexico St.,2015 New Mexico St.,11.8,33.3,16.6,10.0,8.2,7.8,39.5,15.7,8.5,7.1,106.825,100.1803,7.0055,77.5,2.99,1.62,31.44,17.64,24.36,19.57,21.38,17.04,31.89,30.36,18.5,15.97,3.28,24.31,24.59,20.27,16.1,14.74,-4.257582215,104.3652718,101.91246168,0.67115673,51.0,54.1,44.8,67.5,78.1,20.5,39.5,30.7,62.8,49.7,53.6,36.3,70.5,9.1,94.3,49.9,50.4,25.3,23.5,64.2,70.7,30.599999999999994,97.8,7.3,13.200000000000003,6.0,60.5,41.7,40.4,39.4,35.2,32.9,67.5,37.1,36.2,25.4,69.2,23.5,-3.1000000000000014,-57.599999999999994,-29.799999999999997,-22.700000000000003,3.1000000000000014,57.599999999999994,29.799999999999997,22.700000000000003,32.367900000000006,20.775600000000004,9.1948,29.348750683234652,16.709600000000002,41.304500000000004,16.262,26.443445942867076,1.9290579111058619,17.1,49.0,1.9318326879707244,37.1,54.6,0.009999999999990905,0.0,-0.010000000000005116,31.44,97.02384140207549,-3.799999999999997,39.830999999999996,11.0905,87.86363267379441,0.627665060816845,78.39972508344107,2.3012647824300254,1.9195800000000003,1.9195800000000003,1101.8600000000006,0.09649950689812409,16.200000000000003,-1101.8600000000006,10.361498736402593,13.283999999999999,54.544999999999995,43.03,2,66.17823681179992,-1.5,-1.0999999999999996,8.163167677001596
31,2015 Hampton,2015,Hampton,Region 1,16,First Round,1,Edward Joyner Jr.,2015 Edward Joyner Jr.,MEAC,MEAC,2015 MEAC,2015 Hampton,2015 Hampton,4.9,40.8,-9.1,-0.8,-7.2,3.9,43.4,-1.9,1.1,-3.2,96.0398,95.449,-8.51136,75.85,-0.91,1.99,35.2,16.53,24.44,18.17,23.29,17.57,35.97,28.86,14.5,10.34,10.33,25.23,31.89,18.43,11.65,12.81,-12.34516406,94.12184758,97.0703682,0.263329074,45.8,53.5,43.4,54.1,79.5,20.1,32.8,30.9,69.2,45.9,55.7,30.4,65.6,10.8,89.9,46.5,55.0,33.3,30.3,69.3,65.2,31.299999999999997,85.3,5.7,8.0,3.7,52.5,35.5,45.5,36.1,37.5,32.0,66.3,33.7,30.6,32.6,66.1,30.2,-7.700000000000003,-59.4,-36.300000000000004,-10.700000000000003,7.700000000000003,59.4,36.300000000000004,10.700000000000003,23.4996,21.9756,9.9756,24.332745426687882,16.7215,42.3053,19.9622,27.443563301194445,1.2637649151866508,18.0,41.2,1.3178371577100096,33.7,60.199999999999996,0.0,0.0,-0.010000000000019327,35.2,96.40026389856145,1.2999999999999972,36.411,10.7535,84.10443196439189,0.5819701881077833,80.21835445037539,2.6827959611726255,-0.63063,-0.63063,1136.35,0.12013214535989587,-1.592,-1136.35,8.323303397833534,-14.328,51.265,40.720000000000006,1,67.90245599009513,1.9000000000000001,4.0,7.561791513881612
32,2015 Duke,2015,Duke,Region 3,1,Champion,3,Mike Krzyzewski,2015 Mike Krzyzewski,ACC,ACC,2015 ACC,2015 Duke,2015 Duke,19.9,31.0,38.2,26.2,12.6,15.1,37.5,25.8,19.4,6.3,124.253,105.0547,29.3074,77.55,3.02,1.06,25.45,24.53,17.99,17.39,21.77,18.31,44.73,30.03,13.39,6.44,5.41,26.36,28.28,17.03,13.69,14.65,10.55692186,124.5976034,106.9391932,0.966304573,56.9,52.6,40.2,75.1,83.2,18.7,37.4,30.1,66.6,56.3,52.9,38.6,68.0,8.9,91.6,54.2,52.4,34.5,27.7,66.8,69.1,30.400000000000006,95.4,8.9,3.4000000000000057,5.3,69.5,40.6,41.5,36.0,34.4,26.0,65.8,36.2,38.6,33.4,68.6,27.8,4.299999999999997,-64.5,-32.5,-34.89999999999999,-4.299999999999997,64.5,32.5,34.89999999999999,36.7076,21.836399999999998,12.8924,28.610181754053926,15.1202,42.8904,19.0708,30.178841926091195,1.4819915571390079,24.0,49.5,1.485558073450595,36.2,58.7,0.010000000000005116,1.4210854715202004e-14,-0.010000000000005116,25.45,96.94377356859803,-1.2000000000000028,47.3408,9.8362,84.32488280539167,0.6666584666855266,78.99529642877172,3.118861972501637,2.01736,2.01736,494.77999999999975,0.09716051134812939,27.772000000000002,-494.77999999999975,10.290978541736884,13.356,57.07000000000001,43.0,4,67.52023849332393,-6.800000000000001,-6.3,9.327344922740984
33,2015 Gonzaga,2015,Gonzaga,Region 3,2,Elite Eight,2,Mark Few,2015 Mark Few,WCC,WCC,2015 WCC,2015 Gonzaga,2015 Gonzaga,17.3,31.6,34.7,23.8,18.8,12.7,38.4,26.1,19.3,6.7,121.92,107.0042,28.9239,78.25,5.72,2.13,29.42,24.52,25.8,16.89,16.14,16.65,33.37,31.73,22.57,7.56,4.77,27.44,30.49,18.63,11.92,11.52,7.872621778,120.3739219,107.13340962,0.951825325,58.4,56.4,39.1,68.4,83.7,17.6,33.9,28.6,65.0,57.1,58.6,40.8,67.7,8.3,93.9,57.5,55.1,32.1,30.5,65.1,68.9,33.900000000000006,90.4,3.9,2.9000000000000057,2.4,69.6,33.2,46.2,28.8,44.9,34.4,67.1,40.9,40.1,32.3,67.3,30.4,2.0,-66.1,-37.5,-29.300000000000004,-2.0,66.1,37.5,29.300000000000004,26.6328,28.3979,12.952300000000001,23.33873746942338,13.375200000000001,47.903099999999995,20.4592,30.312195015647852,1.1485712516640354,15.600000000000001,37.1,1.026282030196375,40.9,68.8,0.0,1.4210854715202004e-14,0.0,29.42,95.26015295605438,-2.9000000000000057,48.8808,9.926400000000001,82.16897181154384,0.6978070654482348,78.30602050855434,3.380160726335808,3.7237199999999997,3.7237199999999997,375.22999999999956,0.08839096495244991,50.693999999999996,-375.22999999999956,11.31189013371883,40.044,56.93,42.94,2,72.40949296259535,-4.5,-12.100000000000001,8.893838804095502
34,2015 Iowa St.,2015,Iowa St.,Region 3,3,First Round,1,Fred Hoiberg,2015 Fred Hoiberg,Big 12,B12,2015 B12,2015 Iowa St.,2015 Iowa St.,17.3,32.6,27.7,19.2,11.8,12.2,38.6,20.2,13.6,6.7,120.166,102.865,23.031,77.51,-0.29,1.99,29.57,22.5,21.92,20.09,17.86,17.63,35.81,24.68,25.58,4.63,9.29,25.53,22.16,22.01,17.11,13.19,6.791736695,118.0870813,103.28594102,0.908556088,54.7,52.1,37.4,75.7,84.2,18.5,28.5,29.2,69.9,54.7,54.6,36.6,64.8,9.4,91.0,58.3,43.8,36.8,34.6,69.9,69.6,26.799999999999997,88.6,8.4,11.299999999999997,3.9,67.2,33.3,37.0,26.5,39.9,29.8,66.8,39.1,36.2,36.8,65.3,34.4,2.6000000000000014,-65.7,-42.3,-38.300000000000004,-2.6000000000000014,65.7,42.3,38.300000000000004,29.819999999999997,25.2118,13.3216,24.65662520838297,10.2457,48.581999999999994,22.463199999999997,26.37536729602073,1.133121382571126,20.2,41.699999999999996,0.8836952414174007,39.1,69.6,0.0,0.010000000000019327,0.0,29.57,97.75606372639507,1.9000000000000057,46.05740000000001,9.6385,78.24718655182319,0.7153286462742787,78.46836385105945,2.7719764571862546,-0.20271,-0.20271,574.2799999999997,0.10329556818056944,38.208,-574.2799999999997,9.67982129560685,23.482000000000003,54.24000000000001,42.660000000000004,2,70.1611498530951,-5.6,-5.1000000000000005,9.181799622810258
35,2015 Georgetown,2015,Georgetown,Region 3,4,Second Round,1,John Thompson,2015 John Thompson,Big East,BE,2015 BE,2015 Georgetown,2015 Georgetown,12.8,34.1,23.2,15.1,9.8,10.6,39.4,20.9,14.0,7.0,113.166,106.403,19.5694,78.25,2.53,1.64,36.08,23.02,15.91,18.9,19.79,22.39,43.86,22.49,14.7,11.33,7.62,28.07,25.91,15.02,15.39,15.6,3.601697834,111.4826319,106.81704371,0.887154123,50.9,53.4,44.1,56.1,80.8,20.6,34.3,31.3,64.7,50.4,57.3,34.7,64.1,14.5,89.7,54.4,46.5,31.6,35.1,64.7,70.2,29.299999999999997,88.1,7.2,15.900000000000006,6.3,61.1,39.3,46.2,34.3,36.7,28.0,68.4,30.2,35.3,32.7,63.8,35.5,-2.5,-60.199999999999996,-34.400000000000006,-12.0,2.5,60.199999999999996,34.400000000000006,12.0,30.3555,21.8191,11.543099999999999,24.869258131275245,16.8483,43.305800000000005,22.649,23.791647694096344,1.4219748631540319,22.0,46.5,1.143629756908256,30.2,59.400000000000006,-0.010000000000005116,0.0,0.010000000000005116,36.08,97.13579504923268,-3.299999999999997,41.127199999999995,11.0004,82.74308979543837,0.6851299102026421,80.07969096463344,2.421748867246497,1.63691,1.63691,1452.0900000000004,0.1616481421611799,24.764,-1452.0900000000004,6.185780291014413,16.072,54.035000000000004,41.184999999999995,2,68.97944610512175,-1.0999999999999996,-2.8000000000000007,8.135502424720872
36,2015 Utah,2015,Utah,Region 3,5,Sweet 16,2,Larry Krystowiak,2015 Larry Krystowiak,Pac 12,P12,2015 P12,2015 Utah,2015 Utah,16.2,30.7,39.3,23.2,17.8,12.0,37.0,29.5,16.4,13.0,116.433,110.4701,26.9035,77.75,3.58,1.55,37.35,20.26,18.88,21.48,22.17,17.21,44.6,29.01,9.73,13.17,3.48,27.25,22.36,19.84,18.23,12.32,3.654636784,115.1209162,111.13513784,0.9515224,55.6,57.3,42.8,65.5,82.2,18.3,31.3,28.1,62.7,52.8,59.1,40.2,68.4,13.5,89.6,57.7,56.2,37.8,28.3,61.5,70.2,32.7,90.3,5.8,14.799999999999997,4.3,64.7,34.1,48.3,31.5,37.5,28.5,67.0,39.2,40.0,37.4,68.8,29.3,-1.6999999999999957,-63.900000000000006,-40.599999999999994,-22.700000000000003,1.6999999999999957,63.900000000000006,40.599999999999994,22.700000000000003,27.3001,25.6475,14.96,24.714149118807768,15.850899999999998,46.422399999999996,20.1584,25.060377092134907,1.0668163952835485,21.5,39.9,1.2218013037097708,39.2,64.2,0.0,0.009999999999990905,0.0,37.35,97.99966252847176,-6.5,45.7032,10.485899999999999,81.4093407430271,0.706233705829794,77.88129507750162,3.15712600415707,2.2017,2.2017,862.7099999999996,0.15066796129507484,35.96,-862.7099999999996,6.636545441078439,27.590000000000003,55.470000000000006,42.94,2,70.1664598848522,-6.800000000000001,-4.800000000000001,8.039679608512994
37,2015 SMU,2015,SMU,Region 3,6,First Round,1,Larry Brown,2015 Larry Brown,American,Amer,2015 Amer,2015 SMU,2015 SMU,13.4,33.4,26.2,16.8,11.7,8.1,40.4,20.4,12.8,7.6,113.524,104.5133,18.0372,77.38,3.23,1.99,32.94,25.34,23.12,14.89,14.29,22.35,33.12,35.53,17.93,9.33,4.09,27.59,23.9,21.48,16.78,10.25,3.296193748,111.1893555,105.50291823,0.866534111,52.4,54.5,44.1,68.8,80.3,20.0,36.9,29.3,63.0,51.9,56.9,36.0,67.8,14.0,91.2,63.1,38.4,22.9,45.7,63.7,70.5,32.0,86.8,9.9,6.099999999999994,5.1,63.6,38.9,45.2,25.6,39.0,38.0,67.6,28.7,36.4,23.1,67.4,45.7,-2.1000000000000014,-60.3,-33.8,-24.699999999999996,2.1000000000000014,60.3,33.8,24.699999999999996,33.333600000000004,23.2284,8.4084,23.65551380404436,11.8823,50.203,30.801800000000004,28.958864503521774,2.112462663953941,12.0,48.8,0.6717577295901622,28.7,69.3,0.009999999999990905,-1.4210854715202004e-14,0.0,32.94,94.93816535236482,-4.299999999999997,42.0772,10.9,80.67908099464779,0.7887401407482406,76.09780908254238,1.9491396375818482,2.05751,2.05751,907.4500000000003,0.15350708873806207,33.432,-907.4500000000003,6.513820441397043,23.282999999999998,55.03,42.980000000000004,1,70.4699247530479,-4.0,-4.1,8.362054283480823
38,2015 Iowa,2015,Iowa,Region 3,7,Second Round,1,Fran McCaffery,2015 Fran McCaffery,Big 10,B10,2015 B10,2015 Iowa,2015 Iowa,12.4,33.0,25.9,15.0,16.1,10.1,38.2,24.2,15.6,8.6,113.359,104.8915,18.251,78.95,4.77,2.11,36.63,21.71,26.94,21.36,14.36,15.62,39.88,23.59,21.86,8.96,5.7,25.43,27.2,22.98,13.07,11.32,1.973414328,113.0960686,107.37253587,0.908544991,47.8,54.9,39.6,70.8,82.6,19.3,35.8,30.5,64.4,46.9,56.9,33.2,67.6,13.2,90.7,60.7,46.4,30.7,36.5,64.6,74.5,29.700000000000003,84.7,8.9,15.0,5.0,63.8,29.0,39.2,26.7,35.7,40.8,68.8,36.8,33.3,30.2,67.5,36.5,-7.100000000000001,-63.3,-33.7,-31.199999999999996,7.100000000000001,63.3,33.7,31.199999999999996,26.0403,24.6222,10.056599999999998,24.504064288739258,11.2164,49.9559,24.6375,25.682468079736157,1.2549253335982251,9.200000000000003,37.9,0.8684693570039177,36.8,68.3,0.009999999999990905,0.010000000000005116,0.0,36.63,94.9026654023892,-3.4000000000000057,39.4828,10.5957,80.26972357510583,0.7521592049664811,78.6182996650069,2.666513418769035,3.0814199999999996,3.0814199999999996,847.44,0.1455331253238663,31.65,-847.44,6.870691614271647,33.971000000000004,52.86999999999999,43.504999999999995,2,68.93503509449168,0.5999999999999996,-7.500000000000002,8.307159711132826
39,2015 San Diego St.,2015,San Diego St.,Region 3,8,Second Round,1,Steve Fischer,2015 Steve Fischer,Mountain West,MWC,2015 MWC,2015 San Diego St.,2015 San Diego St.,7.5,31.1,22.3,5.6,17.3,5.6,37.7,16.9,4.8,12.3,104.401,111.8171,16.2186,78.64,2.29,1.82,36.68,15.2,25.03,21.48,15.79,22.5,30.0,28.55,22.64,9.97,8.85,24.82,24.43,17.61,16.87,16.26,1.511447736,102.4728199,113.12057401,0.869707831,46.7,57.3,36.2,73.3,81.4,21.5,35.9,30.2,60.3,46.1,58.8,32.1,69.4,14.3,89.4,47.1,53.4,30.5,32.3,61.2,63.0,30.400000000000006,84.3,5.4,12.299999999999997,4.7,62.1,30.3,42.5,30.9,33.5,39.1,70.2,37.1,32.0,30.6,69.4,32.0,-10.599999999999994,-59.900000000000006,-33.900000000000006,-37.099999999999994,10.599999999999994,59.900000000000006,33.900000000000006,37.099999999999994,23.3685,22.890500000000003,9.792,25.058248808193547,13.7106,48.2522,22.208000000000002,27.411068324066957,1.1666285415509297,10.899999999999999,35.7,1.112465235461392,37.1,64.4,0.0,-0.009999999999990905,0.009999999999990905,36.68,95.68417447062558,-6.799999999999997,38.0138,12.3195,86.20100260850805,0.5999923567852639,78.68908695869253,2.8708133971291874,1.40148,1.40148,52.2800000000002,0.1599534680820125,10.192,-52.2800000000002,6.2513110971260755,31.486,51.64,45.33,2,67.88813989894852,-0.7999999999999998,-5.0,6.8366816284662315
40,2015 St. John's,2015,St. John's,Region 3,9,First Round,1,Steve Lavin,2015 Steve Lavin,Big East,BE,2015 BE,2015 St. John's,2015 St. John's,12.8,32.6,14.3,7.9,6.0,10.4,37.2,17.8,10.8,7.0,110.125,104.1982,14.3233,76.98,-0.58,2.36,21.64,11.46,22.48,25.58,20.61,19.87,37.71,23.46,16.85,14.64,7.34,25.9,26.31,17.21,16.23,14.35,2.216043525,109.6366269,106.20666948,0.857526271,49.3,53.9,36.2,67.4,84.3,19.5,27.8,35.4,67.4,47.9,55.2,35.1,67.6,17.2,91.5,49.3,43.2,30.5,35.4,66.9,69.1,34.7,89.0,5.8,17.5,6.6,62.8,28.6,42.0,31.7,38.5,40.8,67.5,32.6,34.5,30.6,67.4,35.6,-4.600000000000001,-64.8,-36.8,-31.200000000000003,4.600000000000001,64.8,36.8,31.200000000000003,23.122799999999998,26.265,10.557,25.18981275568889,14.468999999999998,45.99940000000001,23.994400000000006,23.954261972907176,1.1241462697297473,9.200000000000003,34.4,1.0758124771776074,32.6,61.7,0.0,-1.4210854715202004e-14,1.4210854715202004e-14,21.64,94.74149736141551,-1.0999999999999943,41.5599,10.5105,81.69461614149401,0.6124147526117687,80.49130142323777,2.7514171071906244,-0.38802,-0.38802,162.63999999999987,0.18797608769303065,18.644,-162.63999999999987,5.319458171036567,14.16,51.785000000000004,43.625,2,69.05079098877997,2.9000000000000004,1.0,8.068699183870894
41,2015 Davidson,2015,Davidson,Region 3,10,First Round,1,Bob McKillop,2015 Bob McKillop,Atlantic 10,A10,2015 A10,2015 Davidson,2015 Davidson,20.2,35.4,27.8,26.8,6.8,13.9,41.1,22.0,20.6,1.3,120.481,96.338,16.8188,75.91,-0.36,1.32,28.03,14.07,15.68,25.64,21.76,22.86,20.13,27.74,29.39,16.35,6.4,20.08,21.59,24.72,18.38,15.23,1.820191226,119.3178414,97.6326145,0.853467615,56.0,50.9,29.0,64.6,85.7,17.3,29.8,30.1,67.3,53.5,48.7,39.3,70.2,7.5,87.8,60.9,49.6,45.7,33.1,67.3,70.2,36.3,85.3,3.4,13.099999999999994,5.1,62.4,32.4,39.5,37.0,39.4,22.0,59.6,30.3,38.6,45.6,70.0,32.7,5.100000000000001,-68.4,-40.099999999999994,-35.599999999999994,-5.100000000000001,68.4,40.099999999999994,35.599999999999994,23.117799999999995,26.2696,17.6016,22.188942441375314,15.2831,40.948800000000006,22.89,25.06531467985192,0.7850705028398499,28.0,35.8,1.2874224029846182,30.3,57.9,-0.010000000000005116,-0.009999999999990905,0.0,28.03,95.07775254583844,-0.7000000000000028,47.992,8.8057,79.13088121882117,0.7363877099430478,77.77305909287794,3.4682889308439977,-0.24227999999999997,-0.24227999999999997,-309.1799999999994,0.08542043940274029,35.376000000000005,309.1799999999994,11.70510598586855,8.976,54.135000000000005,40.394999999999996,4,71.77515908261074,-6.199999999999999,-5.5,9.994057442987783
42,2015 UCLA,2015,UCLA,Region 3,11,Sweet 16,2,Steve Alford,2015 Steve Alford,Pac 12,P12,2015 P12,2015 UCLA,2015 UCLA,15.3,32.1,19.6,14.3,7.9,10.9,38.3,16.7,12.0,4.6,112.266,101.8685,14.1346,78.28,3.7,1.19,20.99,14.98,22.51,17.56,21.89,23.06,31.48,42.86,13.78,9.12,2.75,24.69,29.0,17.06,15.46,13.8,-0.049037814,110.1301362,103.06168916,0.812640721,49.4,51.3,36.3,67.3,82.5,18.5,33.8,28.1,67.5,47.2,54.3,36.3,64.5,10.8,92.0,54.1,41.6,29.3,39.1,66.9,67.6,30.0,93.8,6.4,13.900000000000006,5.7,60.7,35.9,43.0,31.9,33.9,35.2,67.1,29.6,36.8,28.9,64.4,38.5,-1.8999999999999986,-64.0,-38.1,-31.0,1.8999999999999986,64.0,38.1,31.0,27.7945,22.567999999999998,10.635199999999998,27.73457529270399,14.509300000000001,44.6556,24.794,24.61936906854709,1.4636171758762673,14.799999999999997,42.3,0.9765980104412874,29.6,62.4,0.0,0.009999999999990905,-0.010000000000005116,20.99,96.45071133887366,-1.0999999999999943,40.754999999999995,9.490499999999999,83.9043503214456,0.6637955362510889,77.5339647059054,2.377007028169819,2.4753000000000003,2.4753000000000003,434.87999999999965,0.11739002836925685,17.017,-434.87999999999965,8.517729839829645,9.401,52.59,40.86,0,66.99662589789884,-2.3000000000000007,-3.3000000000000007,8.520570435704505
43,2015 Stephen F. Austin,2015,Stephen F. Austin,Region 3,12,First Round,1,Brad Underwood,2015 Brad Underwood,Southland,Slnd,2015 Slnd,2015 Stephen F. Austin,2015 Stephen F. Austin,10.4,36.6,18.2,12.2,9.1,10.6,41.0,20.2,16.7,3.5,114.494,99.516,14.0106,75.27,-3.22,1.78,38.56,19.0,23.91,24.94,20.13,12.02,31.38,28.38,28.54,8.6,3.09,24.12,25.14,24.36,14.54,11.83,1.476808371,111.5855216,101.05144615,0.799343997,56.2,51.2,42.4,51.0,79.7,24.4,37.7,29.9,67.9,55.6,51.8,38.1,66.4,9.4,90.2,65.0,52.4,36.2,27.8,66.5,73.2,30.400000000000006,96.4,5.1,15.900000000000006,4.0,64.7,39.6,44.9,46.6,40.0,23.8,64.0,25.4,37.3,36.6,66.3,27.9,5.0,-55.300000000000004,-32.400000000000006,-8.600000000000001,-5.0,55.300000000000004,32.400000000000006,8.600000000000001,30.5376,23.171799999999998,13.651799999999998,27.457239482511714,21.5594,34.753699999999995,18.4977,23.31456983662076,1.2212781071555423,26.2,44.7,1.8135550697107632,25.4,49.4,1.4210854715202004e-14,0.010000000000005116,0.010000000000005116,38.56,94.89145323991255,-1.5,44.7914,12.4928,80.77876989209764,0.8597769870768905,79.3350338025965,2.581153637751835,-2.1413,-2.1413,1553.2799999999995,0.10421170497001142,21.715999999999998,-1553.2799999999995,9.594723965535582,16.198,56.305,40.21,4,68.46106738923048,4.5,-5.6,9.00496900027131
44,2015 Eastern Washington,2015,Eastern Washington,Region 3,13,First Round,1,Jim Hayford,2015 Jim Hayford,Big Sky,BSky,2015 BSky,2015 Eastern Washington,2015 Eastern Washington,13.8,38.5,7.3,12.0,-3.8,11.1,41.9,11.6,12.4,-0.8,112.165,90.803,2.96737,77.28,-1.43,1.9,25.49,22.38,20.7,17.95,19.98,18.99,33.72,23.44,16.52,13.67,12.65,26.69,21.27,15.75,17.93,18.35,-2.289163156,110.8364675,92.4921744,0.586777714,55.4,48.0,35.6,64.9,84.1,17.7,29.3,30.6,68.4,52.3,51.0,39.6,61.6,12.3,88.3,46.5,42.3,43.2,35.0,68.6,71.4,28.299999999999997,95.1,5.7,9.099999999999994,4.6,59.6,38.0,41.6,39.0,37.1,18.7,64.9,25.7,39.3,43.3,61.3,35.3,7.399999999999999,-66.39999999999999,-40.099999999999994,-29.300000000000004,-7.399999999999999,66.39999999999999,40.099999999999994,29.300000000000004,28.068700000000003,23.9546,17.0169,26.865513829691274,16.6426,38.318200000000004,21.6389,25.558217856493833,1.0092145677928919,31.3,43.7,1.2350924902977254,25.7,56.4,0.0,0.0,0.009999999999990905,25.49,98.31347991414273,0.5999999999999943,46.5914,8.495999999999999,83.03824661181969,0.5649992102161577,80.28680430513452,2.660210049682409,-0.9809799999999999,-0.9809799999999999,705.1700000000001,0.13929627071041098,22.799999999999997,-705.1700000000001,7.178278188765141,-7.22,54.385000000000005,39.480000000000004,3,68.25964870648714,0.40000000000000036,3.0,9.852429408396105
45,2015 UAB,2015,UAB,Region 3,14,Second Round,1,Jerod Haase,2015 Jerod Haase,Conference USA,CUSA,2015 CUSA,2015 UAB,2015 UAB,6.3,36.9,6.0,1.5,-0.2,5.4,41.8,8.7,6.1,2.6,104.585,98.242,2.82779,76.72,1.21,0.84,37.36,18.86,23.17,24.71,17.6,15.67,27.89,37.69,16.64,13.98,3.81,29.05,25.59,15.47,16.29,13.6,-7.236795064,101.8451155,99.5948095,0.540846696,47.8,52.8,37.2,65.9,79.6,19.8,34.0,33.1,65.5,46.9,53.0,33.2,68.2,13.5,90.0,59.7,50.8,29.9,32.2,65.4,73.9,31.599999999999994,85.0,5.8,10.099999999999994,5.8,54.3,38.4,43.4,41.1,37.4,31.5,66.1,27.1,33.5,30.1,67.9,31.8,-5.0,-59.8,-32.900000000000006,-28.700000000000003,5.0,59.8,32.900000000000006,28.700000000000003,25.7812,21.8645,10.0835,23.44134524012363,18.423199999999998,39.505300000000005,21.592200000000002,26.932802181231228,1.4683897544932059,18.5,44.199999999999996,1.4747963900506271,27.1,53.1,-0.010000000000005116,-0.010000000000005116,0.0,37.36,96.19075204272549,-2.5999999999999943,38.04879999999999,10.4544,80.0282953385469,0.7443797458884552,80.46351845658859,2.4900740159796078,0.79134,0.79134,666.6400000000008,0.14999833335185164,1.26,-666.6400000000008,6.6661728760832535,-0.168,51.39999999999999,42.574999999999996,1,69.15301775981155,4.6,2.8000000000000003,8.145542176032896
46,2015 North Dakota St.,2015,North Dakota St.,Region 3,15,First Round,1,Dave Richman,2015 Dave Richman,Summit,Sum,2015 Sum,2015 North Dakota St.,2015 North Dakota St.,7.2,35.3,2.0,-0.4,4.0,7.0,41.0,5.3,5.0,0.4,102.68,97.921,0.601364,76.64,-2.69,1.33,24.7,15.71,21.62,16.99,22.01,23.67,34.27,28.33,15.9,11.28,10.23,16.94,22.15,22.43,19.64,18.83,-3.693055192,100.5031379,99.1408796,0.489836131,49.2,52.2,36.2,70.0,84.1,16.6,26.5,23.4,61.4,45.1,55.6,37.8,63.6,10.6,92.6,42.9,49.4,35.4,33.0,61.2,69.4,25.299999999999997,96.9,3.1,19.5,3.8,56.5,29.1,46.0,29.1,36.5,35.3,61.9,37.8,38.3,35.6,63.8,33.1,-3.0,-67.5,-50.1,-33.8,3.0,67.5,50.1,33.8,19.445400000000003,26.519299999999998,13.6348,28.060589207403805,14.127,44.516,21.117800000000003,20.485279267480507,0.9044689755905734,14.700000000000003,32.2,0.9939276759010301,37.8,67.1,0.0,-0.010000000000005116,0.010000000000005116,24.7,96.55044930461952,-6.799999999999997,41.3772,8.6652,84.1192446102793,0.5143823215548974,76.10809064297769,3.1067228476196456,-1.6462800000000002,-1.6462800000000002,741.2800000000004,0.11446960615976069,-0.532,-741.2800000000004,8.735024997641732,5.32,51.434999999999995,40.21,1,67.03082451083779,5.4,-3.6,7.985896938379526
47,2015 Robert Morris,2015,Robert Morris,Region 3,16,First Round,1,Andrew Toole,2015 Andrew Toole,NEC,NEC,2015 NEC,2015 Robert Morris,2015 Robert Morris,6.3,38.5,4.7,3.5,-0.3,6.7,42.5,10.9,8.7,2.1,102.327,96.131,-1.54229,76.89,-0.79,1.49,33.54,13.4,24.58,21.57,24.78,15.66,25.69,23.68,24.48,18.63,7.53,19.77,28.05,22.16,16.69,13.33,-8.297015798,99.87694226,97.2610451,0.419481129,50.5,51.6,36.0,62.4,79.5,21.7,31.2,35.8,66.7,47.6,52.5,38.0,66.6,8.3,90.8,50.4,38.6,30.9,36.2,66.1,71.4,33.8,88.5,3.9,13.900000000000006,5.8,56.0,33.4,40.4,37.7,39.5,35.9,68.2,25.9,37.5,30.6,65.9,36.4,-1.1000000000000014,-57.8,-33.0,-26.4,1.1000000000000014,57.8,33.0,26.4,22.155499999999996,25.6555,11.475,23.588044288014498,16.037000000000003,41.651399999999995,23.9876,25.467495623506707,1.2189144145616155,14.100000000000001,37.3,1.1950221147770668,25.9,56.5,0.010000000000005116,-0.010000000000005116,0.0,33.54,94.78738837049987,-1.9000000000000057,40.1475,11.1972,84.52148611629185,0.6436699403583607,79.75931536494684,1.8828349836593337,-0.52219,-0.52219,461.2800000000002,0.09140868492637746,5.215,-461.2800000000002,10.938441151668473,-0.447,51.715,42.585,2,70.12812033540334,5.199999999999999,2.4,8.144426413681188
48,2015 Wisconsin,2015,Wisconsin,Region 4,1,Runner Up,3,Bo Ryan,2015 Bo Ryan,Big 10,B10,2015 B10,2015 Wisconsin,2015 Wisconsin,24.2,28.6,44.9,32.7,18.3,16.8,36.1,33.8,25.0,8.8,126.815,106.7096,33.5251,79.17,5.05,2.08,21.24,28.32,23.11,19.56,13.76,15.25,21.39,28.34,29.46,9.31,11.5,33.03,20.78,22.11,11.68,12.4,11.25815138,126.352107,107.89692177,0.974316505,54.6,53.3,35.6,78.9,87.6,16.7,31.9,23.7,59.3,55.1,56.0,35.7,64.0,9.2,94.1,50.2,59.3,37.0,26.7,59.3,76.3,31.900000000000006,88.1,6.3,5.700000000000003,4.5,67.6,33.1,42.9,31.5,40.4,29.6,64.6,42.8,36.5,37.3,62.4,25.7,1.3000000000000043,-70.89999999999999,-44.400000000000006,-43.300000000000004,-1.3000000000000043,70.89999999999999,44.400000000000006,43.300000000000004,27.9259,25.572899999999997,13.614499999999998,24.290533135359542,13.77,43.685599999999994,16.0368,27.27013017937391,1.0562719498136781,20.4,39.4,1.400723707248745,42.8,64.0,0.0,0.0,0.0,21.24,94.07150525006558,-8.700000000000003,47.82959999999999,8.901099999999998,81.70862654081128,0.6026338219229062,76.17415837137013,4.781872429642768,2.9946499999999996,2.9946499999999996,199.36999999999944,0.09776729258987683,68.016,-199.36999999999944,10.227149222910555,38.064,55.46000000000001,42.07,2,70.53604874684065,-7.700000000000003,-9.5,9.384011522754065
49,2015 Arizona,2015,Arizona,Region 4,2,Elite Eight,2,Sean Miller,2015 Sean Miller,Pac 12,P12,2015 P12,2015 Arizona,2015 Arizona,14.9,27.6,36.2,17.1,19.5,10.0,35.7,28.2,14.0,14.2,118.227,114.0877,32.3143,77.87,3.37,1.48,29.41,19.46,22.08,23.35,17.93,17.19,26.97,28.07,28.83,7.74,8.38,23.16,22.19,25.62,11.82,17.2,8.94266985,115.4741946,113.53671966,0.965352359,53.6,55.7,47.1,63.7,83.3,21.1,34.1,22.3,66.9,53.4,58.0,36.0,67.2,10.2,93.7,53.2,51.0,25.8,31.4,66.9,69.9,30.799999999999997,90.0,8.5,17.0,3.5,66.2,35.6,42.2,26.3,41.3,38.5,66.7,42.2,36.0,25.9,66.4,31.5,-2.1000000000000014,-62.199999999999996,-43.599999999999994,-16.6,2.1000000000000014,62.199999999999996,43.599999999999994,16.6,31.217200000000005,25.2245,9.324,24.85670600327673,11.693600000000002,49.0634,20.916000000000004,23.684506187238387,1.7026369638237906,11.5,44.1,0.9460017142312942,42.2,70.2,-0.009999999999990905,0.010000000000005116,0.010000000000005116,29.41,97.35323404888155,-1.0999999999999943,44.6488,11.752700000000003,82.84144374769458,0.6742626836161771,74.7203565810646,3.0537093587210338,2.2545300000000004,2.2545300000000004,1330.3300000000006,0.10885689587090851,25.308000000000003,-1330.3300000000006,9.185373982942851,28.86,56.15,41.57,0,70.1358910494894,-3.1000000000000014,-5.300000000000001,7.862726545223147
50,2015 Baylor,2015,Baylor,Region 4,3,First Round,1,Scott Drew,2015 Scott Drew,Big 12,B12,2015 B12,2015 Baylor,2015 Baylor,16.1,30.0,33.6,21.3,16.3,11.3,37.5,25.7,17.9,7.7,117.192,106.2877,23.4796,76.28,0.22,1.87,27.56,21.43,27.0,17.95,17.07,16.55,37.68,31.32,19.9,7.54,3.57,25.74,29.93,21.53,14.3,8.5,4.781566896,115.8248733,107.19082792,0.927414771,49.8,54.2,38.8,67.6,80.4,19.6,41.8,31.7,62.7,46.0,53.5,38.2,70.2,11.2,89.1,59.9,30.0,33.2,35.9,62.2,66.7,35.3,87.2,7.8,12.799999999999997,6.8,58.0,38.5,40.9,29.0,30.4,28.1,64.3,35.2,38.4,33.4,70.4,35.8,-4.400000000000006,-60.800000000000004,-26.5,-28.799999999999997,4.400000000000006,60.800000000000004,26.5,28.799999999999997,29.1316,21.368000000000002,12.8256,25.28214125952679,12.731399999999999,47.836800000000004,25.203200000000002,26.163970137066993,1.386186042334062,21.9,46.3,0.9999720678193347,35.2,64.2,1.4210854715202004e-14,-0.010000000000005116,0.0,27.56,95.64871283411449,-5.799999999999997,40.0392,10.6232,84.95934577705212,0.7450156092585912,73.63336689252654,1.5305341564205912,0.13684000000000002,0.13684000000000002,201.6800000000003,0.12570004825983996,39.831,-201.6800000000003,7.954646906526204,30.481,54.2,43.06,3,67.90919877611562,-3.400000000000002,-8.600000000000001,8.525819301581446
51,2015 North Carolina,2015,North Carolina,Region 4,4,Sweet 16,2,Roy Williams,2015 Roy Williams,ACC,ACC,2015 ACC,2015 North Carolina,2015 North Carolina,16.2,31.7,37.1,24.1,15.8,11.3,38.8,24.5,16.8,7.7,117.921,105.8751,23.7959,77.83,2.06,1.31,32.08,21.7,23.88,17.8,17.25,19.37,32.2,29.0,21.99,12.54,4.26,29.72,23.88,17.64,17.65,11.12,6.381758645,118.3672456,108.29568909,0.949552638,51.4,54.7,34.7,62.4,81.8,17.8,39.9,30.5,69.5,51.3,54.3,34.5,70.2,11.9,91.5,60.9,47.8,22.6,37.1,70.2,70.1,31.299999999999997,95.9,8.2,14.599999999999994,6.3,67.1,36.1,42.2,29.7,37.0,41.6,65.1,33.4,35.7,22.3,70.0,36.9,-3.3000000000000043,-64.0,-29.599999999999994,-27.699999999999996,3.3000000000000043,64.0,29.599999999999994,27.699999999999996,32.0869,23.3531,7.961100000000001,28.601209181897655,13.453200000000002,47.57339999999999,25.83,25.33513699719555,1.986458006367427,8.399999999999999,44.3,0.9755833175252704,33.4,64.0,0.0,0.010000000000005116,-0.009999999999990905,32.08,97.22764540507532,2.200000000000003,42.045199999999994,9.736600000000001,82.02815763615962,0.7408668994294473,78.08772020013248,2.6262293280588973,1.4461200000000003,1.4461200000000003,479.3499999999999,0.13005322346203865,31.571,-479.3499999999999,7.688429543735821,20.698,54.19500000000001,41.79,2,67.32306507972957,-7.300000000000001,-8.100000000000001,8.637641072914473
52,2015 Arkansas,2015,Arkansas,Region 4,5,Second Round,1,Mike Anderson,2015 Mike Anderson,SEC,SEC,2015 SEC,2015 Arkansas,2015 Arkansas,14.3,35.6,25.9,19.2,6.6,10.2,40.5,19.3,15.3,3.9,114.941,102.036,16.9767,77.69,1.96,1.69,37.21,27.08,19.39,22.35,16.72,14.46,42.25,19.08,16.42,10.32,11.92,29.84,21.43,20.86,16.69,11.19,3.803449413,113.3269546,103.00486997,0.856876651,50.2,51.4,37.3,61.5,83.4,22.6,35.6,34.2,70.3,49.1,53.4,35.0,64.7,12.3,93.0,58.9,48.3,31.1,31.3,70.1,72.4,28.700000000000003,85.2,7.6,11.700000000000003,5.5,65.9,30.5,41.9,37.5,35.5,38.4,68.0,31.3,34.9,31.1,64.8,31.2,-1.1999999999999957,-60.800000000000004,-30.19999999999999,-24.200000000000003,1.1999999999999957,60.800000000000004,30.19999999999999,24.200000000000003,26.574700000000004,24.4859,10.853900000000001,24.593681437854457,16.356,41.501599999999996,20.217599999999997,26.008331998291112,1.2250409954663837,11.600000000000001,38.1,1.3781609563796031,31.3,57.0,0.0,0.010000000000005116,-0.009999999999990905,37.21,95.06362987611342,2.0999999999999943,41.866800000000005,11.6164,81.74157443939592,0.7609720804640766,82.0714948305407,2.909463285344257,1.3739599999999998,1.3739599999999998,935.4699999999998,0.1322566424016946,32.448,-935.4699999999998,7.560360946264531,11.154,53.64500000000001,42.275000000000006,2,69.24624308155266,-3.8999999999999986,-2.6999999999999997,8.764639297509726
53,2015 Xavier,2015,Xavier,Region 4,6,Sweet 16,2,Chris Mack,2015 Chris Mack,Big East,BE,2015 BE,2015 Xavier,2015 Xavier,11.7,35.2,20.7,13.6,5.2,9.1,40.9,16.2,12.0,4.2,115.283,103.3687,18.6517,77.29,2.71,1.56,30.3,23.22,22.59,19.9,18.38,15.91,40.15,33.93,14.99,5.89,5.04,35.06,28.05,12.43,12.87,11.59,1.267236525,114.9508918,103.83246794,0.886124524,53.0,49.8,38.1,65.6,82.0,19.2,31.3,27.1,66.0,53.4,51.1,34.9,65.0,8.3,90.0,62.9,45.7,32.8,37.2,66.0,72.5,32.900000000000006,83.5,5.9,12.099999999999994,4.5,62.4,41.1,38.9,31.7,39.7,25.8,63.7,31.1,35.1,33.1,65.5,37.1,3.200000000000003,-62.8,-41.599999999999994,-27.499999999999993,-3.200000000000003,62.8,41.599999999999994,27.499999999999993,30.5729,21.8607,11.618100000000002,22.338214640685436,12.875799999999998,44.111200000000004,24.300500000000003,25.096812546616356,1.4198966798586146,24.2,47.0,0.9757149402981052,31.1,63.8,0.0,0.0,0.0,30.3,96.98176376007444,-2.0,43.46,9.5616,77.78593859465225,0.7784557121817799,77.65913315113914,2.5387478473418144,1.7885999999999997,1.7885999999999997,604.0099999999998,0.09222119754224953,21.216,-604.0099999999998,10.84206722081677,8.112,53.675,39.980000000000004,0,71.18178292299872,-1.5999999999999996,-1.0,8.652494396326968
54,2015 VCU,2015,VCU,Region 4,7,First Round,1,Shaka Smart,2015 Shaka Smart,Atlantic 10,A10,2015 A10,2015 VCU,2015 VCU,11.4,35.7,18.9,14.7,12.2,9.3,40.4,17.8,14.8,3.0,110.62,105.8957,16.5157,76.5,-1.89,1.39,39.62,17.64,23.6,17.89,22.4,18.47,27.65,36.8,22.6,7.37,5.57,22.43,25.21,24.36,14.75,13.25,3.148876129,108.9844232,106.06068766,0.846627871,48.8,50.7,37.5,62.3,84.3,23.8,31.7,30.8,66.7,47.2,51.9,34.2,65.6,12.7,90.6,50.7,43.2,39.9,35.3,67.4,65.6,30.400000000000006,91.1,6.1,6.799999999999997,5.9,56.3,31.1,43.2,38.1,36.8,29.0,64.0,26.8,34.3,39.9,65.6,35.1,-1.9000000000000057,-60.5,-37.5,-24.799999999999997,1.9000000000000057,60.5,37.5,24.799999999999997,23.066399999999998,24.357699999999998,13.685699999999999,26.23018299593047,16.8604,40.1776,23.0256,27.372735827218047,0.9323074609658908,21.0,37.2,1.2535255405828893,26.8,56.0,0.0,0.010000000000019327,0.0,39.62,97.21241143638449,-0.5999999999999943,41.1384,12.066600000000001,83.41302912893103,0.6653455991391188,79.05223973301703,2.7514171071906244,-1.27386,-1.27386,566.0799999999997,0.14017505325548282,20.432999999999996,-566.0799999999997,7.13329659081962,16.958,52.56,41.735,2,67.55945924722832,0.10000000000000142,-9.2,7.946029007513927
55,2015 Oregon,2015,Oregon,Region 4,8,Second Round,1,Dana Altman,2015 Dana Altman,Pac 12,P12,2015 P12,2015 Oregon,2015 Oregon,12.5,35.6,16.4,10.2,8.1,9.2,40.2,13.9,8.8,5.1,114.457,98.727,13.1844,76.37,-2.37,1.39,30.31,15.66,21.43,21.95,19.15,21.82,36.74,25.67,22.89,6.52,8.19,29.26,23.12,15.34,15.22,17.06,2.954484122,112.6432828,100.48877779,0.806197561,52.1,52.2,29.5,64.7,83.0,16.8,30.6,31.7,67.8,50.6,53.2,36.7,66.7,10.6,93.1,51.4,52.2,33.9,32.5,66.9,76.7,30.400000000000006,92.0,8.3,10.0,3.6,64.9,32.7,41.2,34.2,37.1,33.3,65.0,32.5,36.8,34.0,66.8,33.3,-0.10000000000000142,-66.2,-37.7,-35.2,0.10000000000000142,66.2,37.7,35.2,28.858300000000003,24.866299999999995,12.511999999999999,26.391286440793298,14.450400000000002,43.3694,22.244399999999995,26.535699224503833,1.205846886856269,16.700000000000003,41.0,1.1351010480165764,32.5,62.199999999999996,-0.009999999999990905,-0.010000000000005116,0.0,30.31,97.3205466975519,-1.0999999999999943,43.243,8.7696,82.55584409513142,0.6177810362856215,80.29659546077261,3.070407623080995,-1.5855300000000003,-1.5855300000000003,295.7699999999995,0.11385484581261211,14.177999999999997,-295.7699999999995,8.782190359400056,11.258999999999999,52.135000000000005,41.125,1,68.61628151902546,-1.3999999999999986,-3.0,9.09316505955757
56,2015 Oklahoma St.,2015,Oklahoma St.,Region 4,9,First Round,1,Travis Ford,2015 Travis Ford,Big 12,B12,2015 B12,2015 Oklahoma St.,2015 Oklahoma St.,13.8,32.0,22.9,13.9,10.9,8.4,39.6,16.6,10.7,6.0,111.825,104.3542,16.1789,75.73,0.3,1.99,29.55,12.64,27.99,17.16,22.61,19.6,43.69,20.71,19.16,7.99,8.44,29.19,22.47,14.82,15.96,17.56,0.045357881,109.7145961,105.21713509,0.843219208,50.1,54.0,39.7,57.6,81.4,21.2,26.9,33.1,64.1,49.0,56.5,34.6,65.7,14.2,88.8,50.5,46.8,38.5,32.0,63.9,73.1,31.599999999999994,88.2,9.0,10.400000000000006,6.3,63.2,28.7,44.1,34.2,35.8,32.2,67.4,33.7,34.7,39.0,65.4,32.1,-3.8999999999999986,-60.2,-40.0,-17.9,3.8999999999999986,60.2,40.0,17.9,26.0764,25.0606,13.533000000000001,25.490570151855504,15.737400000000003,43.70720000000001,20.9934,26.473681899828996,0.966641880977411,17.799999999999997,37.7,1.2616429394722906,33.7,59.5,0.0,0.010000000000005116,0.0,29.55,94.2326912688846,-4.100000000000001,40.781400000000005,11.448,80.26507304061363,0.6408548114871638,80.7076344181923,2.5159937637761414,0.19169999999999998,0.19169999999999998,1081.9100000000005,0.15990810914291503,27.661,-1081.9100000000005,6.253080768959933,21.691,51.725,42.160000000000004,1,68.51716689487144,-3.200000000000001,-4.9,8.215805249762349
57,2015 Ohio St.,2015,Ohio St.,Region 4,10,Second Round,1,Thad Matta,2015 Thad Matta,Big 10,B10,2015 B10,2015 Ohio St.,2015 Ohio St.,13.8,30.9,28.7,15.1,12.4,9.3,38.1,21.1,11.6,9.4,115.312,105.6942,21.0066,77.56,0.72,1.6,30.01,16.03,18.85,24.66,24.24,16.22,33.93,15.9,14.06,24.25,11.86,24.36,18.32,21.15,22.68,13.49,2.395240686,114.1532131,107.17836666,0.915204929,54.5,53.4,34.8,72.6,83.0,22.1,34.1,31.4,66.2,53.9,54.2,37.2,68.2,14.7,92.7,55.6,42.7,32.1,37.9,66.6,67.8,30.299999999999997,91.6,9.7,14.5,6.8,68.1,36.7,44.0,35.6,36.7,31.3,68.8,26.7,37.0,32.0,67.8,37.7,1.1000000000000014,-60.9,-34.5,-37.8,-1.1000000000000014,60.9,34.5,37.8,33.8779,23.3271,11.84,26.61559693112292,16.650000000000002,43.9302,25.5606,25.563825352764923,1.4499546889159716,18.7,46.400000000000006,1.1246386037505636,26.7,57.6,0.0,0.0,1.4210854715202004e-14,30.01,95.784997034402,-1.4000000000000057,45.235,11.8014,82.43474928900423,0.7137263963235387,78.25856166855897,2.511616963708017,0.4795199999999999,0.4795199999999999,159.65999999999985,0.15857434116136826,24.16,-159.65999999999985,6.30569349023876,19.840000000000003,54.589999999999996,44.055,2,68.6752230965558,-3.5,-3.0,8.409861564195914
58,2015 Mississippi,2015,Mississippi,Region 4,11,First Round,1,Andy Kennedy,2015 Andy Kennedy,SEC,SEC,2015 SEC,2015 Mississippi,2015 Mississippi,11.3,36.6,17.0,11.7,5.4,6.9,41.5,15.8,8.8,7.0,114.568,99.859,14.4267,77.15,2.2,2.24,37.26,17.15,17.32,20.26,17.44,27.84,33.86,33.24,5.68,14.13,13.09,24.22,24.12,17.71,18.03,15.92,-0.55365069,112.7399477,100.9809871,0.816434821,48.2,53.1,37.5,58.8,83.1,18.9,35.0,31.7,66.6,46.9,56.6,33.8,65.1,11.2,90.6,52.2,37.1,33.1,39.7,66.4,77.8,31.599999999999994,88.2,6.3,7.900000000000006,5.6,57.8,30.9,43.7,32.0,37.6,36.0,70.9,27.9,33.2,33.1,64.3,40.1,-4.899999999999999,-64.19999999999999,-33.3,-21.299999999999997,4.899999999999999,64.19999999999999,33.3,21.299999999999997,23.4168,24.5252,10.9892,25.07003523465148,14.426400000000003,45.5654,25.784299999999998,28.34219469271919,1.123833116824265,14.0,37.199999999999996,0.9376324779930676,27.9,62.4,-0.010000000000005116,0.0,-1.4210854715202004e-14,37.26,95.43404774444585,-1.5999999999999943,40.0542,10.035899999999998,84.3046469338779,0.6436418786451462,77.6656019044106,2.1951363824625756,1.4608,1.4608,1059.4200000000005,0.12361894460326045,26.208000000000002,-1059.4200000000005,8.088563521114187,12.096000000000002,52.68,41.12500000000001,2,68.37428051691104,-2.8999999999999986,1.5999999999999996,8.972862006809532
59,2015 Wofford,2015,Wofford,Region 4,12,First Round,1,Mike Young,2015 Mike Young,Southern,SC,2015 SC,2015 Wofford,2015 Wofford,9.2,34.5,12.1,7.0,4.7,6.6,40.2,11.9,8.1,3.8,104.909,101.4885,6.39782,75.57,-3.06,1.75,32.22,15.35,20.44,23.97,18.56,21.69,37.26,33.88,11.81,9.39,7.65,24.17,22.92,14.11,20.9,17.9,0.471143919,102.4756732,102.81866429,0.647949416,51.6,53.1,38.0,63.5,82.7,20.1,29.3,27.7,62.2,49.5,52.7,37.1,69.2,7.4,90.3,56.7,57.0,32.9,31.8,61.5,69.0,29.200000000000003,94.1,3.0,11.599999999999994,3.8,63.0,34.1,37.5,31.1,34.7,32.7,65.2,37.5,36.8,33.2,69.1,31.3,-1.5,-62.6,-43.0,-25.5,1.5,62.6,43.0,25.5,24.306,23.564500000000002,12.2176,27.794783683274094,12.103299999999999,46.0783,21.6283,26.81896095427015,1.1174362218005482,17.299999999999997,37.1,1.1149803520654291,37.5,65.1,-0.009999999999990905,0.009999999999990905,0.0,32.22,96.74014264115743,-6.5,42.6732,10.673100000000002,80.2282994678773,0.7096281648540068,77.38543123165246,3.294607248135946,-1.8819,-1.8819,767.7999999999997,0.08194815118326486,12.25,-767.7999999999997,12.201053911633561,8.225,52.875,41.33,0,67.27938400461551,1.0999999999999996,-0.9000000000000004,7.836931406697245
60,2015 Harvard,2015,Harvard,Region 4,13,First Round,1,Tommy Amaker,2015 Tommy Amaker,Ivy,Ivy,2015 Ivy,2015 Harvard,2015 Harvard,9.7,32.7,15.4,7.8,7.3,7.6,40.7,14.1,9.3,4.8,103.686,105.0558,8.74154,76.97,0.11,2.2,26.19,14.98,18.24,26.39,22.5,17.89,28.46,25.91,30.26,11.17,4.2,22.99,28.52,21.94,15.84,10.7,-1.082676119,100.9411418,106.06747868,0.695836779,47.3,53.9,39.0,66.9,81.3,19.9,32.3,27.8,61.0,45.8,55.9,34.1,66.6,13.0,91.9,56.6,48.2,26.5,32.3,61.8,71.5,32.599999999999994,86.9,5.7,6.5,3.2,55.3,34.0,47.8,40.1,37.2,39.6,66.4,28.3,34.5,26.5,65.9,31.6,-6.600000000000001,-61.4,-39.900000000000006,-27.900000000000006,6.600000000000001,61.4,39.900000000000006,27.900000000000006,23.7553,23.8737,9.1425,24.121135269026347,19.375799999999998,39.6156,20.8244,28.130469838474674,1.4980566771065242,10.399999999999999,39.7,1.3702098034872314,28.3,56.699999999999996,0.0,-1.4210854715202004e-14,0.009999999999990905,26.19,95.53255665956466,-6.200000000000003,38.454899999999995,10.726099999999999,81.15858874930704,0.7066079075167602,77.7592269984568,2.57740227795305,0.06798,0.06798,607.5600000000004,0.14145656739317308,17.16,-607.5600000000004,7.068687024075072,16.060000000000002,51.555,42.13000000000001,0,68.91491524087934,1.5000000000000009,-2.5,7.369518203486114
61,2015 Georgia St.,2015,Georgia St.,Region 4,14,Second Round,1,Ron Hunter,2015 Ron Hunter,Sun Belt,SB,2015 SB,2015 Georgia St.,2015 Georgia St.,9.3,35.4,11.4,4.7,6.9,8.0,39.3,11.1,6.9,4.3,110.463,99.313,9.77537,76.72,-1.06,2.22,28.14,14.91,22.02,24.32,23.28,15.48,38.87,22.31,17.79,8.67,12.36,24.98,23.53,23.77,13.38,14.35,-2.610403522,109.1254732,101.48096148,0.764202275,51.9,55.0,38.4,60.6,83.5,22.8,30.5,34.5,64.3,53.4,57.8,31.9,67.4,13.7,93.6,52.0,36.5,27.4,42.0,63.5,73.4,29.200000000000003,92.1,6.8,19.0,6.1,64.4,41.4,48.7,33.8,39.0,31.1,68.1,24.2,32.3,27.6,66.8,41.9,-3.1000000000000014,-60.7,-35.0,-22.200000000000003,3.1000000000000014,60.7,35.0,22.200000000000003,32.924400000000006,21.0438,8.9148,27.208148289314607,17.6196,44.46939999999999,27.989199999999997,22.882671755428092,1.7463135393645155,18.9,48.199999999999996,0.9522445765017542,24.2,60.1,-0.010000000000005116,0.0,-0.009999999999990905,28.14,95.53234737250085,-4.5,43.336499999999994,12.540000000000001,79.56753227879877,0.6735664045802515,77.81239922452923,2.2119871522938004,-0.6731,-0.6731,1049.0399999999997,0.1463659576286578,10.434000000000001,-1049.0399999999997,6.831618130063499,15.318000000000001,53.495000000000005,43.69,1,67.67059928436903,2.2,-2.6000000000000005,8.622601043156049
62,2015 Texas Southern,2015,Texas Southern,Region 4,15,First Round,1,Mike Davis,2015 Mike Davis,SWAC,SWAC,2015 SWAC,2015 Texas Southern,2015 Texas Southern,7.7,40.3,-0.6,6.8,-3.6,4.8,45.0,2.3,6.3,-4.0,103.049,93.082,-3.8688,76.01,-1.72,2.3,32.25,17.32,22.58,19.73,20.15,20.22,28.09,29.27,24.31,11.48,6.85,19.61,24.31,22.83,17.62,15.63,-4.300975683,101.1690119,93.6186751,0.359454692,49.4,51.1,46.5,67.4,80.1,18.7,34.0,34.2,64.6,50.0,52.0,32.0,65.8,7.7,89.5,46.6,52.0,31.4,28.5,63.7,66.2,35.599999999999994,90.0,3.2,15.900000000000006,4.4,59.9,35.5,42.9,36.4,38.9,33.2,60.2,35.3,32.3,31.4,65.7,28.3,-1.7000000000000028,-61.39999999999999,-31.799999999999997,-20.900000000000006,1.7000000000000028,61.39999999999999,31.799999999999997,20.900000000000006,24.144499999999997,23.057,10.142199999999999,25.969260674882527,16.3152,39.8437,18.593100000000003,22.39960937159396,1.2324448265978791,16.799999999999997,38.7,1.4416451715487084,35.3,59.2,0.0,0.0,0.0,32.25,98.1303342544722,-4.299999999999997,39.569399999999995,9.5557,83.9426942342744,0.5731786816890321,81.97151916008463,2.612934023415908,-1.0956400000000002,-1.0956400000000002,678.8600000000006,0.08603255829543804,15.639999999999999,-678.8600000000006,11.621867289962342,-8.28,53.559999999999995,42.065000000000005,1,68.03596854861088,-0.5,-0.3999999999999999,8.570657370303923
63,2015 Coastal Carolina,2015,Coastal Carolina,Region 4,16,First Round,1,Cliff Ellis,2015 Cliff Ellis,Big South,BSth,2015 BSth,2015 Coastal Carolina,2015 Coastal Carolina,8.2,37.6,5.4,5.2,0.3,6.0,42.5,7.8,6.9,0.8,105.424,96.197,1.6211,75.86,-2.18,1.93,28.55,16.26,13.47,22.05,27.06,21.16,38.75,33.11,16.52,6.91,4.7,30.35,28.37,16.98,12.62,11.68,-4.834784477,104.1826144,97.215091,0.538753949,49.9,52.9,39.6,64.4,82.2,17.0,35.2,27.6,64.8,48.2,54.9,35.4,66.5,10.1,92.4,46.4,46.5,34.2,39.4,63.9,70.3,29.0,86.5,3.4,9.400000000000006,3.3,56.5,29.8,42.5,29.5,41.1,36.5,65.2,30.9,35.9,33.7,66.2,39.6,-3.0,-65.2,-37.199999999999996,-24.800000000000004,3.0,65.2,37.199999999999996,24.800000000000004,19.778,27.099800000000002,12.098300000000002,22.74877286067683,12.8477,46.361999999999995,26.2152,26.635612126124176,0.9851339722856889,13.5,33.2,0.8282619125779651,30.9,67.2,0.0,0.010000000000005116,0.0,28.55,94.70802021923741,-4.100000000000001,41.0178,8.993,87.25243261561066,0.5590294092842254,77.50211035160594,2.612212797033875,-1.3930200000000001,-1.3930200000000001,916.28,0.10930617634008288,10.036,-916.28,9.147609147609149,0.579,53.49,40.59,1,70.74104267617433,1.7000000000000002,0.5,8.459063597995799
64,2016 North Carolina,2016,North Carolina,Region 2,1,Runner Up,3,Roy Williams,2016 Roy Williams,ACC,ACC,2016 ACC,2016 North Carolina,2016 North Carolina,18.1,31.7,39.8,26.2,18.1,11.1,38.7,27.2,16.8,10.5,121.139,106.8991,28.0379,77.77,3.42,1.85,33.87,24.16,23.78,16.27,16.74,19.06,34.59,31.42,21.07,6.02,6.9,34.79,25.04,15.6,11.27,13.3,8.532613194,120.1191141,105.72478021,0.941917495,52.1,52.6,32.2,70.3,84.6,18.6,39.8,29.9,70.7,53.9,56.3,31.4,64.0,11.3,93.5,58.5,54.3,26.7,35.6,72.3,73.8,30.099999999999994,94.3,7.5,14.099999999999994,4.2,68.2,35.7,42.2,28.1,40.4,37.4,65.5,36.3,32.5,26.9,63.8,35.7,-0.5,-66.0,-30.30000000000001,-38.099999999999994,0.5,66.0,30.30000000000001,38.099999999999994,31.419900000000005,23.8521,8.7425,28.159367890632772,12.450400000000002,46.55309999999999,22.7766,24.003471971085073,1.6058882569421211,12.600000000000001,43.2,0.9047365620010644,36.3,67.69999999999999,-0.009999999999990905,-1.4210854715202004e-14,1.4210854715202004e-14,33.87,96.22448414120666,4.299999999999997,44.0766,9.783600000000002,80.8924005238471,0.7186643898723601,80.00415666903727,3.5257450814882136,2.47266,2.47266,260.33000000000084,0.12085432241366402,48.47,-260.33000000000084,8.273604105831343,33.48500000000001,54.78,42.215,3,67.63676723442022,-9.399999999999999,-7.600000000000001,8.831981915826084
65,2016 Xavier,2016,Xavier,Region 2,2,Second Round,1,Chris Mack,2016 Chris Mack,Big East,BE,2016 BE,2016 Xavier,2016 Xavier,12.8,34.3,23.7,14.0,13.7,10.0,39.6,19.5,12.7,6.8,117.096,104.6142,21.71,77.93,1.58,1.53,34.91,24.25,21.42,22.37,16.1,15.87,42.6,23.55,14.61,12.14,7.11,33.55,24.73,18.16,8.11,15.44,7.728216761,117.1216671,105.47170742,0.921623465,51.5,52.1,42.9,65.6,82.5,19.4,35.7,26.3,72.8,50.0,51.6,36.2,68.5,8.7,91.2,59.8,44.7,34.7,40.4,72.6,73.1,29.599999999999994,89.2,8.2,9.799999999999997,4.3,59.3,36.6,39.7,30.2,37.9,29.3,63.6,29.3,36.4,34.1,69.0,40.5,-0.6000000000000014,-63.1,-38.0,-22.699999999999996,0.6000000000000014,63.1,38.0,22.699999999999996,29.0182,23.5171,12.4124,24.66130572374464,12.4108,46.5798,27.945,27.006094991069457,1.3137444649717016,20.7,44.8,0.8518308189921237,29.3,65.5,-0.010000000000019327,-0.010000000000005116,0.010000000000005116,34.91,96.19333873322041,4.599999999999994,42.4875,10.107399999999998,81.82478372854621,0.7419262788302874,75.95702202774812,2.554139763442089,1.1470799999999999,1.1470799999999999,1194.2300000000002,0.09539369085865285,21.42,-1194.2300000000002,10.481553844385704,20.961,54.800000000000004,40.790000000000006,1,69.31234675057617,-1.3000000000000007,-6.8999999999999995,8.693019752387798
66,2016 West Virginia,2016,West Virginia,Region 2,3,First Round,1,Bob Huggins,2016 Bob Huggins,Big 12,B12,2016 B12,2016 West Virginia,2016 West Virginia,9.4,33.8,24.3,9.0,13.5,7.0,39.8,16.5,7.7,8.8,116.39,109.5246,25.9146,77.35,1.62,1.72,40.12,19.25,16.87,20.09,21.35,22.44,29.94,24.94,23.99,9.76,11.36,28.83,23.22,20.36,13.15,14.44,7.315703439,115.4193086,109.78745383,0.944466628,50.2,51.2,46.1,45.2,80.4,25.5,41.9,27.2,70.8,50.7,51.8,32.9,66.8,8.1,91.2,54.2,49.4,30.6,36.1,70.9,67.0,28.700000000000003,94.7,6.4,10.099999999999994,7.3,59.9,43.7,43.3,39.5,33.9,25.8,66.9,24.2,32.5,30.6,66.9,36.4,-1.0,-54.900000000000006,-30.900000000000006,0.8999999999999986,1.0,54.900000000000006,30.900000000000006,-0.8999999999999986,32.2371,18.691200000000002,9.945,29.162247284231487,17.8408,40.54140000000001,24.351600000000005,26.87725184364404,1.637201398647103,24.2,50.1,1.2856789648636027,24.2,53.2,0.0,0.009999999999990905,0.0,40.12,97.8702347547206,2.9000000000000057,40.360800000000005,13.056000000000001,84.4643807563581,0.7275070133286802,77.53275678037281,2.5202795775725733,1.1485800000000002,1.1485800000000002,1791.46,0.08881481562702162,15.48,-1791.46,11.25786939883965,23.22,55.47500000000001,39.075,1,65.4529967482023,-1.2999999999999998,-4.699999999999999,8.126739319391996
67,2016 Kentucky,2016,Kentucky,Region 2,4,Second Round,1,John Calipari,2016 John Calipari,SEC,SEC,2016 SEC,2016 Kentucky,2016 Kentucky,18.8,33.1,35.4,25.9,14.2,15.1,39.6,29.0,23.7,5.5,122.508,102.6918,25.1996,76.7,2.85,0.96,28.99,17.96,19.73,22.61,17.14,22.57,27.89,28.86,20.1,16.28,6.87,25.51,28.17,17.13,18.76,10.43,5.022426279,122.2780916,104.19686693,0.943000739,53.7,55.1,38.3,58.6,83.9,17.9,37.8,31.7,68.1,52.8,57.0,37.0,67.0,13.9,92.5,50.5,60.2,31.4,29.8,68.0,68.3,30.099999999999994,91.8,11.5,18.099999999999994,5.7,67.9,33.6,46.9,36.1,38.6,35.4,68.3,34.3,36.6,31.0,67.4,29.6,-1.3999999999999986,-66.0,-30.5,-20.300000000000004,1.3999999999999986,66.0,30.5,20.300000000000004,33.37140000000001,25.010400000000004,11.346000000000002,26.284770622295085,17.9626,43.3773,19.950400000000002,23.556651573034173,1.4547917809102933,14.600000000000001,45.1,1.4121144555927165,34.3,58.199999999999996,-0.009999999999990905,0.0,0.0,28.99,97.45878572332045,0.0,45.054300000000005,9.8629,86.11907864793137,0.6150960402431151,80.16177368474423,3.738898205080431,1.9380000000000002,1.9380000000000002,852.0300000000002,0.15026864574437032,24.863999999999997,-852.0300000000002,6.654197539745343,13.632,55.760000000000005,41.645,2,69.08065833319056,-2.1999999999999993,-8.7,9.429560787124316
68,2016 Indiana,2016,Indiana,Region 2,5,Sweet 16,2,Tom Crean,2016 Tom Crean,Big 10,B10,2016 B10,2016 Indiana,2016 Indiana,15.8,36.1,25.7,19.4,7.4,11.9,40.4,18.5,14.4,4.3,120.855,101.9411,22.7957,77.34,0.66,1.75,36.88,23.13,18.35,18.01,18.23,22.28,35.42,26.25,18.85,8.44,11.04,25.67,22.79,20.8,16.51,14.23,3.300191841,120.0884537,101.97060234,0.911658342,58.6,50.5,33.3,70.7,80.2,18.9,37.7,28.7,68.8,56.1,51.3,41.5,65.7,10.0,91.2,54.7,53.0,40.9,31.4,69.3,72.3,33.400000000000006,92.4,9.8,8.900000000000006,4.0,65.1,40.5,41.2,38.9,37.0,18.6,63.5,29.7,41.5,40.9,65.8,31.3,8.100000000000001,-61.300000000000004,-33.599999999999994,-37.400000000000006,-8.100000000000001,61.300000000000004,33.599999999999994,37.400000000000006,35.4207,23.8555,16.973499999999998,25.449426974557472,16.382800000000003,39.454899999999995,20.595399999999998,26.409909756251214,1.2297987824258576,31.4,50.3,1.3705632407910289,29.7,57.1,-1.4210854715202004e-14,0.0,-1.4210854715202004e-14,36.88,97.5094779663693,1.2999999999999972,46.99720000000001,9.5445,85.54161333848936,0.6744676391166571,78.84690070766908,2.676632493308419,0.45738,0.45738,46.20999999999913,0.10964792052718719,33.949999999999996,-46.20999999999913,9.119088091190882,12.950000000000001,56.025,41.27000000000001,3,69.86465564913644,-4.999999999999998,-3.1000000000000005,9.355259014675976
69,2016 Notre Dame,2016,Notre Dame,Region 2,6,Elite Eight,2,Mike Brey,2016 Mike Brey,ACC,ACC,2016 ACC,2016 Notre Dame,2016 Notre Dame,15.1,36.5,12.2,13.5,3.0,11.2,40.3,12.7,12.2,0.5,119.69,96.291,15.9813,77.69,1.76,1.72,21.67,23.89,19.84,16.14,19.67,20.46,40.36,9.21,20.53,20.05,9.84,37.66,17.84,16.27,16.94,11.3,2.322036709,118.4240295,96.5207077,0.825108854,53.5,50.8,33.2,73.1,85.2,14.8,32.8,31.3,65.4,52.5,54.5,36.9,62.4,9.9,91.8,49.6,47.9,34.5,34.2,65.9,73.5,28.0,91.9,5.5,13.799999999999997,4.1,62.0,38.9,41.6,33.2,39.9,26.8,65.8,32.3,37.4,34.3,63.1,34.4,2.700000000000003,-70.4,-35.900000000000006,-39.89999999999999,-2.700000000000003,70.4,35.900000000000006,39.89999999999999,29.1725,23.5214,12.828199999999999,25.278581183813834,14.377,42.959799999999994,21.7064,24.087531352686742,1.2944229031223582,23.2,44.4,1.0842708060812187,32.3,62.699999999999996,0.0,0.010000000000005116,-0.009999999999990905,21.67,97.24419703171652,-2.0999999999999943,45.582,7.518400000000001,83.81776119776825,0.582152791633901,81.06836959429765,3.23626781974191,1.15984,1.15984,393.40000000000055,0.10784196250585505,23.22,-393.40000000000055,9.271790728209272,5.16,54.24000000000001,41.245,2,69.57305173712312,-1.3000000000000007,-2.5,9.929900718647446
70,2016 Wisconsin,2016,Wisconsin,Region 2,7,Sweet 16,2,Greg Gard,2016 Greg Gard,Big 10,B10,2016 B10,2016 Wisconsin,2016 Wisconsin,14.7,31.4,21.3,10.3,13.1,9.0,38.6,15.4,7.9,7.5,111.769,104.5962,16.3651,78.02,1.1,1.35,22.58,22.99,23.12,19.56,20.82,13.51,32.95,25.74,24.67,6.0,10.65,30.2,21.42,19.85,12.27,16.26,0.487284642,110.1606042,104.38777971,0.836011361,49.0,51.5,39.7,65.7,83.0,18.8,33.6,28.2,64.1,46.6,54.9,35.8,62.0,8.5,90.8,49.4,53.2,33.8,29.3,64.2,70.7,29.299999999999997,85.0,4.8,9.299999999999997,4.1,58.8,31.5,44.0,33.8,35.4,34.2,65.3,37.3,34.9,34.2,62.7,28.9,-2.5,-64.2,-38.2,-26.0,2.5,64.2,38.2,26.0,22.601999999999997,24.0426,11.935800000000002,23.762067109856698,15.253299999999998,42.477199999999996,18.1203,25.822777413232167,1.06137247448905,15.799999999999997,36.3,1.3113733088820456,37.3,62.1,-1.4210854715202004e-14,-0.010000000000005116,0.0,22.58,96.07378681169756,-3.799999999999997,40.669999999999995,9.682,85.93464868022697,0.6083668920333493,79.51159131949801,3.1292276924886773,0.7062,0.7062,881.7800000000004,0.09361130384026607,13.905000000000001,-881.7800000000004,10.681096341606871,17.685000000000002,53.025,40.795,0,69.25519294449236,-2.4000000000000004,-5.6,8.185658889530504
71,2016 USC,2016,USC,Region 2,8,First Round,1,Andy Enfield,2016 Andy Enfield,Pac 12,P12,2016 P12,2016 USC,2016 USC,13.7,34.7,18.2,13.2,6.8,8.8,40.3,13.9,9.2,4.7,113.901,100.884,14.7848,78.55,4.88,1.25,31.2,20.36,21.01,19.31,18.81,20.51,33.31,31.78,14.65,12.53,7.74,24.44,25.96,14.84,18.25,16.5,0.226517757,113.7777296,101.96167106,0.847123404,52.0,52.7,35.3,71.5,83.5,16.9,32.4,31.9,72.9,49.2,53.3,38.5,67.7,12.7,90.6,51.3,49.7,32.4,34.4,72.3,67.8,29.900000000000006,85.3,8.9,16.5,5.5,60.9,38.1,45.8,36.5,34.9,29.7,62.9,29.0,38.6,32.3,67.6,34.6,-0.7000000000000028,-66.6,-35.7,-36.2,0.7000000000000028,66.6,35.7,36.2,30.7946,22.8331,12.4678,23.279801688731514,17.624499999999998,41.6306,23.3896,23.116372264407463,1.455063310733414,20.3,47.0,1.213837750354036,29.0,58.0,-1.4210854715202004e-14,-0.010000000000005116,0.009999999999990905,31.2,99.09142969452002,4.299999999999997,43.42,8.9063,84.69490022604724,0.6173210912022719,79.89064834282024,3.011938670383613,3.5282399999999994,3.5282399999999994,255.48999999999933,0.14017505325548282,16.5,-255.48999999999933,7.13329659081962,8.5,53.45,42.41,2,70.23264107516228,-4.0,-2.0999999999999996,8.7901818902711
72,2016 Providence,2016,Providence,Region 2,9,Second Round,1,Ed Cooley,2016 Ed Cooley,Big East,BE,2016 BE,2016 Providence,2016 Providence,12.6,31.3,20.2,9.3,9.3,10.5,37.0,18.5,10.5,7.9,109.321,104.2725,13.5932,77.81,1.02,1.13,27.21,31.45,17.78,14.23,21.77,14.76,31.44,24.7,20.03,13.45,10.38,24.95,21.93,17.77,19.04,16.3,3.348057072,108.9464358,104.89416857,0.82670602,48.1,51.2,37.7,72.2,83.7,20.7,30.9,30.2,69.8,48.1,50.8,32.1,67.9,9.2,91.2,63.0,48.8,36.9,33.6,69.5,72.7,28.299999999999997,85.4,6.8,7.400000000000006,5.9,62.0,32.8,38.6,33.9,32.7,30.1,62.2,33.0,32.0,37.2,67.7,33.1,-3.1000000000000014,-63.0,-38.900000000000006,-34.5,3.1000000000000014,63.0,38.900000000000006,34.5,26.1432,21.746700000000004,11.904000000000002,25.715413665737522,13.522,42.93470000000001,22.408700000000003,27.456920803323882,1.0644875137765113,19.9,39.599999999999994,1.2023805927313373,33.0,60.2,0.009999999999990905,0.0,0.010000000000005116,27.21,92.930447680369,1.5,40.2597,10.5984,76.81808169317667,0.7944414320122066,78.73018308445224,2.993681369241151,0.7089,0.7089,697.5300000000007,0.1008760868850122,10.509,-697.5300000000007,9.911966090642323,10.509,52.00000000000001,42.525000000000006,1,67.34194565657515,1.1999999999999993,-1.4000000000000004,7.984063544428834
73,2016 Pittsburgh,2016,Pittsburgh,Region 2,10,First Round,1,Jamie Dixon,2016 Jamie Dixon,ACC,ACC,2016 ACC,2016 Pittsburgh,2016 Pittsburgh,13.6,34.1,23.6,15.5,8.5,10.9,39.7,16.7,12.7,4.0,115.484,100.7173,16.2013,78.58,1.7,2.07,35.86,20.49,21.84,24.97,16.16,16.54,34.72,33.4,14.66,11.83,5.4,23.73,25.1,20.4,14.93,15.84,1.771799434,115.29776,101.77606575,0.863312917,51.3,49.5,36.6,67.4,82.6,17.1,37.4,27.5,66.4,50.7,51.3,35.1,64.2,9.4,91.5,62.9,45.1,30.8,34.3,66.6,75.8,33.599999999999994,91.9,5.8,9.599999999999994,6.2,60.7,32.9,41.8,35.6,41.2,36.5,63.2,30.1,35.0,30.6,64.6,34.4,1.7999999999999972,-65.5,-35.099999999999994,-30.800000000000004,-1.7999999999999972,65.5,35.099999999999994,30.800000000000004,25.3005,25.748000000000005,10.71,25.594139954294228,15.475999999999999,41.245599999999996,22.222399999999997,25.68164065371733,1.2646645534459655,13.5,38.699999999999996,1.2150809569489263,30.1,58.199999999999996,0.0,-0.010000000000005116,0.0,35.86,96.29042455259365,-1.4000000000000057,42.373799999999996,8.464500000000001,80.63534106600956,0.758736324049167,78.06749474494721,2.5918050686742133,1.1321999999999999,1.1321999999999999,509.6400000000003,0.10273111769270281,32.085,-509.6400000000003,9.733007126901393,17.595,54.14000000000001,39.685,1,69.08738850079476,-2.8000000000000007,-4.5,8.966039438711732
74,2016 Michigan,2016,Michigan,Region 2,11,First Round,1,John Beilein,2016 John Beilein,Big 10,B10,2016 B10,2016 Michigan,2016 Michigan,13.1,34.8,16.6,11.5,9.6,8.9,40.3,13.7,9.2,4.5,115.094,99.46,14.5538,77.91,1.39,1.42,30.34,20.23,22.09,22.03,18.27,17.38,45.39,17.81,13.28,13.29,10.23,17.7,18.99,22.62,16.75,23.93,0.880740916,114.7150969,100.26468048,0.833302411,55.0,48.8,28.4,73.2,85.3,17.7,24.4,26.3,66.0,52.9,49.3,38.4,65.3,5.9,90.4,56.7,46.4,44.5,36.7,66.5,73.9,27.099999999999994,89.4,5.9,4.900000000000006,6.6,67.2,31.0,33.7,29.6,34.3,24.7,62.1,34.0,38.0,44.3,65.3,36.4,6.200000000000003,-67.6,-49.3,-44.800000000000004,-6.200000000000003,67.6,49.3,44.800000000000004,26.106600000000004,25.3061,16.834,26.01209654500511,10.298600000000002,44.8832,23.769199999999998,28.232369129541123,0.8329383083903299,25.3,36.9,0.9944781736765476,34.0,63.8,1.4210854715202004e-14,-1.4210854715202004e-14,0.009999999999990905,30.34,97.85528556679449,-1.5,46.915,8.637599999999999,77.13717843800308,0.6889345208442182,77.1552879411172,3.156247874294265,0.9243499999999999,0.9243499999999999,115.04000000000065,0.06526476477030121,16.33,-115.04000000000065,15.319437383494321,13.632,52.465,40.185,3,68.74977008761738,-2.3000000000000007,-5.1,9.071771850272972
75,2016 Chattanooga,2016,Chattanooga,Region 2,12,First Round,1,Matt McCall,2016 Matt McCall,Southern,SC,2016 SC,2016 Chattanooga,2016 Chattanooga,8.3,35.7,7.7,2.2,3.4,6.1,41.2,8.2,4.1,4.1,107.156,100.2616,7.41784,76.95,-1.08,2.3,31.12,20.71,21.3,19.84,18.35,19.81,30.02,27.29,19.88,13.34,9.47,22.92,26.61,21.68,16.28,12.51,0.552237768,105.9169148,99.7641437,0.653392139,51.8,50.2,42.0,69.2,82.1,20.3,32.4,28.9,67.4,50.4,50.0,36.1,67.0,13.4,89.1,55.7,50.3,37.1,36.3,67.1,73.3,32.900000000000006,89.5,9.8,11.400000000000006,6.0,62.2,38.0,38.5,35.3,33.4,25.1,62.8,28.6,35.6,37.0,66.3,36.1,1.5999999999999943,-61.8,-38.7,-27.200000000000003,-1.5999999999999943,61.8,38.7,27.200000000000003,32.407,21.5554,13.172,26.362141415294776,14.2745,41.8951,23.934299999999997,25.439405129313325,1.2918569768384638,24.9,47.8,1.1440126312290517,28.6,58.7,-0.010000000000019327,0.0,-1.4210854715202004e-14,31.12,98.88439702402691,-0.9000000000000057,42.52779999999999,10.190600000000002,81.85871497225457,0.6988619967127138,78.39801004775846,2.8098988883302596,-0.72468,-0.72468,801.9199999999996,0.1503911291680228,5.06,-801.9199999999996,6.648757555406313,7.819999999999999,54.02499999999999,41.315000000000005,0,67.66894491618886,1.8999999999999995,0.6999999999999997,8.187534534312896
76,2016 Stony Brook,2016,Stony Brook,Region 2,13,First Round,1,Steve Pikiell,2016 Steve Pikiell,Amerian East,AE,2016 AE,2016 Stony Brook,2016 Stony Brook,11.4,32.8,13.4,6.3,5.9,9.1,39.3,15.0,9.5,5.5,107.481,101.0567,8.53773,76.68,-0.92,2.27,24.27,29.34,18.51,16.6,14.02,21.52,44.27,27.49,13.42,8.1,6.71,29.41,22.3,18.92,17.9,11.47,-0.960471375,106.0510296,101.29403168,0.695383995,53.2,52.7,32.5,72.4,82.8,18.5,34.4,25.8,67.6,51.9,54.8,37.5,65.8,12.3,93.7,58.0,52.4,29.3,34.9,67.6,66.8,29.0,92.6,4.1,16.0,2.2,60.5,43.5,47.4,37.2,35.4,27.7,62.9,28.3,37.2,28.8,65.9,34.4,0.5,-64.3,-39.8,-39.900000000000006,-0.5,64.3,39.8,39.900000000000006,30.1141,20.5194,10.713600000000001,26.68887096400545,17.9848,40.470299999999995,22.6696,22.852935624699658,1.6527203916530675,22.3,47.6,1.1453155431528157,28.3,60.599999999999994,0.010000000000005116,0.010000000000005116,0.0,24.27,94.10325343939559,-0.4000000000000057,44.0496,9.749500000000001,82.25801777901155,0.7116477098440509,77.18079081527704,3.046334515435148,-0.62192,-0.62192,71.39999999999964,0.1312686097266838,14.301,-71.39999999999964,7.617266888870824,13.393,53.73500000000001,41.725,2,67.88917475963646,3.2,-0.40000000000000036,8.135607182827233
77,2016 Stephen F. Austin,2016,Stephen F. Austin,Region 2,14,Second Round,1,Brad Underwood,2016 Brad Underwood,Southland,Slnd,2016 Slnd,2016 Stephen F. Austin,2016 Stephen F. Austin,10.4,34.5,22.1,9.4,11.1,8.5,40.3,21.1,12.4,8.5,111.339,103.0664,14.405,75.08,-3.07,2.17,34.07,16.42,22.92,28.56,19.57,12.54,28.58,28.67,29.39,8.38,4.97,30.09,24.29,26.43,8.75,10.44,-1.064298138,108.4644545,102.43039004,0.771596695,55.5,50.4,33.9,59.9,81.8,25.9,33.5,29.7,69.1,55.1,50.5,37.5,66.8,9.3,93.1,64.4,47.7,36.4,30.6,68.4,74.4,32.900000000000006,89.1,5.0,13.0,5.1,66.9,32.4,42.9,43.6,41.6,30.7,62.9,25.8,36.8,36.9,67.2,30.7,5.100000000000001,-55.9,-36.8,-26.0,-5.100000000000001,55.9,36.8,26.0,26.1306,26.3504,13.579199999999998,24.24444953661215,19.3674,36.858599999999996,20.630399999999998,24.716121594349442,1.0135226687623642,19.3,37.4,1.5862675482883295,25.8,51.3,-0.009999999999990905,0.010000000000005116,0.0,34.07,93.86703823589288,0.4000000000000057,45.398999999999994,13.0536,79.02334614499149,0.869084087934036,78.71662819289762,2.6207351244437116,-2.09988,-2.09988,551.45,0.09989151566578233,20.398,-551.45,10.00967637888399,24.087,54.43500000000001,41.559999999999995,2,70.73532744137296,3.0,-2.5999999999999996,8.30254280208873
78,2016 Weber St.,2016,Weber St.,Region 2,15,First Round,1,Randy Rahe,2016 Randy Rahe,Big Sky,BSky,2016 BSky,2016 Weber St.,2016 Weber St.,7.5,36.4,4.2,0.4,-0.1,6.9,40.6,7.7,6.2,1.5,103.593,99.149,2.74146,76.78,0.35,1.39,34.46,24.3,20.04,15.15,20.33,20.17,44.27,36.55,7.8,4.69,6.7,33.81,25.97,14.23,13.81,12.18,-3.501775216,102.8838927,100.36156903,0.591123369,54.9,52.8,46.6,71.2,80.3,15.5,26.0,25.2,68.5,55.5,54.9,36.0,64.8,7.6,95.2,52.1,58.7,42.1,27.4,67.9,67.7,33.099999999999994,89.2,12.2,12.799999999999997,2.8,65.0,32.8,46.9,38.2,42.6,25.3,63.6,34.6,35.5,41.9,64.4,27.2,2.1000000000000014,-64.8,-48.8,-24.6,-2.1000000000000014,64.8,48.8,24.6,32.2024,25.6523,14.874500000000001,24.261268859370624,18.2742,39.522400000000005,17.5168,24.138126825971124,1.0739600486861889,24.7,45.0,1.5072975258262564,34.6,59.0,0.010000000000005116,-0.009999999999990905,0.0,34.46,96.75377603976558,-0.09999999999999432,44.0847,8.184,77.94725450121139,0.616560750760346,76.94391792679174,2.9795441855743356,0.23765,0.23765,798.1000000000004,0.07983109421119525,0.5559999999999999,-798.1000000000004,12.524667806867518,-0.13899999999999998,54.225,40.715,1,70.53428028951497,5.8,1.6,7.948108925869894
79,2016 Florida Gulf Coast,2016,Florida Gulf Coast,Region 2,16,First Round,1,Joe Dooley,2016 Joe Dooley,Atlantic Sun,ASun,2016 ASun,2016 Florida Gulf Coast,2016 Florida Gulf Coast,7.0,37.0,3.9,0.3,6.6,6.5,41.4,7.0,5.7,1.3,102.917,95.693,-1.39023,77.34,1.0,1.33,33.19,19.12,23.96,20.78,17.92,18.23,29.88,38.84,14.78,12.1,4.4,26.71,26.73,20.94,13.82,11.8,-8.268374523,102.3194176,96.9522875,0.479619946,51.2,51.9,36.4,63.9,83.1,16.2,31.5,27.5,69.0,50.9,51.0,34.6,69.0,10.6,92.7,45.7,52.8,24.4,36.7,67.7,64.5,30.5,91.2,4.9,10.599999999999994,3.9,59.5,46.3,45.2,42.1,38.7,29.0,64.3,21.5,34.2,24.7,68.9,36.3,-0.6999999999999957,-66.89999999999999,-41.0,-27.5,0.6999999999999957,66.89999999999999,41.0,27.5,32.0173,19.6704,8.4474,25.985765334120913,19.4426,38.8352,25.0107,26.500628923354505,2.0727905752803526,21.0,51.199999999999996,1.267182722239057,21.5,54.0,-0.010000000000005116,0.0,1.4210854715202004e-14,33.19,97.52393053409239,-0.29999999999999716,42.547200000000004,8.4078,83.70285438632855,0.5453395544205917,77.1881790624668,3.1240754984912122,0.677,0.677,398.8499999999997,0.11434612355853765,0.399,-398.8499999999997,8.744458069993398,8.778,53.01500000000001,39.895,0,68.26622076462328,5.4,-5.3,8.254801763955943
80,2016 Virginia,2016,Virginia,Region 3,1,Elite Eight,2,Tony Bennett,2016 Tony Bennett,ACC,ACC,2016 ACC,2016 Virginia,2016 Virginia,17.3,31.6,36.9,22.1,12.3,11.9,38.2,26.4,16.2,10.3,120.224,108.8712,29.0952,77.9,1.44,1.98,31.84,24.06,17.55,21.02,19.71,17.66,42.55,36.34,7.58,7.12,6.41,26.11,22.8,19.71,17.81,13.57,8.650756068,119.4840926,108.07196173,0.953248863,54.4,51.3,32.4,66.3,84.7,19.7,30.6,25.9,61.2,51.9,53.5,40.5,65.1,9.5,94.2,55.7,51.8,28.1,37.3,61.6,75.4,30.400000000000006,96.9,9.2,8.299999999999997,6.1,68.6,36.4,39.2,30.8,36.3,35.2,67.6,32.5,40.2,28.4,65.4,36.7,3.1000000000000014,-65.0,-43.5,-33.9,-3.1000000000000014,65.0,43.5,33.9,33.8852,24.1944,11.4168,28.215244106688143,12.5799,45.9718,24.001800000000003,27.733178084501365,1.6055772684060419,14.799999999999997,45.599999999999994,1.0054221955805018,32.5,63.1,0.0,0.0,0.0,31.84,97.30341883118642,-6.399999999999999,46.0768,10.106099999999998,81.91241170043644,0.6936401788271628,77.40502669507543,3.385399647081891,0.8870399999999999,0.8870399999999999,427.4399999999998,0.10084818632498592,43.758,-427.4399999999998,9.914745816229871,24.354000000000003,53.915000000000006,40.57,2,68.19607909374845,-5.900000000000002,-2.0,8.54267205034894
81,2016 Michigan St.,2016,Michigan St.,Region 3,2,First Round,1,Tom Izzo,2016 Tom Izzo,Big 10,B10,2016 B10,2016 Michigan St.,2016 Michigan St.,19.1,33.6,40.8,30.0,9.9,14.7,38.8,31.0,24.4,6.6,123.022,106.6592,29.6807,77.18,0.27,1.82,40.6,20.79,17.35,21.22,22.44,18.2,41.66,29.79,12.14,10.5,5.91,28.74,26.1,20.74,14.87,9.55,7.351622073,121.4119213,105.15409409,0.944786877,56.0,57.4,30.0,66.0,82.5,14.2,37.2,24.2,66.9,51.1,58.7,43.4,69.8,13.2,91.6,71.4,51.3,35.3,32.5,67.6,73.0,28.299999999999997,91.5,10.6,22.0,3.0,63.6,33.2,46.8,30.4,38.5,31.1,67.8,37.1,43.3,35.7,68.9,32.5,-1.3999999999999986,-68.3,-38.599999999999994,-36.0,1.3999999999999986,68.3,38.599999999999994,36.0,30.814200000000007,27.431600000000003,15.4581,24.11049218355638,14.887199999999998,47.5463,22.3925,22.066018369127374,1.226856390577295,18.9,43.800000000000004,1.0276606873634657,37.1,66.6,0.0,1.4210854715202004e-14,0.0,40.6,97.85940428852153,-0.4000000000000057,46.199999999999996,8.150799999999998,79.75907194677636,0.8321581333550891,75.20428133858691,2.931261070795954,0.18252,0.18252,322.2000000000003,0.14410323031407954,54.6,-322.2000000000003,6.938868267555488,18.018,54.965,41.25,3,71.06850606280526,-5.600000000000001,-3.3000000000000007,9.034011749462312
82,2016 Utah,2016,Utah,Region 3,3,Second Round,1,Larry Krystowiak,2016 Larry Krystowiak,Pac 12,P12,2016 P12,2016 Utah,2016 Utah,16.4,34.0,24.2,18.2,7.0,11.4,40.0,20.0,14.3,5.7,115.673,102.4399,18.1129,77.57,3.42,2.01,28.11,28.62,20.0,19.62,17.82,13.94,43.99,35.84,8.19,9.2,2.78,31.43,24.37,17.86,15.81,10.53,5.674658079,115.242655,102.66206251,0.874548447,55.2,52.6,38.4,76.6,82.2,15.2,29.0,28.0,67.3,55.8,56.2,36.0,63.2,10.0,89.5,56.9,58.0,37.6,31.9,67.0,71.7,28.0,86.5,6.1,14.5,3.7,65.1,43.0,46.6,33.9,34.8,19.6,64.5,34.3,36.3,37.4,62.9,31.9,2.6000000000000014,-67.0,-43.0,-38.199999999999996,-2.6000000000000014,67.0,43.0,38.199999999999996,33.2695,20.397,13.576199999999998,24.833898203866422,16.3339,42.188599999999994,20.065099999999997,23.20493841118021,1.3127991230181013,30.4,49.1,1.178646437415755,34.3,62.4,0.0,-1.4210854715202004e-14,0.0,28.11,94.61658101203334,-1.0,45.37440000000001,7.9952,78.47547943044162,0.6709826535064445,78.91051776320569,3.258243918880962,2.2914,2.2914,608.4800000000005,0.11173059518888057,36.581999999999994,-608.4800000000005,8.949105089491052,14.069999999999999,54.190000000000005,41.93000000000001,1,69.15422978056405,-3.8999999999999986,-1.2999999999999998,8.79168134992957
83,2016 Iowa St.,2016,Iowa St.,Region 3,4,Sweet 16,2,Steve Prohm,2016 Steve Prohm,Big 12,B12,2016 B12,2016 Iowa St.,2016 Iowa St.,19.7,32.0,25.0,19.1,11.0,13.7,39.0,18.5,14.6,3.7,121.033,100.0424,21.0754,77.46,0.0,2.43,18.97,21.34,25.76,18.63,17.53,16.73,46.11,17.45,14.02,13.56,8.86,27.34,22.67,19.26,17.22,13.52,3.52232294,120.388238,101.14693185,0.906064606,56.8,50.5,25.5,75.8,84.0,17.1,27.3,30.7,71.7,56.7,51.0,38.0,66.4,10.1,93.0,53.0,49.9,35.0,35.7,72.3,70.6,31.5,91.0,10.3,11.700000000000003,5.3,68.5,35.5,34.900000000000006,32.2,42.4,29.4,66.0,32.3,38.7,35.1,66.5,35.5,6.299999999999997,-66.9,-42.0,-50.3,-6.299999999999997,66.9,42.0,50.3,33.6905,26.049300000000002,13.5837,24.471820528926735,11.857900000000003,44.9255,23.6075,26.545228698707167,1.304806130879462,20.6,45.8,1.0563082730063942,32.3,62.5,0.009999999999990905,0.0,-0.010000000000005116,18.97,96.337900875181,4.299999999999997,47.711999999999996,8.6355,78.75870874669606,0.6393167754309356,79.62900990386704,3.1185550903068555,0.0,0.0,-587.3999999999999,0.10860098278513133,46.413000000000004,587.3999999999999,9.207009207009207,26.73,53.005,41.985,3,71.08129890262698,-4.500000000000002,-7.3,9.5980494465402
84,2016 Purdue,2016,Purdue,Region 3,5,First Round,1,Matt Painter,2016 Matt Painter,Big 10,B10,2016 B10,2016 Purdue,2016 Purdue,12.7,32.5,27.7,14.9,11.1,9.7,39.9,23.8,14.3,9.5,117.0,107.5939,24.5939,78.56,5.3,1.52,38.35,32.16,20.97,18.22,14.78,13.87,37.77,26.29,14.59,3.4,17.95,30.54,29.45,14.91,14.69,10.41,4.450236509,116.5625648,107.23861675,0.93255238,53.7,55.7,35.1,72.3,82.5,13.8,35.3,23.3,67.9,52.9,57.0,36.8,68.7,11.6,92.1,64.0,48.7,35.5,33.0,68.8,74.2,29.299999999999997,89.0,6.9,14.900000000000006,4.8,71.1,28.2,42.7,28.3,38.5,36.1,67.6,38.5,36.7,35.8,68.6,33.1,-2.0,-68.7,-41.400000000000006,-37.199999999999996,2.0,68.7,41.400000000000006,37.199999999999996,26.191199999999995,27.037100000000002,13.138599999999999,25.585331083780538,12.799300000000002,48.7326,22.706599999999998,25.373279908859494,0.9804195413535937,13.899999999999999,35.1,0.9999697894323435,38.5,66.9,0.0,-1.4210854715202004e-14,1.4210854715202004e-14,38.35,92.63793167649199,0.7999999999999972,44.3025,7.686600000000001,79.90969242789627,0.7424507836336005,74.7757848975343,2.7826981315353407,3.6464,3.6464,486.0300000000002,0.12594868676778753,22.648,-486.0300000000002,7.938970778381174,16.872,54.43000000000001,41.235,1,69.68969597412651,-0.5999999999999996,-1.5999999999999996,8.374121357053168
85,2016 Seton Hall,2016,Seton Hall,Region 3,6,First Round,1,Kevin Willard,2016 Kevin Willard,Big East,BE,2016 BE,2016 Seton Hall,2016 Seton Hall,13.3,30.2,28.1,13.9,10.1,8.3,38.1,21.4,10.8,10.6,111.433,106.2359,17.6691,77.8,0.77,1.14,27.05,15.08,11.11,24.61,27.35,21.85,31.54,32.16,18.78,7.32,10.2,29.93,22.06,19.38,14.49,14.14,5.299286341,111.1485581,107.49489644,0.892010537,50.2,54.7,40.6,66.3,80.5,19.2,35.0,30.7,70.7,49.1,55.7,35.3,68.4,11.7,90.1,51.3,49.1,29.6,33.1,70.3,66.6,32.099999999999994,89.7,4.1,11.799999999999997,3.8,58.3,40.1,50.4,39.3,36.4,30.2,62.9,27.7,34.7,29.7,68.2,33.0,-4.5,-61.3,-34.3,-25.699999999999996,4.5,61.3,34.3,25.699999999999996,27.055999999999997,21.2987,10.305900000000001,25.643891410366457,20.255599999999998,39.9293,22.506,25.467806475365457,1.488165381636982,19.8,44.2,1.3060210296657677,27.7,56.900000000000006,0.0,1.4210854715202004e-14,1.4210854715202004e-14,27.05,93.2558247353735,2.299999999999997,40.411,10.502400000000002,84.9411633068794,0.6348931325107362,78.93159764654942,2.5178195989949232,0.54131,0.54131,575.7300000000005,0.1298542746473402,15.845999999999998,-575.7300000000005,7.700196564396205,11.514,53.295,42.76500000000001,2,68.11250181934359,-3.0999999999999996,0.5,7.989105009652954
86,2016 Dayton,2016,Dayton,Region 3,7,First Round,1,Archie Miller,2016 Archie Miller,Atlantic 10,A10,2016 A10,2016 Dayton,2016 Dayton,12.8,30.7,22.2,11.6,8.0,9.3,37.5,18.2,11.0,7.2,106.934,106.4093,13.3434,76.75,-0.52,1.56,34.81,17.84,20.71,25.16,18.33,17.96,36.57,29.96,19.32,5.91,8.24,22.94,22.9,20.85,16.26,17.05,2.55507158,106.8041075,107.37556826,0.837276173,52.0,53.1,41.0,67.5,81.2,17.9,28.9,23.6,68.8,52.0,56.3,34.7,65.1,12.3,91.9,57.5,45.0,34.8,36.7,68.5,67.3,34.099999999999994,92.8,5.8,17.799999999999997,3.8,65.5,34.6,41.4,27.7,35.8,30.4,68.1,35.5,34.5,35.0,65.1,36.8,-1.1000000000000014,-63.300000000000004,-47.5,-26.5,1.1000000000000014,63.300000000000004,47.5,26.5,28.0454,22.958199999999998,12.075,27.745810494559354,12.1442,48.13229999999999,23.956799999999994,23.46614582755336,1.1542527356361247,19.6,40.4,0.855955001222793,35.5,68.5,0.0,1.4210854715202004e-14,0.0,34.81,96.88769378113271,0.5,42.224000000000004,9.5049,78.54958430089481,0.7003568775045371,75.36194220860583,2.393489707994256,-0.35620000000000007,-0.35620000000000007,457.5500000000002,0.13383967530277147,18.096,-457.5500000000002,7.47093732216893,12.48,53.03,40.56,0,67.31819448465916,-0.5999999999999996,-0.7999999999999998,7.549215160562463
87,2016 Texas Tech,2016,Texas Tech,Region 3,8,First Round,1,Tubby Smith,2016 Tubby Smith,Big 12,B12,2016 B12,2016 Texas Tech,2016 Texas Tech,12.0,36.3,19.0,10.6,9.0,9.3,40.3,18.4,12.6,5.8,113.846,100.8788,14.7244,77.59,0.91,1.72,32.67,20.64,20.69,20.94,21.99,15.74,28.84,23.25,22.77,16.3,8.84,23.96,28.55,16.2,14.98,16.31,1.252915355,112.447163,101.45635783,0.820216534,49.9,50.7,43.1,67.1,82.3,18.9,31.7,32.4,66.9,49.2,52.8,34.5,64.8,11.8,91.5,53.2,54.1,30.4,37.9,67.3,74.6,29.599999999999994,95.9,6.1,8.900000000000006,4.9,61.9,36.8,40.5,35.2,35.0,32.8,68.8,27.0,34.6,30.5,64.4,37.8,-0.8000000000000043,-63.4,-35.900000000000006,-23.999999999999993,0.8000000000000043,63.4,35.900000000000006,23.999999999999993,28.629099999999994,22.033,10.552999999999999,28.99936780920118,14.692100000000002,42.919200000000004,24.343200000000003,27.474654987218067,1.4065112619258384,17.200000000000003,42.9,1.0608184968651624,27.0,59.9,1.4210854715202004e-14,0.0,-1.4210854715202004e-14,32.67,97.55679513752939,-0.7000000000000028,41.067699999999995,9.5823,82.06304134677502,0.6559721828337506,81.324091259933,3.0563245014405958,0.61243,0.61243,1229.1000000000004,0.12896033923126524,18.232,-1229.1000000000004,7.753580205067367,15.48,53.34,41.550000000000004,1,66.22103253692396,2.0,-3.2,8.785311826550013
88,2016 Butler,2016,Butler,Region 3,9,Second Round,1,Chris Holtmann,2016 Chris Holtmann,Big East,BE,2016 BE,2016 Butler,2016 Butler,17.2,33.6,25.0,18.8,10.6,11.2,40.0,15.8,12.8,3.1,117.318,98.532,15.8497,77.35,-1.26,2.13,25.81,16.35,20.78,24.66,21.8,16.4,34.5,18.2,14.44,21.91,10.94,24.16,17.75,20.63,22.51,14.94,2.075225837,117.938029,100.63881851,0.877726499,52.5,50.6,39.8,63.8,85.5,18.6,32.8,27.8,70.1,50.0,51.5,38.7,66.1,9.3,89.3,51.3,49.1,30.5,36.9,69.2,73.1,29.0,94.7,4.2,1.9000000000000057,4.4,64.6,35.1,38.7,32.9,34.6,34.3,64.0,30.8,39.2,30.5,66.1,36.3,1.8999999999999986,-66.9,-39.400000000000006,-24.0,-1.8999999999999986,66.9,39.400000000000006,24.0,26.652,23.8238,11.956000000000001,27.635409049502655,12.815900000000001,43.7063,23.994299999999996,29.899205675067684,1.2884823448411529,15.700000000000003,39.300000000000004,1.0275199030329745,30.8,62.7,0.009999999999990905,0.010000000000005116,0.010000000000005116,25.81,96.39977500703081,1.2000000000000028,44.887499999999996,9.411600000000002,84.78903896863373,0.6302133880419158,78.05555224582912,3.385973381146128,-0.87192,-0.87192,1059.1799999999998,0.10414217086034872,40.044,-1059.1799999999998,9.601118159337705,22.578,54.905,40.02,2,67.8326669818918,-6.0,-7.5,9.40646788385617
89,2016 Syracuse,2016,Syracuse,Region 3,10,Final Four,3,Jim Boeheim,2016 Jim Boeheim,ACC,ACC,2016 ACC,2016 Syracuse,2016 Syracuse,14.6,29.7,22.0,12.2,9.3,10.0,37.4,17.3,9.6,7.7,111.357,104.493,15.8501,78.57,0.65,1.71,15.93,16.82,17.96,26.34,21.51,17.38,38.12,36.97,10.75,6.32,7.85,28.65,26.76,14.96,18.33,11.31,-0.295413278,110.8125702,105.38879015,0.86029459,50.4,52.5,35.5,70.6,81.7,20.6,33.0,35.3,65.2,47.6,51.3,36.1,69.6,11.9,91.5,58.7,34.3,43.2,40.3,65.7,68.3,33.3,87.8,9.6,10.200000000000003,7.7,60.8,32.6,39.2,34.6,29.7,25.2,68.6,25.8,36.0,42.1,69.3,39.7,-2.1000000000000014,-61.1,-31.700000000000003,-35.099999999999994,2.1000000000000014,61.1,31.700000000000003,35.099999999999994,28.2496,22.6404,15.156,26.472926421786717,14.348600000000003,45.210899999999995,27.5121,28.159116345037056,1.002351488088169,24.8,42.2,1.0654643459862474,25.8,57.699999999999996,-0.010000000000005116,-0.009999999999990905,-0.010000000000005116,15.93,96.0120782354715,-2.299999999999997,41.1768,10.815000000000001,81.1988676404196,0.7392853994282187,76.82237983286852,1.8742145237965138,0.42705000000000004,0.42705000000000004,73.67000000000053,0.13005322346203865,20.862,-73.67000000000053,7.688429543735821,15.903,52.510000000000005,43.8,1,66.92906750266965,-2.5999999999999996,-1.6000000000000005,8.15678412157636
90,2016 Gonzaga,2016,Gonzaga,Region 3,11,Sweet 16,2,Mark Few,2016 Mark Few,WCC,WCC,2016 WCC,2016 Gonzaga,2016 Gonzaga,17.1,31.4,28.8,19.0,16.6,12.3,38.1,20.9,15.3,5.7,116.44,102.8356,19.2756,78.63,5.31,1.79,22.59,24.86,28.88,10.95,18.06,17.25,41.83,22.58,16.97,8.24,10.37,36.14,20.94,14.44,14.78,13.7,2.200809607,116.9822151,103.65526096,0.903088725,55.3,54.9,35.9,71.7,83.5,14.9,31.9,25.9,68.3,54.6,55.1,37.6,69.7,7.4,92.4,49.6,56.2,35.9,33.1,68.2,76.0,29.299999999999997,85.0,3.1,11.400000000000006,3.1,65.0,33.3,45.5,34.4,43.1,31.1,66.1,32.8,37.8,35.6,69.7,32.8,0.3999999999999986,-68.6,-42.2,-35.800000000000004,-0.3999999999999986,68.6,42.2,35.800000000000004,24.28,26.8609,13.456800000000001,21.662159787672756,16.0054,44.542399999999994,22.8616,26.73441913838164,1.0224431897980393,18.9,36.4,1.1432578275052592,32.8,62.5,0.0,0.010000000000005116,0.0,22.59,93.00531273036457,0.20000000000000284,46.17549999999999,8.1801,82.7071307802939,0.5828368644316754,76.39790379186294,3.405854190655112,3.62142,3.62142,627.5900000000001,0.08008571335808054,34.01,-627.5900000000001,12.484799351438994,29.714000000000002,54.760000000000005,41.620000000000005,2,72.71361391218893,-3.6999999999999993,-10.900000000000002,8.822816973723363
91,2016 Little Rock,2016,Little Rock,Region 3,12,Second Round,1,Chris Beard,2016 Chris Beard,Sun Belt,SB,2016 SB,2016 Arkansas Little Rock,2016 Little Rock,8.2,36.8,15.3,6.8,8.8,6.4,41.3,15.8,8.0,7.9,108.951,104.3756,13.3265,76.15,0.3,2.35,36.88,17.26,23.64,14.88,21.88,22.33,32.75,25.94,19.52,11.3,10.5,0.02,47.06,52.9,0.01,0.01,2.203393794,106.9024049,104.42320126,0.783781611,52.4,54.9,31.4,61.7,84.1,21.4,26.9,30.1,64.1,49.4,54.9,38.7,69.9,9.9,92.3,51.5,48.2,34.7,40.0,63.9,73.2,31.0,86.1,3.0,16.700000000000003,2.9,60.4,32.5,45.8,34.2,37.6,32.5,65.4,25.6,38.2,35.1,69.1,40.2,-2.5,-62.699999999999996,-43.0,-30.300000000000004,2.5,62.699999999999996,43.0,30.300000000000004,22.212999999999997,25.6282,13.4082,22.94956426601603,16.1479,44.5206,27.778200000000002,23.98784414378805,1.0113671975157403,17.5,35.5,0.922862615357827,25.6,62.9,0.009999999999990905,-0.009999999999990905,-1.4210854715202004e-14,36.88,96.26051875255403,-4.100000000000001,44.0684,11.7486,80.95981551758693,0.6552079490082824,78.03714872052964,3.031255895855606,0.19169999999999998,0.19169999999999998,385.78,0.10725777618877369,15.98,-385.78,9.322290677709322,20.680000000000003,52.075,42.58500000000001,2,70.7744038765882,1.2000000000000002,-0.9000000000000004,7.938259150039375
92,2016 Iona,2016,Iona,Region 3,13,First Round,1,Tim Cluesss,2016 Tim Cluesss,MAAC,MAAC,2016 MAAC,2016 Iona,2016 Iona,13.5,37.6,8.7,11.4,1.3,10.4,41.4,13.8,13.9,-0.2,110.602,97.232,7.8333,76.58,-0.09,2.18,29.61,19.49,20.52,22.97,25.89,11.13,40.2,31.92,13.0,9.53,5.34,26.14,24.46,17.92,18.93,12.55,-3.348433354,108.8831242,97.2462476,0.66067559,53.8,51.5,32.5,63.8,82.4,19.4,29.4,31.3,72.3,52.3,54.2,37.2,64.5,10.7,91.5,60.7,46.6,44.2,36.1,72.6,71.2,30.5,89.5,5.1,12.799999999999997,3.7,57.8,39.4,46.3,40.5,40.0,16.7,67.1,23.5,36.9,43.9,64.1,36.1,2.299999999999997,-63.00000000000001,-39.3,-31.299999999999997,-2.299999999999997,63.00000000000001,39.3,31.299999999999997,27.337699999999995,22.879099999999998,16.199099999999998,24.126679561569734,19.2251,38.90859999999999,23.140099999999997,24.934764887602206,1.0136443361199063,33.3,44.5,1.2243428159884768,23.5,55.8,0.0,0.009999999999990905,-1.4210854715202004e-14,29.61,94.46103800338005,4.599999999999994,44.3312,9.991,78.51390597855882,0.753092393394623,80.23696765891913,2.647576842224874,-0.06534,-0.06534,368.10000000000014,0.11693861269275745,24.852000000000004,-368.10000000000014,8.550602747406785,2.8340000000000005,52.87500000000001,41.28,2,69.90848364095838,2.5,-1.5,8.87494472041385
93,2016 Fresno St.,2016,Fresno St.,Region 3,14,First Round,1,Rodney Terry,2016 Rodney Terry,Mountain West,MWC,2016 MWC,2016 Fresno St.,2016 Fresno St.,10.4,35.4,12.2,6.7,8.3,7.7,40.2,11.6,7.4,4.4,107.084,99.615,6.69862,77.19,0.55,2.29,34.29,18.3,17.83,23.9,24.3,15.67,36.02,26.99,21.49,6.91,8.59,27.56,19.96,18.72,17.93,15.84,-0.715542837,105.5446182,100.09408661,0.652808301,48.2,51.5,38.1,53.6,85.1,20.8,30.3,29.0,70.1,46.8,52.1,34.3,67.1,11.1,92.3,50.0,46.4,30.2,39.3,69.9,69.6,30.799999999999997,93.7,6.8,8.5,7.4,62.5,32.6,37.9,34.0,33.4,37.1,69.0,26.7,34.4,30.3,67.0,39.3,-3.299999999999997,-64.3,-40.7,-15.5,3.299999999999997,64.3,40.7,15.5,26.7466,22.8146,10.4232,28.524024961425063,13.514999999999999,44.754,26.331,28.526128373825983,1.3002871192369887,12.899999999999999,39.4,1.053408310221114,26.7,58.6,0.0,0.0,-0.009999999999990905,34.29,96.12547422256607,1.9000000000000057,41.0182,10.712000000000002,83.02297017527269,0.6313051602883801,78.11091829918007,3.1138849741628065,0.38445000000000007,0.38445000000000007,1000.8799999999999,0.12025871875710989,15.343,-1000.8799999999999,8.314566255292316,19.007,52.33,39.64,1,66.25375150797926,0.7000000000000002,-3.9000000000000004,8.24967876646322
94,2016 Middle Tennessee,2016,Middle Tennessee,Region 3,15,Second Round,1,Kermit Davis Jr,2016 Kermit Davis Jr,Conference USA,CUSA,2016 CUSA,2016 Middle Tennessee,2016 Middle Tennessee,9.6,34.3,16.0,8.6,8.9,7.8,39.5,15.6,9.9,5.7,103.144,100.79,3.93408,76.69,-1.21,1.75,32.57,22.05,22.49,18.97,17.96,18.53,27.82,35.12,20.4,10.16,6.51,19.95,26.53,20.69,17.2,15.63,-2.987567744,102.2266804,101.44828909,0.60372971,51.8,51.5,35.7,57.2,82.8,19.4,28.2,25.5,69.2,48.2,52.8,38.9,65.9,9.7,92.5,50.3,50.7,35.7,33.8,68.6,60.7,33.2,92.6,5.5,11.099999999999994,3.8,62.0,31.9,39.2,34.1,33.2,33.1,66.4,32.3,39.9,35.0,64.6,33.6,0.29999999999999716,-63.4,-46.3,-21.5,-0.29999999999999716,63.4,46.3,21.5,24.871,24.9542,13.965,26.778022705196136,13.789000000000001,43.1528,21.7056,25.977859162499644,1.068540898831462,16.9,37.4,1.1279426207553347,32.3,62.1,0.0,-0.010000000000005116,0.0,32.57,97.89132743177136,0.5999999999999943,42.89039999999999,9.991,82.55998315795027,0.6240617362067468,76.92134085540863,2.9475030521481305,-0.8300599999999999,-0.8300599999999999,267.95000000000005,0.1048637312029059,15.049999999999999,-267.95000000000005,9.535099474281003,15.575000000000001,52.415000000000006,39.13,1,68.00867886659667,1.3000000000000007,-3.2,7.733453383734659
95,2016 Hampton,2016,Hampton,Region 3,16,First Round,1,Edward Joyner Jr.,2016 Edward Joyner Jr.,MEAC,MEAC,2016 MEAC,2016 Hampton,2016 Hampton,7.5,39.2,-2.2,1.2,0.9,5.3,42.9,1.5,2.8,-1.2,99.7519,93.439,-6.80879,76.04,-1.48,2.29,29.87,15.98,23.92,19.7,23.74,16.66,37.39,35.27,11.16,8.74,7.45,27.82,33.87,12.89,10.36,15.07,-6.14599344,98.04318448,93.097829,0.26996109,47.2,52.0,42.0,63.6,81.1,16.9,34.9,27.4,71.9,47.6,52.8,30.9,66.8,9.0,90.0,47.7,58.5,34.7,32.6,72.1,65.4,27.299999999999997,84.5,5.7,8.900000000000006,4.5,58.0,39.5,42.1,39.2,31.2,25.8,66.7,27.8,30.5,34.7,66.3,33.0,-4.799999999999997,-64.19999999999999,-37.7,-21.6,4.799999999999997,64.19999999999999,37.7,21.6,27.7265,18.6331,10.5835,25.713355803291538,16.903700000000004,40.421600000000005,21.879,27.2775854258889,1.302556122301951,24.2,45.2,1.3242022969000942,27.8,56.3,0.0,-0.009999999999990905,-0.009999999999990905,29.87,96.23303835963253,4.099999999999994,38.2792,8.787999999999998,84.28506584468788,0.574000312872288,77.74121416777703,3.0950743346912852,-1.0670799999999998,-1.0670799999999998,1010.5200000000004,0.09999888890123443,2.7479999999999998,-1010.5200000000004,9.998889012331963,2.061,52.435,40.045,1,66.5035216745882,1.5999999999999999,-2.1,8.175502996575343
96,2016 Kansas,2016,Kansas,Region 1,1,Elite Eight,2,Bill Self,2016 Bill Self,Big 12,B12,2016 B12,2016 Kansas,2016 Kansas,18.3,30.9,36.3,22.5,18.7,12.9,37.4,24.2,15.5,8.7,120.379,109.425,29.804,77.25,1.64,1.86,28.81,17.61,22.38,22.45,18.67,18.89,47.48,24.67,13.26,6.65,7.94,32.34,19.89,17.82,13.87,16.08,11.44620363,120.5346671,108.72012236,0.960724281,55.9,54.7,39.0,62.8,82.2,19.1,32.2,28.8,69.2,52.2,56.7,42.2,67.0,10.2,91.2,54.9,51.3,33.4,32.2,70.1,70.6,28.099999999999994,85.8,8.4,12.5,5.0,64.3,36.4,46.2,31.9,39.1,30.8,65.8,35.6,41.3,32.8,67.5,32.6,1.1999999999999957,-63.1,-39.0,-23.799999999999997,-1.1999999999999957,63.1,39.0,23.799999999999997,30.6124,25.589199999999998,13.546399999999998,21.97018813453054,15.3628,45.4298,22.005,25.564167631015618,1.365812017926283,19.2,44.8,1.1318671206404711,35.6,63.1,0.0,-1.4210854715202004e-14,-1.4210854715202004e-14,28.81,97.74278933194086,2.0999999999999943,45.9498,10.447700000000001,83.51341937563649,0.6786071865613527,78.47325206967732,2.88186056963092,1.1496399999999998,1.1496399999999998,988.72,0.11184087893773093,41.85,-988.72,8.94029997059112,34.782000000000004,55.199999999999996,41.835,2,72.39793933674646,-7.0,-10.0,8.500950413978396
97,2016 Villanova,2016,Villanova,Region 1,2,Champion,3,Jay Wright,2016 Jay Wright,Big East,BE,2016 BE,2016 Villanova,2016 Villanova,17.1,30.8,37.3,23.4,17.5,11.2,38.0,26.6,16.8,9.8,118.299,108.448,26.7471,77.34,0.25,1.71,31.49,17.04,20.48,24.45,18.54,19.49,39.92,15.6,26.81,8.93,8.75,34.4,18.9,23.32,13.22,10.16,8.954203213,118.9102599,109.61626529,0.959085857,54.3,53.7,34.3,68.6,83.6,20.4,28.6,28.7,67.7,56.4,56.1,34.4,66.5,9.7,93.2,60.7,42.7,43.8,37.5,67.3,77.7,33.7,95.8,9.2,10.200000000000003,3.5,70.3,31.0,43.5,30.6,42.1,26.3,67.5,32.0,36.1,42.8,66.2,37.5,0.5999999999999943,-63.199999999999996,-42.7,-34.3,-0.5999999999999943,63.199999999999996,42.7,34.3,30.606599999999993,26.5231,15.4508,27.536203442014294,13.668000000000001,46.425,24.825,26.803544541720594,0.9392303918132756,23.7,40.2,0.9093090850910643,32.0,65.9,1.4210854715202004e-14,-0.009999999999990905,0.0,31.49,97.20776970863791,-0.7000000000000028,45.3948,10.9548,76.58813055372156,0.7625532342558511,77.34328041412577,2.6034997865983773,0.16824999999999998,0.16824999999999998,353.2899999999995,0.1040761365221403,40.013999999999996,-353.2899999999995,9.607256983816104,29.925,53.485,42.61000000000001,0,68.92504376100598,-6.599999999999998,-7.699999999999999,8.40826102592002
98,2016 Miami FL,2016,Miami FL,Region 1,3,Sweet 16,2,Jim Larranaga,2016 Jim Larranaga,ACC,ACC,2016 ACC,2016 Miami FL,2016 Miami FL,14.8,32.2,24.2,14.9,7.6,11.7,39.2,19.5,13.8,5.7,118.848,104.0005,22.848,77.73,3.27,2.22,28.81,16.3,15.11,21.52,23.94,23.13,40.57,29.08,9.83,9.9,10.63,32.13,24.96,18.21,13.37,11.33,6.867984628,118.7929445,104.59032285,0.925588762,53.9,52.0,40.0,71.2,84.0,17.5,30.5,29.2,66.2,53.4,53.1,36.6,66.4,9.0,92.7,49.0,53.8,34.1,29.8,67.2,75.1,29.299999999999997,89.6,8.5,5.799999999999997,4.9,64.8,36.1,42.1,34.2,39.2,29.9,63.8,35.4,37.5,33.9,65.6,30.4,1.8999999999999986,-66.5,-40.3,-31.200000000000003,-1.8999999999999986,66.5,40.3,31.200000000000003,31.0088,24.4333,12.7125,24.6190136547615,14.682400000000001,42.5276,19.9424,27.815028911243886,1.3155954101648921,20.1,44.6,1.2861419032268675,35.4,60.9,0.0,-0.010000000000005116,-1.4210854715202004e-14,28.81,95.96165256571453,-0.7999999999999972,45.275999999999996,9.1,82.13527821927342,0.5939321947612756,79.00383076291664,3.3622898568839443,2.19744,2.19744,917.8400000000001,0.09708633132328669,33.078,-917.8400000000001,10.298855682701923,16.872,54.660000000000004,41.695,0,70.12074813420605,-1.0999999999999996,-1.8999999999999995,8.927527487584312
99,2016 California,2016,California,Region 1,4,First Round,1,Cuonzo Martin,2016 Cuonzo Martin,Pac 12,P12,2016 P12,2016 California,2016 California,10.7,34.5,18.5,7.3,12.4,9.3,39.1,15.9,9.7,6.2,112.902,106.7375,19.6396,79.04,4.54,1.44,31.51,14.66,23.5,20.05,23.22,18.58,38.07,26.73,13.54,11.84,9.83,26.02,25.07,16.74,18.34,13.84,2.294110928,112.519727,106.96444637,0.899047763,52.5,56.0,41.6,62.8,82.5,14.1,32.4,25.7,68.2,51.0,59.1,36.9,64.9,11.1,92.2,48.9,52.6,33.7,26.5,68.8,65.6,29.400000000000006,89.5,6.7,3.5999999999999943,3.7,64.4,35.5,43.7,34.0,35.3,30.8,71.5,39.7,36.3,33.6,65.1,26.4,-3.5,-68.4,-41.900000000000006,-21.199999999999996,3.5,68.4,41.900000000000006,21.199999999999996,28.858500000000003,23.069200000000002,12.196800000000001,25.87680750530611,14.991200000000003,45.5719,17.186399999999995,30.649129949586932,1.2559150025296868,19.2,42.2,1.4279762130222342,39.7,62.3,-0.009999999999990905,-0.010000000000005116,-0.010000000000005116,31.51,96.35469891504145,0.7999999999999972,43.3125,7.895999999999999,84.34914610725399,0.5692599620493358,77.11845364163912,3.0055425404262612,3.1235199999999996,3.1235199999999996,882.6399999999999,0.12038914979230159,10.511999999999999,-882.6399999999999,8.305558057832629,17.855999999999998,54.345000000000006,40.485,0,68.53990971233802,2.3999999999999995,-6.2,8.077439255751205
100,2016 Maryland,2016,Maryland,Region 1,5,Sweet 16,2,Mark Turgeon,2016 Mark Turgeon,Big 10,B10,2016 B10,2016 Maryland,2016 Maryland,17.0,32.2,29.4,19.3,11.2,10.5,38.7,19.9,12.7,7.1,116.294,104.4194,20.7136,78.93,4.71,1.77,26.74,19.7,22.02,19.06,18.1,21.12,43.51,27.64,18.51,4.58,5.77,21.75,26.2,20.9,15.44,15.7,4.01606479,115.1149834,103.56883485,0.884594111,55.6,53.3,35.7,73.1,80.9,16.5,30.2,29.5,67.0,55.2,54.3,37.6,67.7,14.0,91.6,52.9,52.6,37.8,35.6,68.0,75.9,30.0,90.9,11.3,11.799999999999997,5.6,69.5,32.7,40.0,32.3,40.3,28.9,68.8,32.6,36.2,38.4,67.8,35.1,2.3000000000000043,-64.4,-40.3,-37.39999999999999,-2.3000000000000043,64.4,40.3,37.39999999999999,32.998200000000004,25.5475,13.900800000000002,25.80172797830926,13.5808,46.226600000000005,23.797800000000002,27.05475928556748,1.145803494700659,21.1,44.0,1.0797413179111706,32.6,62.1,0.0,-0.010000000000005116,0.010000000000005116,26.74,98.42532543044602,0.0,44.9804,8.7945,80.81316657034805,0.6335253470018323,78.79139619137304,2.753782524475159,3.2028,3.2028,516.6300000000006,0.15283675942402375,34.161,-516.6300000000006,6.542389829297907,19.823999999999998,53.86,42.309999999999995,2,69.65492482065224,-6.600000000000001,-4.1,8.637095816526273
101,2016 Arizona,2016,Arizona,Region 1,6,First Round,1,Sean Miller,2016 Sean Miller,Pac 12,P12,2016 P12,2016 Arizona,2016 Arizona,15.2,32.2,26.9,17.0,13.9,9.3,39.0,17.4,11.0,6.3,117.368,104.5149,21.8831,78.28,5.13,2.02,36.01,19.12,21.97,22.34,19.98,16.59,37.76,34.68,16.16,6.03,5.36,29.99,26.17,17.73,14.24,11.87,3.473822055,116.3979246,104.25470708,0.904323742,53.8,53.7,44.1,70.8,82.1,16.2,35.1,24.9,70.0,52.3,54.5,38.3,67.9,11.4,91.8,51.6,51.4,29.2,31.2,69.1,72.3,28.799999999999997,91.7,10.4,14.099999999999994,5.0,65.7,36.8,39.4,30.2,37.5,33.7,66.0,38.5,38.1,29.5,68.5,31.3,0.09999999999999432,-65.89999999999999,-40.0,-26.699999999999996,-0.09999999999999432,65.89999999999999,40.0,26.699999999999996,33.7144,23.877,11.2395,25.890731932488894,12.6038,46.8505,21.4405,25.58267643021999,1.599945764550354,16.299999999999997,47.199999999999996,1.1245647103926393,38.5,64.8,-1.4210854715202004e-14,0.010000000000005116,0.0,36.01,97.66765139826826,1.0999999999999943,44.169799999999995,8.6994,85.17932519580754,0.6157444421904273,76.11299581626088,2.871347969387184,3.5448299999999993,3.5448299999999993,1149.39,0.12418165379462097,34.34,-1149.39,8.051925269713182,28.078,55.68000000000001,41.13,2,69.22961848080055,-6.0,-7.6000000000000005,8.72967892923469
102,2016 Iowa,2016,Iowa,Region 1,7,Second Round,1,Fran McCaffery,2016 Fran McCaffery,Big 10,B10,2016 B10,2016 Iowa,2016 Iowa,14.6,32.3,25.3,15.5,14.1,10.6,38.9,21.6,14.2,7.5,116.298,105.0579,21.3563,78.47,4.37,2.13,28.92,19.66,24.91,22.19,18.37,14.87,38.69,23.22,24.01,7.97,6.12,30.28,24.13,18.32,13.79,13.47,2.013271932,116.0456918,105.21542118,0.911116055,51.8,52.6,33.4,74.8,85.0,18.9,32.3,31.4,69.3,48.7,52.0,38.2,69.0,12.8,92.5,58.0,46.8,35.1,38.7,70.0,71.9,31.900000000000006,83.1,4.5,9.799999999999997,6.6,65.2,29.0,36.7,31.8,35.3,35.6,66.8,29.9,37.5,35.5,68.7,38.3,-0.8000000000000043,-66.1,-36.300000000000004,-41.4,0.8000000000000043,66.1,36.300000000000004,41.4,22.6475,25.8793,13.3125,23.00498134462766,12.317400000000003,46.2853,26.3121,27.951505624324906,0.9436353905523789,14.399999999999999,33.5,1.002584788908906,29.9,61.6,-1.4210854715202004e-14,-0.010000000000005116,0.010000000000019327,28.92,96.19232354315653,2.0,44.029999999999994,9.941399999999998,81.8068647380849,0.7151576429390513,78.76528376085177,3.1197920138657422,3.059,3.059,15.33999999999969,0.13837688241208204,33.015,-15.33999999999969,7.225997968908679,30.032999999999998,53.44,43.265,3,70.61229822432922,-1.3000000000000007,-6.6,8.569790374732648
103,2016 Colorado,2016,Colorado,Region 1,8,First Round,1,Tad Boyle,2016 Tad Boyle,Pac 12,P12,2016 P12,2016 Colorado,2016 Colorado,10.3,34.3,19.7,8.3,9.7,8.9,39.4,19.1,12.7,6.5,108.785,104.8052,13.5905,78.02,2.51,1.77,36.64,24.5,16.17,25.52,19.19,14.62,33.29,35.36,19.46,7.32,4.57,28.15,22.98,16.49,18.31,14.07,0.72770463,107.8012672,104.63636226,0.803735774,48.4,53.1,40.0,64.5,81.2,15.4,35.0,24.6,71.0,43.7,55.6,38.9,64.7,11.8,88.9,53.4,58.0,32.4,28.8,69.9,73.7,32.099999999999994,95.9,5.5,13.200000000000003,4.8,54.1,36.9,47.4,38.8,31.6,31.1,65.6,32.3,38.7,32.0,64.7,28.8,-4.700000000000003,-65.8,-40.4,-24.5,4.700000000000003,65.8,40.4,24.5,25.2374,22.2116,12.384,28.791477326922056,19.0248,39.8224,18.6336,24.493179322687634,1.324958595043905,18.9,42.4,1.5138363251275995,32.3,56.400000000000006,0.0,0.0,0.0,36.64,95.12686445909823,1.9000000000000057,39.3008,8.1774,86.14172064255735,0.6311982127870829,76.65600253272825,3.0849422903037076,1.75449,1.75449,877.5500000000002,0.13273191527654357,14.691,-877.5500000000002,7.5332598932293875,17.169,52.66,39.685,2,65.67027142751581,4.399999999999999,-3.1999999999999993,7.879634029284526
104,2016 Connecticut,2016,Connecticut,Region 1,9,Second Round,1,Kevin Ollie,2016 Kevin Ollie,American,Amer,2016 Amer,2016 Connecticut,2016 Connecticut,14.4,31.6,27.2,13.5,14.5,9.1,38.6,20.8,9.1,11.7,111.651,107.101,18.752,77.96,2.12,1.97,29.59,13.66,23.44,21.35,21.56,19.99,46.46,19.63,15.44,11.53,6.94,20.87,32.82,23.21,13.37,9.74,1.232848279,110.3819907,106.66381653,0.873138708,52.0,55.8,29.7,65.5,83.5,18.1,29.1,29.2,66.4,50.9,58.7,36.2,67.3,14.0,90.8,52.3,47.4,33.7,36.7,66.9,78.7,34.2,92.5,9.7,14.299999999999997,5.4,61.9,33.8,46.1,31.9,37.7,32.6,69.8,31.9,36.5,33.7,67.4,36.2,-3.799999999999997,-65.4,-41.7,-35.8,3.799999999999997,65.4,41.7,35.8,29.894699999999993,24.590700000000005,12.300500000000001,26.311657745823112,15.4781,46.665000000000006,24.398800000000005,25.71030921634355,1.2907628853743212,17.4,43.5,1.030358277395652,31.9,62.7,0.0,0.0,-0.010000000000005116,29.59,96.24882018559494,-1.0999999999999943,43.42,10.0998,81.10454222429259,0.638575841564816,78.03884128494764,2.8725531785952363,1.4182800000000002,1.4182800000000002,97.28999999999951,0.15418332397220294,26.595,-97.28999999999951,6.485251053496179,28.565,51.949999999999996,42.510000000000005,0,68.47493423232154,-4.4,-2.8000000000000007,7.924735299060708
105,2016 Temple,2016,Temple,Region 1,10,First Round,1,Fran Dunphy,2016 Fran Dunphy,American,Amer,2016 Amer,2016 Temple,2016 Temple,9.1,33.9,10.9,2.7,9.0,7.2,39.5,10.9,4.9,5.9,106.619,101.7288,8.34785,77.51,0.13,2.08,27.28,21.47,19.2,24.27,16.64,18.42,34.74,28.67,17.19,7.44,11.96,23.86,20.59,20.03,19.47,16.04,-0.043723778,106.3144632,101.92692484,0.716652583,46.9,53.3,27.1,71.4,86.3,16.6,29.0,29.8,66.0,44.5,53.5,34.0,68.6,7.8,90.4,54.7,49.7,37.8,31.9,66.7,68.4,26.0,95.2,3.3,7.799999999999997,4.8,57.4,27.6,42.3,34.8,34.7,35.0,65.5,33.0,33.7,37.4,68.8,32.2,-6.399999999999999,-69.69999999999999,-41.2,-44.300000000000004,6.399999999999999,69.69999999999999,41.2,44.300000000000004,18.983999999999998,24.748800000000003,12.603800000000001,28.794270263370105,15.094799999999998,43.7686,22.1536,28.124603700911653,0.8261811181519212,15.0,30.900000000000002,1.2297754728114032,33.0,60.400000000000006,0.0,0.0,0.009999999999990905,27.28,97.04958477498505,-1.2999999999999972,40.4747,8.8478,80.37518918949219,0.6558674356422585,78.4614483798101,3.6274724472666224,0.08671000000000001,0.08671000000000001,-2.7599999999997635,0.08628223139124566,5.6160000000000005,2.7599999999997635,11.58825791565184,18.72,50.2,42.14,1,65.7395708608725,2.2,-3.0999999999999996,7.980606469294149
106,2016 Wichita St.,2016,Wichita St.,Region 1,11,Second Round,1,Gregg Marshall,2016 Gregg Marshall,Missouri Valley,MVC,2016 MVC,2016 Wichita St.,2016 Wichita St.,11.0,33.8,30.8,12.5,16.9,8.9,38.8,25.3,12.8,12.4,111.743,109.4082,21.1508,76.94,0.39,1.87,42.07,20.52,20.16,18.57,18.7,22.05,29.28,32.01,19.38,13.57,5.75,24.26,24.68,17.44,18.26,15.36,0.282527706,111.5230047,109.67479152,0.91866645,49.6,55.5,37.8,54.6,85.2,23.2,31.9,23.6,66.2,49.8,58.2,32.9,67.3,11.7,91.6,57.3,51.0,38.5,37.1,66.8,71.6,28.099999999999994,89.7,5.6,10.5,3.6,60.2,32.8,45.4,30.1,36.8,29.1,69.4,32.9,32.3,38.1,67.3,37.0,-5.899999999999999,-62.0,-44.5,-16.800000000000004,5.899999999999999,62.0,44.5,16.800000000000004,24.7688,23.015099999999997,12.306299999999998,26.314824719157837,14.0434,47.7336,24.901,27.34574921262901,1.0078475630560877,20.9,38.4,0.9107861949677037,32.9,66.3,0.0,0.009999999999990905,0.0,42.07,98.56530491044263,-1.2000000000000028,42.2592,12.876,79.75635041485752,0.7460840353641228,75.4093629204912,3.4457131274913864,0.26052,0.26052,1172.2199999999998,0.12772786323293414,23.375,-1172.2199999999998,7.828390735834544,31.602999999999998,53.190000000000005,40.910000000000004,1,67.53894158195247,0.3000000000000007,-4.499999999999998,7.713309301228781
107,2016 South Dakota St.,2016,South Dakota St.,Region 1,12,First Round,1,Scott Nagy,2016 Scott Nagy,Summit,Sum,2016 Sum,2016 South Dakota St.,2016 South Dakota St.,12.3,35.9,16.7,14.8,-0.3,8.9,41.8,14.8,14.2,0.5,110.826,98.755,9.58182,76.54,-0.45,1.89,32.5,26.82,17.16,13.26,19.04,23.72,36.11,22.81,23.31,11.79,5.98,25.34,19.44,20.92,16.99,17.31,-1.022441468,110.5111114,99.3339588,0.74517402,51.4,52.3,40.6,60.3,82.9,17.1,32.4,25.5,68.6,49.7,53.2,36.2,66.9,5.7,89.6,44.2,52.7,36.8,32.3,69.3,74.2,27.900000000000006,95.2,1.8,5.0,3.4,56.0,33.8,41.4,31.8,42.2,29.0,63.4,35.4,36.1,37.1,66.6,32.8,-0.8999999999999986,-65.80000000000001,-42.1,-19.699999999999996,0.8999999999999986,65.80000000000001,42.1,19.699999999999996,20.641599999999997,25.631100000000004,13.393100000000002,26.555147021497234,13.3352,44.288399999999996,21.844799999999996,28.37158202615192,0.9595428694644348,21.0,35.599999999999994,1.0731380140849367,35.4,64.8,0.0,-1.4210854715202004e-14,0.0,32.5,94.6435646181439,1.2999999999999972,42.610600000000005,8.9433,85.74834194577848,0.5331660655480633,76.74515735444938,3.0816911291737337,-0.31184999999999996,-0.31184999999999996,1330.15,0.06361536143569826,27.972,-1330.15,15.716540957726712,-0.567,53.855000000000004,39.34,0,68.3607957666828,-0.6000000000000014,0.8,8.722204220503059
108,2016 Hawaii,2016,Hawaii,Region 1,13,Second Round,1,Eran Ganot,2016 Eran Ganot,Big West,BW,2016 BW,2016 Hawaii,2016 Hawaii,11.4,33.0,20.3,9.7,8.8,9.7,38.7,19.5,12.2,7.3,108.243,103.4929,11.736,77.22,1.72,2.15,33.09,26.15,19.13,21.37,17.62,15.74,28.82,31.82,17.62,10.96,10.79,31.9,22.61,18.41,13.5,13.58,0.952867781,107.2958181,104.13019655,0.784972728,52.5,55.1,46.3,60.7,81.6,19.9,30.9,26.7,71.3,54.6,56.2,32.8,68.7,10.4,92.4,60.3,51.0,39.6,33.6,71.4,68.6,29.299999999999997,92.9,6.3,13.0,3.9,66.4,31.3,39.1,27.3,41.0,30.0,66.5,39.0,32.3,38.7,70.0,33.7,-2.6000000000000014,-61.699999999999996,-42.400000000000006,-14.400000000000006,2.6000000000000014,61.699999999999996,42.400000000000006,14.400000000000006,26.6359,24.8001,12.5001,27.31281750387536,11.1813,49.525,23.59,26.63062147228262,0.9715511227100075,20.0,37.6,0.9257885522684787,39.0,68.8,-0.010000000000005116,-0.009999999999990905,0.0,33.09,95.9916250175414,3.4000000000000057,42.839999999999996,10.9649,77.48402459755835,0.7527995905169723,76.85846348448526,2.771588500624965,1.22808,1.22808,1397.6699999999994,0.11255289444919427,20.854999999999997,-1397.6699999999994,8.883761176809923,18.92,54.525,41.46000000000001,0,68.04165984905032,2.5,-1.5000000000000009,7.9588772864874135
109,2016 Buffalo,2016,Buffalo,Region 1,14,First Round,1,Nate Oats,2016 Nate Oats,MAC,MAC,2016 MAC,2016 Buffalo,2016 Buffalo,9.2,37.7,9.3,6.8,3.4,6.6,41.8,11.1,7.4,3.7,105.541,97.17,2.71119,77.16,-0.99,1.45,33.41,15.88,23.46,20.05,20.36,20.25,34.3,21.03,20.29,12.16,12.22,24.11,29.01,16.78,15.14,14.97,-5.647504851,104.2898515,97.5422453,0.55077937,49.6,50.2,41.7,62.9,81.1,17.7,32.2,28.6,72.4,49.2,51.2,33.5,65.6,9.0,91.4,48.6,49.0,37.0,35.9,72.9,70.9,28.5,91.7,3.8,5.799999999999997,4.0,58.5,41.3,41.6,39.9,30.8,21.5,66.7,24.4,33.7,37.2,65.7,35.7,-0.6000000000000014,-63.39999999999999,-39.199999999999996,-21.199999999999996,0.6000000000000014,63.39999999999999,39.199999999999996,21.199999999999996,27.6451,19.1584,12.5364,28.233830180594815,16.830399999999997,39.7297,23.454900000000002,28.5632047688397,1.2123330018010268,28.5,45.099999999999994,1.229657432564914,24.4,56.1,0.0,0.0,-0.010000000000005116,33.41,97.30089829758121,4.900000000000006,40.2256,8.8854,83.56203749181924,0.5905153035807584,78.65366108276541,2.592455425638854,-0.7217100000000001,-0.7217100000000001,1163.8800000000008,0.09846719401319459,9.86,-1163.8800000000008,10.154427285857128,4.93,52.81000000000001,39.66,0,65.5305961221689,0.6000000000000005,0.30000000000000027,8.361368103652323
110,2016 UNC Asheville,2016,UNC Asheville,Region 1,15,First Round,1,Nicholas McDevitt,2016 Nicholas McDevitt,Big South,BSth,2016 BSth,2016 UNC Asheville,2016 UNC Asheville,8.0,33.6,7.0,0.6,3.9,5.4,39.3,6.5,1.4,5.0,103.529,100.6834,4.21193,76.03,-4.64,1.15,26.12,17.41,23.75,22.07,19.31,17.46,26.2,20.58,25.19,19.42,8.6,19.21,22.03,18.74,22.99,17.04,-6.144622023,101.1048701,100.55711838,0.547508998,49.9,51.3,42.4,66.6,81.4,22.4,31.6,29.4,70.5,50.6,48.3,32.2,71.2,8.8,93.7,46.3,55.8,30.1,35.5,71.1,70.1,29.400000000000006,96.8,2.4,1.9000000000000057,4.5,59.2,37.6,41.2,39.9,39.8,32.2,59.0,24.1,32.1,30.1,70.5,36.0,-1.3999999999999986,-59.00000000000001,-39.0,-24.199999999999996,1.3999999999999986,59.00000000000001,39.0,24.199999999999996,24.5824,22.4777,9.6621,28.894794802293834,16.5243,39.599000000000004,25.38,30.02560018828377,1.3288595063286932,17.799999999999997,40.0,1.2332990750256938,24.1,55.6,0.0,0.010000000000005116,-0.009999999999990905,26.12,97.1723154348478,3.0999999999999943,40.6186,11.491199999999997,82.67999162429052,0.5966417958531461,77.2864457748177,2.9998387183484763,-3.2990399999999993,-3.2990399999999993,1014.1999999999996,0.09391575330039167,0.69,-1014.1999999999996,10.646517441199864,4.484999999999999,52.99,41.989999999999995,0,66.35084737620015,0.7999999999999999,1.1,7.782526389391007
111,2016 Austin Peay,2016,Austin Peay,Region 1,16,First Round,1,Dave Loos,2016 Dave Loos,Ohio Valley,OVC,2016 OVC,2016 Austin Peay,2016 Austin Peay,8.5,39.0,1.0,5.8,-5.9,7.4,43.2,5.3,8.6,-3.2,104.005,90.896,-5.09934,76.38,-1.68,1.67,28.6,27.46,17.57,17.86,25.4,11.71,52.64,20.04,15.05,7.76,4.5,34.87,22.34,16.89,15.15,10.76,-11.14790048,101.7567771,91.6391385,0.326702414,51.5,46.4,46.5,68.9,79.6,18.8,31.8,29.7,70.3,51.2,47.1,34.9,63.6,7.7,92.6,50.4,47.1,32.0,40.1,70.4,67.0,29.5,91.2,7.0,3.9000000000000057,6.1,62.5,39.2,36.6,35.7,34.9,29.4,62.4,25.6,35.1,31.4,62.9,38.7,5.100000000000001,-60.8,-38.5,-22.400000000000006,-5.100000000000001,60.8,38.5,22.400000000000006,30.884,21.282000000000004,11.021400000000002,26.853227614820035,13.304100000000002,40.316700000000004,24.3423,27.88386630293582,1.4712907232253751,20.6,46.2,1.0800754502467638,25.6,58.199999999999996,0.0,0.009999999999990905,-0.010000000000005116,28.6,93.59648143596038,2.4000000000000057,40.994,8.7232,82.70610264158672,0.6206820113052794,79.63499097137489,2.308710357335424,-1.18272,-1.18272,1082.9499999999998,0.08315244975756202,9.686,-1082.9499999999998,12.02441241397221,-9.853,53.835,39.535,0,67.56042743021139,2.8,2.7,8.942071795548808
112,2016 Oregon,2016,Oregon,Region 4,1,Elite Eight,2,Dana Altman,2016 Dana Altman,Pac 12,P12,2016 P12,2016 Oregon,2016 Oregon,18.3,32.8,26.8,19.4,11.6,12.1,39.3,20.2,15.4,4.7,119.63,103.1545,22.7847,78.15,1.27,1.62,26.06,21.17,21.78,23.26,22.65,11.13,36.14,20.26,19.1,18.12,6.38,30.25,20.71,18.96,17.71,12.37,6.714464565,117.7335695,103.10721282,0.90382095,52.3,51.0,40.2,67.7,83.7,20.6,34.6,31.3,69.5,52.2,53.8,35.1,63.6,15.3,91.7,49.9,46.7,33.9,33.8,69.1,71.5,29.700000000000003,89.1,9.7,13.900000000000006,7.7,64.2,39.0,43.8,38.2,36.0,26.6,67.9,27.8,34.4,34.4,63.8,34.0,1.2999999999999972,-63.1,-34.099999999999994,-27.5,-1.2999999999999972,63.1,34.099999999999994,27.5,33.6807,21.409599999999998,11.833599999999999,26.008892709994402,17.8019,40.5682,21.691999999999997,24.660427138771677,1.4156565216127441,23.4,48.7,1.349960295285433,27.8,54.099999999999994,0.009999999999990905,0.0,0.0,26.06,94.9784394855782,1.0999999999999943,43.7751,10.506,84.0633089519695,0.6284555610130854,80.57640546241925,2.864854916876266,0.87757,0.87757,863.6099999999999,0.16684659927372655,31.428,-863.6099999999999,5.993072348212535,18.792,54.795,41.965,2,68.2566342009479,-3.9999999999999982,-6.8999999999999995,9.09705493163234
113,2016 Oklahoma,2016,Oklahoma,Region 4,2,Final Four,3,Lon Kruger,2016 Lon Kruger,Big 12,B12,2016 B12,2016 Oklahoma,2016 Oklahoma,18.6,30.1,34.4,20.5,9.2,11.8,38.6,23.6,14.1,9.5,117.285,107.5643,24.849,77.03,1.12,2.16,24.09,13.11,15.18,26.0,25.79,19.92,35.82,27.21,12.24,12.07,12.66,24.25,25.59,19.19,19.12,11.84,7.875000726,117.5957968,107.20245371,0.938403825,54.5,53.6,33.6,72.7,82.0,17.6,30.5,29.8,71.3,48.1,56.0,42.6,66.0,12.7,90.8,52.6,58.2,40.7,35.0,71.1,72.8,32.2,84.0,8.0,17.900000000000006,4.5,61.8,32.6,45.6,35.9,31.8,26.6,66.2,28.5,42.2,40.7,66.3,35.6,0.8999999999999986,-64.4,-39.7,-39.1,-0.8999999999999986,64.4,39.7,39.1,26.866799999999998,25.634200000000007,17.175400000000003,23.01673304359244,17.1759,42.469800000000006,23.602800000000002,22.9048757545928,0.9975184884892263,23.4,40.6,1.1347995842813403,28.5,59.6,0.0,0.0,0.009999999999990905,24.09,94.07895701755172,3.0999999999999943,44.69,9.433600000000002,84.00549352787023,0.6383417676969939,79.39850890897108,3.233153713682573,0.79632,0.79632,105.13999999999942,0.13986630103192696,44.28,-105.13999999999942,7.149043382410834,19.872,53.44,42.705000000000005,1,70.47915574161482,-6.4,0.3000000000000007,8.403609249451263
114,2016 Texas A&M,2016,Texas A&M,Region 4,3,Sweet 16,2,Billy Kennedy,2016 Billy Kennedy,SEC,SEC,2016 SEC,2016 Texas A&M,2016 Texas A&M,13.1,31.8,26.1,13.5,14.4,8.6,38.9,19.7,10.9,8.7,114.159,107.6472,21.8057,78.19,1.67,1.82,35.21,23.91,21.88,25.16,16.39,12.66,41.02,18.98,22.03,13.23,4.73,23.73,23.35,26.66,15.8,10.46,5.14520223,113.672949,107.81853911,0.917587729,51.4,52.9,37.5,67.6,82.8,20.9,35.0,30.0,68.3,50.7,54.4,35.0,67.1,11.0,90.7,63.4,43.8,37.0,39.5,68.1,67.3,34.3,87.8,8.9,13.700000000000003,5.8,63.2,40.2,38.4,28.6,30.2,22.5,68.7,31.3,34.1,37.4,66.7,40.2,-1.5,-61.9,-35.0,-30.099999999999994,1.5,61.9,35.0,30.099999999999994,33.220600000000005,19.5484,12.7534,27.014857023497278,11.777000000000001,48.316500000000005,26.8134,26.088103930080212,1.3127991230181013,27.5,49.1,0.8557001069625133,31.3,65.6,0.0,0.009999999999990905,0.0,35.21,94.70009905752947,0.09999999999999432,42.5592,11.056099999999999,79.4506780292097,0.8015069341727664,78.1585139720213,2.5463635835125857,1.13727,1.13727,205.07000000000016,0.12127760443655526,24.57,-205.07000000000016,8.244705026815744,26.208000000000002,53.885000000000005,42.525,2,66.58266869233572,-2.5999999999999996,-5.700000000000001,8.104822003526301
115,2016 Duke,2016,Duke,Region 4,4,Sweet 16,2,Mike Krzyzewski,2016 Mike Krzyzewski,ACC,ACC,2016 ACC,2016 Duke,2016 Duke,21.2,32.1,30.5,23.8,10.6,14.3,38.1,21.9,16.7,5.1,121.786,100.2672,22.0532,78.71,4.65,1.06,20.9,13.89,23.51,22.94,22.94,16.72,41.39,29.56,11.19,11.03,6.84,30.05,26.84,15.3,15.2,12.6,4.211124953,121.5207796,101.53875325,0.918328924,53.7,50.6,40.2,74.6,85.7,17.7,34.0,34.5,68.4,50.7,51.1,38.7,66.1,9.5,90.4,49.2,47.5,40.1,29.0,68.8,72.2,31.599999999999994,94.6,8.7,7.299999999999997,7.9,62.0,33.4,38.5,38.7,37.1,26.8,66.4,31.7,38.5,39.8,66.0,29.6,3.1000000000000014,-68.0,-31.5,-34.39999999999999,-3.1000000000000014,68.0,31.5,34.39999999999999,28.938199999999995,25.2658,15.323,26.9110262408057,15.476199999999999,40.5848,19.536,28.05761928603352,1.0577623677797041,23.2,42.099999999999994,1.5742711394885307,31.7,53.4,0.0,-0.010000000000005116,0.010000000000005116,20.9,95.59268222157739,0.7999999999999972,46.020900000000005,8.956199999999999,86.0075967342273,0.5978056159706444,81.56521454956687,3.3214460527235867,3.1992000000000003,3.1992000000000003,545.0800000000013,0.10508733310472228,25.228,-545.0800000000013,9.514787917061364,11.236,55.735,42.755,3,68.32581868453507,-7.100000000000001,-5.5,9.646024362659347
116,2016 Baylor,2016,Baylor,Region 4,5,First Round,1,Scott Drew,2016 Scott Drew,Big 12,B12,2016 B12,2016 Baylor,2016 Baylor,14.8,35.1,22.0,15.8,10.0,8.4,41.4,14.5,9.9,4.5,118.756,101.1593,19.9152,76.77,0.58,1.88,29.41,26.23,25.66,14.14,18.42,15.56,35.57,34.58,17.63,8.3,3.93,26.4,27.67,19.19,15.34,11.4,3.480446204,117.7974848,100.65142406,0.87640533,51.7,49.0,39.2,61.9,81.1,19.8,40.2,28.8,67.2,49.9,51.3,37.4,62.9,11.1,90.5,63.8,27.099999999999994,28.6,33.8,67.3,72.7,29.900000000000006,90.7,5.5,18.099999999999994,6.1,61.4,37.9,38.1,30.6,36.9,33.6,61.8,35.6,37.4,28.5,63.1,33.8,2.700000000000003,-61.3,-31.0,-22.699999999999996,-2.700000000000003,61.3,31.0,22.699999999999996,28.259099999999997,23.057399999999998,10.658999999999999,25.4465452795987,12.7627,43.328599999999994,21.327799999999996,21.45357390583987,1.5227535875934177,16.4,43.4,1.085766693293098,35.6,63.3,-0.010000000000005116,-0.010000000000005116,-1.4210854715202004e-14,29.41,94.35646210254596,-0.7000000000000028,41.9287,9.702,82.24612815383344,0.795501302976272,73.72880479793443,1.4337865721390395,0.39033999999999996,0.39033999999999996,999.0299999999997,0.122650578446647,29.704,-999.0299999999997,8.152418701017927,18.799999999999997,54.875,39.595,2,68.9856104861116,-5.9,-5.5,9.239387882400507
117,2016 Texas,2016,Texas,Region 4,6,First Round,1,Shaka Smart,2016 Shaka Smart,Big 12,B12,2016 B12,2016 Texas,2016 Texas,10.4,36.1,18.7,7.7,11.5,9.6,40.2,15.8,10.7,5.3,112.821,104.2854,17.1061,76.97,2.68,1.96,38.16,15.58,18.94,22.41,21.3,21.78,39.39,28.79,12.85,11.86,7.11,28.12,25.61,18.89,15.33,12.05,3.073543479,111.5356016,104.75095823,0.859996651,49.3,52.5,39.7,62.5,84.6,18.5,30.7,32.3,66.9,48.5,54.4,33.9,65.7,11.4,91.1,46.5,52.5,36.0,32.6,66.3,66.5,30.5,81.7,7.8,6.299999999999997,5.1,57.4,36.5,39.9,35.2,36.7,27.2,70.2,32.0,34.1,36.2,65.4,32.8,-3.200000000000003,-66.1,-37.0,-22.799999999999997,3.200000000000003,66.1,37.0,22.799999999999997,27.3236,22.3266,12.3442,22.097115196332755,14.3661,43.9152,21.4512,29.292149118833876,1.2237231015717798,22.8,44.3,1.228621078625652,32.0,59.699999999999996,-0.010000000000005116,0.0,0.0,38.16,97.20149682866001,-1.7000000000000028,41.7078,9.7125,83.79532188986907,0.5705451466853168,80.9753401413076,3.4088695539250686,1.77684,1.77684,733.8000000000002,0.12513583824546384,15.092,-733.8000000000002,7.990527146741513,22.54,52.964999999999996,41.46,2,70.36852337714944,2.999999999999999,-6.2,8.318380920235045
118,2016 Oregon St.,2016,Oregon St.,Region 4,7,First Round,1,Wayne Tinkle,2016 Wayne Tinkle,Pac 12,P12,2016 P12,2016 Oregon St.,2016 Oregon St.,9.6,36.2,15.1,8.9,7.1,8.2,41.0,16.9,11.7,5.3,110.836,101.6008,12.4371,78.04,3.43,1.61,35.85,15.51,21.86,19.83,25.22,17.57,22.28,22.32,18.66,23.1,13.64,20.82,23.4,16.18,21.36,18.24,0.323748615,109.8311978,101.86103899,0.784898102,49.9,50.6,37.2,60.7,83.2,19.5,29.4,32.3,68.6,47.1,50.5,37.3,67.2,9.6,90.1,52.8,41.6,31.8,39.0,68.0,68.1,31.0,93.5,7.6,10.0,8.5,56.3,41.0,39.1,37.0,32.8,27.3,66.7,24.2,37.4,31.7,67.6,38.9,-0.7000000000000028,-63.7,-38.300000000000004,-23.5,0.7000000000000028,63.7,38.300000000000004,23.5,30.189,20.8102,11.855799999999999,27.607607647168564,15.317,42.437799999999996,26.2964,27.316478543179755,1.5330746664143087,22.7,48.6,1.1696357420117736,24.2,54.5,0.010000000000019327,-1.4210854715202004e-14,1.4210854715202004e-14,35.85,96.2316489017078,0.0,41.5168,9.867,82.25369397571626,0.6558924733854237,78.82525510619918,2.4760430926730557,2.3324000000000003,2.3324000000000003,651.6200000000001,0.10654709714653555,14.329,-651.6200000000001,9.384439120924904,11.431000000000001,52.220000000000006,40.68000000000001,2,66.58022882423582,2.799999999999999,-1.7999999999999998,8.40886185087272
119,2016 Saint Joseph's,2016,Saint Joseph's,Region 4,8,Second Round,1,Phil Martelli,2016 Phil Martelli,Atlantic 10,A10,2016 A10,2016 Saint Joseph's,2016 Saint Joseph's,13.4,34.1,21.3,12.7,14.1,10.4,39.2,19.7,11.9,7.8,113.435,101.2012,14.6358,77.0,-1.18,1.79,28.62,14.24,25.69,22.53,20.07,17.47,25.09,31.28,21.29,14.42,7.91,23.11,24.91,23.14,16.65,12.18,3.563825562,113.0002791,103.12798194,0.854581391,51.3,52.1,37.7,75.5,85.7,16.2,28.3,25.8,70.5,52.5,51.1,32.7,69.0,9.3,93.1,55.5,50.3,35.7,41.3,71.2,71.3,30.900000000000006,90.0,5.8,10.799999999999997,2.9,64.5,35.8,42.9,33.8,37.1,28.5,61.7,24.8,32.7,35.7,68.9,41.5,-0.8000000000000043,-69.5,-45.9,-37.8,0.8000000000000043,69.5,45.9,37.8,28.310999999999996,22.247400000000003,11.673900000000001,26.635361833472434,14.813399999999998,43.8951,28.593500000000002,25.945632259271186,1.165233466849668,21.5,41.599999999999994,0.8843160405773355,24.8,63.300000000000004,0.0,0.010000000000005116,0.009999999999990905,28.62,95.5739295080173,3.200000000000003,43.964099999999995,8.4402,78.02456456748344,0.6622832663094712,76.14725839095419,3.517236556884135,-0.84016,-0.84016,355.05999999999995,0.09989151566578233,22.733,-355.05999999999995,10.00967637888399,25.239,53.260000000000005,41.375,1,67.79721522769876,-0.7999999999999989,-6.3,8.708748426417607
120,2016 Cincinnati,2016,Cincinnati,Region 4,9,First Round,1,Mick Cronin,2016 Mick Cronin,American,Amer,2016 Amer,2016 Cincinnati,2016 Cincinnati,11.5,32.4,21.9,9.2,13.4,8.7,38.5,18.7,10.1,8.8,110.035,107.1245,17.1593,77.62,1.62,1.92,32.44,22.37,18.64,19.05,20.0,19.94,35.04,34.37,17.04,6.99,6.56,30.22,26.93,19.69,14.11,9.06,0.360938596,109.4784621,107.26112523,0.870829284,49.0,54.7,33.5,73.1,83.6,20.6,36.8,30.6,65.8,47.5,59.1,34.5,64.4,15.5,91.4,60.1,49.2,36.4,35.0,66.2,70.4,32.3,93.4,6.1,16.299999999999997,3.5,63.9,30.8,51.4,34.2,32.5,32.6,66.8,30.5,34.8,36.6,64.3,35.3,-5.700000000000003,-62.99999999999999,-32.599999999999994,-39.599999999999994,5.700000000000003,62.99999999999999,32.599999999999994,39.599999999999994,25.3786,23.3318,12.736799999999999,28.65175968999694,18.1493,43.07189999999999,22.697899999999994,23.26671442210954,1.0081691757055817,17.4,36.9,1.0679584147757857,30.5,62.3,0.0,1.4210854715202004e-14,-0.010000000000005116,32.44,98.55322773042887,-1.7999999999999972,40.964,11.268200000000002,81.51551221141474,0.7569174191760808,79.77155622662208,2.9998170843241256,1.07244,1.07244,-2.7299999999995634,0.16958238968939068,17.663999999999998,2.7299999999995634,5.896393781046385,25.727999999999998,52.885,44.115,2,66.2136470620347,0.9000000000000004,-4.6,7.771597332101132
121,2016 VCU,2016,VCU,Region 4,10,Second Round,1,Will Wade,2016 Will Wade,Atlantic 10,A10,2016 A10,2016 VCU,2016 VCU,11.0,33.7,22.1,12.4,7.0,9.0,39.7,18.0,11.3,6.7,110.984,105.231,16.2152,76.62,-1.28,2.09,34.55,20.25,17.51,22.12,22.29,17.83,38.48,32.88,12.98,12.01,3.65,27.4,25.24,17.16,16.57,13.63,0.028945409,111.3717112,106.15118616,0.877467613,50.9,51.0,32.3,63.0,83.8,21.9,33.3,27.8,69.9,49.6,51.6,35.6,66.4,10.0,90.2,51.2,46.8,32.8,29.9,70.3,69.0,32.400000000000006,94.1,5.7,12.200000000000003,6.0,60.6,37.9,41.9,39.6,36.5,28.8,63.8,30.1,35.1,33.4,66.3,30.3,-0.10000000000000142,-61.9,-38.900000000000006,-30.700000000000003,0.10000000000000142,61.9,38.900000000000006,30.700000000000003,28.3311,22.2354,11.7234,27.619482857818557,17.3244,39.292699999999996,20.0889,25.087646362303495,1.305350139217389,21.2,43.6,1.5049008283554999,30.1,54.4,-1.4210854715202004e-14,-1.4210854715202004e-14,0.0,34.55,97.72458794940344,2.299999999999997,42.654199999999996,11.168999999999999,84.07467098201982,0.6555613884585345,77.73399400290374,2.8887105734213927,-0.89984,-0.89984,187.49999999999955,0.11086351592554405,25.916,-187.49999999999955,9.019098090190981,14.629999999999999,52.815,40.885000000000005,0,67.19600396560496,-1.0999999999999996,-0.2999999999999998,8.046601794131064
122,2016 Northern Iowa,2016,Northern Iowa,Region 4,11,Second Round,1,Ben Jacobson,2016 Ben Jacobson,Missouri Valley,MVC,2016 MVC,2016 Northern Iowa,2016 Northern Iowa,13.6,33.2,16.2,8.8,9.8,10.2,38.3,17.0,9.6,7.4,108.298,101.7961,10.0945,76.81,-0.94,2.21,24.3,19.03,20.95,20.18,17.34,22.51,46.38,21.12,23.9,1.97,6.64,21.38,20.56,21.2,18.26,18.61,-1.979965224,108.7922407,102.36286926,0.776275968,53.3,51.4,32.8,76.4,84.8,18.7,17.8,27.2,63.7,51.5,51.5,37.2,67.4,7.8,90.9,50.7,47.7,42.3,38.9,63.4,75.4,27.700000000000003,90.9,3.2,6.700000000000003,2.5,66.5,27.2,39.9,29.7,37.6,30.1,61.8,31.2,37.2,42.7,67.6,39.1,1.8999999999999986,-66.1,-55.0,-43.60000000000001,-1.8999999999999986,66.1,55.0,43.60000000000001,20.9968,27.202000000000005,15.884400000000003,25.842149033442762,12.0178,45.7132,26.4316,27.57958181940642,0.7119271211447038,19.9,30.4,0.8235083501700725,31.2,67.8,-0.010000000000005116,-0.010000000000005116,-0.010000000000005116,24.3,98.04734283603086,-4.600000000000001,45.1984,9.6118,74.21926807371824,0.6236085657002989,77.18390815544367,3.1379514505624626,-0.5959599999999999,-0.5959599999999999,356.8399999999997,0.08580763687968228,19.448,-356.8399999999997,11.652352262530446,21.658,51.0,42.135000000000005,2,69.196353538784,0.7999999999999989,-2.4000000000000004,8.138613477201218
123,2016 Yale,2016,Yale,Region 4,12,Second Round,1,James Jones,2016 James Jones,Ivy,Ivy,2016 Ivy,2016 Yale,2016 Yale,10.5,33.0,20.5,8.8,13.5,7.6,38.9,17.4,8.9,8.6,109.51,104.3163,13.8265,76.88,-0.99,2.27,30.33,25.3,18.49,16.59,16.73,22.9,35.01,26.62,21.0,12.36,5.01,21.27,21.48,24.87,21.31,11.06,0.09684875,108.1960473,104.72400104,0.811902434,52.5,53.7,42.1,66.2,79.9,18.2,39.2,24.0,67.0,51.1,54.5,37.1,68.2,12.6,90.7,57.6,50.4,30.8,34.4,66.8,66.7,30.599999999999994,85.9,7.0,7.099999999999994,2.7,59.1,36.7,48.6,34.6,42.6,32.2,61.1,31.1,36.0,31.1,67.3,34.3,-1.2000000000000028,-61.7,-36.8,-24.1,1.2000000000000028,61.7,36.8,24.1,27.702700000000004,24.913200000000003,11.196000000000002,22.2346576317244,17.007300000000004,42.086,23.0839,27.09038882457516,1.4050995144850649,17.799999999999997,43.7,1.087431853298738,31.1,62.699999999999996,-0.009999999999990905,0.0,0.009999999999990905,30.33,96.09164100932374,-1.2000000000000028,41.947500000000005,9.7734,84.54872694628028,0.7041478710529211,75.4747206768288,2.5073379433859015,-0.6613199999999999,-0.6613199999999999,782.3500000000004,0.13891798326369056,19.976000000000003,-782.3500000000004,7.1978414411554645,30.645,55.13,40.760000000000005,1,71.54352019852105,0.09999999999999964,-4.9,7.997779371206885
124,2016 UNC Wilmington,2016,UNC Wilmington,Region 4,13,First Round,1,Kevin Keatts,2016 Kevin Keatts,CAA,CAA,2016 CAA,2016 UNC Wilmington,2016 UNC Wilmington,9.6,37.0,10.6,7.4,3.3,7.8,41.1,11.0,9.2,1.8,110.051,99.208,9.25855,76.08,-0.6,1.61,30.74,16.61,19.95,23.98,20.23,19.23,40.87,24.06,17.43,7.98,9.66,27.34,24.3,21.61,14.59,12.15,-0.601320566,108.5858883,99.3714469,0.705829098,51.2,52.9,35.9,45.7,84.0,20.1,32.1,29.9,70.5,51.2,54.5,34.1,65.9,10.8,92.1,47.5,52.8,33.4,28.6,71.3,70.4,29.299999999999997,93.3,2.4,0.0,3.4,65.0,33.5,37.4,33.4,36.9,32.9,68.2,38.0,34.5,33.6,66.2,28.6,-1.6999999999999957,-63.9,-38.0,-9.800000000000004,1.6999999999999957,63.9,38.0,9.800000000000004,24.0142,23.732100000000003,11.592,27.635891518096535,12.491599999999998,44.8492,18.933200000000003,31.90417945452706,1.0684205827207522,17.1,35.9,1.2866682983112476,38.0,63.2,-1.4210854715202004e-14,1.4210854715202004e-14,0.009999999999990905,30.74,97.35515595922935,3.299999999999997,43.008,10.632900000000001,83.30848434107419,0.5944856760240798,79.53830657388383,3.299793762889819,-0.42779999999999996,-0.42779999999999996,1188.3500000000001,0.11726257043897462,11.914000000000001,-1188.3500000000001,8.526988241829459,5.313,53.285000000000004,39.02000000000001,1,67.51084295813347,1.799999999999999,-1.4999999999999998,8.592844399197652
125,2016 Green Bay,2016,Green Bay,Region 4,14,First Round,1,Linc Darner,2016 Linc Darner,Horizon,Horz,2016 Horz,2016 Green Bay,2016 Green Bay,9.6,37.8,7.6,6.6,1.5,7.4,41.5,9.0,7.4,1.6,108.225,95.764,3.98885,76.72,-0.89,2.07,31.62,17.22,18.62,20.83,20.84,22.49,29.1,23.07,20.34,21.21,6.27,21.15,26.37,22.94,16.94,12.61,-4.366518931,106.9461796,95.5671293,0.567948068,49.9,48.8,42.2,64.6,84.4,20.9,31.3,31.8,76.8,48.7,50.5,35.0,63.7,11.1,89.5,48.0,49.7,31.0,33.9,77.2,65.7,28.400000000000006,91.4,3.8,9.200000000000003,4.6,58.7,40.5,40.6,39.5,33.8,28.1,64.1,26.6,35.0,31.4,63.7,33.9,1.1000000000000014,-63.50000000000001,-36.9,-22.39999999999999,-1.1000000000000014,63.50000000000001,36.9,22.39999999999999,27.246699999999997,20.4878,10.99,27.00486067358986,16.4602,38.64489999999999,21.594299999999997,25.910486937403032,1.4107830960797425,21.9,44.3,1.3008465826966757,26.6,55.9,0.0,0.010000000000005116,-0.009999999999990905,31.62,97.9247048402697,9.200000000000003,42.1156,10.1992,84.08035661625524,0.6068191299730724,81.17948444632931,3.185693224793284,-0.68708,-0.68708,937.9000000000003,0.12402096065965743,13.661999999999999,-937.9000000000003,8.062336726421044,3.1049999999999995,53.65,40.794999999999995,2,66.95879567273896,0.8000000000000007,0.10000000000000009,8.801101655093195
126,2016 Cal St. Bakersfield,2016,Cal St. Bakersfield,Region 4,15,First Round,1,Rod Barnes,2016 Rod Barnes,WAC,WAC,2016 WAC,2016 Cal St. Bakersfield,2016 Cal St. Bakersfield,7.8,33.9,10.7,3.3,9.6,6.2,40.3,10.9,6.4,4.5,103.37,103.1286,6.49871,75.53,-2.44,1.78,32.08,20.59,21.86,24.61,13.6,19.34,22.03,28.41,25.82,12.4,11.34,26.22,19.99,22.34,16.25,15.2,-3.386777925,103.1743974,104.48020095,0.708167922,49.3,55.3,38.5,58.0,81.9,21.8,34.0,29.6,68.1,48.4,57.4,34.6,67.4,14.1,92.1,57.8,52.5,27.0,33.1,68.5,65.1,32.3,91.9,2.9,8.299999999999997,3.3,57.5,44.3,51.4,41.2,34.7,28.5,66.5,25.5,34.3,27.1,66.6,33.2,-6.0,-60.10000000000001,-36.4,-19.5,6.0,60.10000000000001,36.4,19.5,28.1376,19.1848,9.2953,27.12809122170842,21.450700000000005,39.0687,22.1112,27.54208900331757,1.741633150068263,21.5,47.199999999999996,1.3403210746664256,25.5,55.5,0.0,0.0,0.0,32.08,95.92399092248311,0.5,40.3767,12.055399999999999,81.42012514917266,0.7391209831076327,78.87146435894188,2.900392243522458,-1.6713999999999998,-1.6713999999999998,632.95,0.15309280029532796,5.874,-632.95,6.531451670094319,17.088,52.77,42.19,0,66.80730102807897,3.1000000000000005,-5.1,7.523310475363038
127,2016 Holy Cross,2016,Holy Cross,Region 4,16,First Round,1,Bill Carmody,2016 Bill Carmody,Patriot,Pat,2016 Pat,2016 Holy Cross,2016 Holy Cross,4.4,40.3,-5.6,-2.1,-2.5,4.9,43.5,1.2,3.1,-1.9,97.0369,91.475,-11.4879,76.3,-0.61,1.65,26.9,20.93,23.85,23.89,17.78,13.55,27.76,27.06,23.41,11.96,9.82,24.63,24.28,23.97,12.88,14.24,-14.25323254,97.27173428,92.3831342,0.238250932,47.9,46.8,36.1,66.2,83.4,20.0,23.6,29.6,64.7,47.1,47.8,32.7,63.5,8.0,90.6,62.3,40.7,40.4,41.2,64.6,69.3,27.700000000000003,95.0,1.8,4.099999999999994,4.4,53.4,39.6,39.7,39.5,34.3,19.5,62.0,19.6,32.6,40.9,64.3,40.8,1.1000000000000014,-63.400000000000006,-46.8,-30.1,-1.1000000000000014,63.400000000000006,46.8,30.1,22.8564,20.0219,13.3334,29.02463034504775,15.861900000000002,38.386399999999995,26.234399999999997,27.915870635416933,1.0122001907043838,30.5,41.4,1.075954020734786,19.6,56.1,0.0,-0.009999999999990905,1.4210854715202004e-14,26.9,95.60254619126022,-3.4000000000000057,39.9486,9.36,73.83728115684906,0.7787402657466781,78.68404324473462,2.451659538582014,-0.39405999999999997,-0.39405999999999997,667.9899999999998,0.08829924614518604,-3.465,-667.9899999999998,11.323584551931008,-4.125,50.145,39.57,0,64.96752019366785,5.2,0.6000000000000001,8.107908085180814
128,2017 Villanova,2017,Villanova,Region 1,1,Second Round,1,Jay Wright,2017 Jay Wright,Big East,BE,2017 BE,2017 Villanova,2017 Villanova,19.0,31.1,30.2,19.4,11.9,15.1,37.2,24.0,17.0,7.0,122.753,108.0244,30.7772,77.64,-0.42,1.75,24.68,12.98,17.23,20.07,24.88,24.81,38.29,18.93,10.77,21.46,10.51,21.93,19.85,20.25,23.48,14.45,11.03878963,122.186409,107.79688152,0.962234765,57.9,51.9,35.3,78.2,82.9,20.2,29.6,27.6,65.8,59.7,51.1,37.0,68.7,9.2,93.9,53.2,42.2,44.1,40.2,65.8,79.4,28.799999999999997,91.9,11.2,15.099999999999994,4.4,72.0,33.0,42.4,30.9,41.3,23.7,59.4,29.0,36.8,43.3,68.9,40.1,6.0,-62.7,-42.8,-42.900000000000006,-6.0,62.7,42.8,42.900000000000006,34.052800000000005,25.722499999999997,15.934399999999998,26.131334957607255,13.765999999999998,44.8549,27.6289,23.600353104703046,1.0207616452275932,26.3,44.2,0.8802772998179595,29.0,64.7,0.030000000000001137,0.04000000000000625,0.03999999999999204,24.68,94.90322356778326,-2.200000000000003,47.999100000000006,10.483799999999999,78.78031627099762,0.6666583125524743,76.10004908070906,2.4676919478393087,-0.27636,-0.27636,550.6600000000003,0.09797552741717339,33.949999999999996,-550.6600000000003,10.205412455167918,20.825,55.10000000000001,43.06,1,69.8365108473708,-2.3999999999999986,-4.9,8.86334602787863
129,2017 Duke,2017,Duke,Region 1,2,Second Round,1,Mike Krzyzewski,2017 Mike Krzyzewski,ACC,ACC,2017 ACC,2017 Duke,2017 Duke,19.3,30.1,32.7,21.4,12.9,14.7,36.9,24.5,17.0,7.3,120.988,104.1009,25.0887,78.43,0.91,1.45,25.11,15.39,23.49,26.31,17.4,17.38,41.02,21.36,13.68,11.73,12.15,28.21,29.3,18.04,13.25,11.16,8.525640754,121.0967451,105.07793124,0.942710171,54.8,52.5,38.9,69.1,83.8,17.2,31.5,29.4,69.7,53.8,51.2,37.6,70.5,10.4,93.2,47.3,53.5,37.7,28.3,69.6,75.8,30.0,89.9,6.7,13.200000000000003,7.2,65.4,33.2,37.0,38.3,39.5,28.7,67.7,32.9,38.2,38.1,70.9,28.8,2.299999999999997,-66.6,-39.1,-30.199999999999996,-2.299999999999997,66.6,39.1,30.199999999999996,27.7361,25.890700000000002,14.554200000000002,24.538473193470427,15.1214,42.6925,20.419200000000004,27.337276138391452,1.0472166084879664,21.3,39.900000000000006,1.5798062567271969,32.9,54.5,0.030000000000001137,0.05999999999998806,0.03999999999999204,25.11,95.33972854867874,1.5999999999999943,45.922399999999996,9.03,83.18963498367309,0.571249139503146,77.79126703644377,3.3022652922659086,0.63336,0.63336,875.6199999999999,0.11158678554951126,31.029999999999998,-875.6199999999999,8.960676857994423,18.705,55.005,41.545,2,70.36039456836914,-4.399999999999999,-5.6000000000000005,9.122074140817794
130,2017 Baylor,2017,Baylor,Region 1,3,Sweet 16,2,Scott Drew,2017 Scott Drew,Big 12,B12,2017 B12,2017 Baylor,2017 Baylor,14.0,32.0,30.0,15.9,17.4,10.5,37.7,21.0,12.0,8.8,117.289,107.719,25.0078,77.78,2.23,1.91,31.37,23.3,26.14,10.92,17.07,22.57,35.55,37.16,12.7,10.01,4.57,31.38,26.52,16.88,14.52,10.7,7.827604309,116.0215292,107.47438628,0.931011897,52.7,54.8,34.2,69.6,79.3,16.9,40.0,29.7,64.7,52.5,55.8,35.3,68.6,13.2,90.1,60.1,41.8,33.9,34.4,64.8,71.2,27.700000000000003,92.9,8.9,16.200000000000003,5.5,66.6,34.5,43.9,29.7,36.9,32.8,63.9,35.4,35.4,32.7,67.9,34.9,-2.0999999999999943,-62.4,-30.299999999999997,-35.39999999999999,2.0999999999999943,62.4,30.299999999999997,35.39999999999999,31.245099999999997,23.679000000000002,11.575800000000001,27.373527357649763,13.9293,46.3177,23.6971,23.64224679114346,1.327176538943763,17.200000000000003,43.4,1.0085670897682018,35.4,64.8,0.0,0.009999999999990905,0.0,31.37,93.95380698290238,-3.200000000000003,41.7911,9.261199999999999,82.67270988354424,0.7232163271200106,77.0137224574822,2.019226124341819,1.4450399999999999,1.4450399999999999,507.12000000000035,0.14650225857648638,30.369,-507.12000000000035,6.825240512082418,33.233999999999995,54.035000000000004,42.525,1,67.91833695965315,-3.9000000000000004,-8.599999999999998,8.388321574452284
131,2017 Florida,2017,Florida,Region 1,4,Elite Eight,2,Michael White,2017 Michael White,SEC,SEC,2017 SEC,2017 Florida,2017 Florida,12.2,33.0,31.0,14.1,17.7,8.9,39.8,24.7,12.5,12.2,115.851,110.5382,26.3891,77.26,0.93,2.01,36.45,17.34,18.07,24.94,22.69,16.92,42.44,26.44,19.9,4.12,7.04,25.6,22.02,20.45,13.24,18.65,6.321787982,115.6699326,110.73178906,0.951643772,51.5,54.4,40.4,66.1,83.4,21.1,31.9,29.2,70.5,49.9,54.5,36.3,69.3,12.2,92.2,47.5,59.4,36.2,31.5,70.4,72.6,29.299999999999997,86.3,8.7,6.200000000000003,4.6,63.9,34.9,43.6,36.7,33.8,28.4,66.4,31.9,35.8,36.7,69.5,31.4,-2.8999999999999986,-62.300000000000004,-38.900000000000006,-25.699999999999996,2.8999999999999986,62.300000000000004,38.900000000000006,25.699999999999996,29.809199999999997,22.737799999999996,13.138599999999999,25.01312988545549,16.2864,43.004599999999996,21.822999999999997,29.19753128833555,1.1879785291953897,21.6,43.599999999999994,1.3152447374287444,31.9,58.699999999999996,0.04000000000000625,0.05999999999998806,0.03999999999999204,36.45,96.3970054121606,2.4000000000000057,42.951,11.4784,84.642136267802,0.6020202532287295,78.21192961635323,3.5780977049575338,0.6547200000000001,0.6547200000000001,996.31,0.13231960607802518,28.340999999999998,-996.31,7.556757642816164,35.577,53.89000000000001,42.79,0,68.71956223210893,-1.5999999999999996,-5.5,7.980535411871987
132,2017 Virginia,2017,Virginia,Region 1,5,Second Round,1,Tony Bennett,2017 Tony Bennett,ACC,ACC,2017 ACC,2017 Virginia,2017 Virginia,10.1,32.5,25.4,8.3,15.9,7.6,38.4,19.4,9.2,10.2,113.686,112.9806,26.6671,77.41,0.05,1.56,37.88,15.66,17.03,22.77,20.19,24.31,42.4,34.36,11.04,6.71,5.42,23.49,23.7,21.39,16.18,15.2,4.961769679,114.1143951,113.26478413,0.959102399,52.9,54.3,25.7,66.0,84.4,21.0,28.7,24.2,60.1,50.0,55.0,39.3,68.8,14.0,92.3,57.2,49.5,33.2,39.7,60.3,70.8,29.599999999999994,93.4,6.2,3.799999999999997,5.2,59.9,32.3,46.2,33.7,40.2,34.8,66.4,26.6,38.7,32.9,68.2,39.7,-1.3999999999999986,-63.400000000000006,-47.1,-40.3,1.3999999999999986,63.400000000000006,47.1,40.3,25.138499999999997,26.7219,12.7323,25.469524272484296,15.767000000000003,44.73780000000001,27.075400000000005,29.94322405264114,1.170177198261451,15.200000000000003,38.5,0.9798241857887712,26.6,61.099999999999994,0.04000000000000625,0.0700000000000216,0.04000000000000625,37.88,96.32776362416578,-7.700000000000003,44.647600000000004,11.402999999999999,80.22524504444635,0.7240414678295212,75.35794638109076,3.172873533747838,0.03015,0.03015,-134.03999999999974,0.1516776632972557,12.948000000000002,134.03999999999974,6.59238625812442,24.804000000000002,51.855000000000004,41.71,2,69.5050713649852,0.8999999999999986,-5.700000000000001,7.5623464351717455
133,2017 SMU,2017,SMU,Region 1,6,First Round,1,Tim Jankovich,2017 Tim Jankovich,American,Amer,2017 Amer,2017 SMU,2017 SMU,22.0,28.8,37.0,24.4,19.8,14.7,36.9,23.8,16.9,6.8,120.073,105.1859,25.2591,78.47,-0.35,1.89,18.39,19.15,27.42,19.64,20.46,13.32,29.39,25.53,24.11,9.62,11.33,25.15,20.44,19.39,19.7,15.3,6.493068772,118.8015643,106.32314716,0.938913914,54.7,54.3,36.5,75.5,83.0,18.3,37.5,26.3,63.8,51.2,56.5,40.6,67.8,11.4,91.5,62.5,44.1,36.3,45.3,65.0,69.5,30.900000000000006,88.7,10.9,16.400000000000006,5.2,61.6,32.5,37.3,23.3,40.5,31.0,69.7,31.2,40.5,36.6,67.7,45.5,0.4000000000000057,-64.7,-36.2,-39.0,-0.4000000000000057,64.7,36.2,39.0,29.688299999999998,27.378,14.823,22.860646680850188,9.5437,52.549899999999994,30.8035,25.63739131295018,1.1857599519138822,19.0,43.4,0.6263598602228523,31.2,71.5,0.009999999999990905,0.01999999999999602,0.01999999999999602,18.39,94.98147232746496,-3.0,45.401,9.9369,83.00623496026392,0.7649845167133816,75.96673801901386,2.5939650608787717,-0.2275,-0.2275,203.79999999999973,0.12458880230817149,46.11599999999999,-203.79999999999973,8.02561178843961,37.422,55.605000000000004,42.879999999999995,3,71.66737295295749,-7.5,-13.0,8.91520474507757
134,2017 South Carolina,2017,South Carolina,Region 1,7,Final Four,3,Frank Martin,2017 Frank Martin,SEC,SEC,2017 SEC,2017 South Carolina,2017 South Carolina,11.8,29.9,30.3,11.6,14.6,9.4,36.4,26.1,14.1,11.9,105.546,111.4837,17.0302,77.11,0.83,1.56,32.93,11.02,26.48,31.75,15.4,15.35,28.2,27.25,24.53,11.3,8.72,21.77,28.04,24.65,11.97,13.56,1.662888642,105.2007294,111.69570642,0.882200703,46.7,55.0,39.9,53.3,81.0,24.5,33.8,31.6,69.5,45.0,54.7,33.4,70.4,10.6,90.8,51.3,55.2,33.7,33.9,69.6,69.3,28.900000000000006,84.8,4.7,19.200000000000003,5.9,60.7,31.0,44.9,32.9,32.9,35.5,64.4,32.3,33.3,33.5,69.4,34.8,-8.299999999999997,-56.5,-34.599999999999994,-13.399999999999999,8.299999999999997,56.5,34.599999999999994,13.399999999999999,22.802599999999998,22.835,11.1555,24.917246370067996,15.904899999999998,44.9524,24.1512,22.783528406870317,1.0656398316468167,14.5,35.7,1.1149104910778427,32.3,61.2,0.0,0.0,0.009999999999990905,32.93,91.2897215888354,1.5999999999999943,37.827000000000005,13.475,84.30534468782018,0.6794611991894146,79.26214766909767,2.905110257354876,0.57768,0.57768,1224.6999999999996,0.11673880243609651,18.096,-1224.6999999999996,8.565229695311764,22.776,51.675000000000004,42.44,1,67.99048404069504,2.5,-2.6999999999999993,6.967308070075983
135,2017 Wisconsin,2017,Wisconsin,Region 1,8,Sweet 16,2,Greg Gard,2017 Greg Gard,Big 10,B10,2017 B10,2017 Wisconsin,2017 Wisconsin,14.9,30.5,32.0,16.9,17.0,10.4,37.6,24.7,13.2,11.6,113.589,108.7037,22.2926,77.53,0.89,2.07,30.35,23.69,21.09,15.68,17.77,21.77,39.04,24.8,24.22,9.02,2.93,31.59,22.69,20.36,12.07,13.29,5.119870326,113.477097,108.50619641,0.92246303,51.7,52.7,32.0,73.6,83.2,19.9,35.5,25.4,64.6,50.8,57.4,35.5,62.3,9.9,91.6,51.6,53.7,36.7,33.4,64.5,64.4,26.200000000000003,87.2,6.4,15.799999999999997,4.3,62.9,36.6,43.6,28.4,35.0,26.4,66.5,38.0,36.0,36.9,62.5,33.7,-1.0,-63.300000000000004,-39.1,-41.599999999999994,1.0,63.300000000000004,39.1,41.599999999999994,28.6022,22.524,13.283999999999999,24.89944778504134,13.0618,46.332499999999996,21.0625,23.133381364023144,1.1652800737107396,23.6,43.0,0.9702976172813862,38.0,67.30000000000001,0.0,-0.010000000000005116,0.0,30.35,96.77616687776802,-3.5,43.01440000000001,10.4873,84.65984555323072,0.64418671427323,77.58701159757959,3.19623831914767,0.5740500000000001,0.5740500000000001,132.48000000000002,0.10807742273555966,34.983,-132.48000000000002,9.251590748409251,35.19,53.38,42.175,1,68.94379953848299,-3.6999999999999993,-5.4,7.949318198753135
136,2017 Virginia Tech,2017,Virginia Tech,Region 1,9,First Round,1,Buzz Williams,2017 Buzz Williams,ACC,ACC,2017 ACC,2017 Virginia Tech,2017 Virginia Tech,14.5,36.1,21.7,19.8,5.4,10.0,41.6,16.4,14.3,2.2,117.358,97.581,14.9395,76.57,-0.97,1.77,25.62,25.45,19.19,18.19,19.04,18.08,54.02,23.14,6.95,6.66,9.15,27.98,29.62,15.95,12.85,13.53,3.303793749,116.453236,98.6140909,0.831092542,57.0,49.1,40.5,73.1,82.8,16.6,23.4,29.9,69.9,54.8,50.9,40.3,64.0,7.0,88.1,55.9,50.8,39.9,35.4,70.1,73.4,28.5,94.0,7.7,10.400000000000006,5.9,64.6,41.6,38.3,36.0,32.8,18.6,67.0,28.1,40.3,39.8,63.6,35.9,7.899999999999999,-66.19999999999999,-46.7,-32.599999999999994,-7.899999999999999,66.19999999999999,46.7,32.599999999999994,34.111599999999996,22.140199999999997,16.039399999999997,27.615620579664693,14.4016,41.6594,22.832399999999996,26.27982432716525,1.2386623451672072,31.4,49.300000000000004,1.1670984095150554,28.1,58.1,0.04999999999999716,0.0799999999999983,0.07000000000000739,25.62,96.90798609317487,2.0999999999999943,47.196,8.1506,76.77762046792503,0.6702557523291086,80.01616259030268,2.9533166676356015,-0.6799699999999999,-0.6799699999999999,889.3500000000004,0.07945426272119499,35.046,-889.3500000000004,12.583916583345236,9.558000000000002,54.255,40.735,3,67.71674374119867,-5.5,-3.2,9.526603266995961
137,2017 Marquette,2017,Marquette,Region 1,10,First Round,1,Steve Wojciechowski,2017 Steve Wojciechowski,Big East,BE,2017 BE,2017 Marquette,2017 Marquette,15.2,40.3,29.0,27.3,4.8,10.8,44.2,22.7,22.7,0.0,120.943,96.629,17.5711,76.59,0.28,1.67,38.01,17.56,18.26,20.13,15.99,28.04,52.92,16.68,14.9,9.54,5.92,22.82,19.89,23.38,19.46,14.43,0.575215529,121.3739603,98.3852418,0.885279751,57.6,48.1,31.1,64.1,82.9,18.5,27.3,28.9,71.0,52.7,49.8,43.0,63.1,9.4,89.5,57.4,40.0,41.1,34.1,71.5,77.9,30.200000000000003,90.3,5.6,10.799999999999997,7.6,65.6,31.0,31.099999999999994,32.2,38.3,27.5,66.8,33.5,42.9,41.5,63.3,34.3,9.5,-64.4,-43.8,-32.99999999999999,-9.5,64.4,43.8,32.99999999999999,25.392799999999998,28.336,17.8035,23.879192476575362,10.834999999999999,44.08989999999999,21.711899999999996,26.81405104293891,0.8819064600852993,22.5,36.6,1.1603160257718437,33.5,60.199999999999996,0.020000000000010232,0.04000000000000625,0.01999999999998181,38.01,95.26397529567254,3.5,47.750400000000006,8.8985,79.66246224440282,0.7042858369835953,78.30820138133915,2.339044500321619,0.20020000000000004,0.20020000000000004,486.8700000000006,0.10502675947754773,45.591,-486.8700000000006,9.520263801723221,8.016,53.89,39.260000000000005,2,71.28358222091533,-4.600000000000001,-4.8,9.98390768912346
138,2017 USC,2017,USC,Region 1,11,Second Round,1,Andy Enfield,2017 Andy Enfield,Pac 12,P12,2017 P12,2017 USC,2017 USC,15.0,34.2,21.4,16.2,11.9,9.6,40.7,15.3,11.7,3.5,112.508,99.832,12.3407,78.07,2.15,1.07,28.75,21.79,22.27,20.39,16.39,19.14,34.55,21.24,17.73,16.75,9.68,29.03,22.37,16.56,18.18,13.82,1.356252539,111.2024876,100.39182786,0.780099829,51.9,50.3,37.2,76.1,84.3,18.0,30.8,31.2,70.8,50.5,53.2,36.3,63.5,13.6,91.3,56.3,46.5,36.1,36.5,70.5,73.9,28.700000000000003,85.7,12.4,11.799999999999997,6.0,60.2,38.5,43.7,34.9,36.8,24.9,63.7,28.6,36.2,36.5,63.2,36.5,1.6000000000000014,-66.3,-38.0,-38.89999999999999,-1.6000000000000014,66.3,38.0,38.89999999999999,33.8038,22.376199999999997,13.213000000000001,23.479831771117954,15.9593,41.28620000000001,23.068,24.38182383115204,1.3944823429495083,25.1,50.9,1.1205172461028465,28.6,59.1,0.01999999999999602,0.05000000000001137,0.03999999999999204,28.75,97.63987712184301,2.5,43.7517,9.053999999999998,80.81718366235592,0.6865769929635004,80.55770876772435,2.961594802878797,1.51575,1.51575,565.0100000000002,0.14895784273994808,17.334,-565.0100000000002,6.712741710168371,12.733,53.575,42.275,2,69.97687865550041,-4.5,-8.4,8.769620265843958
139,2017 UNC Wilmington,2017,UNC Wilmington,Region 1,12,First Round,1,Kevin Keatts,2017 Kevin Keatts,CAA,CAA,2017 CAA,2017 UNC Wilmington,2017 UNC Wilmington,16.7,36.7,20.5,20.6,4.5,10.8,41.4,14.8,13.7,1.1,117.706,94.681,12.3867,75.53,-1.76,2.08,23.31,17.97,23.46,19.86,17.43,21.24,49.11,18.05,13.91,12.35,6.51,36.04,20.27,20.55,13.38,9.72,1.691043815,117.0625136,95.4251398,0.785372899,55.2,46.9,30.9,60.6,86.1,20.3,32.5,28.8,70.2,56.1,45.8,36.0,66.3,8.5,92.3,51.9,52.1,41.8,29.4,71.4,68.9,29.299999999999997,98.9,7.6,4.299999999999997,5.5,68.8,30.5,31.099999999999994,38.5,41.9,28.0,63.0,32.1,36.3,41.5,66.2,29.4,8.300000000000004,-65.8,-38.7,-29.700000000000003,-8.300000000000004,65.8,38.7,29.700000000000003,28.500400000000003,26.7965,15.064499999999999,28.70103075965508,12.209999999999996,39.6858,19.4628,29.23382743786155,0.9180501674658443,22.0,38.1,1.4965477364715487,32.1,56.0,0.04000000000000625,0.07000000000000739,0.04000000000000625,23.31,97.53756827505816,3.4000000000000057,47.5272,9.5207,81.43071350894922,0.6511837994504459,78.18578759695285,3.747931803467375,-1.2566400000000002,-1.2566400000000002,353.4300000000003,0.09209000985904811,42.848000000000006,-353.4300000000003,10.857546171038702,9.36,54.74,38.685,2,68.17257064479014,-6.900000000000002,-3.4,9.931718806108869
140,2017 East Tennessee St.,2017,East Tennessee St.,Region 1,13,First Round,1,Steve Forbes,2017 Steve Forbes,Southern,SC,2017 SC,2017 East Tennessee St.,2017 East Tennessee St.,9.7,35.0,15.4,7.4,7.8,6.8,40.4,11.2,6.6,4.7,107.974,103.5098,11.4836,76.66,-0.3,2.53,35.73,19.61,17.15,16.55,28.52,18.13,33.61,30.25,11.35,8.47,16.25,27.76,24.04,19.56,12.42,16.16,-0.602591393,106.9405735,103.2204538,0.75916967,56.1,51.5,43.8,62.2,79.4,22.0,30.0,27.1,71.5,55.4,54.7,38.2,64.4,14.4,90.2,53.9,52.9,35.2,39.4,71.6,69.8,27.599999999999994,86.4,9.2,16.299999999999997,3.9,63.4,41.7,47.4,34.3,39.9,23.0,63.2,26.3,38.2,35.3,64.6,39.4,4.600000000000001,-57.400000000000006,-42.9,-18.400000000000006,-4.600000000000001,57.400000000000006,42.9,18.400000000000006,34.3866,22.6616,13.4846,22.7388617422538,16.8939,42.074,25.452399999999997,22.44836668149081,1.4418854989943632,27.0,50.900000000000006,0.9695185401385752,26.3,61.800000000000004,0.04000000000000625,0.07000000000000739,0.060000000000002274,35.73,95.09428700391065,3.5999999999999943,44.543400000000005,11.33,80.58790578836364,0.6910167818361302,78.29026610798893,2.5678365127906417,-0.21479999999999996,-0.21479999999999996,1340.52,0.15964346293278345,18.721999999999998,-1340.52,6.263453926810638,19.733999999999998,54.86000000000001,40.85,2,71.47475232940059,-0.8000000000000007,-3.0999999999999996,7.931182060229465
141,2017 New Mexico St.,2017,New Mexico St.,Region 1,14,First Round,1,Paul Weir,2017 Paul Weir,WAC,WAC,2017 WAC,2017 New Mexico St.,2017 New Mexico St.,11.3,37.7,12.2,8.9,7.5,9.8,41.6,10.7,10.9,-0.2,110.052,97.262,7.31463,76.63,-0.08,1.78,33.14,12.91,20.74,18.97,23.79,23.54,21.01,41.18,26.77,6.78,4.17,17.08,29.21,24.59,12.71,16.33,-0.12585625,109.012807,98.2287167,0.687934398,52.8,52.6,44.1,64.7,80.3,19.2,36.0,28.3,69.5,54.5,51.3,33.4,70.0,9.1,94.7,56.1,55.6,39.1,33.2,68.9,70.9,32.3,93.8,6.0,13.299999999999997,3.7,65.4,35.9,39.6,35.8,38.2,25.1,63.7,31.7,33.5,39.0,69.7,32.5,0.19999999999999574,-61.099999999999994,-35.7,-20.6,-0.19999999999999574,61.099999999999994,35.7,20.6,29.1066,22.653200000000002,13.065,27.859094864454345,14.668899999999999,42.8454,22.6525,25.715802534628395,1.0743314273992974,24.9,41.9,1.215347220085536,31.7,60.5,0.05000000000001137,0.09000000000000341,0.0799999999999983,33.14,95.56232605974706,0.9000000000000057,42.398399999999995,10.0992,81.29175290497649,0.6942983378918578,77.40336354122576,2.8221917669153846,-0.05512,-0.05512,1036.8800000000006,0.09609191032829642,15.842,-1036.8800000000006,10.405449950554885,13.35,55.010000000000005,41.205000000000005,1,67.44866041385328,2.0,-7.7,8.814888498195614
142,2017 Troy,2017,Troy,Region 1,15,First Round,1,Phil Cunningham,2017 Phil Cunningham,Sun Belt,SB,2017 SB,2017 Troy,2017 Troy,10.7,39.8,7.2,10.1,1.0,8.4,44.0,7.5,10.0,-2.6,109.892,92.783,2.67571,76.39,-0.98,2.06,32.13,17.05,19.9,28.7,22.75,11.53,30.08,35.18,21.47,6.93,6.27,26.99,27.7,19.89,11.57,13.77,-7.898945163,108.7879129,92.9780055,0.546913462,51.8,50.1,40.6,67.4,82.4,17.7,30.6,29.6,69.2,50.8,50.5,35.5,66.3,9.6,90.7,48.1,49.8,40.3,39.5,69.4,72.3,27.5,82.2,3.8,9.799999999999997,3.3,58.6,37.0,44.6,41.4,38.2,22.8,63.4,19.0,35.1,40.2,65.9,39.7,1.6999999999999957,-64.7,-39.8,-26.800000000000004,-1.6999999999999957,64.7,39.8,26.800000000000004,24.805600000000002,22.8198,14.110200000000003,21.774201095179894,18.7878,38.20830000000001,26.162300000000005,25.891745788957532,1.0149001268625157,27.2,40.8,1.1259162237727007,19.0,55.300000000000004,0.06999999999999318,0.07000000000000739,0.0799999999999983,32.13,93.60263882526553,1.4000000000000057,42.6832,8.8677,83.02306248814479,0.5844400432558535,79.01854147786626,2.829384694051475,-0.6801200000000001,-0.6801200000000001,1081.8799999999999,0.10584227296281186,20.806,-1081.8799999999999,9.446932611186336,2.06,53.53,40.495000000000005,0,71.08347550405983,-0.09999999999999964,-3.6,9.343852388342818
143,2017 Mount St. Mary's,2017,Mount St. Mary's,Region 1,16,First Round,1,Jamion Christian,2017 Jamion Christian,NEC,NEC,2017 NEC,2017 Mount St. Mary's,2017 Mount St. Mary's,6.7,35.9,2.3,0.3,2.9,3.5,41.2,3.7,0.6,3.1,98.9775,96.789,-4.23312,74.94,-0.2,1.47,25.0,16.68,16.84,20.12,21.52,24.79,47.44,27.41,10.89,9.54,4.64,27.5,19.97,17.65,24.25,10.59,-7.756538188,98.25916139,98.4511831,0.406438507,50.9,50.4,32.8,66.7,80.8,21.7,23.0,34.5,68.6,49.5,51.2,35.7,65.6,9.8,92.1,45.6,56.1,36.8,27.6,68.4,67.5,34.0,87.3,5.0,15.900000000000006,4.3,57.8,42.7,42.6,48.4,31.7,20.4,66.2,24.2,35.8,36.9,66.0,27.4,0.5,-59.099999999999994,-42.5,-33.900000000000006,-0.5,59.099999999999994,42.5,33.900000000000006,29.0456,19.676999999999996,13.210199999999997,25.488363357945655,21.302100000000003,34.1044,18.084,23.90528184314086,1.2926478957209835,29.6,47.7,1.9232874712601729,24.2,47.300000000000004,0.05000000000001137,0.0799999999999983,0.03999999999999204,25.0,96.59866202796606,0.4000000000000057,41.127199999999995,10.9368,78.96823950138392,0.582368041276612,82.13792312502515,2.9217228269360964,-0.1368,-0.1368,-53.80000000000018,0.10640492502795845,0.441,53.80000000000018,9.397000306091215,4.263,50.080000000000005,42.49,1,67.58828877857347,0.3,0.20000000000000018,7.726004752557083
144,2017 Kansas,2017,Kansas,Region 2,1,Elite Eight,2,Bill Self,2017 Bill Self,Big 12,B12,2017 B12,2017 Kansas,2017 Kansas,19.3,31.0,33.5,22.4,12.9,14.5,37.5,25.3,17.7,7.6,120.833,105.1415,25.975,77.17,1.09,1.81,24.04,15.89,19.61,19.64,17.65,27.16,46.86,17.27,22.62,6.58,6.61,31.44,17.69,21.87,12.91,16.05,10.93450051,120.3706698,105.61760515,0.942515952,55.9,52.1,36.8,69.2,81.9,18.6,34.3,30.4,71.4,53.2,55.0,40.5,64.3,11.5,90.4,55.1,50.1,35.5,33.4,71.6,66.6,28.900000000000006,89.6,12.3,13.599999999999994,4.6,65.6,37.3,43.2,31.5,36.9,26.7,65.0,34.2,40.4,35.9,64.4,34.3,3.799999999999997,-63.300000000000004,-35.30000000000001,-32.400000000000006,-3.799999999999997,63.300000000000004,35.30000000000001,32.400000000000006,35.489599999999996,24.3559,14.503599999999999,24.57117213321334,14.233600000000003,44.3192,22.0892,24.19331863690194,1.3815771148435976,23.3,49.599999999999994,1.052447450511647,34.2,63.9,0.05000000000001137,0.060000000000002274,0.04000000000000625,24.04,95.69995930251817,3.5999999999999943,45.7821,9.690600000000002,84.05568319778871,0.676895861230206,80.13060629200744,2.7678028838185744,0.78044,0.78044,450.9999999999991,0.12721098217940066,40.544,-450.9999999999991,7.8601860707764555,23.349,55.215,41.95,4,70.28777224252276,-4.699999999999999,-5.300000000000001,8.992308058111611
145,2017 Louisville,2017,Louisville,Region 2,2,Second Round,1,Rick Pitino,2017 Rick Pitino,ACC,ACC,2017 ACC,2017 Louisville,2017 Louisville,15.1,31.4,30.4,18.2,13.3,10.7,37.4,20.9,13.2,7.6,117.179,109.5398,26.7186,78.3,2.2,1.59,36.51,16.23,20.09,21.13,21.85,20.69,31.51,40.64,9.35,11.52,6.97,26.09,25.06,19.64,17.91,11.3,6.84945636,116.192789,110.31062647,0.951539522,51.4,54.9,34.8,60.2,83.9,19.8,36.3,28.7,68.9,50.2,55.6,35.9,69.1,15.3,92.1,48.7,51.8,32.4,35.6,69.7,68.5,30.900000000000006,83.9,8.3,13.299999999999997,6.8,63.0,37.0,42.6,33.8,35.5,30.8,68.9,30.6,35.5,32.2,68.4,35.6,-3.5,-64.10000000000001,-35.0,-25.400000000000006,3.5,64.10000000000001,35.0,25.400000000000006,30.273699999999998,22.365000000000002,11.431000000000001,23.513170068424774,15.3032,45.433800000000005,24.350400000000004,26.368289035632685,1.4067886090494084,19.2,45.3,1.1404174040055053,30.6,59.400000000000006,0.009999999999990905,0.010000000000005116,1.4210854715202004e-14,36.51,97.79792824821715,1.7000000000000028,43.1246,10.8702,86.46240148337202,0.6072243488235808,77.90944141255959,3.217191478790138,1.5334000000000003,1.5334000000000003,523.6199999999992,0.16612197478854737,28.938,-523.6199999999992,6.0192144304293835,21.147000000000002,54.015,41.68,1,69.8507240841322,-5.0,-5.700000000000001,8.197292698245768
146,2017 Oregon,2017,Oregon,Region 2,3,Final Four,3,Dana Altman,2017 Dana Altman,Pac 12,P12,2017 P12,2017 Oregon,2017 Oregon,15.5,31.4,31.7,19.2,16.8,10.0,38.4,23.7,14.0,9.8,117.728,106.0998,23.8276,77.43,1.16,1.78,28.8,21.17,23.65,25.74,12.75,16.66,37.68,31.91,12.38,8.31,9.66,29.51,24.21,14.33,13.39,18.51,5.998642553,115.961045,106.29124854,0.920577641,55.6,53.9,34.4,73.4,83.0,20.1,32.0,29.8,68.8,54.8,54.2,37.9,68.9,17.7,90.1,58.4,51.4,39.1,37.2,68.5,70.6,28.5,92.4,10.7,17.099999999999994,5.9,63.6,39.3,47.2,36.9,38.3,21.7,63.4,25.5,38.0,39.0,68.7,37.6,1.7000000000000028,-62.9,-38.2,-39.00000000000001,-1.7000000000000028,62.9,38.2,39.00000000000001,34.8816,23.1311,14.82,25.837875944692776,18.425700000000003,41.998200000000004,25.831200000000003,23.211060581828946,1.2820184097843645,28.3,50.0,1.138267599265977,25.5,57.2,0.030000000000001137,0.060000000000002274,0.04999999999999716,28.8,94.72371058413206,0.5,46.147999999999996,10.8339,80.48756524515973,0.7309044943117107,78.52738690683528,3.0233515675548492,0.7946,0.7946,336.7399999999998,0.19644621036392493,34.176,-336.7399999999998,5.090107903508276,29.904000000000003,54.55,43.555,2,69.20905433837618,-5.199999999999999,-7.0,8.595863556165458
147,2017 Purdue,2017,Purdue,Region 2,4,Sweet 16,2,Matt Painter,2017 Matt Painter,Big 10,B10,2017 B10,2017 Purdue,2017 Purdue,16.6,31.3,32.8,19.2,17.0,11.8,37.4,22.5,14.3,8.3,116.912,107.3111,24.2236,77.0,1.99,1.56,28.4,30.53,24.1,14.43,15.27,15.63,41.25,33.7,6.34,8.24,10.4,35.32,25.04,14.97,15.22,9.39,5.575874451,116.0700358,107.73725262,0.93338345,55.7,53.3,34.3,77.3,81.6,17.0,30.9,24.5,70.1,52.5,54.2,40.6,67.7,6.1,91.1,64.9,50.9,38.0,33.2,70.5,76.4,28.799999999999997,88.3,6.1,12.700000000000003,5.6,70.4,29.3,34.2,29.3,36.8,32.5,68.9,36.8,40.3,38.3,66.7,33.9,2.4000000000000057,-64.6,-44.6,-43.0,-2.4000000000000057,64.6,44.6,43.0,26.0135,27.3949,15.434899999999997,24.70472289529541,10.7318,47.966499999999996,22.6113,27.083005126216452,0.9242578522753976,17.5,35.4,1.029468157281496,36.8,65.1,0.04000000000000625,0.06999999999999318,0.060000000000002274,28.4,92.9256576277367,2.5,45.4512,9.061,78.73663864754437,0.7819182901410826,75.90972856630688,2.7661540133688374,1.40295,1.40295,394.2800000000002,0.06695865028923942,29.951999999999998,-394.2800000000002,14.931978364202589,26.52,54.004999999999995,42.065,2,70.46857998440088,-4.899999999999999,-8.7,8.394577591902499
148,2017 Iowa St.,2017,Iowa St.,Region 2,5,Second Round,1,Steve Prohm,2017 Steve Prohm,Big 12,B12,2017 B12,2017 Iowa St.,2017 Iowa St.,17.5,32.0,28.1,18.5,8.4,13.8,38.4,22.2,17.2,4.8,119.541,103.5717,23.113,76.81,-1.43,2.53,28.34,13.98,20.51,20.92,23.0,21.55,42.69,22.04,11.81,12.71,10.69,20.95,26.96,19.23,18.95,13.87,6.395423388,118.1030724,104.35042641,0.918711288,54.8,51.0,27.6,74.3,85.9,20.0,26.1,32.0,70.6,51.2,52.9,40.2,65.2,8.9,90.7,53.8,49.3,39.5,35.6,69.6,69.6,29.799999999999997,89.7,5.1,10.400000000000006,5.5,67.8,28.7,33.400000000000006,31.3,37.5,31.9,70.6,32.9,39.9,39.4,65.4,35.9,3.799999999999997,-65.9,-41.9,-46.699999999999996,-3.799999999999997,65.9,41.9,46.699999999999996,24.0333,27.6831,15.7206,24.810532037826196,11.026200000000005,46.706,23.4786,28.30329780549727,0.8578462475571687,18.1,33.8,1.0250410852065401,32.9,63.2,0.04000000000000625,0.060000000000002274,0.03999999999999204,28.34,96.5089729304974,1.5999999999999943,47.0732,10.200000000000001,79.67844370145437,0.6724915938550767,80.76468060227879,3.4962059428409344,-0.9952799999999999,-0.9952799999999999,-293.17999999999984,0.09812460722594017,46.805,293.17999999999984,10.1898663071565,21.252,52.755,42.94500000000001,4,70.29978210420354,-1.3000000000000007,-3.6000000000000005,9.041747970266293
149,2017 Creighton,2017,Creighton,Region 2,6,First Round,1,Greg McDermott,2017 Greg McDermott,Big East,BE,2017 BE,2017 Creighton,2017 Creighton,12.3,34.9,22.5,11.9,12.6,9.0,39.7,20.6,11.9,8.7,115.639,103.9513,19.5902,77.29,1.93,1.74,34.24,21.19,20.11,15.54,25.02,18.12,33.81,31.44,5.49,14.44,14.79,27.37,24.67,14.58,16.63,16.72,4.249324908,115.646596,104.6828424,0.902321103,58.0,50.0,27.9,71.4,82.9,19.6,24.1,29.7,72.5,56.7,50.1,40.1,66.6,7.6,92.5,56.2,52.0,35.9,36.8,72.6,68.3,32.2,94.2,10.5,9.799999999999997,3.9,67.3,38.5,37.0,30.8,40.2,25.6,62.0,32.3,39.8,35.9,67.1,36.9,8.0,-63.300000000000004,-46.2,-43.50000000000001,-8.0,63.300000000000004,46.2,43.50000000000001,35.8015,24.5794,14.2882,25.964382655219566,11.7782,44.7859,24.7599,26.307460918910436,1.3648644884543608,24.4,49.0,0.940353919947969,32.3,65.3,0.01999999999999602,0.030000000000001137,0.030000000000001137,34.24,96.46253904615189,4.599999999999994,48.082,9.8,76.73195780989026,0.6989962811407818,79.05218388888527,3.040757850418105,1.4011799999999999,1.4011799999999999,-393.51000000000045,0.08216127393217369,20.706,393.51000000000045,12.169451387975267,21.924,52.93000000000001,41.55,2,69.92788095588787,-0.0,-3.9000000000000004,8.624236789373587
150,2017 Michigan,2017,Michigan,Region 2,7,Sweet 16,2,John Beilein,2017 John Beilein,Big 10,B10,2017 B10,2017 Michigan,2017 Michigan,18.8,32.7,29.3,22.1,10.3,13.0,39.7,22.4,17.3,5.2,121.592,101.0258,22.618,78.15,1.96,1.99,23.19,23.88,18.87,19.72,17.02,20.51,35.45,31.01,10.96,14.18,8.4,23.74,19.19,20.13,15.31,21.62,3.761754859,121.6385038,102.05916434,0.923574483,56.9,48.3,30.5,72.5,85.4,20.1,25.3,29.4,63.7,56.7,50.3,38.1,62.2,7.2,92.0,52.5,54.5,45.1,28.7,64.0,77.5,31.900000000000006,90.5,6.5,10.799999999999997,4.4,75.0,25.0,36.8,30.5,40.6,29.9,59.7,40.7,38.6,45.1,62.2,28.8,8.600000000000001,-65.30000000000001,-45.3,-42.0,-8.600000000000001,65.30000000000001,45.3,42.0,24.6325,29.548000000000002,17.4086,25.71670987250637,11.699199999999998,42.21150000000001,17.913600000000002,23.95306173888146,0.698432407263697,20.1,31.5,1.211763480434707,40.7,65.1,0.0,-2.842170943040401e-14,0.009999999999990905,23.19,97.47263971701699,-4.0,48.592600000000004,9.7083,77.67661915182528,0.6570631156055617,80.16614775240804,3.7326210533525117,1.2544,1.2544,50.999999999999545,0.0782600189128379,43.979,-50.999999999999545,12.776003332870435,20.497,53.745000000000005,41.099999999999994,3,70.40406507031568,-4.800000000000001,-5.1000000000000005,9.53561827158734
151,2017 Miami FL,2017,Miami FL,Region 2,8,First Round,1,Jim Larranaga,2017 Jim Larranaga,ACC,ACC,2017 ACC,2017 Miami FL,2017 Miami FL,12.1,29.6,22.7,9.3,10.1,8.8,37.4,20.3,9.5,10.7,110.386,106.5746,16.9602,78.11,0.82,1.46,24.71,17.77,14.52,23.03,21.26,23.36,40.1,24.54,11.04,17.12,7.13,21.09,24.05,19.31,20.74,14.75,2.876588359,110.6963253,107.73809079,0.890399825,51.2,52.8,34.3,71.2,80.4,18.3,33.7,27.9,64.8,49.9,54.1,35.9,66.9,10.8,91.7,48.1,48.4,32.7,34.6,64.7,71.8,26.400000000000006,91.6,10.8,11.400000000000006,5.9,63.2,37.8,43.6,32.7,32.6,29.6,62.9,32.6,35.7,32.5,66.8,34.7,-1.5999999999999943,-62.10000000000001,-38.4,-36.900000000000006,1.5999999999999943,62.10000000000001,38.4,36.900000000000006,33.7824,21.2521,11.6025,27.55991956930692,14.929800000000004,43.685,23.1796,25.30512135253784,1.495338604966001,20.4,48.599999999999994,1.112359874355206,32.6,61.4,0.060000000000002274,0.06999999999999318,0.060000000000002274,24.71,96.22307400125446,-3.299999999999997,41.16480000000001,9.6624,85.38717183050238,0.5887320840626186,77.80935608877701,2.4692617723585535,0.53054,0.53054,583.0599999999993,0.1177740700755717,13.578000000000001,-583.0599999999993,8.489954633830202,14.745999999999999,52.465,41.955,0,66.92912286593716,0.1999999999999993,0.5999999999999996,7.857530241443631
152,2017 Michigan St.,2017,Michigan St.,Region 2,9,Second Round,1,Tom Izzo,2017 Tom Izzo,Big 10,B10,2017 B10,2017 Michigan St.,2017 Michigan St.,9.6,35.7,24.4,12.9,14.1,7.5,40.4,20.5,12.7,7.8,110.569,104.4064,14.9753,75.95,-1.27,1.12,44.97,34.26,14.52,18.35,20.14,12.7,43.39,27.43,15.51,10.94,2.68,31.35,24.98,15.68,13.22,14.76,0.379413311,109.6777735,105.427399,0.846063952,53.9,53.7,33.8,64.9,79.3,16.1,29.3,27.3,68.2,52.4,56.5,37.6,65.3,12.3,91.0,65.9,45.2,37.9,32.7,68.2,66.4,27.799999999999997,90.5,7.9,13.200000000000003,5.6,65.9,34.3,44.3,34.7,36.6,27.7,68.1,32.7,37.2,38.0,65.3,32.6,0.19999999999999574,-63.199999999999996,-43.4,-31.10000000000001,-0.19999999999999574,63.199999999999996,43.4,31.10000000000001,29.7532,24.2742,14.136000000000001,25.87437599891702,16.1113,43.5565,21.2878,25.34907953621459,1.1104970921817847,22.3,42.199999999999996,1.2361584000490784,32.7,59.699999999999996,0.030000000000001137,0.04999999999999716,0.010000000000005116,44.97,91.49397390081596,0.20000000000000284,42.74269999999999,8.645700000000001,76.7597402242379,0.7854495178841729,77.38002603798431,2.1834693976136417,-0.86614,-0.86614,440.10000000000014,0.1351633498532983,14.448000000000002,-440.10000000000014,7.397772538817982,15.792000000000002,52.315000000000005,40.7,1,68.98500523479463,-0.20000000000000107,-6.3,8.090149740344074
153,2017 Oklahoma St.,2017,Oklahoma St.,Region 2,10,First Round,1,Brad Underwood,2017 Brad Underwood,Big 12,B12,2017 B12,2017 Oklahoma St.,2017 Oklahoma St.,19.9,36.9,29.4,27.2,3.8,15.9,41.3,25.0,24.1,1.0,124.834,97.27,22.1043,76.35,0.2,1.54,34.14,13.47,15.06,25.73,26.73,18.96,38.9,21.9,24.65,7.69,6.8,22.47,21.64,27.49,16.09,12.23,3.269898,125.0817384,98.5546308,0.917483826,53.8,47.2,37.8,54.4,81.7,20.8,38.0,32.2,72.6,50.0,47.5,40.3,64.5,8.1,89.2,51.0,48.8,36.1,34.3,73.0,78.7,27.700000000000003,89.3,5.9,14.099999999999994,6.7,59.1,37.9,38.3,38.2,37.9,26.3,60.4,26.8,40.3,35.8,63.8,35.0,6.599999999999994,-60.900000000000006,-29.799999999999997,-16.6,-6.599999999999994,60.900000000000006,29.799999999999997,16.6,27.667599999999997,24.3951,14.427399999999999,23.74103339508764,15.575299999999999,38.5172,22.33,23.002970822627816,1.2234295131420911,23.7,43.8,1.282820490843119,26.8,55.099999999999994,0.04999999999998295,0.060000000000016485,0.0799999999999983,34.14,93.95327774740728,5.0,43.9546,9.817600000000002,88.64174048814279,0.6439312634941478,80.8489109782508,2.6665209551390636,0.14600000000000002,0.14600000000000002,1467.9799999999996,0.0908061568816493,41.888,-1467.9799999999996,11.010986297987904,5.851999999999999,55.215,38.68000000000001,3,70.46842529979055,-3.099999999999998,-2.8,9.666370243957603
154,2017 Rhode Island,2017,Rhode Island,Region 2,11,Second Round,1,Dan Hurley,2017 Dan Hurley,Atlantic 10,A10,2017 A10,2017 Rhode Island,2017 Rhode Island,11.3,33.9,20.2,11.9,9.4,8.0,39.4,16.8,10.3,6.6,110.668,104.9473,15.6156,77.06,-0.02,1.8,35.9,17.46,23.46,23.16,16.88,18.98,30.23,36.95,12.04,11.47,9.22,29.17,29.7,19.73,10.72,10.6,0.484682336,110.1721105,105.1051719,0.847697819,50.7,55.3,39.6,54.6,83.4,19.5,33.1,29.3,67.3,50.5,54.7,34.0,71.0,16.4,92.2,51.5,53.4,32.0,29.8,67.8,65.7,29.0,88.7,4.5,9.099999999999994,4.2,62.1,37.6,46.6,42.3,37.5,30.1,66.7,27.7,33.4,32.2,70.4,30.0,-4.599999999999994,-63.900000000000006,-37.599999999999994,-15.0,4.599999999999994,63.900000000000006,37.599999999999994,15.0,27.341099999999997,22.042299999999997,10.7548,25.548564865108702,20.093999999999998,39.5959,21.12,28.085939542767665,1.3074128132666687,19.9,42.1,1.5499483350554981,27.7,53.5,0.060000000000002274,0.09000000000000341,0.0799999999999983,35.9,96.87018850407888,-0.20000000000000284,42.28380000000001,10.7835,82.87144012659466,0.6397436056694947,77.78628249451236,3.2166736943557623,-0.01356,-0.01356,1018.3200000000002,0.17787225735078793,21.42,-1018.3200000000002,5.621608438509847,16.92,53.69,41.045,0,68.44865433032123,-1.5999999999999996,-2.8000000000000007,8.045001681780457
155,2017 Nevada,2017,Nevada,Region 2,12,First Round,1,Eric Musselman,2017 Eric Musselman,Mountain West,MWC,2017 MWC,2017 Nevada,2017 Nevada,15.6,33.1,18.8,14.2,7.1,9.4,39.6,14.4,9.5,5.0,114.477,98.865,13.3415,77.5,-0.48,1.64,18.02,23.76,20.65,19.35,12.07,24.17,23.35,40.27,17.73,14.05,4.59,31.87,24.76,16.0,16.9,10.45,1.832138593,113.4706732,98.9039809,0.790500873,52.7,52.1,41.8,71.9,84.3,15.9,30.6,26.2,70.9,49.3,51.1,38.5,69.3,10.9,93.8,60.2,48.2,40.2,35.4,71.1,70.3,31.400000000000006,88.9,7.2,8.799999999999997,4.9,61.4,27.2,40.9,34.6,39.1,32.7,62.1,29.9,38.2,40.1,68.9,35.5,0.6000000000000014,-68.39999999999999,-43.2,-30.10000000000001,-0.6000000000000014,68.39999999999999,43.2,30.10000000000001,23.1016,28.103900000000003,15.318200000000001,23.880117252643466,14.582600000000001,43.0274,24.459500000000002,27.023122814853703,0.8578339692277,17.299999999999997,34.4,1.112644714233402,29.9,60.5,0.0,0.009999999999990905,0.01999999999999602,18.02,95.12003073780173,3.0999999999999943,44.4261,8.283900000000001,79.9964365540108,0.7158059951724712,76.0915982365696,3.0698681612636136,-0.3412799999999999,-0.3412799999999999,680.8799999999987,0.11620345198878478,23.287999999999997,-680.8799999999987,8.604715163746445,11.643999999999998,54.545,40.84,2,70.43849099294054,-4.699999999999999,-2.0999999999999996,9.079005927214613
156,2017 Vermont,2017,Vermont,Region 2,13,First Round,1,John Becker,2017 John Becker,Amerian East,AE,2017 AE,2017 Vermont,2017 Vermont,11.6,35.4,16.4,10.7,5.9,6.8,41.1,11.4,7.9,3.6,110.832,101.0523,11.8847,76.78,-0.47,1.93,35.0,20.72,27.44,15.13,16.65,20.05,32.96,34.41,7.02,5.36,20.24,22.73,26.68,20.53,12.55,17.49,0.857317846,109.5421577,101.38996033,0.770134104,55.4,51.8,34.9,73.4,82.9,19.7,30.1,26.9,65.3,55.6,53.3,36.7,65.5,11.7,92.7,49.2,55.8,31.5,30.3,65.9,70.0,29.299999999999997,90.0,4.0,21.200000000000003,2.6,62.5,44.2,46.1,39.8,42.5,23.9,62.2,29.8,36.7,31.9,65.1,30.4,3.6000000000000014,-63.2,-43.0,-38.50000000000001,-3.6000000000000014,63.2,43.0,38.50000000000001,31.225,21.8648,11.7073,24.07050408002846,18.899,38.326,19.790399999999998,20.118068164380656,1.5109244224318987,26.1,48.2,1.3946909641130225,29.8,57.6,0.010000000000005116,0.010000000000005116,0.020000000000010232,35.0,95.23518415885776,-2.0999999999999943,45.9266,10.2046,81.03447092062265,0.6126947360555909,77.89118403318615,3.262967077948659,-0.30973,-0.30973,292.3800000000001,0.12621223072027268,20.650999999999996,-292.3800000000001,7.922399794889327,11.387,54.14000000000001,42.035,1,70.64447521258262,-2.799999999999999,-2.3000000000000003,8.46767745338351
157,2017 Iona,2017,Iona,Region 2,14,First Round,1,Tim Cluesss,2017 Tim Cluesss,MAAC,MAAC,2017 MAAC,2017 Iona,2017 Iona,10.1,39.8,7.6,9.1,0.8,6.9,42.8,6.9,6.1,0.7,110.197,93.805,4.00176,76.03,-0.63,1.93,32.96,26.94,18.06,18.41,19.7,16.89,53.49,13.78,8.37,12.13,12.19,34.75,19.53,16.18,17.56,11.96,-5.566842733,108.7012249,94.6743707,0.589713764,53.4,50.4,31.2,66.6,83.5,18.0,26.9,31.7,72.5,49.3,52.8,39.7,64.0,7.4,92.1,55.8,46.2,40.0,35.5,71.8,77.0,30.400000000000006,73.3,2.3,18.200000000000003,3.1,54.0,38.5,45.9,38.9,41.1,21.5,62.1,25.5,39.7,40.1,63.9,35.5,3.0,-65.5,-41.400000000000006,-35.39999999999999,-3.0,65.5,41.400000000000006,35.39999999999999,22.4759,24.7562,15.919700000000002,15.575488221347454,18.4193,38.519999999999996,22.6845,21.159454151749753,1.0174309867584348,28.5,40.8,1.1830652657671616,25.5,58.0,0.0,0.04000000000000625,0.01999999999998181,32.96,95.9932120096017,3.799999999999997,44.589,9.072,79.777334794639,0.6804795063474834,80.64160814191466,2.7998303133143447,-0.45234,-0.45234,377.76,0.08034657604151964,17.563,-377.76,12.444264288609645,1.544,52.295,40.989999999999995,2,76.95984418220401,-3.0,-0.10000000000000009,9.247329595121847
158,2017 Jacksonville St.,2017,Jacksonville St.,Region 2,15,First Round,1,Ray Harper,2017 Ray Harper,Ohio Valley,OVC,2017 OVC,2017 Jacksonville St.,2017 Jacksonville St.,8.8,37.4,2.6,3.1,-0.9,6.6,42.5,5.8,5.5,0.4,105.363,95.22,0.583245,76.71,0.76,1.78,24.6,22.63,17.55,17.72,21.58,20.51,30.74,39.49,18.05,5.69,6.0,32.29,29.37,17.02,9.53,11.76,-7.875960302,103.9881358,95.1503651,0.476297702,52.4,50.7,33.8,65.2,79.3,16.8,31.5,28.0,65.0,50.9,55.3,36.7,62.1,10.6,91.3,56.5,50.5,36.6,37.5,65.2,71.7,28.0,94.5,4.9,13.900000000000006,3.1,62.0,33.7,46.7,30.0,38.0,29.6,62.3,33.0,37.2,36.7,62.2,37.1,1.6999999999999957,-62.5,-40.5,-31.400000000000006,-1.6999999999999957,62.5,40.5,31.400000000000006,25.524500000000003,24.9004,13.652400000000002,26.962118487487835,14.4409,43.635200000000005,23.076200000000004,22.794206135185608,1.0517424593335332,20.4,38.6,0.8921592409908089,33.0,66.9,0.010000000000005116,0.030000000000001137,0.030000000000001137,24.6,97.71558103667475,-2.799999999999997,41.5532,8.517600000000002,81.19796134842306,0.6790783764618213,79.29016654556355,2.4394956765373648,0.49552,0.49552,597.8599999999999,0.11609949507672424,5.518000000000001,-597.8599999999999,8.612395057070088,-1.602,52.154999999999994,39.86,0,68.23805384323374,2.4,1.3,8.565101185662826
159,2017 UC Davis,2017,UC Davis,Region 2,16,First Round,1,Jim Les,2017 Jim Les,Big West,BW,2017 BW,2017 UC Davis,2017 UC Davis,5.4,36.5,2.2,-2.8,4.2,4.9,41.2,5.7,2.3,3.4,97.8508,97.397,-4.75235,75.77,-1.29,2.2,29.91,12.8,25.6,21.2,25.35,15.04,31.82,41.55,10.47,9.96,6.18,20.28,37.99,16.28,15.33,10.11,-7.366287358,97.91496992,98.9957701,0.411631746,48.7,51.6,41.1,66.4,79.8,20.0,29.6,28.3,69.6,46.9,51.9,35.1,67.3,9.6,90.9,51.9,46.1,31.4,36.3,70.2,66.1,29.200000000000003,88.2,3.9,9.099999999999994,3.5,55.5,34.1,44.7,37.7,38.4,34.4,61.4,25.8,34.4,31.5,67.3,36.5,-2.8999999999999986,-59.8,-42.099999999999994,-25.300000000000004,2.8999999999999986,59.8,42.099999999999994,25.300000000000004,22.365300000000005,24.045599999999997,10.835999999999999,24.49045732525222,17.170400000000004,40.405699999999996,24.5645,26.163508301958792,1.2063109107647376,15.600000000000001,38.0,1.1287361990082465,25.8,58.8,0.009999999999990905,0.01999999999998181,0.009999999999990905,29.91,94.12922322005001,2.200000000000003,38.8626,10.32,82.08548477438337,0.6487418907263659,77.62275804412513,2.2820652442948366,-0.90558,-0.90558,777.8299999999997,0.10560939923653204,-6.16,-777.8299999999997,9.467763774606814,9.240000000000002,51.51500000000001,41.260000000000005,0,68.84817993778296,5.1,-0.8000000000000003,7.546489660978663
160,2017 North Carolina,2017,North Carolina,Region 3,1,Champion,3,Roy Williams,2017 Roy Williams,ACC,ACC,2017 ACC,2017 North Carolina,2017 North Carolina,18.2,32.3,37.4,23.8,14.3,12.8,38.7,24.6,18.0,6.6,122.075,105.9346,28.0091,77.94,1.56,1.91,36.58,23.48,22.47,22.66,11.42,19.97,46.15,25.46,14.23,10.21,3.95,31.72,22.7,16.88,15.72,12.99,8.310416885,120.9701794,106.90955917,0.95314389,52.3,51.5,33.1,68.6,83.6,18.7,42.0,25.1,72.1,51.1,53.3,36.7,65.8,9.0,89.9,59.0,52.8,30.0,39.4,72.7,70.7,28.0,92.2,6.4,11.799999999999997,5.4,65.1,34.7,39.5,27.0,37.1,35.0,65.0,33.8,35.5,30.3,66.0,39.3,0.7999999999999972,-64.89999999999999,-32.900000000000006,-35.49999999999999,-0.7999999999999972,64.89999999999999,32.900000000000006,35.49999999999999,28.490499999999997,23.741500000000002,10.7565,26.84528201875828,11.3022,47.908,25.938,25.639601530965077,1.3563908781888385,15.0,41.1,0.8244065036513066,33.8,67.6,0.0,-1.4210854715202004e-14,-0.009999999999990905,36.58,95.02747046263173,4.700000000000003,43.72279999999999,9.6305,84.67883862422934,0.725698330893839,76.79274134565063,3.219315895372232,1.13412,1.13412,419.37000000000035,0.10011012113324656,45.458,-419.37000000000035,9.987779135651596,27.313,55.185,40.585,1,68.1631002564854,-5.800000000000001,-7.700000000000001,9.023510510159001
161,2017 Kentucky,2017,Kentucky,Region 3,2,Elite Eight,2,John Calipari,2017 John Calipari,SEC,SEC,2017 SEC,2017 Kentucky,2017 Kentucky,17.4,30.9,35.1,20.7,14.3,10.6,38.8,23.5,14.5,8.8,119.139,108.1272,27.2664,77.43,1.82,0.96,29.82,19.13,13.76,24.8,21.96,20.34,43.27,25.04,10.35,13.6,7.7,25.87,29.97,17.36,17.26,9.52,8.996352035,119.2417283,108.47795724,0.954461471,53.2,52.6,41.7,65.3,84.0,19.4,34.0,27.2,74.8,53.4,52.0,35.3,69.3,12.9,92.9,51.5,57.0,31.6,32.7,74.6,70.2,32.7,92.1,11.6,7.0,6.5,66.2,36.6,39.8,35.8,37.7,31.9,65.1,31.1,35.5,31.5,69.2,33.2,0.6000000000000014,-64.6,-38.8,-23.599999999999994,-0.6000000000000014,64.6,38.8,23.599999999999994,34.912800000000004,23.2088,11.1825,26.76021611771225,14.703399999999997,43.2205,22.974400000000006,28.637897385574007,1.5301101552331673,18.1,48.2,1.2740580103008945,31.1,57.7,0.009999999999990905,0.04000000000000625,0.01999999999999602,29.82,95.91675129339394,6.599999999999994,44.688,10.2044,82.97302718562942,0.638949888959194,77.03993095561182,3.562277357665146,1.3577199999999998,1.3577199999999998,792.0300000000002,0.13885749346078083,19.872,-792.0300000000002,7.200992171149524,13.728,55.335,41.125,0,68.38207407512868,-6.199999999999999,-5.5,8.518309747133495
162,2017 UCLA,2017,UCLA,Region 3,3,Sweet 16,2,Steve Alford,2017 Steve Alford,Pac 12,P12,2017 P12,2017 UCLA,2017 UCLA,20.6,33.1,30.1,24.8,9.6,13.6,39.0,24.5,17.7,6.7,122.757,100.1943,22.9515,78.44,2.52,1.43,23.22,17.26,22.29,19.01,20.77,20.63,39.78,33.46,12.55,8.7,5.44,30.96,27.17,18.55,11.08,12.18,6.683543866,121.7003877,100.80244257,0.913026476,59.5,51.6,26.9,74.2,84.6,16.2,29.4,28.3,74.8,58.8,55.0,40.5,63.8,12.8,95.7,63.7,53.0,37.6,36.0,75.4,74.5,32.900000000000006,93.9,11.4,15.299999999999997,4.7,71.2,31.4,45.7,33.1,47.1,30.9,64.1,31.1,40.6,37.6,63.5,35.8,7.899999999999999,-68.39999999999999,-42.3,-47.300000000000004,-7.899999999999999,68.39999999999999,42.3,47.300000000000004,33.0614,29.819499999999998,15.265600000000001,24.334200897776228,15.8458,42.668099999999995,22.732999999999997,22.884856710643103,1.138267599265977,19.1,42.8,1.055836429150024,31.1,62.199999999999996,0.04000000000000625,0.06999999999999318,0.060000000000002274,23.22,98.08158398672238,7.400000000000006,50.336999999999996,8.359200000000001,77.66615247762915,0.7601341272777175,79.14187507849148,3.4413349782481646,1.90008,1.90008,-437.13000000000034,0.13374990856939845,35.464,437.13000000000034,7.475978439184439,13.728,54.865,41.480000000000004,3,72.20066824751594,-7.100000000000001,-2.8999999999999995,9.751772288720131
163,2017 Butler,2017,Butler,Region 3,4,Sweet 16,2,Chris Holtmann,2017 Chris Holtmann,Big East,BE,2017 BE,2017 Butler,2017 Butler,12.9,35.2,25.1,14.3,12.7,8.4,40.5,17.1,10.8,6.3,117.971,102.9387,20.9097,76.44,-0.13,2.05,33.61,19.82,25.13,17.17,20.39,17.47,46.43,21.4,18.19,6.31,7.63,21.19,25.1,18.47,20.14,15.1,5.507461164,117.5286196,103.04474517,0.901408312,54.6,49.3,36.2,62.5,84.9,20.1,28.1,27.8,66.9,54.6,49.0,36.3,66.6,8.4,92.2,49.2,57.0,37.5,37.6,67.0,74.0,29.900000000000006,90.7,4.6,4.700000000000003,3.8,67.4,29.3,37.1,32.9,43.2,33.1,61.7,29.4,36.6,37.6,66.7,37.7,5.300000000000004,-64.80000000000001,-44.099999999999994,-26.299999999999997,-5.300000000000004,64.80000000000001,44.099999999999994,26.299999999999997,23.9204,28.0608,13.761600000000001,24.670816092433316,12.3845,43.285700000000006,25.1459,28.356480740740732,0.9015717667083322,16.9,33.9,0.9734489801331528,29.4,63.300000000000004,0.01999999999999602,0.04000000000000625,0.0,33.61,96.80190994498278,-1.0,46.3554,9.9093,80.1051105660905,0.6157620054817836,77.79115287351051,3.7745844646049944,-0.08710000000000001,-0.08710000000000001,810.0499999999997,0.09110530254552553,29.314999999999998,-810.0499999999997,10.974883942387812,26.034999999999997,54.115,39.68,2,70.68122450963206,-3.5,-6.3999999999999995,8.960204372074136
164,2017 Minnesota,2017,Minnesota,Region 3,5,First Round,1,Richard Pitino,2017 Richard Pitino,Big 10,B10,2017 B10,2017 Minnesota,2017 Minnesota,11.9,31.0,21.1,7.4,12.4,7.4,39.0,14.7,5.2,9.5,109.574,107.0167,16.5907,78.27,1.27,1.27,29.21,16.24,18.51,20.2,21.46,23.55,38.99,16.59,29.26,6.58,8.52,27.64,18.45,27.97,12.2,13.7,3.692448914,108.2685595,108.1723538,0.869218441,48.6,55.1,39.5,71.3,83.8,17.7,30.1,30.0,70.4,47.3,55.5,34.5,69.5,16.2,91.3,57.0,46.8,29.7,33.5,70.9,70.7,31.700000000000003,92.1,8.9,11.200000000000003,6.2,66.3,32.5,36.2,31.6,31.2,37.6,72.7,35.3,34.2,30.0,69.0,33.2,-6.5,-66.1,-39.9,-31.799999999999997,6.5,66.1,39.9,31.799999999999997,29.7444,21.9912,10.26,28.865030746562525,12.133600000000001,48.5711,22.908,29.111667191465806,1.379954001533282,12.399999999999999,41.4,1.1385199240986719,35.3,62.199999999999996,0.04000000000000625,0.060000000000002274,0.03999999999999204,29.21,97.210220438816,2.9000000000000057,40.7268,9.752699999999999,79.91081625211832,0.6925796770391611,77.8946956530286,2.8887105734213927,0.9004300000000001,0.9004300000000001,532.44,0.17743507738140873,9.398000000000001,-532.44,5.635454601567804,15.748000000000001,52.335,43.160000000000004,1,65.96748221711331,-2.2,-2.9000000000000004,7.7388670285382695
165,2017 Cincinnati,2017,Cincinnati,Region 3,6,Second Round,1,Mick Cronin,2017 Mick Cronin,American,Amer,2017 Amer,2017 Cincinnati,2017 Cincinnati,15.1,30.4,31.0,17.0,16.1,11.0,37.4,24.4,14.5,9.9,114.215,108.1018,22.3165,77.67,0.64,1.72,27.77,24.02,19.8,23.33,18.62,14.21,29.34,34.35,18.06,9.62,8.61,28.21,28.78,14.17,19.52,9.29,5.699799864,113.5579187,108.83395303,0.925927417,51.7,55.3,32.5,70.4,84.8,20.8,35.8,29.6,65.4,51.8,59.0,34.3,65.9,14.7,91.8,58.7,47.6,36.4,36.8,65.7,68.3,26.400000000000006,90.4,6.2,14.799999999999997,4.4,68.3,26.6,50.8,31.6,41.0,37.2,65.9,31.3,34.6,36.2,65.6,37.1,-3.5999999999999943,-64.0,-34.599999999999994,-37.900000000000006,3.5999999999999943,64.0,34.599999999999994,37.900000000000006,23.7726,27.7772,12.525200000000002,25.762294799441555,16.704,44.964299999999994,24.3376,24.03988006071023,0.9060523189967129,12.799999999999997,32.800000000000004,0.9703242500202152,31.3,64.0,0.01999999999998181,0.01999999999999602,0.030000000000001137,27.77,96.04027399937824,-2.299999999999997,43.8416,11.5024,81.27266306514534,0.7411522581785583,78.62593122148273,3.131372935991053,0.42048,0.42048,361.1899999999994,0.16012897462990597,29.24,-361.1899999999994,6.2444731650908105,27.692000000000004,53.915000000000006,43.800000000000004,2,69.45362144123864,-2.5,-6.200000000000001,8.065406261447436
166,2017 Dayton,2017,Dayton,Region 3,7,First Round,1,Archie Miller,2017 Archie Miller,Atlantic 10,A10,2017 A10,2017 Dayton,2017 Dayton,14.6,32.7,27.9,15.9,11.2,9.6,39.0,18.4,10.9,7.5,112.3,103.3738,15.6735,76.59,-0.61,2.18,35.5,19.77,22.1,20.06,20.17,17.86,40.29,26.89,12.39,11.09,9.28,22.2,24.0,17.5,18.2,18.04,1.553645605,110.4948115,103.45628488,0.825229162,54.2,52.3,43.7,65.4,82.9,20.8,25.8,27.0,69.3,51.8,52.8,38.7,67.6,11.3,89.4,61.4,44.8,38.4,39.4,69.8,69.1,28.900000000000006,88.1,5.6,6.900000000000006,5.6,64.2,35.6,37.3,29.6,33.2,26.0,67.7,30.8,38.4,38.4,67.7,39.5,1.9000000000000057,-62.10000000000001,-47.2,-21.700000000000003,-1.9000000000000057,62.10000000000001,47.2,21.700000000000003,27.7888,23.3776,14.7456,25.345923406601962,11.4272,47.59310000000001,26.741500000000002,29.105784075792677,1.0728887268560716,24.0,41.2,0.891116680590365,30.8,64.8,0.03999999999999204,0.05999999999998806,0.060000000000002274,35.5,98.49378952334011,1.7999999999999972,44.9318,10.878400000000001,76.77796045002304,0.7752427368341308,76.63576711716568,2.6197298403602134,-0.42577999999999994,-0.42577999999999994,1129.6099999999994,0.12639679645641547,34.662000000000006,-1129.6099999999994,7.910804353597027,24.416,54.12,41.330000000000005,1,68.83260706971387,-5.0,-3.6999999999999993,8.363382565189967
167,2017 Arkansas,2017,Arkansas,Region 3,8,Second Round,1,Mike Anderson,2017 Mike Anderson,SEC,SEC,2017 SEC,2017 Arkansas,2017 Arkansas,12.1,38.0,15.5,12.2,1.4,8.6,42.4,13.4,11.0,2.4,116.639,98.96,15.5987,76.94,0.77,2.33,37.32,17.98,13.38,20.85,26.83,20.95,30.37,28.02,14.48,10.44,16.69,32.77,23.31,15.84,14.04,14.04,3.88722475,115.360176,98.8594251,0.819475785,51.5,51.8,38.8,60.7,83.6,18.3,32.4,33.5,71.5,50.2,52.8,36.4,66.8,12.7,92.3,50.5,49.7,29.8,37.4,70.9,76.2,29.5,93.6,3.1,10.5,7.7,69.1,33.1,38.7,32.5,33.3,37.4,68.7,30.8,36.6,29.5,66.8,36.7,-0.29999999999999716,-65.3,-34.099999999999994,-21.900000000000006,0.29999999999999716,65.3,34.099999999999994,21.900000000000006,25.773699999999998,23.251199999999997,10.797,28.627085076898762,13.386000000000001,45.675200000000004,24.5156,27.45509970843304,1.227077048235653,12.600000000000001,36.2,1.0953380016893273,30.8,59.8,0.010000000000005116,0.0,0.0,37.32,95.09646352109012,2.9000000000000057,43.053999999999995,9.4794,83.95257713241848,0.6181074895044124,81.07228443553377,3.0303030303030294,0.54593,0.54593,1165.9099999999999,0.13759330884822482,28.426,-1165.9099999999999,7.267144319344934,3.262,53.800000000000004,41.099999999999994,1,67.0111583454155,-1.1999999999999993,1.0,9.286360283343944
168,2017 Seton Hall,2017,Seton Hall,Region 3,9,First Round,1,Kevin Willard,2017 Kevin Willard,Big East,BE,2017 BE,2017 Seton Hall,2017 Seton Hall,11.9,33.2,16.6,8.4,5.6,10.6,38.7,14.7,11.9,2.8,109.8,104.1483,13.9487,77.61,0.85,1.81,25.08,22.9,11.8,26.29,25.66,13.35,49.07,27.02,11.34,6.76,5.81,36.51,23.18,17.37,11.81,11.14,2.609909718,108.5888944,104.17987233,0.808239051,50.2,51.0,37.9,63.9,80.6,17.6,35.3,25.4,68.9,50.0,52.0,33.7,66.0,6.6,91.8,46.6,50.7,30.9,34.3,68.8,64.3,28.299999999999997,83.0,3.9,10.200000000000003,4.7,57.7,38.7,42.4,34.1,39.6,30.5,62.3,32.4,33.8,30.7,65.9,33.5,-0.7999999999999972,-62.99999999999999,-39.300000000000004,-26.0,0.7999999999999972,62.99999999999999,39.300000000000004,26.0,25.566900000000004,22.4546,10.376599999999998,22.12982527420103,14.9378,42.2617,22.0765,25.51953500098829,1.3875769518908179,19.5,42.6,1.1581743828542435,32.4,61.199999999999996,0.0,-1.4210854715202004e-14,-0.010000000000005116,25.08,93.08132599409396,0.7999999999999972,40.4612,8.976,85.49026769386322,0.565527117389352,76.82682652677215,2.613267357352713,0.5848,0.5848,628.5999999999999,0.07189464167057003,15.204,-628.5999999999999,13.906983790334797,10.136,52.97500000000001,39.465,1,70.74934389520512,3.5,-2.8,8.042557655212274
169,2017 Wichita St.,2017,Wichita St.,Region 3,10,Second Round,1,Gregg Marshall,2017 Gregg Marshall,Missouri Valley,MVC,2017 MVC,2017 Wichita St.,2017 Wichita St.,13.9,34.5,34.6,20.8,15.5,10.3,40.0,25.5,17.1,8.4,119.636,106.7764,26.4121,77.72,0.68,1.46,42.59,24.02,22.49,16.36,19.56,17.52,29.92,28.49,28.6,8.9,4.01,27.86,25.85,19.63,14.37,12.21,4.184040892,116.9046641,107.15296125,0.933990141,54.7,56.1,40.9,64.8,84.1,19.8,33.9,24.2,69.6,51.0,57.7,40.7,69.0,11.2,91.3,59.0,50.8,36.4,38.8,70.5,72.9,30.299999999999997,91.8,6.7,22.0,4.3,58.0,34.5,49.5,30.3,40.6,29.0,65.5,30.8,41.0,36.5,68.6,38.9,-1.3999999999999986,-64.3,-41.900000000000006,-23.9,1.3999999999999986,64.3,41.900000000000006,23.9,26.160600000000002,26.739,14.965,24.04239311438582,15.944500000000001,46.859399999999994,26.685399999999994,21.31212487450903,1.1287361990082465,21.0,41.2,0.8894372895298323,30.8,65.4,0.05000000000001137,0.0799999999999983,0.07999999999998408,42.59,96.76142006428744,2.5,46.0027,11.107800000000001,82.7850256064956,0.7356516751661449,75.37282075347395,3.194767624677692,0.47940000000000005,0.47940000000000005,1018.1700000000003,0.122671164609369,30.368,-1018.1700000000003,8.151057941255246,22.63,55.82,41.95,2,70.64184032428079,-3.6999999999999993,-7.1,8.704243594618337
170,2017 Kansas St.,2017,Kansas St.,Region 3,11,First Round,1,Bruce Weber,2017 Bruce Weber,Big 12,B12,2017 B12,2017 Kansas St.,2017 Kansas St.,13.6,31.5,21.5,11.5,11.9,9.5,39.3,16.5,10.1,6.4,112.038,105.5161,17.5538,77.43,1.18,1.61,24.95,18.86,23.6,20.85,17.15,19.49,30.55,31.16,19.98,11.75,6.48,20.78,26.73,23.29,17.13,12.01,1.58481444,111.515993,106.72264905,0.886330316,52.4,51.1,40.6,67.8,80.8,22.4,29.5,32.5,67.6,51.5,55.4,36.1,61.7,10.3,90.4,60.5,43.9,36.4,33.8,67.3,69.0,28.099999999999994,86.3,6.7,9.5,5.9,63.9,36.2,44.2,35.7,36.3,27.4,66.0,30.2,36.2,36.3,61.7,34.1,1.2999999999999972,-58.4,-38.0,-27.199999999999996,-1.2999999999999972,58.4,38.0,27.199999999999996,28.9139,23.086799999999997,13.1406,24.222630603081353,16.339900000000004,40.971700000000006,21.039700000000003,25.692346460895056,1.181785625740338,22.6,42.900000000000006,1.2199055746165803,30.2,58.4,0.04999999999999716,0.0799999999999983,0.05999999999998806,24.95,97.58317356849938,-0.7000000000000028,42.3392,11.446399999999999,78.37256358874569,0.7796291284906123,81.24334920958243,2.2863392531638973,0.7941399999999998,0.7941399999999998,896.2200000000005,0.11393679273459364,18.515,-896.2200000000005,8.775847005145131,19.159000000000002,53.14999999999999,42.71,1,69.68329692230397,-1.4000000000000004,-5.5,8.117994618881678
171,2017 Middle Tennessee,2017,Middle Tennessee,Region 3,12,Second Round,1,Kermit Davis Jr,2017 Kermit Davis Jr,Conference USA,CUSA,2017 CUSA,2017 Middle Tennessee,2017 Middle Tennessee,12.8,33.0,23.5,13.3,13.1,11.3,38.5,19.9,14.5,5.5,111.64,103.0177,14.6582,76.84,0.38,2.11,29.17,26.92,24.27,15.34,15.98,17.49,39.14,30.0,14.8,7.29,8.77,28.82,23.24,10.89,17.65,19.39,2.181382268,110.416615,103.6789503,0.827868845,54.3,52.6,29.7,62.1,84.4,20.2,30.2,24.3,66.1,53.8,53.2,37.0,67.5,8.5,94.2,53.7,49.9,30.3,35.4,65.7,70.1,29.200000000000003,85.9,4.6,5.0,3.4,68.1,27.2,39.5,25.6,44.7,42.8,61.0,39.5,36.9,30.0,66.9,35.0,1.6999999999999957,-64.2,-45.5,-32.400000000000006,-1.6999999999999957,64.2,45.5,32.400000000000006,22.474599999999995,30.201600000000003,11.07,22.355312567709717,10.282,47.51,23.415,27.99654740618326,1.059964667844405,7.200000000000003,31.799999999999997,0.8285477557784063,39.5,71.0,0.0,0.0,0.010000000000005116,29.17,94.74891915887785,-2.299999999999997,45.8292,10.6252,80.83068122843132,0.6729238981967645,75.77642117980135,3.1985129158387293,0.24966000000000002,0.24966000000000002,268.64999999999964,0.0902325877644611,28.063,-268.64999999999964,11.081049288319022,27.641,53.315,40.265,1,72.48790664838334,1.1999999999999993,-7.6,8.336867481340766
172,2017 Winthrop,2017,Winthrop,Region 3,13,First Round,1,Pat Kelsey,2017 Pat Kelsey,Big South,BSth,2017 BSth,2017 Winthrop,2017 Winthrop,9.3,38.4,9.0,7.0,-0.8,8.0,42.2,10.3,9.9,0.4,106.436,98.191,4.62694,74.9,-0.97,2.21,34.69,19.62,17.84,18.29,14.25,30.0,41.56,29.06,16.35,6.44,6.59,32.44,25.68,15.83,10.85,15.2,-1.669929015,105.4479199,98.2481977,0.601166382,53.7,53.6,38.9,66.2,82.1,18.7,27.0,28.7,71.2,51.2,54.3,38.0,68.2,13.5,90.0,48.4,59.0,43.6,35.4,72.3,71.9,27.599999999999994,85.3,9.2,20.900000000000006,3.6,62.2,27.4,43.1,30.9,40.2,29.1,64.1,33.5,37.9,43.5,67.9,35.5,0.10000000000000142,-63.39999999999999,-44.3,-27.300000000000004,-0.10000000000000142,63.39999999999999,44.3,27.300000000000004,24.8904,28.1847,16.4865,22.16258107712186,14.0703,45.578,24.1045,21.676715618377244,0.8413599687363508,20.9,36.599999999999994,0.9718036111658828,33.5,65.5,0.0,0.0,0.0,34.69,94.0671128444913,4.299999999999997,44.0877,10.023200000000001,81.18715227419271,0.5953186307671492,78.20052351067028,3.295905256689569,-0.70131,-0.70131,969.7900000000006,0.14999833335185164,15.469999999999999,-969.7900000000006,6.6661728760832535,-1.768,53.24,41.785000000000004,1,71.79026111937797,2.9000000000000004,1.2000000000000002,8.33957959915268
173,2017 Kent St.,2017,Kent St.,Region 3,14,First Round,1,Rob Senderoff,2017 Rob Senderoff,MAC,MAC,2017 MAC,2017 Kent St.,2017 Kent St.,10.7,37.5,9.4,8.6,-0.8,8.8,41.0,10.8,9.8,0.8,104.421,97.313,1.73415,76.15,0.02,1.62,33.87,22.48,19.06,21.32,19.41,17.73,36.75,26.16,17.79,10.17,9.13,30.28,23.66,20.68,13.12,12.25,-7.0080384,103.8485023,97.5268501,0.538255499,48.1,50.4,33.0,65.8,81.9,19.3,38.1,30.0,70.4,48.6,52.1,31.4,65.0,9.6,94.2,45.5,48.8,35.1,35.7,69.7,71.7,29.799999999999997,82.4,2.3,12.799999999999997,3.5,57.7,33.3,42.5,36.6,38.8,31.7,63.1,28.1,31.7,34.9,64.7,35.3,-2.299999999999997,-62.60000000000001,-31.900000000000006,-32.8,2.299999999999997,62.60000000000001,31.900000000000006,32.8,21.109299999999998,23.362899999999996,11.0633,22.66634803697617,16.003,40.5702,22.8391,24.196332366703846,1.0200280794246583,18.3,35.599999999999994,1.1359451573609816,28.1,59.9,0.0,1.4210854715202004e-14,0.009999999999990905,33.87,98.11072765330141,1.7000000000000028,39.3939,9.7272,85.95907897124506,0.5638096182203441,79.64553164555028,2.6959836473123038,0.013940000000000001,0.013940000000000001,405.2600000000002,0.1019097461810384,13.932,-405.2600000000002,9.811477971044685,-1.2960000000000003,52.28500000000001,40.855,2,69.90554151501937,1.200000000000001,1.6,8.230316295702572
174,2017 Northern Kentucky,2017,Northern Kentucky,Region 3,15,First Round,1,John Brannen,2017 John Brannen,Horizon,Horz,2017 Horz,2017 Northern Kentucky,2017 Northern Kentucky,11.4,38.2,8.2,8.6,2.0,7.7,42.9,6.4,7.7,-1.3,106.647,94.689,1.33605,76.69,-1.01,1.3,30.0,18.25,24.4,12.75,20.06,24.48,11.91,29.51,22.88,27.78,7.81,17.4,31.43,17.32,20.58,13.18,-4.795408161,105.6475778,95.6698721,0.536014857,52.9,50.2,37.3,70.0,81.0,17.0,31.3,26.3,70.1,51.9,49.9,36.1,67.2,6.6,87.3,51.9,54.6,42.4,33.7,69.3,67.6,29.099999999999994,91.2,3.1,6.799999999999997,4.5,56.1,38.2,38.7,36.5,42.8,19.3,63.2,30.1,35.6,42.5,67.6,33.5,2.6999999999999957,-64.0,-42.4,-32.7,-2.6999999999999957,64.0,42.4,32.7,24.257400000000004,23.3904,15.13,24.68958957401547,14.431500000000002,41.669200000000004,22.646,27.91360182181201,0.9717418413684386,30.7,41.300000000000004,1.223844064356288,30.1,59.0,0.060000000000002274,0.10999999999999943,0.09000000000000341,30.0,95.12510820632909,1.2999999999999972,42.849000000000004,8.534,82.21808558486548,0.6252936711605884,76.96768851980428,2.8735329719488445,-0.6999299999999999,-0.6999299999999999,484.48,0.07560050858523956,11.18,-484.48,13.225268898651718,2.6,53.26499999999999,40.09,0,69.56246055329848,-0.8999999999999995,-3.3,8.7627521385574
175,2017 Texas Southern,2017,Texas Southern,Region 3,16,First Round,1,Mike Davis,2017 Mike Davis,SWAC,SWAC,2017 SWAC,2017 Texas Southern,2017 Texas Southern,7.9,39.8,-1.7,0.8,-2.1,6.1,43.7,2.8,2.0,0.8,103.622,92.714,-3.66476,74.36,0.11,2.01,34.38,17.5,17.62,26.32,17.87,20.69,39.06,33.79,12.67,8.57,5.91,33.02,25.29,17.58,13.02,11.09,-4.313212094,101.7007452,93.3430691,0.366513764,48.2,51.1,44.9,67.8,83.4,19.3,32.3,34.4,69.4,50.1,51.0,29.7,67.6,7.4,91.2,47.4,51.8,34.1,28.5,69.9,73.3,31.900000000000006,87.7,9.2,8.5,3.9,65.1,37.0,40.2,36.4,30.3,28.6,61.6,35.2,29.5,34.4,67.4,28.5,-2.8999999999999986,-64.10000000000001,-33.30000000000001,-22.9,2.8999999999999986,64.10000000000001,33.30000000000001,22.9,32.1554,18.8138,10.148,28.38984560249198,14.9643,40.8922,19.209,26.653877141359132,1.3429842155751288,21.4,46.2,1.4139854741938878,35.2,59.7,0.0,0.0,0.0,34.38,96.22939660001214,1.9000000000000057,40.198800000000006,9.862300000000001,81.63048365175831,0.5873533165636112,81.34362675944573,3.12029395819529,0.07689000000000001,0.07689000000000001,1128.3499999999995,0.08113946119011853,1.6079999999999999,-1128.3499999999995,12.322659100121605,-4.221,53.325,42.315000000000005,1,65.18328281645346,1.2,2.9000000000000004,8.676400798144853
176,2017 Gonzaga,2017,Gonzaga,Region 4,1,Runner Up,3,Mark Few,2017 Mark Few,WCC,WCC,2017 WCC,2017 Gonzaga,2017 Gonzaga,14.5,29.7,37.4,18.8,18.3,10.4,37.5,26.8,13.8,13.0,120.711,112.3429,33.0538,78.51,3.18,1.83,31.94,26.22,19.64,15.77,15.3,23.03,37.76,36.36,10.58,7.12,8.11,29.03,27.18,11.99,10.96,20.78,7.794602351,119.7750337,112.02029216,0.972019127,58.0,58.4,38.2,74.0,84.1,17.7,29.9,25.4,70.9,58.4,60.0,38.2,70.0,10.7,93.3,52.8,57.1,32.6,31.8,71.8,73.8,34.2,90.7,6.3,9.299999999999997,2.7,66.5,35.6,51.2,31.2,44.6,31.4,67.3,36.6,38.1,32.9,71.1,32.2,-0.3999999999999986,-66.39999999999999,-44.7,-35.8,0.3999999999999986,66.39999999999999,44.7,35.8,29.388099999999998,26.5393,12.5349,23.815313700782248,16.2255,47.525999999999996,22.8942,28.29680488441525,1.2735175222637611,18.6,41.9,1.0527623365733982,36.6,66.1,0.04000000000000625,0.06999999999999318,0.060000000000002274,31.94,95.31007782580564,3.799999999999997,48.778,10.336799999999998,79.80757687253191,0.6415474903099597,76.07568213510496,3.5909691214389023,2.28324,2.28324,288.3600000000001,0.11468258646745479,34.404,-288.3600000000001,8.718811326044296,33.489000000000004,55.935,43.965,2,71.5778251361156,-5.0,-5.300000000000001,8.244775639798867
177,2017 Arizona,2017,Arizona,Region 4,2,Sweet 16,2,Sean Miller,2017 Sean Miller,Pac 12,P12,2017 P12,2017 Arizona,2017 Arizona,17.9,31.5,30.9,21.9,16.0,12.5,38.0,22.0,15.7,6.4,117.585,105.1582,22.7427,78.74,3.58,1.14,33.93,25.32,19.01,21.84,19.38,14.41,35.2,31.54,8.02,19.49,5.67,25.26,23.55,16.38,18.49,16.26,7.904473383,116.2554263,105.69006199,0.917271263,53.7,52.9,41.0,70.8,83.0,17.7,33.3,26.2,67.3,51.0,52.1,39.8,69.4,8.9,92.1,52.6,46.8,30.8,36.6,67.0,75.8,31.0,88.8,8.8,13.799999999999997,7.0,62.7,36.0,42.2,35.2,39.8,33.4,63.2,28.6,39.0,30.6,68.9,36.2,0.8000000000000043,-65.3,-40.5,-29.799999999999997,-0.8000000000000043,65.3,40.5,29.799999999999997,30.386400000000002,25.2272,11.934000000000001,23.538957071204322,15.820400000000003,43.01700000000001,24.941800000000004,24.948797566215497,1.4640044442992057,16.6,44.8,1.1657136543189415,28.6,57.8,0.04000000000000625,0.0799999999999983,0.060000000000002274,33.93,95.99062723109961,-1.0,44.571,9.363299999999999,84.69349365080271,0.6391173861799978,75.93526608588282,2.752779248279513,2.3986,2.3986,913.0,0.09663304415804388,24.965999999999998,-913.0,10.347152005392653,18.24,55.04,41.445,1,70.9807439698928,-6.199999999999999,-9.6,8.681617965903126
178,2017 Florida St.,2017,Florida St.,Region 4,3,Second Round,1,Leonard Hamilton,2017 Leonard Hamilton,ACC,ACC,2017 ACC,2017 Florida St.,2017 Florida St.,12.9,34.9,27.9,15.4,14.4,8.8,39.7,19.5,12.1,7.4,116.738,106.0049,22.7426,79.17,2.58,1.25,39.57,19.94,18.59,23.84,18.82,18.74,31.18,22.05,15.11,22.04,9.56,28.26,22.44,17.68,17.24,14.31,5.886582485,116.014037,105.68248858,0.915367688,53.9,52.6,37.7,62.7,83.7,19.8,34.0,30.4,72.4,54.1,54.9,35.6,65.6,13.6,92.8,49.4,51.6,31.3,36.1,72.6,69.2,28.599999999999994,87.1,14.3,20.5,6.3,64.2,42.2,45.5,35.7,39.4,26.4,66.0,28.3,34.7,31.4,65.0,36.0,1.2999999999999972,-63.900000000000006,-35.599999999999994,-25.0,-1.2999999999999972,63.900000000000006,35.599999999999994,25.0,39.5477,21.297399999999996,10.8958,24.243280856077764,17.535,42.078,23.4,21.36391037864245,1.7993057545938027,23.6,56.5,1.1666342601594402,28.3,58.0,0.07000000000000739,0.060000000000002274,0.07000000000000739,39.57,97.77984685212934,4.599999999999994,45.1143,10.414800000000001,83.33385358669537,0.6159524195458909,79.85386498006893,3.165449972394332,1.8730799999999999,1.8730799999999999,815.6200000000003,0.14655014493378304,19.25,-815.6200000000003,6.823027718550107,18.0,54.94,41.475,1,69.91935333554189,-3.3000000000000007,-7.0,8.512405913255769
179,2017 West Virginia,2017,West Virginia,Region 4,4,Sweet 16,2,Bob Huggins,2017 Bob Huggins,Big 12,B12,2017 B12,2017 West Virginia,2017 West Virginia,13.1,31.5,32.9,15.7,18.0,9.1,37.0,24.9,11.4,13.5,116.472,110.3269,26.7991,77.62,0.85,2.02,37.42,17.62,18.28,22.21,20.03,21.8,30.05,27.19,21.89,10.09,10.72,25.46,21.8,15.93,15.37,21.38,6.347284229,116.0798897,110.23296704,0.9505557,51.8,51.3,38.2,57.8,83.1,28.1,37.7,32.4,71.5,50.6,53.4,36.1,65.1,13.9,90.8,57.7,46.0,33.0,36.3,72.5,67.8,32.5,86.9,6.8,19.099999999999994,7.6,61.8,37.0,48.4,40.2,35.5,30.6,62.1,23.4,36.2,32.5,64.7,36.4,0.5,-54.99999999999999,-29.900000000000006,-19.599999999999994,-0.5,54.99999999999999,29.900000000000006,19.599999999999994,28.7752,22.628,11.765,24.47788117192064,20.9084,38.0822,23.5508,20.910503740146165,1.3476508415125688,19.4,43.8,1.3131507376170988,23.4,52.199999999999996,0.05999999999998806,0.060000000000002274,0.060000000000002274,37.42,97.95384018219495,4.5,43.04579999999999,14.4153,83.49310273563819,0.8024923158231456,80.58073047020154,2.721732441867344,0.61625,0.61625,711.46,0.15308201451525863,31.714,-711.46,6.531904179555427,36.36,54.765,42.69500000000001,2,69.24073219999272,-4.299999999999999,-4.5,8.056894493595907
180,2017 Notre Dame,2017,Notre Dame,Region 4,5,Second Round,1,Mike Brey,2017 Mike Brey,ACC,ACC,2017 ACC,2017 Notre Dame,2017 Notre Dame,18.1,32.0,27.8,19.2,11.7,12.8,38.2,18.9,15.1,3.9,118.891,102.2027,21.0939,77.4,-0.24,2.09,22.24,19.33,15.14,19.59,25.48,20.46,23.2,18.65,13.29,39.84,5.02,21.43,18.22,17.89,32.91,9.55,5.924018188,119.5128145,103.60413207,0.922158544,54.0,51.0,28.2,73.4,86.1,18.8,27.4,31.0,67.9,51.3,51.9,38.6,66.3,9.7,88.7,58.1,49.4,40.8,34.5,68.5,79.9,27.0,87.7,5.8,19.0,5.8,61.7,31.7,39.1,32.9,38.4,27.6,64.3,32.1,38.5,40.7,66.3,35.0,3.0,-67.3,-41.6,-45.2,-3.0,67.3,41.6,45.2,24.645500000000002,26.2679,15.669500000000001,23.466767281981273,13.965900000000001,43.8453,23.205,22.494943876346966,0.9213532837031031,22.4,37.5,1.105682694780149,32.1,61.300000000000004,0.0,1.4210854715202004e-14,1.4210854715202004e-14,22.24,96.30951900153923,0.5,46.494,9.588,78.7998780085403,0.7155084296991416,79.8214305655592,3.553701172577511,-0.1644,-0.1644,271.3800000000001,0.10935615156537129,40.12799999999999,-271.3800000000001,9.143387279661892,24.452999999999996,52.835,42.31,3,70.68221392282626,-4.1,-7.799999999999999,9.13274910790901
181,2017 Maryland,2017,Maryland,Region 4,6,First Round,1,Mark Turgeon,2017 Mark Turgeon,Big 10,B10,2017 B10,2017 Maryland,2017 Maryland,14.9,33.4,24.6,16.2,14.5,10.8,39.0,19.9,15.4,4.4,113.565,101.2729,14.838,77.29,0.9,1.17,32.03,19.53,18.15,17.59,26.93,17.8,44.17,23.9,14.63,6.17,11.13,19.82,20.17,24.34,18.0,17.66,3.67623281,113.0099569,102.66675138,0.847787931,52.6,52.9,38.6,67.8,80.9,17.9,30.6,32.3,67.8,50.9,54.7,36.7,66.0,11.7,88.7,56.7,53.7,40.8,32.5,68.6,70.1,29.599999999999994,89.2,7.1,10.0,4.8,66.3,33.1,39.8,30.6,32.0,25.7,66.5,36.3,36.4,41.1,65.9,33.0,-0.29999999999999716,-63.00000000000001,-37.1,-29.199999999999996,0.29999999999999716,63.00000000000001,37.1,29.199999999999996,28.2785,23.1844,14.9604,26.885482451811548,12.6588,45.8865,21.747000000000003,26.769945834835006,0.9780783922532299,24.3,40.2,1.0726947668252478,36.3,64.6,1.4210854715202004e-14,1.4210854715202004e-14,0.010000000000005116,32.03,96.05296313673156,0.5999999999999943,42.5534,9.4691,80.62867571351796,0.6906127818175175,80.92013918983207,2.8113711324014456,0.6174,0.6174,698.9800000000002,0.13190381168194268,18.953999999999997,-698.9800000000002,7.580548671053757,16.965,53.175000000000004,42.265,1,67.55370329338855,-0.7999999999999989,-10.1,8.713649321296009
182,2017 Saint Mary's,2017,Saint Mary's,Region 4,7,Second Round,1,Randy Bennett,2017 Randy Bennett,WCC,WCC,2017 WCC,2017 Saint Mary's,2017 Saint Mary's,17.3,30.8,30.9,17.9,9.9,10.9,39.1,22.0,13.3,8.7,118.894,105.7432,24.6377,77.58,1.58,1.98,25.41,29.56,15.98,23.72,13.98,16.7,43.46,36.16,10.38,5.64,4.31,35.16,23.67,14.38,15.22,11.51,3.967936856,118.2593884,105.77242281,0.931657063,57.9,54.8,26.6,74.5,82.7,15.4,33.4,21.4,60.8,56.5,54.9,39.9,69.7,8.5,92.6,63.7,58.1,41.6,28.2,60.8,74.8,31.400000000000006,88.9,4.3,7.099999999999994,2.2,64.8,39.6,50.2,33.7,40.4,19.0,58.4,38.6,39.4,41.4,70.0,27.7,3.1000000000000014,-67.3,-45.2,-47.9,-3.1000000000000014,67.3,45.2,47.9,29.4835,23.9876,16.3116,23.496152167252127,17.0736,41.9324,19.39,27.446235321685442,1.0603608608487718,31.0,43.9,1.2959820945092237,38.6,64.1,0.060000000000002274,0.04999999999999716,0.060000000000002274,25.41,93.50919727614527,-7.200000000000003,47.883300000000006,8.4392,79.83858723660693,0.7529461826692356,73.95662322786455,3.358187388012254,0.9606399999999999,0.9606399999999999,-349.6200000000006,0.09179166531678924,35.442,349.6200000000006,10.892836136925068,19.602,54.505,41.225,2,71.30141135260115,-4.599999999999998,-1.200000000000001,8.743548109494421
183,2017 Northwestern,2017,Northwestern,Region 4,8,Second Round,1,Chris Collins,2017 Chris Collins,Big 10,B10,2017 B10,2017 Northwestern,2017 Northwestern,14.2,31.0,19.9,10.6,7.2,8.7,38.1,15.2,8.2,7.0,111.189,104.3222,15.511,77.84,-0.08,1.7,27.36,16.69,19.62,15.33,24.34,23.98,41.21,23.58,21.82,7.94,5.37,23.4,22.51,24.66,17.49,11.87,1.953365697,111.1028949,105.30030781,0.862602884,49.7,54.0,30.8,64.5,84.1,18.0,30.9,30.7,66.3,48.9,56.1,34.1,66.5,13.6,90.0,60.3,46.9,35.8,34.4,66.7,75.1,33.3,93.5,5.7,15.5,4.4,62.3,28.6,43.2,31.2,38.3,35.7,67.2,34.3,34.2,35.7,66.6,34.5,-4.299999999999997,-66.1,-38.400000000000006,-33.7,4.299999999999997,66.1,38.400000000000006,33.7,23.147299999999998,25.8825,12.209400000000002,27.26320780832659,14.160400000000001,46.0266,22.976999999999997,24.452862818083286,0.9607574017534524,14.299999999999997,34.300000000000004,1.031854149155097,34.3,64.4,0.03999999999999204,0.0800000000000125,0.07000000000000739,27.36,95.88949273203416,-1.2999999999999972,41.7977,9.719999999999999,78.65818810622444,0.7353568858916354,79.19503485649624,2.949500031444562,-0.053360000000000005,-0.053360000000000005,165.23000000000002,0.1511094321174209,18.02,-165.23000000000002,6.617160502904198,12.24,51.705,41.915,1,67.67433733752125,-2.4000000000000004,-0.20000000000000018,8.158127818165086
184,2017 Vanderbilt,2017,Vanderbilt,Region 4,9,First Round,1,Bryce Drew,2017 Bryce Drew,SEC,SEC,2017 SEC,2017 Vanderbilt,2017 Vanderbilt,13.3,33.7,22.4,11.6,10.3,9.5,39.9,17.3,10.1,7.0,112.303,103.935,16.2376,78.27,1.73,1.84,27.77,21.37,16.8,23.61,19.35,18.86,32.51,25.5,21.44,13.46,7.08,23.94,19.53,21.21,17.66,17.66,0.078131402,112.7723788,104.79129883,0.87511382,52.3,52.1,34.9,69.4,81.7,16.0,25.0,27.1,67.2,48.3,53.3,37.7,66.4,9.7,89.0,55.5,53.5,48.6,33.2,67.0,77.6,29.599999999999994,88.8,8.2,10.099999999999994,5.1,60.7,27.3,43.6,32.8,34.0,24.2,62.4,34.2,37.5,48.6,66.2,33.0,0.19999999999999574,-65.7,-47.9,-34.50000000000001,-0.19999999999999574,65.7,47.9,34.50000000000001,23.852700000000002,26.453000000000003,18.225,25.310933079073425,14.8159,43.1868,21.846,25.6310196181632,0.73043764531594,25.8,35.5,1.1484500469682737,34.2,62.1,0.010000000000005116,0.010000000000005116,0.0,27.77,97.40813387691416,-1.0,42.7291,8.336,78.35547295076088,0.6607064201616647,77.80231583018163,2.923337522539752,1.1591,1.1591,654.0,0.10898753946584869,21.344,-654.0,9.174311926605506,18.952,51.58,40.67,1,68.58201868836717,-1.5,-3.3000000000000007,8.305014624384235
185,2017 VCU,2017,VCU,Region 4,10,First Round,1,Will Wade,2017 Will Wade,Atlantic 10,A10,2017 A10,2017 VCU,2017 VCU,9.9,34.4,21.0,8.8,10.8,9.0,39.7,16.6,11.4,5.3,110.018,104.284,14.3025,76.4,-0.98,2.16,36.9,24.84,17.67,13.21,19.71,24.54,45.55,27.49,13.4,10.49,3.04,34.71,15.58,17.06,18.37,14.26,1.408972527,107.9255582,104.17656021,0.797015648,51.1,52.9,36.3,60.2,82.1,21.0,31.4,27.5,68.8,51.5,54.5,33.4,66.2,10.5,91.0,56.7,53.8,29.7,31.3,69.8,70.7,30.5,93.3,7.3,24.599999999999994,4.4,60.4,42.2,46.6,39.9,38.3,28.4,64.3,28.7,32.9,29.4,66.1,31.4,-1.7999999999999972,-61.099999999999994,-41.1,-23.900000000000006,1.7999999999999972,61.099999999999994,41.1,23.900000000000006,32.2997,20.549799999999998,9.6726,27.43080689055039,19.6758,39.20949999999999,20.755399999999995,19.319937888098917,1.6836162035304922,21.6,49.5,1.4107830960797425,28.7,55.7,0.030000000000001137,0.030000000000001137,0.01999999999999602,36.9,95.10985378541704,1.7999999999999972,41.9531,11.109,79.68370100058581,0.7177124340198225,78.0973614901175,3.0054186916932,-0.68404,-0.68404,730.3099999999997,0.11538334743574245,19.008000000000003,-730.3099999999997,8.665841348443006,23.328000000000003,52.690000000000005,40.94,0,67.21031089981886,2.5999999999999996,-5.500000000000001,8.049743491393775
186,2017 Xavier,2017,Xavier,Region 4,11,Elite Eight,2,Chris Mack,2017 Chris Mack,Big East,BE,2017 BE,2017 Xavier,2017 Xavier,10.8,35.5,16.7,9.7,5.5,9.9,41.1,15.9,12.1,3.9,114.744,100.5745,15.3189,78.49,0.37,1.7,31.65,21.88,19.54,17.04,25.65,15.82,49.18,16.74,14.77,11.55,7.68,25.57,21.93,18.82,19.77,13.85,1.550295565,114.47384,102.65593915,0.86577272,51.6,48.2,41.2,66.3,81.4,17.8,35.2,25.0,68.3,52.0,47.5,34.0,66.2,7.9,89.4,57.5,44.5,36.4,39.2,68.7,68.8,30.099999999999994,90.6,8.0,3.0999999999999943,5.1,58.7,41.1,36.3,32.1,39.7,22.4,59.9,28.2,34.7,36.4,66.9,39.7,3.3999999999999986,-63.60000000000001,-39.8,-25.099999999999994,-3.3999999999999986,63.60000000000001,39.8,25.099999999999994,31.3737,21.523600000000002,12.6308,25.323292966489696,11.8104,43.451100000000004,26.559300000000004,28.782575747605822,1.3488640421966431,27.6,49.1,0.937004105690033,28.2,62.8,0.06999999999999318,0.0800000000000125,0.060000000000016485,31.65,96.06612404872752,0.7000000000000028,42.0024,8.579600000000001,81.30935556402667,0.6995048722035011,75.82026350679543,2.392344497607656,0.25419,0.25419,838.9300000000005,0.0883659019474055,16.49,-838.9300000000005,11.315023414757626,9.35,54.21,38.675,1,68.83259897789635,2.4000000000000004,-1.6,8.908742685842974
187,2017 Princeton,2017,Princeton,Region 4,12,First Round,1,Mitch Henderson,2017 Mitch Henderson,Ivy,Ivy,2017 Ivy,2017 Princeton,2017 Princeton,11.9,33.4,18.4,9.9,10.0,8.3,38.8,14.3,7.9,6.3,109.396,103.1038,12.5002,76.81,-0.56,2.03,25.68,14.72,24.81,20.32,17.01,23.07,34.71,27.9,18.04,12.97,6.28,20.11,20.61,18.65,22.51,18.05,-0.2851601,108.0889894,103.41420247,0.784826214,53.5,51.1,24.9,68.3,84.8,20.6,24.2,24.7,64.7,50.4,52.8,38.1,65.6,9.8,91.4,54.2,51.5,45.9,37.3,64.3,73.6,30.099999999999994,87.0,5.2,7.700000000000003,4.1,57.4,34.9,47.9,35.4,37.5,18.8,59.6,27.8,37.6,46.2,65.5,36.7,2.3999999999999986,-64.19999999999999,-51.1,-43.4,-2.3999999999999986,64.19999999999999,51.1,43.4,24.5566,24.421200000000002,17.3712,23.371688713769345,17.272299999999998,40.6073,24.038500000000003,26.03195152115953,0.8679465812428303,31.2,40.1,1.0762649519086673,27.8,60.5,0.06999999999999318,0.09999999999999432,0.07000000000000739,25.68,95.83223921031929,-3.700000000000003,45.368,10.526600000000002,78.04465220751047,0.682611050238662,76.57236629308021,3.387935004276034,-0.36008,-0.36008,-223.18999999999983,0.10721983348103412,20.096999999999998,223.18999999999983,9.32557902254872,20.299999999999997,51.175,40.775000000000006,2,70.13114496037939,-2.0,-3.7,8.110175277969597
188,2017 Bucknell,2017,Bucknell,Region 4,13,First Round,1,Nathan Davis,2017 Nathan Davis,Patriot,Pat,2017 Pat,2017 Bucknell,2017 Bucknell,11.0,35.0,17.5,9.2,11.2,9.1,39.9,15.4,10.1,5.2,109.074,99.642,8.71601,76.24,0.09,1.43,31.93,25.72,22.28,15.48,17.14,19.32,43.14,30.04,13.59,8.0,5.15,31.79,26.49,15.97,11.54,14.13,-1.960331009,107.5140482,100.49459704,0.708933534,55.4,52.0,37.2,67.3,81.2,19.7,26.8,27.4,70.4,54.6,53.5,37.7,66.0,9.8,91.4,54.3,50.7,38.6,31.8,71.3,67.9,34.3,95.7,5.7,8.900000000000006,3.2,61.1,37.3,45.1,40.8,43.9,24.3,65.8,27.9,37.9,38.4,65.8,31.3,3.3999999999999986,-61.5,-45.8,-30.099999999999994,-3.3999999999999986,61.5,45.8,30.099999999999994,28.245199999999997,25.2213,14.5536,25.966837825708904,18.6856,38.953599999999994,20.595399999999998,26.83691487485102,1.119762506184735,25.7,43.0,1.4057058879907989,27.9,56.0,0.060000000000002274,0.07999999999998408,0.0800000000000125,31.93,95.90767547718903,3.299999999999997,44.9848,10.244,78.6749155535967,0.6762057757686704,77.9836877080951,2.6966650710068616,0.06417,0.06417,217.4900000000007,0.10721983348103412,13.155999999999999,-217.4900000000007,9.32557902254872,16.016,53.4,41.3,2,69.67122916772408,0.9000000000000004,-5.999999999999999,8.44647892977931
189,2017 Florida Gulf Coast,2017,Florida Gulf Coast,Region 4,14,First Round,1,Joe Dooley,2017 Joe Dooley,Atlantic Sun,ASun,2017 ASun,2017 Florida Gulf Coast,2017 Florida Gulf Coast,12.0,37.3,13.1,11.7,2.6,9.1,42.4,12.9,10.9,2.0,109.563,95.453,5.016,76.89,0.24,1.84,32.43,18.99,16.52,18.88,22.23,23.34,41.86,27.74,13.47,8.58,8.32,28.85,24.52,15.71,14.37,16.5,-1.632283219,108.4963511,96.0923313,0.621744452,54.1,50.9,34.0,65.2,81.9,17.3,34.6,29.6,67.7,55.6,49.7,34.0,68.6,9.4,92.7,49.6,50.8,31.8,38.0,66.8,69.5,31.400000000000006,89.7,11.9,5.799999999999997,4.7,64.0,44.7,42.3,39.8,39.0,23.1,60.9,22.6,33.7,32.2,69.0,37.6,3.200000000000003,-64.60000000000001,-35.8,-31.200000000000003,-3.200000000000003,64.60000000000001,35.8,31.200000000000003,39.2823,19.860400000000002,10.851400000000002,25.71990150318102,17.107999999999997,39.70740000000001,25.944000000000003,28.117254489014393,1.7577093879072079,26.9,56.6,1.1834791627882237,22.6,55.5,0.03999999999999204,0.030000000000001137,0.04999999999998295,32.43,97.23806770539174,-1.2000000000000028,44.307900000000004,8.8057,82.22180573138651,0.5997509099043542,78.25204764651201,2.8064747803988737,0.16032,0.16032,315.7199999999996,0.10140127938209943,21.528,-315.7199999999996,9.860653122008298,4.784000000000001,54.135000000000005,40.385,1,68.75653566283265,-0.7999999999999989,-0.6000000000000001,8.97809416053806
190,2017 North Dakota,2017,North Dakota,Region 4,15,First Round,1,Brian Jones,2017 Brian Jones,Big Sky,BSky,2017 BSky,2017 North Dakota,2017 North Dakota,8.5,35.9,5.5,3.4,2.4,6.8,40.7,7.8,6.0,1.9,102.854,96.834,-0.311268,76.54,-0.21,1.83,26.0,16.82,17.3,17.85,21.28,26.74,30.04,36.61,11.54,11.06,10.73,29.37,17.55,18.55,16.71,17.8,-5.238490668,102.0591445,97.4466705,0.486116003,53.4,49.7,36.6,60.6,81.3,20.0,26.2,27.9,72.6,51.6,50.6,38.4,65.2,7.1,94.0,52.6,55.3,30.1,32.6,72.4,73.2,31.400000000000006,90.6,4.4,11.400000000000006,3.8,63.9,37.0,38.8,34.8,37.3,32.7,61.8,33.1,38.7,30.3,65.2,32.1,3.6999999999999957,-61.3,-45.900000000000006,-24.0,-3.6999999999999957,61.3,45.900000000000006,24.0,27.629399999999997,23.9232,11.7261,25.152783146204712,13.935599999999997,41.385000000000005,20.9292,24.871134540533795,1.3662915415332826,17.299999999999997,41.4,1.2024547521884053,33.1,61.400000000000006,0.010000000000005116,0.01999999999999602,0.01999999999999602,26.0,95.8439538019892,4.400000000000006,43.414199999999994,9.940000000000001,79.61607301820285,0.6574917813527331,78.44365290069072,2.957061119726217,-0.15204,-0.15204,776.28,0.07553111137115562,6.222,-776.28,13.23757217293339,4.392,52.415000000000006,39.55,1,69.61445651867143,2.6,-0.5,8.121572778437546
191,2017 South Dakota St.,2017,South Dakota St.,Region 4,16,First Round,1,T.J. Otzelberger,2017 T.J. Otzelberger,Summit,Sum,2017 Sum,2017 South Dakota St.,2017 South Dakota St.,9.9,42.1,-3.5,3.0,-4.4,7.8,44.8,4.1,7.0,-2.9,110.782,87.884,-1.33359,77.53,0.23,1.78,35.97,33.6,21.85,15.12,17.32,12.04,32.12,15.52,17.83,19.79,14.67,26.62,20.3,16.78,18.51,17.73,-9.694332077,108.6285101,88.3068377,0.420688345,53.8,46.0,40.6,72.9,81.7,16.3,27.4,28.8,69.3,53.4,47.6,36.1,62.7,6.8,89.8,51.6,47.0,46.0,45.9,68.6,77.1,27.200000000000003,91.1,4.5,4.400000000000006,4.1,58.1,37.6,38.4,29.5,40.6,16.8,58.7,24.5,35.8,45.6,63.1,46.0,7.799999999999997,-65.4,-43.8,-32.300000000000004,-7.799999999999997,65.4,43.8,32.300000000000004,25.9451,23.1456,16.3248,25.03983493023333,11.5084,43.4075,29.026,26.757740313162966,0.9232253678647399,33.2,42.1,0.730418903936871,24.5,66.4,0.06999999999999318,0.07000000000000739,0.05999999999998806,35.97,91.592564005596,0.5999999999999943,43.9546,7.498,79.5339523963275,0.6164800898436099,79.47950246577231,2.568165674006885,0.15777999999999998,0.15777999999999998,1147.3799999999994,0.07572298749457132,5.34,-1147.3799999999994,13.203940596971034,-7.832000000000001,53.515,39.17,0,69.25395601397773,4.0,1.5000000000000004,9.894663480684986
192,2018 Villanova,2018,Villanova,Region 2,1,Champion,3,Jay Wright,2018 Jay Wright,Big East,BE,2018 BE,2018 Villanova,2018 Villanova,22.6,31.8,40.6,28.7,12.9,15.8,38.5,28.7,21.5,7.1,127.384,104.0251,31.4091,77.33,-0.43,1.33,25.88,16.09,18.5,23.21,17.64,24.55,38.82,27.17,19.54,9.99,4.45,29.62,19.16,19.99,17.28,13.94,10.63361219,127.698144,104.63151169,0.966336296,59.7,50.8,28.6,74.5,85.4,18.5,28.8,26.7,70.2,59.7,50.7,39.8,67.2,10.2,91.9,53.7,46.5,46.6,35.5,69.5,77.1,24.700000000000003,87.2,13.5,21.200000000000003,5.2,67.2,32.7,43.4,37.2,45.8,19.7,61.4,27.1,40.0,47.6,68.2,35.7,8.900000000000006,-66.9,-44.5,-45.9,-8.900000000000006,66.9,44.5,45.9,33.74640000000001,28.062599999999996,19.04,21.55079271550508,17.2472,40.9868,24.347400000000004,21.022131195480632,0.970567845213336,30.3,46.2,1.1876418027506235,27.1,57.599999999999994,0.010000000000005116,0.030000000000001137,0.010000000000005116,25.88,96.32187955607759,1.5,50.98380000000001,9.398,79.06988986706536,0.6588876210107851,76.81606544712689,3.18471337579618,-0.29885,-0.29885,364.9099999999996,0.11098899903156656,38.171,-364.9099999999996,9.008920694049605,17.157,55.28,41.46,3,73.59029501883697,-7.199999999999999,-5.800000000000001,9.745388416945362
193,2018 Purdue,2018,Purdue,Region 2,2,Sweet 16,2,Matt Painter,2018 Matt Painter,Big 10,B10,2018 B10,2018 Purdue,2018 Purdue,21.2,31.7,36.9,27.2,14.3,14.1,38.1,24.9,19.3,5.7,123.248,103.4182,26.6663,77.69,3.05,2.11,29.83,23.63,19.81,13.43,24.67,18.45,36.49,35.95,14.71,4.37,8.45,25.05,26.24,17.92,19.75,11.02,7.627032865,123.5934276,105.57397257,0.956709937,58.1,53.2,36.1,76.2,84.4,17.7,27.7,28.2,68.2,54.9,55.1,42.0,66.3,12.8,93.0,59.3,51.0,40.2,34.4,68.9,74.3,32.099999999999994,85.1,5.9,6.5,6.4,66.0,30.5,43.4,33.5,41.7,29.5,66.1,32.2,42.0,40.0,66.7,34.3,4.899999999999999,-66.7,-44.1,-40.1,-4.899999999999999,66.7,44.1,40.1,25.1509,29.1015,16.8,20.961393083476104,14.954999999999998,44.1623,22.8781,28.278893778458404,0.9099772505687358,20.5,36.4,1.1632313926707678,32.2,60.1,0.010000000000005116,0.029999999999986926,0.01999999999999602,29.83,95.51142338819977,0.9000000000000057,49.03640000000001,9.4164,78.86842521103583,0.7205258745337237,78.35352668904662,3.2690212165886816,2.1014500000000003,2.1014500000000003,236.2100000000005,0.13763292867818624,57.391999999999996,-236.2100000000005,7.265057417389267,30.173,55.295,42.775000000000006,3,73.68721642405191,-7.899999999999999,-8.600000000000001,9.417322895555177
194,2018 Texas Tech,2018,Texas Tech,Region 2,3,Elite Eight,2,Chris Beard,2018 Chris Beard,Big 12,B12,2018 B12,2018 Texas Tech,2018 Texas Tech,14.7,32.5,34.4,17.9,16.2,11.8,38.2,27.1,16.5,10.5,114.03,107.9127,21.9424,77.62,-0.32,1.81,37.93,16.64,14.67,20.66,20.9,27.1,32.82,18.57,15.69,27.97,4.92,27.18,19.64,21.4,17.8,13.95,4.670907132,112.9364711,108.91208448,0.922191599,52.7,53.3,40.3,61.9,81.9,22.0,33.3,28.4,68.3,51.5,54.9,36.6,67.2,12.3,90.1,51.8,54.0,34.1,38.9,67.6,70.1,30.400000000000006,92.2,11.0,10.099999999999994,5.6,61.4,40.0,46.4,35.6,35.7,26.3,66.7,26.0,35.8,33.6,67.7,38.3,-0.5999999999999943,-59.900000000000006,-38.300000000000004,-21.6,0.5999999999999943,59.900000000000006,38.300000000000004,21.6,34.702,21.4179,12.028799999999999,26.829259525127913,17.084,43.2711,25.9291,26.934782345510055,1.5178119698818489,23.7,51.0,1.075689929766847,26.0,58.8,0.030000000000001137,0.030000000000001137,0.030000000000001137,37.93,95.22103776955707,-0.4000000000000057,43.161300000000004,11.725999999999999,83.70127360229658,0.664094050076281,78.36042254488572,2.9832605933373855,-0.21631999999999998,-0.21631999999999998,943.2699999999995,0.13651346821899868,32.399,-943.2699999999995,7.324607755467035,29.322,54.260000000000005,41.785,0,67.71653240910011,-1.3999999999999986,-5.699999999999999,8.066776970857267
195,2018 Wichita St.,2018,Wichita St.,Region 2,4,First Round,1,Gregg Marshall,2018 Gregg Marshall,American,Amer,2018 Amer,2018 Wichita St.,2018 Wichita St.,14.9,37.1,27.8,21.2,8.1,11.8,41.9,21.2,17.7,3.4,121.925,98.143,20.068,77.8,0.52,2.36,39.2,22.4,23.0,11.9,20.67,21.98,30.57,31.83,27.99,6.04,3.54,26.88,24.86,20.92,15.8,11.49,3.408995414,120.3912209,98.4521295,0.876260775,55.3,50.7,35.1,66.9,83.6,16.4,35.2,22.7,69.9,53.8,54.2,38.5,63.7,11.4,91.0,63.8,55.8,39.0,40.4,70.2,73.8,27.400000000000006,91.3,8.5,13.5,4.5,64.7,35.1,45.6,30.5,38.8,25.8,63.0,29.2,38.2,39.1,63.6,40.3,4.599999999999994,-67.19999999999999,-42.099999999999994,-31.800000000000004,-4.599999999999994,67.19999999999999,42.099999999999994,31.800000000000004,30.470200000000002,24.9466,14.936200000000001,25.26004750589357,14.5155,44.0268,25.6308,23.483664535161456,1.1150609958824582,24.2,43.6,0.8684648023622243,29.2,65.0,0.04999999999999716,0.029999999999986926,0.05000000000001137,39.2,95.39731600041888,2.200000000000003,46.230799999999995,8.3148,80.49441807461844,0.7631487661630841,75.81805466680166,3.4022315712456543,0.36504000000000003,0.36504000000000003,757.3199999999995,0.1252733486445204,50.032,-757.3199999999995,7.98175598631699,19.116,55.324999999999996,38.955,3,69.7524480169993,-3.5,-4.699999999999999,9.923072220410825
196,2018 West Virginia,2018,West Virginia,Region 2,5,Sweet 16,2,Bob Huggins,2018 Bob Huggins,Big 12,B12,2018 B12,2018 West Virginia,2018 West Virginia,15.9,32.0,30.3,17.6,14.5,12.4,38.1,24.6,14.6,10.1,119.151,102.6234,21.7748,77.3,0.52,1.66,34.98,12.94,18.94,20.59,22.83,24.67,28.95,22.38,27.2,11.68,9.73,22.08,23.37,24.7,13.11,16.7,4.577913131,119.091026,104.65936397,0.928106995,50.3,50.4,31.2,55.9,83.5,23.3,36.6,30.0,70.5,48.5,54.4,35.3,62.6,16.0,89.9,54.4,45.6,38.9,38.0,71.2,76.6,29.599999999999994,89.0,5.6,26.200000000000003,8.9,57.4,32.8,48.9,40.5,39.0,28.8,65.4,20.8,35.4,38.3,62.0,38.7,-0.10000000000000142,-60.2,-33.400000000000006,-24.7,0.10000000000000142,60.2,33.400000000000006,24.7,23.8112,24.7902,13.5582,24.506869785157523,22.136300000000002,37.5972,23.994,17.769332195292726,1.002584788908906,21.2,38.4,1.2764528048370842,20.8,50.6,0.030000000000001137,0.05999999999998806,0.03999999999999204,34.98,95.496309291259,3.200000000000003,42.000499999999995,11.7432,84.46275100465964,0.7092475978148916,79.94272359741598,2.7634688806738983,0.37024,0.37024,735.28,0.17797354868132723,29.216,-735.28,5.618398850071871,24.07,52.995000000000005,40.37,2,69.25414033618928,-3.0000000000000018,-4.4,9.110396747751995
197,2018 Florida,2018,Florida,Region 2,6,Second Round,1,Michael White,2018 Michael White,SEC,SEC,2018 SEC,2018 Florida,2018 Florida,14.4,33.1,26.9,15.1,15.3,8.6,39.9,19.3,9.4,9.9,115.14,103.5738,18.7137,76.9,0.18,1.9,28.51,12.65,25.66,23.84,19.34,18.49,46.36,16.98,21.0,8.59,7.03,20.64,21.7,24.8,14.0,18.84,1.406590223,116.0041025,104.84577973,0.907076989,51.1,51.1,33.1,68.3,85.7,20.1,28.8,30.8,68.2,47.5,53.4,37.5,64.3,12.3,91.7,49.2,53.5,40.2,33.6,68.3,72.0,26.299999999999997,81.9,6.7,8.700000000000003,6.2,56.6,33.9,43.9,39.3,35.5,25.7,67.2,27.2,36.9,40.4,64.9,33.5,0.0,-65.6,-40.4,-35.199999999999996,0.0,65.6,40.4,35.199999999999996,24.6747,24.031100000000002,14.9076,21.705049335734458,17.792099999999998,40.0199,21.741500000000002,27.093833861846377,1.0049256206529542,24.3,40.6,1.3581684128831977,27.2,54.5,0.01999999999999602,0.03999999999999204,0.01999999999999602,28.51,94.91277777171078,0.29999999999999716,43.7927,10.2711,83.21309825865796,0.6157620054817836,80.53494406304027,3.7409971330676184,0.12294,0.12294,586.9100000000005,0.13413157980829,28.689999999999998,-586.9100000000005,7.454678481424275,29.07,52.59,41.870000000000005,3,70.83871646383759,-5.699999999999999,-5.4,8.616603652625926
198,2018 Arkansas,2018,Arkansas,Region 2,7,First Round,1,Mike Anderson,2018 Mike Anderson,SEC,SEC,2018 SEC,2018 Arkansas,2018 Arkansas,19.0,35.6,27.0,24.0,9.3,13.9,41.1,20.4,19.9,0.6,117.32,98.315,15.635,77.14,0.75,2.15,34.32,18.8,12.69,21.92,27.82,18.74,38.82,28.1,11.72,10.87,10.45,29.64,23.58,18.37,15.5,12.87,2.800903742,117.0153327,99.6877585,0.854606621,54.2,49.8,37.3,58.6,84.7,19.4,29.4,31.6,71.4,51.4,52.0,40.0,64.5,13.6,91.1,49.9,45.2,32.1,41.5,71.1,67.8,27.5,93.9,9.1,6.900000000000006,8.5,66.5,35.3,37.8,33.1,34.4,32.6,70.1,25.2,39.6,32.0,64.3,41.6,4.400000000000006,-65.30000000000001,-39.0,-21.300000000000004,-4.400000000000006,65.30000000000001,39.0,21.300000000000004,32.0194,23.886400000000002,12.672,27.417391074523,13.098300000000002,44.414,26.748800000000003,28.900677616046764,1.3874566419799381,17.4,44.4,0.9999759621162954,25.2,58.4,0.030000000000001137,0.03999999999999204,0.03999999999999204,34.32,94.49313337731883,3.0999999999999943,45.9074,9.6612,82.86019505742698,0.6190990186225978,80.26648635597235,2.9540552905038893,0.53325,0.53325,917.4399999999996,0.1492848596612551,51.599999999999994,-917.4399999999996,6.698036909050805,19.995,54.330000000000005,39.88,3,68.12612892193061,-4.100000000000001,-8.700000000000001,9.432950893038772
199,2018 Virginia Tech,2018,Virginia Tech,Region 2,8,First Round,1,Buzz Williams,2018 Buzz Williams,ACC,ACC,2018 ACC,2018 Virginia Tech,2018 Virginia Tech,13.0,36.3,19.6,11.5,9.3,9.4,41.1,14.7,9.9,4.8,115.016,101.6227,16.6388,76.79,-1.07,1.78,31.99,21.91,19.89,21.02,15.75,21.42,35.77,27.47,12.91,8.7,15.15,31.79,21.81,18.23,15.41,12.76,1.340801151,114.3817194,101.60308133,0.849555047,57.5,50.1,36.5,71.3,83.1,18.4,23.5,29.1,70.0,57.3,51.4,38.5,65.5,6.7,88.8,58.6,45.8,40.1,43.0,70.3,71.0,30.200000000000003,95.0,5.4,8.0,6.7,62.4,47.0,40.0,32.0,39.8,13.2,65.0,25.0,39.1,39.8,65.5,43.0,7.399999999999999,-64.69999999999999,-47.4,-34.8,-7.399999999999999,64.69999999999999,47.4,34.8,34.458,20.815399999999997,15.561799999999998,26.281726858535507,13.336,44.415,28.165,27.16423813276075,1.3165498354312708,36.8,52.4,0.8999790702541802,25.0,61.3,0.010000000000005116,-1.4210854715202004e-14,0.0,31.99,97.51105042236689,2.299999999999997,47.7825,9.2184,75.42864576890493,0.718128454308158,78.62370663723217,2.709898822554877,-0.75221,-0.75221,438.2399999999998,0.07544960079278387,20.47,-438.2399999999998,13.251753469631398,16.554000000000002,53.95,41.155,2,69.2099030447559,-1.5999999999999996,-4.500000000000001,8.81783235603506
200,2018 Alabama,2018,Alabama,Region 2,9,Second Round,1,Avery Johnson,2018 Avery Johnson,SEC,SEC,2018 SEC,2018 Alabama,2018 Alabama,10.3,33.6,20.6,7.8,10.7,9.0,40.0,18.2,11.3,7.1,108.459,105.3666,13.8252,78.1,1.04,0.74,36.57,17.54,19.07,14.54,20.13,28.66,30.65,31.14,16.03,8.46,13.65,22.69,25.77,23.2,15.7,12.57,-1.12817373,107.0362634,105.15599054,0.80071079,51.6,52.8,41.5,63.2,79.9,18.7,29.1,30.6,70.3,53.2,53.2,32.5,68.1,14.9,89.4,49.5,51.9,35.6,37.1,70.0,67.2,31.900000000000006,91.3,13.6,10.0,8.4,62.0,42.3,45.0,34.9,37.2,22.2,63.3,27.3,32.6,35.5,67.2,37.9,-1.1999999999999957,-61.2,-40.3,-21.700000000000003,1.1999999999999957,61.2,40.3,21.700000000000003,38.642799999999994,19.831400000000002,11.573,26.97460225224214,16.545,42.749700000000004,25.4688,26.109816161742692,1.574603532294865,27.8,55.9,1.1424500672805467,27.3,56.7,0.060000000000002274,0.06999999999999318,0.06999999999999318,36.57,94.71464570723967,2.0,41.2284,9.8736,79.75386857379755,0.6088485996482208,79.22304927692937,2.581961096462863,0.728,0.728,772.7199999999998,0.16666480240713188,5.772,-772.7199999999998,5.9995973424602385,7.917999999999999,52.660000000000004,41.395,1,67.40253059425768,3.500000000000001,-3.5999999999999996,7.793391896560234
201,2018 Butler,2018,Butler,Region 2,10,Second Round,1,LaVall Jordan,2018 LaVall Jordan,Big East,BE,2018 BE,2018 Butler,2018 Butler,14.0,33.6,22.6,13.0,14.8,10.8,38.9,18.0,12.6,5.4,115.758,102.1084,17.8667,76.66,-0.07,1.68,30.29,20.67,28.3,13.58,14.65,22.74,51.46,16.73,17.96,7.17,6.61,21.87,25.2,16.82,13.53,22.51,1.717629889,115.3555315,104.4518309,0.897197554,53.8,48.0,26.3,64.9,84.3,19.8,27.3,24.7,69.8,54.1,50.4,35.6,62.6,8.4,91.3,47.9,49.5,37.2,37.5,69.4,77.1,25.799999999999997,89.1,4.7,6.0,5.5,64.3,37.4,41.0,31.3,39.5,25.1,60.2,31.1,35.6,37.4,62.7,37.6,5.799999999999997,-64.5,-48.0,-38.60000000000001,-5.799999999999997,64.5,48.0,38.60000000000001,28.235899999999997,23.228900000000003,13.314400000000001,24.818323204170472,13.163,42.297399999999996,23.5752,26.177773651197565,1.1256383519157243,24.9,42.1,0.9786973750698119,31.1,63.2,0.060000000000002274,0.06999999999999318,0.06999999999999318,30.29,93.94432745271014,1.4000000000000057,45.35339999999999,9.504000000000001,79.79526456179737,0.5972494108552262,77.2681042106225,3.1526654353225902,-0.048580000000000005,-0.048580000000000005,353.30999999999995,0.09200337345702676,21.84,-353.30999999999995,10.86775383882871,24.864,52.0,38.825,1,69.71318788937491,-0.40000000000000036,-9.4,8.836664401122716
202,2018 St. Bonaventure,2018,St. Bonaventure,Region 2,11,First Round,1,Mark Schmidt,2018 Mark Schmidt,Atlantic 10,A10,2018 A10,2018 St. Bonaventure,2018 St. Bonaventure,12.0,34.6,10.7,5.5,4.5,9.6,39.3,12.2,8.3,3.9,112.288,98.907,11.1954,76.52,-0.96,2.24,24.28,19.52,17.87,13.07,24.75,24.75,30.13,31.68,24.64,8.4,5.08,24.03,24.27,19.03,20.0,12.63,1.431812155,110.426957,99.4316479,0.745630385,52.3,51.1,39.9,60.7,83.7,20.4,30.1,29.6,69.2,48.5,50.4,39.8,68.0,11.1,90.0,53.9,43.2,33.7,42.6,70.4,75.4,28.299999999999997,87.5,6.8,10.299999999999997,5.3,54.2,40.9,41.5,36.8,39.1,25.3,66.5,19.9,38.6,33.7,67.9,43.2,1.1999999999999957,-63.300000000000004,-40.3,-20.800000000000004,-1.1999999999999957,63.300000000000004,40.3,20.800000000000004,28.117800000000003,22.9005,13.008200000000002,22.938831705211143,15.817899999999998,42.566300000000005,29.332800000000006,27.039415674159827,1.4153882674104625,24.7,47.699999999999996,0.9745144788315084,19.9,57.900000000000006,0.03999999999999204,0.06999999999999318,0.04000000000000625,24.28,95.05235207396484,2.4000000000000057,43.7751,10.4244,82.68040353902357,0.6771271717691989,77.53585476690387,2.6501441629347897,-0.67584,-0.67584,1290.65,0.12333196297818912,12.32,-1290.65,8.107377713719485,10.080000000000002,53.85,40.565,1,70.51178643484008,2.8000000000000007,-0.6000000000000001,8.852772273223602
203,2018 Murray St.,2018,Murray St.,Region 2,12,First Round,1,Matt McMahon,2018 Matt McMahon,Ohio Valley,OVC,2018 OVC,2018 Murray St.,2018 Murray St.,13.8,34.8,17.5,11.3,1.8,12.5,39.6,15.8,13.9,2.0,113.139,99.556,12.6951,76.28,0.09,1.91,25.75,13.86,20.24,17.24,18.84,29.77,34.21,25.05,17.62,18.4,4.62,21.43,33.1,19.05,16.63,9.69,-0.378740045,111.0902843,98.7993553,0.74502235,55.2,53.1,37.1,69.8,82.7,18.2,32.5,27.2,67.7,54.5,52.8,37.4,69.2,8.2,90.3,53.3,58.5,39.7,35.6,68.0,72.8,27.799999999999997,84.7,10.0,15.099999999999994,4.9,64.9,35.8,39.3,30.5,39.3,24.4,64.2,34.0,37.3,39.8,68.7,35.5,2.1000000000000014,-64.5,-40.3,-32.699999999999996,-2.1000000000000014,64.5,40.3,32.699999999999996,31.7042,24.434599999999996,14.845399999999998,22.585172126862354,12.7264,46.2165,24.3885,24.78916093779699,1.150724856159393,25.6,45.8,0.9971550097180362,34.0,64.6,0.05000000000001137,0.09999999999999432,0.10000000000000853,25.75,94.03818819485217,0.0,45.650400000000005,9.6642,82.16779061753248,0.6515812765125121,77.07882295547013,3.381307438876366,0.061200000000000004,0.061200000000000004,760.4400000000003,0.09080741077064483,21.583000000000002,-760.4400000000003,11.01085233508109,3.4379999999999997,54.82,41.7,2,71.46036822370394,2.5999999999999996,0.19999999999999996,8.864243599144208
204,2018 Marshall,2018,Marshall,Region 2,13,Second Round,1,Dan D'Antoni,2018 Dan D'Antoni,Conference USA,CUSA,2018 CUSA,2018 Marshall,2018 Marshall,13.3,35.5,13.0,9.2,3.5,9.3,41.2,12.9,8.4,4.5,109.328,96.056,5.38402,76.63,0.22,1.43,24.61,16.66,17.79,23.35,28.01,14.19,35.51,35.76,13.71,7.69,7.33,26.33,24.55,15.35,21.07,12.7,-2.506241219,107.8246402,96.5691521,0.617378009,54.9,50.3,32.9,71.0,82.8,18.2,22.3,31.6,76.0,56.2,51.5,35.5,65.2,12.5,92.1,58.5,49.9,45.7,30.2,76.1,76.6,32.2,87.0,9.4,12.299999999999997,7.3,62.3,37.4,43.2,42.4,39.6,16.7,63.8,27.6,35.4,45.9,64.7,30.0,4.600000000000001,-64.6,-46.099999999999994,-38.1,-4.600000000000001,64.6,46.099999999999994,38.1,31.4782,22.861800000000002,16.2486,23.762628221642487,19.2147,37.0188,19.41,24.563251684850957,1.0195856299427029,33.3,46.8,1.6566114462851236,27.6,50.300000000000004,0.0,1.4210854715202004e-14,1.4210854715202004e-14,24.61,94.40584233329092,8.099999999999994,45.45719999999999,9.154599999999999,74.2028507273064,0.715150181538123,80.57161440195281,2.9009941282483567,0.16741999999999999,0.16741999999999999,233.9399999999996,0.1357205676377021,13.155999999999999,-233.9399999999996,7.367410607151427,5.005,52.055,41.64,2,70.23667771986973,-0.7999999999999989,1.0,8.881575522866632
205,2018 Stephen F. Austin,2018,Stephen F. Austin,Region 2,14,First Round,1,Kyle Keller,2018 Kyle Keller,Southland,Slnd,2018 Slnd,2018 Stephen F. Austin,2018 Stephen F. Austin,7.8,36.3,11.2,5.2,4.5,5.5,42.0,10.2,6.5,3.6,104.983,100.5794,5.56289,76.34,-0.77,1.95,38.87,19.04,21.12,20.81,27.4,11.59,28.84,24.35,25.15,12.52,9.09,21.32,25.54,23.71,13.98,15.41,-1.829846482,104.0972625,101.69159945,0.658807886,53.4,50.3,40.0,49.5,79.2,26.1,32.7,28.6,72.7,52.0,52.9,37.4,64.1,9.5,90.1,49.6,40.8,32.4,38.9,72.1,70.1,30.599999999999994,91.8,6.1,17.5,5.8,60.2,43.0,46.2,39.5,36.8,24.7,63.8,22.1,37.6,32.4,64.5,38.5,3.1000000000000014,-53.1,-38.699999999999996,-9.5,-3.1000000000000014,53.1,38.699999999999996,9.5,31.485799999999998,21.272,12.1824,25.85240156478053,19.264000000000003,38.9323,24.8325,22.025591176326383,1.5153853276133455,25.3,49.1,1.176592815771019,22.1,54.7,0.03999999999999204,0.04999999999999716,0.04000000000000625,38.87,94.33608174494017,4.099999999999994,42.2928,13.1283,84.13725916264663,0.6711681844629978,77.84537806969864,1.9614441613383973,-0.5551699999999999,-0.5551699999999999,1289.3000000000002,0.10543723155125914,10.14,-1289.3000000000002,9.483212293442795,8.775,53.699999999999996,39.79,1,68.64604604035739,1.2999999999999998,-0.8999999999999999,7.937719476160366
206,2018 Cal St. Fullerton,2018,Cal St. Fullerton,Region 2,15,First Round,1,Dedrique Taylor,2018 Dedrique Taylor,Big West,BW,2018 BW,2018 Cal St. Fullerton,2018 Cal St. Fullerton,9.6,37.2,5.5,3.2,3.2,7.6,42.5,7.6,5.0,2.5,104.984,96.331,1.3154,76.69,-1.11,1.56,27.12,17.67,17.04,22.61,12.5,30.13,44.03,30.45,9.35,8.57,7.51,25.64,25.02,16.97,16.89,15.42,-5.446751542,102.574067,96.2062325,0.466067488,52.0,51.7,46.0,65.2,79.4,18.4,26.5,28.9,69.8,52.2,54.8,34.3,63.7,8.6,90.3,49.9,48.3,28.4,33.1,70.8,73.7,24.0,88.3,6.8,11.400000000000006,3.8,62.9,43.4,44.9,33.4,35.1,28.0,65.2,33.3,33.8,28.7,63.6,33.3,0.29999999999999716,-61.00000000000001,-44.6,-19.200000000000003,-0.29999999999999716,61.00000000000001,44.6,19.200000000000003,33.303,19.5286,9.7006,25.92776825464673,15.429799999999998,42.89039999999999,21.178799999999995,25.009781419809862,1.7490679767255495,22.0,50.199999999999996,1.117083571063932,33.3,62.800000000000004,0.05000000000001137,0.0899999999999892,0.060000000000002274,27.12,93.29423755267159,2.799999999999997,41.288000000000004,9.5128,79.16595669742122,0.6115121138221346,79.27765695753759,2.3445463812436294,-0.7858800000000001,-0.7858800000000001,1825.4,0.09523704056433482,4.992000000000001,-1825.4,10.498779211719569,4.992000000000001,52.85,40.84,0,67.97212926137199,1.7999999999999998,-0.7000000000000002,8.398143918946975
207,2018 Radford,2018,Radford,Region 2,16,First Round,1,Mike Jones,2018 Mike Jones,Big South,BSth,2018 BSth,2018 Radford,2018 Radford,7.2,38.2,0.4,-2.7,3.0,5.7,41.5,7.5,3.0,4.6,103.581,96.371,-0.0477779,74.78,-1.58,1.58,33.6,18.42,24.17,20.95,15.42,20.99,45.17,29.29,12.04,5.46,7.96,23.48,31.06,11.81,15.67,17.93,-6.489663118,101.8053387,96.5386639,0.453743279,49.4,50.5,31.6,68.6,81.4,20.2,32.2,28.3,63.3,47.3,51.6,35.1,65.8,9.0,90.1,51.0,50.2,39.8,38.5,64.0,73.3,23.900000000000006,88.6,4.0,12.900000000000006,2.9,57.8,35.3,42.3,38.2,31.1,25.3,65.6,22.7,35.3,39.4,65.1,39.1,-1.1000000000000014,-61.2,-39.5,-36.99999999999999,1.1000000000000014,61.2,39.5,36.99999999999999,23.9474,21.7765,13.908199999999999,26.351091059005505,16.5327,40.345299999999995,25.454099999999997,24.882172332816918,0.9974366132839269,24.7,39.3,1.0511240121736019,22.7,58.9,0.04999999999999716,0.0800000000000125,0.05000000000001137,33.6,96.73106286386538,-4.0,40.211600000000004,10.200999999999999,83.93134270871099,0.6390897357175975,78.50930840228227,2.6987796355034686,-1.0112,-1.0112,676.74,0.09988790357487708,-4.266000000000001,-676.74,10.009998889012332,4.74,51.29,41.2,0,66.8756776745688,5.7,1.5999999999999996,8.24803884945835
208,2018 Kansas,2018,Kansas,Region 3,1,Final Four,3,Bill Self,2018 Bill Self,Big 12,B12,2018 B12,2018 Kansas,2018 Kansas,20.8,31.1,32.3,23.3,12.1,13.4,38.8,22.3,16.1,6.2,120.933,102.3062,23.2388,77.7,1.08,1.79,20.88,21.91,19.58,15.05,21.03,22.43,50.38,16.37,16.82,8.86,7.57,28.9,14.12,19.66,22.29,15.03,8.165664113,121.7275532,104.25931857,0.940567034,58.1,51.5,26.2,75.2,83.4,18.5,29.1,31.7,70.1,56.5,51.9,40.3,67.3,11.0,89.9,56.4,51.4,41.6,38.4,69.8,70.1,28.0,91.5,16.8,16.200000000000003,7.1,63.0,39.9,41.1,33.3,39.8,19.0,63.6,27.6,40.2,41.1,66.7,39.1,6.600000000000001,-64.9,-39.2,-49.0,-6.600000000000001,64.9,39.2,49.0,40.509,24.084200000000003,16.5222,24.452453864591995,14.8365,43.633300000000006,26.079700000000003,23.431175813432837,1.3795284786258244,31.0,56.7,1.0332216567351218,27.6,59.6,0.0,0.0,0.0,20.88,97.02961281984992,1.7999999999999972,48.455400000000004,9.5275,79.74867056715142,0.6920160488828357,80.01321135123823,3.096199024155172,0.75384,0.75384,-268.98,0.12235681471841246,41.707,268.98,8.171984365057723,21.659,53.84,42.845,3,70.56703305474775,-7.199999999999999,-5.8999999999999995,9.32057567795815
209,2018 Duke,2018,Duke,Region 3,2,Elite Eight,2,Mike Krzyzewski,2018 Mike Krzyzewski,ACC,ACC,2018 ACC,2018 Duke,2018 Duke,21.9,30.0,35.7,23.9,18.5,15.2,37.3,27.5,19.0,8.5,122.602,106.533,29.1348,79.09,2.57,0.67,22.28,25.52,20.63,17.54,20.47,15.8,38.13,38.47,11.63,5.78,5.93,30.55,32.5,16.31,12.62,7.97,6.635883001,123.1766918,106.07083654,0.957605109,56.0,54.0,34.9,78.0,82.3,16.9,39.1,29.2,71.0,55.6,55.2,37.8,67.9,13.2,93.3,57.3,44.3,35.5,36.7,71.4,70.8,26.099999999999994,94.6,16.6,18.0,8.2,65.9,39.1,44.1,33.8,40.2,24.4,66.7,29.6,37.0,36.5,67.9,36.7,2.0,-65.4,-31.700000000000003,-43.1,-2.0,65.4,31.700000000000003,43.1,41.47050000000001,23.3138,13.505,26.781134529117068,16.3818,44.66250000000001,24.919300000000003,23.490334891894015,1.525985589435906,25.6,55.7,1.1443829868395956,29.6,58.0,0.04000000000000625,0.060000000000002274,0.04999999999999716,22.28,96.29934195040936,3.4000000000000057,46.087999999999994,9.126,84.00972044557096,0.6895223884189119,77.55150363260672,2.502683464211061,1.8349799999999998,1.8349799999999998,435.1200000000001,0.14147758330564517,16.013,-435.1200000000001,7.067646390424969,12.395000000000001,56.03,43.365,3,68.93396970517381,-4.899999999999999,-10.0,9.008250887040756
210,2018 Michigan St.,2018,Michigan St.,Region 3,3,Second Round,1,Tom Izzo,2018 Tom Izzo,Big 10,B10,2018 B10,2018 Michigan St.,2018 Michigan St.,17.8,32.9,35.3,22.8,15.5,12.3,38.8,28.0,17.5,10.3,119.983,106.3636,26.3461,77.33,0.87,1.32,36.21,19.17,28.37,19.28,18.07,15.09,31.92,38.24,16.48,11.73,1.6,27.62,29.55,19.74,10.48,12.58,7.968854984,119.4189284,106.27904303,0.941949195,57.8,57.4,36.3,70.8,80.8,14.5,36.1,26.8,68.3,55.5,61.6,41.3,66.7,18.7,93.3,67.3,45.2,35.8,35.8,68.2,75.0,27.599999999999994,93.3,10.6,16.200000000000003,5.0,66.6,34.8,57.0,34.1,41.1,29.0,66.8,30.4,40.1,36.2,66.4,35.5,0.3999999999999986,-66.3,-37.099999999999994,-34.5,-0.3999999999999986,66.3,37.099999999999994,34.5,33.0666,26.435200000000002,14.516200000000001,25.20163685160152,20.247,43.8792,23.572000000000003,24.030536129405576,1.2541090025137427,21.0,45.4,1.1013774259880005,30.4,60.9,0.01999999999998181,0.030000000000001137,0.030000000000001137,36.21,95.02262318083109,0.20000000000000284,46.7024,8.322999999999999,80.36136752860855,0.7871252967801545,76.23524556401756,2.3540440602051973,0.59334,0.59334,768.4200000000005,0.200426576349664,30.096000000000004,-768.4200000000005,4.989038019357253,20.46,55.985,42.565,3,70.51668976839602,-5.300000000000001,-5.199999999999999,8.780350793403066
211,2018 Auburn,2018,Auburn,Region 3,4,Second Round,1,Bruce Pearl,2018 Bruce Pearl,SEC,SEC,2018 SEC,2018 Auburn,2018 Auburn,14.2,35.1,22.9,14.0,10.9,8.4,41.3,14.9,8.3,6.6,118.196,102.4386,20.6348,75.84,-0.89,1.24,33.37,15.27,21.04,23.5,21.58,18.59,33.3,22.49,31.54,7.45,5.19,30.65,25.11,25.88,8.06,10.27,4.272257188,117.0038919,102.92877987,0.895459834,51.8,50.5,39.9,61.6,83.3,20.8,33.0,28.3,73.5,49.4,52.9,36.6,64.6,15.4,90.7,53.3,47.8,43.1,39.4,73.7,78.6,27.299999999999997,83.3,11.0,13.700000000000003,8.0,60.3,35.8,43.6,35.3,28.6,21.1,64.6,25.0,35.8,43.1,64.9,39.7,1.2999999999999972,-62.5,-38.7,-21.700000000000003,-1.2999999999999972,62.5,38.7,21.700000000000003,30.7504,21.4644,15.4298,24.89029261914505,16.4868,41.9153,25.765300000000003,24.15408868080102,1.0858216746711213,28.9,46.8,1.0906526283972695,25.0,56.7,0.01999999999999602,0.030000000000015348,0.030000000000001137,33.37,96.8302634178847,5.700000000000003,43.14939999999999,10.504000000000001,83.54360615712933,0.6729713008674132,78.69196535021932,2.8621040656248122,-0.65593,-0.65593,1454.46,0.16978864621117737,17.36,-1454.46,5.889227972209597,13.516,54.13,40.300000000000004,0,67.62924412985139,-5.699999999999999,-4.300000000000001,9.038116119157046
212,2018 Clemson,2018,Clemson,Region 3,5,Sweet 16,2,Brad Brownell,2018 Brad Brownell,ACC,ACC,2018 ACC,2018 Clemson,2018 Clemson,13.4,31.3,24.8,10.7,11.4,9.5,37.2,17.4,7.8,9.4,113.774,106.4948,20.2693,77.36,0.42,2.09,29.04,20.26,17.0,16.66,21.84,24.24,39.75,26.56,9.51,12.38,11.79,28.76,22.67,13.96,16.59,18.02,3.956057031,111.5891852,106.31639241,0.881984703,52.7,52.4,34.1,73.0,82.1,17.7,27.4,26.7,67.1,51.2,55.7,36.6,64.5,13.3,89.0,52.2,52.2,40.6,37.0,67.0,75.7,29.700000000000003,93.5,7.8,4.400000000000006,5.3,62.1,35.3,49.0,33.5,36.5,24.9,64.5,29.0,36.7,39.8,64.8,37.4,0.30000000000000426,-64.39999999999999,-45.900000000000006,-38.9,-0.30000000000000426,64.39999999999999,45.900000000000006,38.9,29.214299999999994,23.6951,14.6066,27.021226224334576,16.6482,42.9402,24.2352,28.48875509155615,1.0828873646390793,25.1,43.099999999999994,1.0374054169674607,29.0,61.2,0.0,0.009999999999990905,-1.4210854715202004e-14,29.04,96.77562409139381,-1.0,43.2667,9.274799999999999,80.12799356692481,0.6342571779200739,77.97988187198267,2.916038210155856,0.2814,0.2814,413.27,0.14943652318513276,22.362999999999996,-413.27,6.691226223592211,23.826,52.20000000000001,41.675,0,67.91675139011315,-2.8999999999999995,-2.0,8.183426013044645
213,2018 TCU,2018,TCU,Region 3,6,First Round,1,Jamie Dixon,2018 Jamie Dixon,Big 12,B12,2018 B12,2018 TCU,2018 TCU,17.3,34.9,26.2,20.7,8.2,12.6,40.2,20.6,15.4,5.3,120.625,98.295,18.9201,78.08,1.14,2.04,29.03,25.68,21.39,18.47,17.61,16.84,34.33,24.53,29.91,5.64,5.59,20.4,21.71,29.52,16.32,12.04,2.187198939,120.3613119,98.9016891,0.881389478,56.9,47.3,34.1,69.3,82.3,17.6,34.5,25.9,70.3,55.2,49.6,40.0,62.1,9.4,89.2,62.6,42.4,35.2,35.9,70.1,70.8,27.099999999999994,85.9,7.3,13.099999999999994,6.8,60.1,43.8,43.1,37.4,44.4,21.2,59.5,27.2,39.6,35.1,62.5,35.4,9.600000000000001,-64.69999999999999,-39.6,-35.199999999999996,-9.600000000000001,64.69999999999999,39.6,35.199999999999996,32.594500000000004,23.312399999999997,13.8996,20.85937039637902,17.010199999999998,38.309,22.125,22.63411878853103,1.4557989800860374,28.8,51.099999999999994,1.2485523007824637,27.2,55.800000000000004,0.010000000000005116,0.0,0.010000000000019327,29.03,96.38637716411908,2.0999999999999943,46.8287,8.3248,80.96169168685691,0.7596995182097304,77.46960350629755,2.3953448957686,0.7991399999999999,0.7991399999999999,536.2500000000007,0.10537998452932142,42.228,-536.2500000000007,9.488352302946495,16.727999999999998,55.35,38.894999999999996,3,73.38020444407839,-5.299999999999999,-2.8999999999999995,9.771608203792626
214,2018 Rhode Island,2018,Rhode Island,Region 3,7,Second Round,1,Dan Hurley,2018 Dan Hurley,Atlantic 10,A10,2018 A10,2018 Rhode Island,2018 Rhode Island,11.5,33.7,17.1,9.8,8.6,7.9,38.9,14.7,7.3,7.4,111.71,102.672,14.3818,75.66,-1.53,2.19,31.99,20.32,22.12,15.84,24.69,17.01,44.56,17.63,14.36,11.14,12.26,29.66,23.78,18.05,14.33,14.15,1.624479645,110.2261316,103.48618417,0.821676881,51.5,49.9,30.5,59.3,84.5,22.9,31.0,27.5,69.1,51.1,49.7,35.0,66.9,9.5,92.6,54.4,51.5,31.9,30.4,69.9,70.7,26.599999999999994,84.0,3.5,11.5,6.3,59.5,41.2,42.2,44.8,36.2,26.8,62.2,24.5,35.2,32.0,66.8,30.7,1.6000000000000014,-61.6,-41.5,-28.799999999999997,-1.6000000000000014,61.6,41.5,28.799999999999997,27.454,20.965600000000002,11.264000000000001,23.09565254905491,19.6301,35.7466,20.507599999999996,25.16179312635197,1.3968313490203432,23.2,44.7,1.6644408976906289,24.5,48.900000000000006,0.01999999999999602,0.04999999999999716,0.030000000000001137,31.99,96.36549453157654,1.9000000000000057,43.5175,11.4271,81.02079389177864,0.7055680211670406,77.68379847703514,3.322366298948455,-1.0694700000000001,-1.0694700000000001,578.9700000000003,0.10259068476582327,21.462,-578.9700000000003,9.746342490264183,18.834,52.50000000000001,40.08,1,69.93601181085366,-2.500000000000001,-1.1999999999999993,8.380172976342369
215,2018 Seton Hall,2018,Seton Hall,Region 3,8,Second Round,1,Kevin Willard,2018 Kevin Willard,Big East,BE,2018 BE,2018 Seton Hall,2018 Seton Hall,13.0,35.9,18.1,12.5,5.5,11.5,39.5,15.0,12.2,2.8,116.335,101.0006,17.3352,78.03,1.1,2.11,28.1,20.04,12.18,24.14,21.98,21.65,43.81,30.02,12.69,7.34,6.11,34.95,24.75,17.18,11.96,11.13,2.497274529,116.4845287,102.57664902,0.886448263,52.8,50.1,34.6,71.1,82.1,17.9,34.2,28.5,71.0,52.0,50.2,36.4,66.6,9.2,91.8,55.5,51.6,32.8,37.4,70.7,69.3,26.799999999999997,82.7,5.4,16.700000000000003,4.2,61.6,38.4,41.5,34.8,39.0,28.6,60.8,27.6,36.5,33.0,66.2,37.7,2.6999999999999957,-64.19999999999999,-37.3,-36.49999999999999,-2.6999999999999957,64.19999999999999,37.3,36.49999999999999,28.1202,23.199,12.045,21.67248639788861,15.143399999999998,41.738200000000006,24.957400000000003,22.40133924567904,1.327232508105815,21.4,43.8,1.0344553194875468,27.6,61.0,0.009999999999990905,0.030000000000001137,0.030000000000001137,28.1,95.39195052109898,2.700000000000003,43.3488,8.9679,82.66057175283733,0.675996638286988,78.37393527119366,2.882520529579352,0.7777000000000001,0.7777000000000001,492.30000000000064,0.10021677323776429,26.375,-492.30000000000064,9.977176393870232,11.604999999999999,53.675,40.879999999999995,1,71.71560912100992,-0.3000000000000007,-2.7,9.018134366188256
216,2018 NC St.,2018,North Carolina St.,Region 3,9,First Round,1,Kevin Keatts,2018 Kevin Keatts,ACC,ACC,2018 ACC,2018 North Carolina St.,2018 N.C. State,14.9,35.0,19.9,15.9,7.3,9.0,41.2,15.0,11.6,3.3,116.426,98.706,15.1323,76.43,0.62,1.74,30.13,24.1,23.32,22.47,15.5,14.53,42.13,35.15,9.19,5.99,7.44,29.29,26.45,19.14,12.85,12.19,0.869910728,114.7800401,98.907197,0.811571621,53.3,48.5,33.9,67.4,83.1,20.7,33.6,31.9,72.0,52.1,46.5,37.2,68.4,9.5,90.2,55.2,49.4,34.0,32.1,72.8,70.0,30.299999999999997,90.0,7.4,11.700000000000003,8.4,60.5,41.0,36.4,44.7,38.2,24.6,65.6,23.1,37.3,34.4,68.3,32.2,4.799999999999997,-62.39999999999999,-34.5,-33.50000000000001,-4.799999999999997,62.39999999999999,34.5,33.50000000000001,31.465,22.2284,12.831199999999999,24.77754359630241,17.2536,37.1462,21.992600000000003,26.765026931924922,1.40693584488823,25.4,48.4,1.6490171112698364,23.1,46.9,0.0799999999999983,0.10000000000000853,0.0800000000000125,30.13,95.41461779128501,4.799999999999997,44.2923,10.0395,82.75546550142765,0.6960820166202192,79.05966303071679,2.922903970179278,0.45136,0.45136,330.78,0.10532034012926685,27.666,-330.78,9.493737501315652,12.702,53.9,41.065000000000005,2,69.51527118968995,-4.300000000000001,-4.0,9.295110782416646
217,2018 Oklahoma,2018,Oklahoma,Region 3,10,First Round,1,Lon Kruger,2018 Lon Kruger,Big 12,B12,2018 B12,2018 Oklahoma,2018 Oklahoma,14.6,36.5,17.9,12.4,5.6,10.8,41.1,15.8,10.6,5.1,115.128,99.291,14.419,77.89,1.12,1.26,36.31,16.11,16.45,16.36,17.41,33.63,32.19,27.11,22.21,13.26,5.18,29.77,27.0,14.06,14.85,14.26,1.081185175,115.9165267,100.6729476,0.855227288,53.8,48.8,33.1,74.4,82.7,17.1,27.9,30.0,76.8,53.4,50.5,36.3,63.9,11.1,88.5,50.4,51.6,40.9,37.2,77.0,74.8,29.200000000000003,89.4,12.3,10.5,8.3,60.2,40.9,43.5,39.0,38.5,18.6,63.4,23.8,35.9,40.6,63.8,37.2,5.0,-65.6,-42.1,-41.300000000000004,-5.0,65.6,42.1,41.300000000000004,35.617999999999995,21.7364,14.5754,24.788841575730537,17.8365,38.8228,23.733600000000003,25.06085925635166,1.3103125538779834,31.4,53.2,1.271471197010833,23.8,52.7,0.03999999999999204,0.05000000000001137,0.060000000000002274,36.31,92.36015576075009,9.0,44.4926,8.3448,80.16813597811097,0.6079540656928142,80.11054302446385,2.9824865614704357,0.8624,0.8624,303.39999999999964,0.12542231161229817,15.624,-303.39999999999964,7.972254751824161,7.055999999999999,52.739999999999995,40.955,1,69.31688304835448,-1.8000000000000007,-0.5,9.094891834186036
218,2018 Syracuse,2018,Syracuse,Region 3,11,Sweet 16,2,Jim Boeheim,2018 Jim Boeheim,ACC,ACC,2018 ACC,2018 Syracuse,2018 Syracuse,12.6,28.0,18.2,4.4,13.7,8.8,36.3,12.4,4.0,8.4,107.705,105.8878,13.5929,80.09,2.75,0.95,15.77,12.28,12.23,22.97,29.66,22.84,39.44,26.89,23.14,5.22,5.27,25.58,20.01,29.61,11.47,13.3,-0.422978434,106.306785,106.9801787,0.822800837,47.2,53.2,40.2,68.7,80.9,19.6,35.1,29.3,64.5,46.7,55.2,32.1,67.2,17.9,91.2,48.2,26.0,33.5,43.8,64.5,74.0,25.700000000000003,84.0,9.3,15.099999999999994,12.2,55.6,35.0,46.6,32.8,36.8,32.2,67.4,22.9,31.8,32.8,68.2,44.4,-6.0,-61.300000000000004,-35.599999999999994,-28.5,6.0,61.300000000000004,35.599999999999994,28.5,27.272000000000002,22.28,10.430399999999999,23.636342074582238,17.127,45.7154,30.2808,24.911493331392244,1.3505685802262128,17.799999999999997,44.3,1.013490687146686,22.9,55.0,0.01999999999999602,0.04000000000000625,0.030000000000001137,15.77,92.41426799840649,-3.5,38.1848,10.427200000000001,85.22495348715023,0.5994950311563289,71.92340585003123,1.3611852782576832,1.77375,1.77375,1209.2099999999998,0.19626977774366505,4.18,-1209.2099999999998,5.094687447628624,13.014999999999999,52.15500000000001,42.345,1,68.77107660711482,-0.40000000000000036,-5.299999999999999,7.67151955636479
219,2018 New Mexico St.,2018,New Mexico St.,Region 3,12,First Round,1,Chris Jans,2018 Chris Jans,WAC,WAC,2018 WAC,2018 New Mexico St.,2018 New Mexico St.,9.9,33.8,17.0,6.4,9.8,7.5,39.9,15.0,8.0,7.0,108.457,105.0999,13.5573,75.44,-0.92,2.03,34.6,17.51,21.45,30.04,16.27,14.66,31.05,40.19,13.9,9.9,4.86,18.31,40.07,19.42,12.31,9.8,1.346805873,106.8724101,105.77232506,0.809705898,51.8,54.5,29.1,66.4,82.6,19.3,34.2,22.8,69.8,52.3,55.0,34.0,69.2,8.5,93.6,48.8,59.0,36.4,37.2,69.3,64.3,27.900000000000006,90.9,5.6,11.099999999999994,3.3,63.0,40.1,48.4,33.5,32.3,23.3,61.8,30.0,33.8,36.6,69.7,36.6,-2.700000000000003,-63.3,-43.0,-37.300000000000004,2.700000000000003,63.3,43.0,37.300000000000004,30.3534,19.8967,12.3708,27.79412407926059,16.580299999999998,44.050200000000004,25.5102,25.966966194250215,1.2485997650337424,26.7,45.7,1.0054370099177619,30.0,63.2,0.07000000000000739,0.09999999999999432,0.09000000000000341,34.6,93.84508895271426,1.2999999999999972,42.78679999999999,10.5185,83.57577005361887,0.6047013048165449,74.78978142006156,3.3906097350726956,-0.63756,-0.63756,18.56999999999948,0.09081099560902127,12.991999999999999,-18.56999999999948,11.010469356546288,19.894,52.575,41.145,1,66.43024044187312,1.5999999999999996,-2.8000000000000007,7.819321718462923
220,2018 Charleston,2018,College of Charleston,Region 3,13,First Round,1,Earl Grant,2018 Earl Grant,CAA,CAA,2018 CAA,2018 College of Charleston,2018 Charleston,15.5,35.4,15.2,13.9,5.5,11.9,40.8,13.1,12.4,0.6,109.887,94.847,4.73418,76.81,-0.26,2.09,26.02,11.25,22.65,18.47,28.64,18.98,38.96,25.62,12.67,7.85,14.87,28.97,24.51,16.01,16.54,13.96,-2.102695281,106.7011904,94.9225375,0.543972788,52.8,49.8,36.8,68.7,85.3,17.8,25.6,28.0,65.9,51.8,51.2,36.4,64.9,10.3,90.7,42.8,51.0,37.1,36.3,65.8,76.8,24.400000000000006,97.7,4.2,6.799999999999997,4.1,61.1,37.3,42.2,32.9,36.4,24.8,61.9,30.7,35.7,37.9,64.9,36.4,3.0,-67.5,-46.4,-31.900000000000006,-3.0,67.5,46.4,31.900000000000006,26.8937,22.5575,13.5303,29.15045740064239,14.162600000000001,42.6269,23.6236,26.735058132222818,1.0949579166776604,25.2,41.5,1.016455591879344,30.7,63.0,0.010000000000005116,0.030000000000001137,0.009999999999990905,26.02,93.64358827639367,-2.200000000000003,45.038399999999996,8.8644,80.39703004196,0.5206749309619103,78.63562853969904,3.469151758383783,-0.17108,-0.17108,1149.9599999999994,0.11355993869968357,29.051,-1149.9599999999994,8.804970391224153,11.495,53.084999999999994,40.275000000000006,1,66.44607955615506,-1.5,-4.9,9.085589574898785
221,2018 Bucknell,2018,Bucknell,Region 3,14,First Round,1,Nathan Davis,2018 Nathan Davis,Patriot,Pat,2018 Pat,2018 Bucknell,2018 Bucknell,11.6,36.7,12.5,8.8,7.8,10.1,40.6,14.7,11.5,3.1,109.182,97.632,6.8137,77.03,0.77,2.01,35.13,24.94,21.67,19.31,11.73,22.31,37.3,22.65,21.0,10.01,8.98,26.75,23.07,23.99,13.74,12.4,-2.997480988,107.5854364,98.0655066,0.650328026,54.0,52.4,42.4,65.6,82.9,17.1,27.2,27.4,72.5,55.6,53.5,34.3,66.8,10.6,90.9,52.2,51.5,39.3,31.7,72.9,71.7,30.400000000000006,91.1,6.5,12.200000000000003,3.4,62.2,35.2,44.4,39.0,45.3,25.7,64.5,29.2,35.2,39.1,66.7,31.8,1.6000000000000014,-65.80000000000001,-45.400000000000006,-23.199999999999996,-1.6000000000000014,65.80000000000001,45.400000000000006,23.199999999999996,27.8159,25.405299999999997,13.763200000000001,24.451107677703813,17.7308,40.0446,21.2106,25.24631986382702,1.0664688882637274,24.3,41.7,1.333291405930631,29.2,57.6,0.03999999999999204,0.060000000000002274,0.04999999999999716,35.13,94.96518917932362,4.900000000000006,44.766000000000005,8.9604,78.04774110004975,0.629666710896129,77.80450161786591,3.0115197941640846,0.56133,0.56133,1045.8399999999997,0.11661037832367079,17.688,-1045.8399999999997,8.57466276766343,15.677999999999997,54.125,40.555,0,70.50604820234282,2.6999999999999993,-4.699999999999999,8.682899224647402
222,2018 Iona,2018,Iona,Region 3,15,First Round,1,Tim Cluesss,2018 Tim Cluesss,MAAC,MAAC,2018 MAAC,2018 Iona,2018 Iona,10.7,39.6,3.7,6.0,1.2,6.5,43.4,3.6,4.1,-0.5,110.261,92.612,2.87263,75.88,-0.92,2.26,32.16,19.24,23.83,18.74,18.5,19.69,51.2,19.08,11.46,8.08,10.13,28.85,23.31,18.81,16.87,12.13,-7.261626212,108.8646331,92.6762375,0.540891956,54.1,47.9,30.4,70.8,84.0,18.8,24.4,30.5,71.6,51.3,48.6,38.8,64.5,7.7,92.2,56.5,48.4,40.8,35.1,71.6,73.9,33.8,82.7,6.1,13.299999999999997,4.4,58.2,38.0,42.6,42.2,39.5,21.2,59.0,22.4,38.3,40.8,64.2,35.4,6.200000000000003,-65.2,-45.1,-40.4,-6.200000000000003,65.2,45.1,40.4,27.1607,24.0004,15.626399999999999,20.786594237633064,18.562400000000004,35.9428,22.726799999999997,22.913514934786125,1.080855861375947,28.8,44.1,1.316346995847575,22.4,53.4,1.4210854715202004e-14,0.04999999999999716,0.030000000000001137,32.16,97.81023973914951,3.5999999999999943,45.444,9.0052,77.52406877628246,0.6958042388640533,79.95846616467495,3.0248109493156674,-0.65872,-0.65872,-146.47999999999956,0.08351319400006507,13.559999999999999,146.47999999999956,11.972471107648357,2.7119999999999997,52.080000000000005,40.58,2,72.45443991472688,-1.9000000000000004,-1.7,9.40556401369138
223,2018 Penn,2018,Penn,Region 3,16,First Round,1,Steve Donahue,2018 Steve Donahue,Ivy,Ivy,2018 Ivy,2018 Penn,2018 Penn,7.8,36.1,7.7,2.0,6.9,6.1,40.8,9.8,6.6,3.2,103.553,100.1423,3.69539,76.06,-0.67,1.82,28.23,19.49,23.0,24.39,15.51,17.62,43.12,23.1,11.35,12.32,10.11,26.36,23.48,15.93,17.47,16.76,-3.294775331,103.1152678,102.43548421,0.65392485,53.0,53.1,33.6,68.1,83.4,17.1,24.2,22.7,70.0,53.7,51.9,34.7,70.3,7.0,91.4,55.6,60.4,41.7,32.8,70.1,66.3,26.099999999999994,83.3,1.1,3.299999999999997,2.4,61.7,38.8,40.5,35.3,36.2,19.2,64.4,32.0,34.8,42.0,70.0,32.7,-0.10000000000000142,-66.30000000000001,-53.1,-34.49999999999999,0.10000000000000142,66.30000000000001,53.1,34.49999999999999,24.8559,21.5664,14.616,23.117525819170183,14.375699999999998,43.498000000000005,22.89,30.32979832881628,0.9499773814909169,30.8,39.9,1.1528699428152043,32.0,62.300000000000004,-0.010000000000005116,1.4210854715202004e-14,-1.4210854715202004e-14,28.23,96.31365085755567,2.0999999999999943,44.202000000000005,9.080100000000002,76.17429530699215,0.670679485169057,74.28945108277483,3.6383350400578287,-0.46967,-0.46967,450.27000000000044,0.0765855953435958,3.64,-450.27000000000044,13.05527781745465,12.558000000000002,51.93,40.269999999999996,0,70.02338209449589,4.6,-3.7,7.840482089166223
224,2018 Virginia,2018,Virginia,Region 1,1,First Round,1,Tony Bennett,2018 Tony Bennett,ACC,ACC,2018 ACC,2018 Virginia,2018 Virginia,14.0,28.0,32.4,12.0,16.2,9.8,35.6,24.0,9.3,14.8,116.528,115.6247,32.1527,77.51,0.24,1.78,28.98,15.81,19.06,19.67,22.7,22.72,38.33,39.01,11.13,6.45,5.02,23.52,24.86,18.15,19.42,13.99,11.25726864,115.1610184,115.04222254,0.970631792,52.9,56.3,24.8,73.8,85.9,21.0,27.4,25.7,60.5,50.0,57.6,39.0,69.7,12.5,92.5,54.9,53.0,34.8,40.5,60.4,75.8,26.799999999999997,94.6,7.7,10.5,5.7,61.1,30.3,48.7,33.7,40.6,34.7,68.1,25.5,38.3,35.0,69.1,40.9,-3.3999999999999986,-64.9,-46.900000000000006,-49.0,3.3999999999999986,64.9,46.900000000000006,49.0,25.7975,27.4932,13.405,26.06613383939654,17.010400000000004,45.627399999999994,28.261899999999997,27.392943130181052,1.0856832661923945,15.299999999999997,38.0,0.9633016307669742,25.5,60.599999999999994,0.04000000000000625,0.060000000000002274,0.060000000000002274,28.98,97.11743690441996,-7.600000000000001,45.441100000000006,11.822999999999999,80.15226521927588,0.6949279123049075,76.18815989638435,3.7585986809446155,0.14495999999999998,0.14495999999999998,-97.99999999999977,0.13513367423054884,21.36,97.99999999999977,7.399408047356212,28.836,51.83500000000001,43.98,2,69.23156785637754,-2.6999999999999993,-1.3999999999999986,7.578036284320873
225,2018 Cincinnati,2018,Cincinnati,Region 1,2,Second Round,1,Mick Cronin,2018 Mick Cronin,American,Amer,2018 Amer,2018 Cincinnati,2018 Cincinnati,14.4,30.0,35.9,16.5,20.9,10.5,36.1,28.1,14.1,14.0,113.155,113.842,26.9966,77.45,0.76,1.75,34.51,20.59,21.42,21.28,19.68,17.02,28.95,35.83,15.43,13.8,5.96,26.77,31.99,16.86,16.53,7.83,5.974869745,111.0934218,113.52808503,0.94691655,51.6,57.2,36.8,72.6,82.7,22.3,38.1,28.7,66.4,50.5,59.3,35.7,69.1,16.2,92.1,60.8,49.9,35.2,37.7,66.5,68.7,31.400000000000006,94.3,6.5,20.0,3.3,61.2,31.8,51.8,34.5,39.6,33.0,67.3,27.7,35.4,35.3,69.0,37.8,-5.600000000000001,-60.400000000000006,-33.2,-35.8,5.600000000000001,60.400000000000006,33.2,35.8,25.5911,25.5642,12.496199999999998,26.93626737319037,18.531,44.72409999999999,26.081999999999997,22.709230869112822,1.0849551004220845,17.0,38.3,0.9999735456733949,27.7,62.2,0.010000000000005116,0.030000000000001137,0.01999999999999602,34.51,98.19821754920301,-1.5,42.6732,12.755600000000001,82.09453565381195,0.7824867118827299,77.5988036270719,2.88422634529796,0.5054,0.5054,248.51999999999953,0.1758938556584619,28.875,-248.51999999999953,5.684834269489537,36.574999999999996,54.455,45.085,1,68.14623329065293,-2.4000000000000004,-6.899999999999999,7.439565893379479
226,2018 Tennessee,2018,Tennessee,Region 1,3,Second Round,1,Rick Barnes,2018 Rick Barnes,SEC,SEC,2018 SEC,2018 Tennessee,2018 Tennessee,14.0,32.8,27.2,14.7,14.0,8.4,39.4,18.6,10.6,8.0,114.839,107.3099,22.1486,76.81,0.06,1.39,33.89,14.2,24.69,23.12,18.85,19.07,40.63,25.57,18.95,6.79,7.99,24.9,20.67,24.96,15.62,13.78,6.391618998,114.3033546,107.73773093,0.921545798,50.7,53.2,36.5,61.7,82.0,20.6,33.6,31.5,67.3,47.0,53.9,38.4,68.1,12.8,91.1,62.7,52.0,35.6,36.3,67.3,75.6,28.799999999999997,91.1,6.1,7.5,5.5,60.0,29.2,44.9,37.8,36.7,35.1,67.2,25.9,38.0,35.7,68.1,36.3,-2.5,-61.4,-34.900000000000006,-25.200000000000003,2.5,61.4,34.900000000000006,25.200000000000003,23.077099999999998,26.4477,13.566,25.45381438344097,17.3847,42.1251,24.720299999999998,28.389478684893106,0.9887678216296462,14.899999999999999,35.3,1.192804605933721,25.9,56.7,0.06999999999999318,0.06999999999999318,0.06999999999999318,33.89,95.89034916325,-0.7000000000000028,41.574,10.959200000000001,80.40717263538588,0.7896625987078247,79.74067603807525,2.8887284039775567,0.04037999999999999,0.04037999999999999,982.4399999999998,0.1405033973282401,20.432999999999996,-982.4399999999998,7.116631513163034,19.459999999999997,52.975,41.98500000000001,2,68.92268839743922,-4.1,-6.0,8.201522398936174
227,2018 Arizona,2018,Arizona,Region 1,4,First Round,1,Sean Miller,2018 Sean Miller,Pac 12,P12,2018 P12,2018 Arizona,2018 Arizona,20.2,33.4,26.7,21.1,8.1,14.5,39.4,20.4,17.0,3.3,119.012,100.3575,19.3692,78.64,3.46,1.51,28.34,28.91,16.81,15.73,25.21,13.28,43.17,28.76,13.8,10.42,3.77,37.2,25.77,12.38,13.19,11.4,3.786633517,117.3846043,99.9267015,0.86233942,56.6,50.7,37.6,68.2,82.4,16.7,33.2,25.0,68.7,56.6,52.6,37.7,64.8,12.1,93.2,52.9,49.8,32.2,35.2,68.5,76.1,26.799999999999997,93.0,10.4,15.099999999999994,6.5,67.1,36.6,44.0,38.4,44.4,31.4,64.7,26.0,36.9,32.0,64.1,35.5,5.899999999999999,-65.7,-41.8,-30.6,-5.899999999999999,65.7,41.8,30.6,34.230599999999995,25.7496,11.808,25.271129772924677,17.8775,39.5775,22.755499999999998,23.326004801508553,1.4687041029967816,18.6,47.0,1.2647531055463226,26.0,55.1,0.060000000000002274,0.0799999999999983,0.060000000000002274,28.34,93.28995380045711,0.5,46.638400000000004,8.466899999999999,82.04900311587656,0.6350463980024249,76.87590163670515,2.829384694051475,2.3701,2.3701,1033.5999999999997,0.12982693318741215,31.861,-1033.5999999999997,7.7018428229071985,12.231,55.52,39.685,2,70.48528243814383,-4.100000000000001,-4.8,9.358686608508496
228,2018 Kentucky,2018,Kentucky,Region 1,5,Sweet 16,2,John Calipari,2018 John Calipari,SEC,SEC,2018 SEC,2018 Kentucky,2018 Kentucky,14.2,33.3,24.3,14.4,12.0,8.5,39.6,17.7,8.9,8.9,116.426,103.981,20.4069,78.86,1.59,0.18,29.36,15.83,20.84,21.71,21.89,19.71,41.7,18.34,20.48,10.7,8.74,27.88,22.86,21.63,15.52,12.08,4.300522588,115.090115,104.33168454,0.893359441,51.7,53.1,42.8,67.8,81.4,17.1,35.6,31.3,69.7,50.9,51.6,36.1,70.1,13.9,91.1,49.5,47.4,26.2,42.2,70.0,69.7,31.0,90.6,10.1,10.299999999999997,7.5,63.4,39.1,43.7,35.3,37.5,35.2,65.1,22.1,35.8,25.8,70.0,42.7,-1.3999999999999986,-64.30000000000001,-33.099999999999994,-25.0,1.3999999999999986,64.30000000000001,33.099999999999994,25.0,33.94,22.4364,9.2364,25.816580589484218,16.1986,44.277100000000004,29.89,27.16669222902683,1.9069028332235185,14.799999999999997,49.2,1.0023184468747803,22.1,57.2,0.01999999999998181,0.03999999999999204,0.030000000000015348,29.36,97.51631725053299,2.0,42.083800000000004,9.080100000000002,85.67464582603832,0.5970977430911568,78.3905427812646,2.548250094080964,1.1130000000000002,1.1130000000000002,881.3600000000001,0.15257790803613572,2.592,-881.3600000000001,6.553485360765412,2.16,54.57000000000001,41.945,2,68.76116354869826,-5.5,-3.0999999999999996,8.696745590582985
229,2018 Miami FL,2018,Miami FL,Region 1,6,First Round,1,Jim Larranaga,2018 Jim Larranaga,ACC,ACC,2018 ACC,2018 Miami FL,2018 Miami FL,10.5,34.7,15.8,7.7,6.6,7.5,39.8,14.8,7.9,6.8,113.309,102.4012,15.7103,77.11,1.27,1.25,33.83,20.62,16.48,20.36,21.08,21.45,40.98,31.55,13.36,9.04,5.07,26.69,27.11,21.66,14.14,10.4,2.690216919,112.5663221,104.47577787,0.868512635,53.0,51.2,29.1,71.6,83.5,18.9,29.0,28.3,68.1,52.2,51.3,36.3,67.4,10.7,91.0,48.6,47.4,36.5,35.5,68.3,66.3,28.299999999999997,91.7,10.0,7.200000000000003,5.8,63.1,36.8,43.1,37.2,37.6,27.2,62.2,27.3,36.5,36.0,67.2,35.6,1.7999999999999972,-64.6,-42.7,-42.49999999999999,-1.7999999999999972,64.6,42.7,42.49999999999999,32.3908,23.3672,13.14,26.062153275071754,16.4508,40.903800000000004,23.9232,27.20972558969801,1.2999638898919474,22.8,46.8,1.207831240695486,27.3,57.0,0.010000000000005116,0.0,0.0,33.83,97.98919916451182,0.29999999999999716,44.254999999999995,9.6768,81.65425635608285,0.5992527835661706,77.74447889463875,2.8725531785952363,0.86741,0.86741,-96.94999999999982,0.11758112548213755,9.625,96.94999999999982,8.503878142229699,8.25,52.24,41.605000000000004,0,68.70845102184276,0.20000000000000018,0.20000000000000018,8.565094304614549
230,2018 Nevada,2018,Nevada,Region 1,7,Sweet 16,2,Eric Musselman,2018 Eric Musselman,Mountain West,MWC,2018 MWC,2018 Nevada,2018 Nevada,18.3,34.8,21.2,19.6,6.8,12.4,40.4,18.1,15.6,2.5,119.901,98.28,18.1814,78.3,-0.86,2.16,25.03,16.61,25.86,21.07,23.96,12.49,19.91,11.33,22.7,35.63,10.43,17.77,17.26,20.99,27.36,16.59,2.49293956,117.9989681,98.5307739,0.850125239,54.9,50.8,37.1,69.3,86.1,18.2,27.4,29.1,70.8,51.6,49.3,39.8,68.8,11.1,92.1,58.0,50.4,40.4,39.5,70.9,74.7,29.0,95.0,4.5,18.900000000000006,3.8,63.8,33.6,40.7,35.1,37.0,26.1,60.9,26.4,39.2,40.4,68.2,38.5,4.100000000000001,-67.89999999999999,-43.5,-32.199999999999996,-4.100000000000001,67.89999999999999,43.5,32.199999999999996,25.711799999999997,25.4938,15.8368,27.0482901492867,15.003900000000002,42.334599999999995,26.257,22.149699019776016,0.9430459642088068,23.9,38.1,1.0103633671852679,26.4,61.1,0.010000000000005116,0.0,0.030000000000001137,25.03,94.5443084764624,2.9000000000000057,47.268899999999995,9.2456,79.08163250719237,0.7090377868241219,77.85856659022053,3.6256384432774604,-0.6097400000000001,-0.6097400000000001,761.6700000000005,0.12051986406227945,42.336000000000006,-761.6700000000005,8.29654986037294,14.688,54.53,41.085,3,68.47492548921564,-4.000000000000002,-4.3,9.699814816699055
231,2018 Creighton,2018,Creighton,Region 1,8,First Round,1,Greg McDermott,2018 Greg McDermott,Big East,BE,2018 BE,2018 Creighton,2018 Creighton,13.6,35.6,22.3,14.5,7.1,9.7,40.3,17.0,11.6,5.4,116.454,100.8256,17.2792,77.29,0.36,1.7,35.49,19.98,15.73,15.26,26.42,22.58,36.18,26.52,7.23,10.5,19.54,23.79,27.11,17.74,16.17,15.16,2.05147411,117.2914572,102.95347175,0.898340572,58.0,50.0,27.1,75.8,84.6,15.8,21.8,24.7,73.0,59.3,49.9,37.6,66.8,6.1,91.4,58.4,49.3,44.7,37.4,72.3,74.9,27.099999999999994,93.5,9.9,10.299999999999997,3.1,68.8,36.2,39.5,31.9,39.3,18.9,60.9,30.6,37.2,44.9,66.5,37.5,8.0,-68.8,-53.5,-48.699999999999996,-8.0,68.8,53.5,48.699999999999996,34.162099999999995,24.130499999999998,16.7028,26.7560585039476,12.9198,43.572900000000004,24.9375,25.47835682823103,1.026703191465669,31.1,46.1,0.9333084451081305,30.6,65.0,0.030000000000001137,0.030000000000001137,0.030000000000001137,35.49,95.29432470308458,4.299999999999997,49.068,7.9,73.9312463388598,0.6935784610634077,76.0551878102745,3.201090838257255,0.26028,0.26028,-24.38999999999919,0.06673887594227633,24.65,24.38999999999919,14.981150631044093,12.069999999999999,52.775,40.26,3,69.05277722035162,-2.9000000000000004,-1.6999999999999993,9.049928292732275
232,2018 Kansas St.,2018,Kansas St.,Region 1,9,Elite Eight,2,Bruce Weber,2018 Bruce Weber,Big 12,B12,2018 B12,2018 Kansas St.,2018 Kansas St.,10.0,33.9,14.7,4.2,10.4,7.4,39.4,11.3,3.5,7.9,112.178,102.5764,14.7543,77.08,0.5,1.48,29.75,24.61,16.63,18.25,24.43,16.08,25.78,28.21,17.85,10.49,17.67,27.75,21.01,19.67,14.1,17.47,2.529929236,112.3192387,104.17802053,0.861381308,53.5,50.5,33.6,63.4,82.8,21.4,26.1,32.2,66.6,54.6,50.7,34.4,66.8,9.2,92.9,55.4,45.1,36.8,39.7,66.5,74.3,25.799999999999997,85.6,7.0,12.5,6.1,63.9,35.4,43.4,35.0,40.0,27.8,61.8,25.0,34.1,36.8,67.0,40.0,3.0,-61.4,-41.699999999999996,-29.799999999999997,-3.0,61.4,41.699999999999996,29.799999999999997,28.6126,23.668799999999997,12.548799999999998,23.623011380149368,15.952499999999999,42.25,26.8,24.62740681977432,1.1521426048205212,22.2,42.4,1.0274743131421715,25.0,58.9,1.4210854715202004e-14,0.0,0.0,29.75,95.79694158974682,-1.5,44.297999999999995,10.807,77.0154783561962,0.7048256383506571,79.68234969804531,2.6219405848497175,0.3325,0.3325,860.7600000000002,0.0990301503751305,6.216,-860.7600000000002,10.096728616454735,15.392,52.36,41.50000000000001,1,70.29449222924121,-0.7000000000000002,-2.5,8.435937155747755
233,2018 Texas,2018,Texas,Region 1,10,First Round,1,Shaka Smart,2018 Shaka Smart,Big 12,B12,2018 B12,2018 Texas,2018 Texas,9.0,33.9,13.0,2.9,7.5,6.0,39.8,10.0,3.8,6.2,109.372,106.086,15.4577,77.74,1.71,0.97,28.95,21.28,20.88,20.11,20.04,17.63,41.59,29.53,13.57,6.39,8.85,36.67,24.22,13.98,14.92,10.15,1.349498913,108.6089198,107.33484718,0.8612549,49.8,52.1,33.2,73.9,82.9,18.3,29.4,29.5,67.0,51.4,52.9,31.5,67.0,12.7,92.2,44.8,51.5,38.2,34.9,66.7,66.8,28.299999999999997,88.8,13.7,7.299999999999997,7.3,62.7,37.5,41.1,34.5,33.7,24.4,65.5,30.3,32.0,38.1,66.9,35.2,-2.3000000000000043,-64.60000000000001,-41.1,-40.7,2.3000000000000043,64.60000000000001,41.1,40.7,35.6781,20.4148,12.192,26.97196074939059,14.7124,43.395300000000006,23.548800000000007,27.90579390258112,1.3437967507414506,25.6,51.2,1.1874662651629213,30.3,58.2,0.060000000000002274,0.07000000000000739,0.05999999999998806,28.95,98.58201904103052,-1.2999999999999972,41.2842,9.5343,81.09107189530009,0.5483409015801519,78.92245548908505,3.0115197941640846,1.14057,1.14057,126.39000000000033,0.13774254075335407,2.8129999999999997,-126.39000000000033,7.259270923549328,7.2749999999999995,51.50500000000001,42.400000000000006,0,66.81311902422253,0.8999999999999999,-1.2999999999999998,7.809651512437905
234,2018 Loyola Chicago,2018,Loyola Chicago,Region 1,11,Final Four,3,Porter Moser,2018 Porter Moser,Missouri Valley,MVC,2018 MVC,2018 Loyola Chicago,2018 Loyola Chicago,13.1,32.4,22.4,11.8,11.3,9.5,39.3,16.4,10.5,6.0,111.331,103.8089,15.1402,76.47,-1.36,1.82,32.69,23.07,24.78,13.58,18.63,19.9,45.15,24.75,12.92,11.69,5.42,30.75,25.11,14.84,18.31,10.94,1.984426281,109.0438364,103.21186638,0.797556857,57.8,52.7,33.2,74.3,81.2,20.0,22.1,25.9,65.9,56.5,53.7,40.0,67.4,6.8,90.8,59.4,49.0,35.7,36.4,66.5,72.5,30.0,75.0,1.6,4.900000000000006,3.2,64.0,43.9,39.6,33.2,40.9,20.8,67.9,29.9,39.8,35.3,68.0,36.8,5.099999999999994,-61.2,-52.0,-41.099999999999994,-5.099999999999994,61.2,52.0,41.099999999999994,29.296,22.5566,14.049399999999999,17.424384255022233,13.304000000000004,45.3261,25.023999999999997,29.947398328847644,1.2889153281776722,29.2,45.5,0.9891035569685609,29.9,63.599999999999994,0.03999999999999204,0.06999999999999318,0.04999999999999716,32.69,95.65902430322399,-1.5,46.9336,10.540000000000001,74.91645881292257,0.7424907188660141,76.62022254330772,2.6062443487048563,-0.9044000000000001,-0.9044000000000001,178.0,0.07488904307221286,21.476000000000003,-178.0,13.350977797382738,20.566000000000003,52.82000000000001,42.405,2,75.9166666017911,-1.3000000000000007,-5.300000000000001,8.22450700752048
235,2018 Davidson,2018,Davidson,Region 1,12,First Round,1,Bob McKillop,2018 Bob McKillop,Atlantic 10,A10,2018 A10,2018 Davidson,2018 Davidson,17.4,35.8,20.0,16.0,10.9,14.5,39.7,15.9,14.5,1.5,117.399,97.506,14.9051,78.13,0.94,1.75,24.21,16.82,27.77,18.78,22.64,13.93,33.4,24.35,15.95,10.47,15.76,22.21,25.98,10.92,19.89,20.94,-2.837751736,116.6527509,97.4770322,0.815299421,57.7,48.8,24.5,71.4,85.5,16.2,22.7,23.4,65.0,56.8,50.0,39.1,64.8,6.2,91.5,61.6,47.7,48.2,42.5,65.4,79.7,32.3,93.9,3.7,11.599999999999994,4.2,62.4,30.5,40.2,31.3,44.9,20.3,60.7,27.8,38.8,49.2,64.7,40.9,8.900000000000006,-69.3,-53.900000000000006,-46.900000000000006,-8.900000000000006,69.3,53.900000000000006,46.900000000000006,22.5063,28.204300000000003,19.0896,24.7145031644714,13.069800000000003,43.3369,26.4623,24.298285261858847,0.6951078230117275,29.7,34.2,0.8679494388890248,27.8,64.5,0.060000000000002274,0.06999999999999318,0.060000000000002274,24.21,94.61977045099376,-2.5999999999999943,49.3335,7.9056,74.54234551800556,0.7350747604443861,75.78413405641865,3.289428315288601,0.61476,0.61476,-353.5699999999997,0.06775882230795292,28.0,353.5699999999997,14.755684567005321,19.075,52.669999999999995,38.96,3,70.82646948753963,-1.5,-9.4,9.540058662455003
236,2018 Buffalo,2018,Buffalo,Region 1,13,Second Round,1,Nate Oats,2018 Nate Oats,MAC,MAC,2018 MAC,2018 Buffalo,2018 Buffalo,16.5,36.9,20.0,18.2,6.3,12.1,41.0,17.9,16.0,1.9,114.284,96.209,10.4931,76.59,0.25,1.78,29.33,19.08,23.75,18.51,17.77,20.87,34.07,20.17,20.7,15.6,9.43,22.91,22.06,18.55,20.23,16.23,-1.292064439,113.5904446,97.3803617,0.762793408,54.8,51.5,30.3,59.6,83.4,18.2,32.0,28.6,73.8,54.2,52.3,37.2,66.7,10.9,90.2,54.6,55.8,40.0,34.1,74.0,69.6,26.0,88.7,5.3,1.7999999999999972,4.1,60.1,43.1,44.3,40.1,38.9,16.5,62.5,26.3,37.1,40.4,66.9,33.6,3.299999999999997,-65.2,-39.4,-29.3,-3.299999999999997,65.2,39.4,29.3,30.6042,21.4069,14.988399999999999,24.052442703392938,17.838099999999997,38.9159,22.4784,29.70705583976081,1.1979901487586941,33.5,48.4,1.315437040564269,26.3,55.8,0.01999999999999602,0.030000000000001137,0.01999999999999602,29.33,97.60946031197975,6.0,45.7032,9.373,81.54659710150453,0.6674735027689148,78.53260473426079,3.3612432985964706,0.185,0.185,559.2799999999995,0.12084123235884302,32.396,-559.2799999999995,8.274470232088799,11.214,53.715,39.81,2,70.02939451172473,-2.1999999999999993,-4.4,9.378598898243427
237,2018 Wright St.,2018,Wright St.,Region 1,14,First Round,1,Scott Nagy,2018 Scott Nagy,Horizon,Horz,2018 Horz,2018 Wright St.,2018 Wright St.,7.5,33.3,6.6,-1.6,4.3,5.9,39.0,6.0,1.7,4.3,101.068,101.749,2.81674,76.81,0.44,1.45,29.91,18.82,22.18,20.16,20.66,18.15,32.98,30.32,12.19,12.73,11.76,23.14,23.36,20.41,16.97,16.11,-3.494115276,99.63152127,103.47576418,0.590098209,49.0,51.7,36.0,70.0,81.4,21.1,28.8,24.9,69.7,48.0,54.4,34.0,65.1,6.7,92.2,53.3,48.9,35.0,39.7,69.3,71.9,28.599999999999994,83.6,4.5,5.599999999999994,3.3,60.2,34.5,40.2,27.0,33.2,30.8,65.3,33.8,33.4,34.7,65.5,39.2,-2.700000000000003,-60.300000000000004,-46.3,-34.0,2.700000000000003,60.300000000000004,46.3,34.0,24.531000000000002,21.8154,11.5898,24.24706167765488,11.0388,47.7474,25.676000000000002,28.312835722807186,1.1238869196853116,19.2,39.0,0.7729394658299533,33.8,69.7,0.030000000000001137,0.01999999999999602,0.010000000000005116,29.91,98.41662386022777,1.2999999999999972,39.886,10.908700000000001,80.43908960238979,0.675530094675606,76.6452190970446,2.6288909198430197,0.30491999999999997,0.30491999999999997,586.4000000000005,0.07266732464940727,-2.32,-586.4000000000005,13.759140426801968,6.234999999999999,51.11,41.435,0,68.44805041490694,3.3,-0.0,7.432972972972973
238,2018 Georgia St.,2018,Georgia St.,Region 1,15,First Round,1,Ron Hunter,2018 Ron Hunter,Sun Belt,SB,2018 SB,2018 Georgia St.,2018 Georgia St.,12.4,34.3,12.9,8.1,4.9,8.8,39.6,10.5,7.1,3.3,109.045,98.165,7.20921,76.7,-1.43,1.95,22.01,14.32,17.37,17.24,25.0,26.06,39.15,15.2,15.86,16.2,13.56,24.15,21.12,21.18,17.45,16.08,-5.057943008,107.2028983,99.2754459,0.671910195,54.1,52.9,31.6,60.9,83.3,20.8,25.8,32.8,67.7,50.9,56.1,39.1,66.1,14.9,89.8,48.5,40.8,41.1,46.1,67.9,68.3,30.200000000000003,92.2,7.0,22.799999999999997,5.7,61.1,35.3,49.8,33.5,35.5,23.4,66.3,20.2,38.6,41.3,66.1,46.3,1.2000000000000028,-62.5,-41.400000000000006,-29.299999999999997,-1.2000000000000028,62.5,41.400000000000006,29.299999999999997,28.0223,24.248799999999996,15.941799999999999,26.182500517202964,17.982599999999998,43.9969,30.604299999999995,20.481943267180483,1.0241882763129222,26.6,42.3,0.8466339819874302,20.2,60.8,0.009999999999990905,0.030000000000001137,0.020000000000010232,22.01,94.79134182346355,-0.09999999999999432,45.0653,11.003200000000001,80.6421920990839,0.6123660054797287,79.0587998109554,2.4429674869768268,-0.9709700000000001,-0.9709700000000001,319.10000000000014,0.1659224284807519,15.794999999999998,-319.10000000000014,6.0264411784444,9.555,52.365,42.055,2,68.46754580486649,-1.0,-1.6000000000000005,8.608224843632213
239,2018 UMBC,2018,UMBC,Region 1,16,Second Round,1,Ryan Odom,2018 Ryan Odom,Amerian East,AE,2018 AE,2018 UMBC,2018 UMBC,9.4,36.7,5.1,2.1,2.2,8.5,41.0,9.5,6.7,2.9,103.389,94.703,-1.9086,75.85,0.07,1.96,28.02,14.3,17.56,19.61,27.95,20.52,39.33,22.25,17.3,11.02,10.02,24.86,18.64,24.42,21.24,10.79,-4.820908864,102.4845914,94.5471959,0.418645323,52.2,47.9,30.0,68.9,83.1,20.7,26.4,29.0,69.1,48.3,49.2,38.2,64.1,7.6,91.4,58.1,46.4,44.1,40.9,69.3,65.1,31.700000000000003,89.7,2.7,7.700000000000003,3.5,55.9,32.7,39.3,38.3,36.8,23.1,66.4,21.2,38.3,44.2,65.0,40.5,4.300000000000004,-62.39999999999999,-44.6,-38.900000000000006,-4.300000000000004,62.39999999999999,44.6,38.900000000000006,20.7012,25.4294,16.9286,24.59612096788164,15.321399999999999,40.4018,26.325,27.57474690122589,0.8008868577633992,26.9,35.400000000000006,1.0320732821411818,21.2,58.2,0.060000000000002274,0.0800000000000125,0.05000000000001137,28.02,94.94856752989809,1.2999999999999972,43.3782,9.915299999999998,78.4071258061589,0.7326515428557017,79.10017944322938,2.7453996804922776,0.04851,0.04851,-231.1300000000008,0.08315007494447543,4.116,231.1300000000008,12.024733587685832,4.312,51.435,40.47,1,69.1670214237068,4.6,0.6999999999999997,8.41706791687785
240,2018 Xavier,2018,Xavier,Region 4,1,Second Round,1,Chris Mack,2018 Chris Mack,Big East,BE,2018 BE,2018 Xavier,2018 Xavier,15.7,35.4,29.3,22.1,8.1,11.7,41.0,22.3,18.4,4.0,120.74,100.9508,21.6909,78.48,0.87,1.87,31.83,25.84,15.99,24.13,20.13,13.84,39.65,24.0,14.93,17.22,4.1,25.97,23.14,20.58,15.8,14.44,8.802839276,121.3578302,102.6957345,0.926923028,55.7,50.0,40.2,75.2,83.0,15.7,30.0,22.9,72.2,55.9,50.0,36.9,66.6,8.0,90.3,57.6,47.1,36.0,41.2,71.6,79.0,25.0,86.7,6.8,15.400000000000006,4.0,62.1,42.7,42.4,32.5,43.5,21.5,59.9,26.4,37.3,35.8,66.6,41.1,5.700000000000003,-67.3,-47.1,-35.0,-5.700000000000003,67.3,47.1,35.0,32.4123,22.705899999999996,13.353399999999997,22.19459393636207,14.395999999999999,43.1862,27.3726,22.85364668202137,1.382642942934555,28.5,49.5,0.8880562516727087,26.4,63.5,0.07000000000000739,0.10000000000000853,0.07000000000000739,31.83,94.87154701688706,3.5999999999999943,46.231,7.85,79.09841207252796,0.6832659161813027,74.93967930596376,2.7704252691018176,0.6229199999999999,0.6229199999999999,1295.8000000000002,0.08859259587379985,41.327000000000005,-1295.8000000000002,11.286089238845145,15.147,55.06,39.785000000000004,1,72.11580083929395,-3.700000000000003,-4.1,9.460163166976713
241,2018 North Carolina,2018,North Carolina,Region 4,2,Second Round,1,Roy Williams,2018 Roy Williams,ACC,ACC,2018 ACC,2018 North Carolina,2018 North Carolina,20.3,31.8,32.7,23.2,13.9,11.9,38.7,21.7,13.9,7.9,121.959,103.0759,25.0348,77.46,0.65,2.0,27.31,19.88,24.48,15.49,17.03,23.12,33.33,29.86,18.38,10.59,7.83,21.41,29.48,23.01,12.66,13.43,7.115901518,121.232007,103.17323648,0.92989,52.3,49.9,28.6,74.2,83.2,16.2,38.4,26.0,71.4,51.1,55.0,36.4,61.7,11.5,88.8,60.9,44.4,34.9,40.9,72.5,74.1,31.700000000000003,87.8,6.3,6.700000000000003,6.6,60.0,38.0,45.2,31.0,38.4,26.9,65.2,28.1,35.9,35.1,62.0,40.9,2.3999999999999986,-67.0,-35.599999999999994,-45.6,-2.3999999999999986,67.0,35.599999999999994,45.6,28.331400000000002,22.930499999999995,12.6009,24.083933095184708,14.4542,43.679199999999994,25.357999999999997,26.85620660728788,1.2620723056323182,23.1,44.3,0.9192929268233052,28.1,62.4,0.0,0.010000000000005116,0.009999999999990905,27.31,96.16007161525114,4.5,43.513600000000004,8.0838,82.436869071335,0.726721638166609,77.61915998919194,2.6426998392952803,0.47125,0.47125,-232.88000000000056,0.12950304613686783,46.4,232.88000000000056,7.721067733240588,27.8,53.69,40.34,1,69.74757777224983,-9.299999999999999,-6.0,9.33184593250282
242,2018 Michigan,2018,Michigan,Region 4,3,Runner Up,3,John Beilein,2018 John Beilein,Big 10,B10,2018 B10,2018 Michigan,2018 Michigan,14.7,30.5,28.7,13.5,15.2,10.3,38.1,20.0,11.0,9.0,115.9,107.2905,23.1909,77.77,1.68,1.65,28.57,24.82,16.94,23.91,20.48,13.81,40.47,18.9,19.58,10.19,10.82,31.57,14.19,22.03,15.73,16.44,6.8760504,114.3001189,107.51392538,0.919483466,54.4,51.6,30.3,69.8,86.1,19.4,26.0,24.4,65.4,54.3,53.0,36.4,65.7,8.2,90.1,54.7,54.9,43.1,30.2,65.7,65.7,28.700000000000003,96.1,7.9,10.299999999999997,5.8,65.5,36.9,40.4,34.8,34.7,20.0,65.9,34.9,35.2,43.1,66.9,30.3,2.799999999999997,-66.69999999999999,-49.6,-39.5,-2.799999999999997,66.69999999999999,49.6,39.5,31.7614,22.1112,15.1712,29.271872164246684,14.6566,43.269800000000004,20.2707,26.699609859821305,1.0394190390014153,30.0,44.8,1.339889772614765,34.9,59.400000000000006,0.03999999999999204,0.040000000000020464,0.04000000000000625,28.57,95.35160565356165,-2.299999999999997,46.8384,10.010399999999999,77.81427323835086,0.6786516296323868,76.41335432204487,3.9493561614272337,1.10376,1.10376,-12.550000000000182,0.09100897881266577,22.275,12.550000000000182,10.986465065235947,25.08,53.03,40.84,1,66.41126003733254,-2.5,-6.199999999999999,8.302346877432043
243,2018 Gonzaga,2018,Gonzaga,Region 4,4,Sweet 16,2,Mark Few,2018 Mark Few,WCC,WCC,2018 WCC,2018 Gonzaga,2018 Gonzaga,15.9,32.3,29.5,17.6,14.6,10.8,39.7,21.6,14.5,7.1,119.824,104.9109,24.7352,78.45,1.37,1.53,28.36,22.09,24.1,18.66,17.74,17.4,31.97,30.51,20.89,10.12,6.48,26.89,28.82,17.94,14.11,12.22,4.863248405,118.3163414,104.77059834,0.923884937,57.7,53.1,30.9,70.6,84.0,17.4,33.0,22.7,69.4,58.8,56.7,37.4,64.5,9.9,92.9,51.0,53.7,39.6,35.7,70.3,72.2,28.200000000000003,95.2,9.1,15.599999999999994,3.2,67.3,37.4,47.7,35.3,43.5,23.2,65.9,29.1,36.9,39.4,65.0,35.7,4.600000000000001,-66.6,-44.3,-39.699999999999996,-4.600000000000001,66.6,44.3,39.699999999999996,33.8334,24.630599999999998,14.538599999999999,26.43285518693229,17.3373,42.3819,23.205,23.509218050231564,1.1801730920535012,26.8,46.5,1.0784011652334669,29.1,61.5,0.010000000000019327,0.029999999999986926,0.01999999999999602,28.36,97.04867487389139,2.299999999999997,48.468,9.2394,81.32334617419463,0.617425939153279,75.63810698398726,3.356040247484532,0.96311,0.96311,240.05999999999995,0.10656505312106435,26.928000000000004,-240.05999999999995,9.382890617109384,22.338,55.315,40.72,2,69.672782954479,-3.1000000000000014,-7.5,8.921392616090262
244,2018 Ohio St.,2018,Ohio St.,Region 4,5,Second Round,1,Chris Holtmann,2018 Chris Holtmann,Big 10,B10,2018 B10,2018 Ohio St.,2018 Ohio St.,17.2,32.5,32.3,21.2,15.7,11.5,38.8,23.0,14.9,8.1,116.15,104.9592,21.1094,76.73,-0.29,1.82,33.34,23.48,24.48,15.6,14.95,21.44,45.43,19.57,17.73,10.37,6.82,21.76,27.23,18.97,15.55,16.43,4.513456692,116.0912887,106.44040626,0.922831115,54.4,51.7,31.5,71.0,82.7,18.0,30.3,24.9,67.5,55.1,54.0,35.3,65.4,11.6,93.2,52.8,49.5,33.2,39.6,67.8,72.6,29.700000000000003,86.3,5.6,5.599999999999994,6.1,67.7,35.9,45.6,32.2,39.2,29.8,63.5,27.9,35.3,34.2,65.0,39.9,2.6999999999999957,-64.7,-44.8,-39.5,-2.6999999999999957,64.7,44.8,39.5,29.137099999999997,23.7542,12.0726,24.22565788580364,15.0248,43.6515,25.935,27.658317013151763,1.213414812432385,20.2,41.5,0.9598756923385381,27.9,61.699999999999996,0.04999999999999716,0.07999999999998408,0.060000000000002274,33.34,95.5526299906574,-0.20000000000000284,44.988800000000005,9.306000000000001,80.13519115296067,0.6438945866513822,76.62522136387346,2.861106294433848,-0.19662,-0.19662,178.19999999999936,0.12446218388214718,38.584,-178.19999999999936,8.03379019050082,28.573999999999998,53.220000000000006,40.81,0,70.22106430847408,-6.299999999999999,-7.6,8.566099340511927
245,2018 Houston,2018,Houston,Region 4,6,Second Round,1,Kelvin Sampson,2018 Kelvin Sampson,American,Amer,2018 Amer,2018 Houston,2018 Houston,12.4,34.5,19.6,8.4,10.2,11.3,39.3,20.8,14.7,6.2,115.787,104.7527,20.5396,75.56,-1.32,2.14,34.14,15.42,18.56,19.44,17.12,29.44,39.48,29.05,15.72,7.19,8.52,27.01,26.36,19.09,13.04,14.46,2.466507382,114.593292,104.91704278,0.895327629,53.9,54.2,32.2,58.9,82.2,19.4,34.7,25.8,68.4,51.4,56.2,38.7,67.3,9.3,93.3,54.1,48.5,37.7,37.7,69.4,71.7,29.200000000000003,93.2,3.4,13.099999999999994,5.2,62.4,30.2,45.4,31.1,39.4,32.7,67.1,31.1,38.7,37.2,67.7,37.9,-0.30000000000000426,-62.800000000000004,-39.5,-26.699999999999996,0.30000000000000426,62.800000000000004,39.5,26.699999999999996,22.0136,27.280200000000004,14.396400000000003,25.66533005177737,14.800600000000001,46.526399999999995,25.6583,25.672602127560037,0.9032015268406763,17.299999999999997,33.6,0.957758370491544,31.1,63.699999999999996,0.01999999999999602,0.04000000000000625,0.03999999999999204,34.14,94.50519518090042,1.4000000000000057,44.305800000000005,10.5148,84.49967442813684,0.6712075532561631,76.48671729719456,2.724566035615977,-0.9160800000000002,-0.9160800000000002,588.8600000000001,0.0996773882380682,17.976000000000003,-588.8600000000001,10.031179443070638,21.828,53.879999999999995,40.525,2,69.47921975312495,6.299999999999999,-3.999999999999999,8.553261125859992
246,2018 Texas A&M,2018,Texas A&M,Region 4,7,Sweet 16,2,Billy Kennedy,2018 Billy Kennedy,SEC,SEC,2018 SEC,2018 Texas A&M,2018 Texas A&M,13.2,31.5,24.6,12.3,11.0,9.0,37.9,21.9,11.7,10.2,111.204,105.7051,16.9086,78.8,2.0,1.56,35.59,18.94,24.4,16.94,19.49,20.17,29.87,37.81,19.14,8.41,4.71,30.01,24.98,18.99,13.98,11.97,1.928730103,110.3082457,106.44451652,0.869248011,51.1,53.6,32.0,71.0,80.8,15.9,34.3,28.3,70.6,52.1,54.9,32.7,67.6,15.1,89.6,55.8,42.9,33.2,37.6,70.0,66.7,31.900000000000006,88.6,10.5,16.700000000000003,6.6,61.1,43.2,43.1,32.5,37.0,23.9,66.4,29.9,32.9,33.0,67.4,37.6,-2.5,-64.89999999999999,-37.400000000000006,-39.0,2.5,64.89999999999999,37.400000000000006,39.0,35.6982,19.700000000000003,10.857000000000001,25.680991673479692,15.1097,45.196,25.3424,23.930315501472187,1.627223417472198,26.1,53.7,1.0398659610116754,29.9,60.9,0.060000000000002274,0.060000000000002274,0.06999999999999318,35.59,97.25521039057635,2.0,41.288799999999995,8.522400000000001,80.89939222730258,0.6634879490136859,76.91341251823167,2.2342586323628972,1.4,1.4,-130.50000000000045,0.16852490485597257,19.188000000000002,130.50000000000045,5.933381895238726,17.16,52.3,41.725,1,68.13060692575118,-0.6000000000000014,-0.8000000000000007,8.020111895150798
247,2018 Missouri,2018,Missouri,Region 4,8,First Round,1,Cuonzo Martin,2018 Cuonzo Martin,SEC,SEC,2018 SEC,2018 Missouri,2018 Missouri,11.9,34.7,14.1,4.7,4.0,9.0,39.7,16.9,8.9,7.8,113.275,102.197,15.4717,77.95,1.35,1.81,27.78,20.83,20.13,19.81,22.18,17.05,33.68,33.65,18.18,4.61,9.87,29.98,17.95,19.48,14.35,18.24,0.446149861,113.0440532,103.69113611,0.863243898,54.5,53.4,38.2,70.6,79.3,16.0,30.8,28.3,67.2,50.8,54.4,39.2,67.7,11.0,87.9,56.2,53.3,45.5,36.4,66.8,74.6,27.099999999999994,90.2,8.8,12.5,6.0,58.2,31.8,40.7,31.4,39.2,22.6,67.9,32.3,39.0,45.6,67.3,36.3,1.1000000000000014,-63.3,-40.9,-32.39999999999999,-1.1000000000000014,63.3,40.9,32.39999999999999,26.445200000000003,26.643200000000004,17.784000000000002,24.111062467948884,13.5298,46.361599999999996,24.429899999999996,26.323626903094745,0.8903313523826233,27.4,40.6,1.03027464808132,32.3,62.6,1.4210854715202004e-14,0.010000000000005116,1.4210854715202004e-14,27.78,98.11606794177709,-1.2000000000000028,43.2185,8.544,81.71645545019958,0.6690396542898299,78.1491973070124,2.5747548427612186,0.9018,0.9018,936.4600000000003,0.12514078338130394,8.507000000000001,-936.4600000000003,7.990182710662668,7.24,53.515,41.61,1,70.14555877951041,4.2,3.8,8.58387639679837
248,2018 Florida St.,2018,Florida St.,Region 4,9,Second Round,1,Leonard Hamilton,2018 Leonard Hamilton,ACC,ACC,2018 ACC,2018 Florida St.,2018 Florida St.,11.7,37.4,22.4,15.7,10.4,8.8,40.6,16.7,10.4,6.2,115.822,100.0016,15.8239,78.5,1.34,1.6,34.27,19.39,20.82,22.07,18.63,19.05,40.42,15.3,14.42,22.99,6.82,26.5,17.16,17.78,21.39,17.13,0.951071289,114.5116659,101.63877841,0.851744034,53.9,51.1,36.1,69.3,82.4,19.1,33.2,30.1,72.6,54.6,54.5,35.1,63.6,13.3,92.4,52.2,50.8,36.9,37.6,73.0,68.5,27.5,91.8,14.6,14.599999999999994,6.2,62.6,43.0,49.7,37.2,34.6,20.3,61.9,25.2,35.0,36.7,64.4,37.6,2.799999999999997,-63.300000000000004,-36.699999999999996,-33.199999999999996,-2.799999999999997,63.300000000000004,36.699999999999996,33.199999999999996,40.320800000000006,19.8688,12.845,27.22841652881538,19.393600000000003,39.8132,24.214400000000005,22.950163398111137,1.5694395248085884,29.7,57.6,1.1542246216855936,25.2,56.599999999999994,0.04000000000000625,0.05000000000001137,0.04000000000000625,34.27,98.57623035571059,5.0,44.4136,9.7601,81.88298996155015,0.6452330626321059,80.22430788177185,2.8861996477472878,0.9782000000000001,0.9782000000000001,567.0999999999999,0.1439378361706042,25.12,-567.0999999999999,6.946846101796858,16.64,54.215,41.63,1,67.28510463678613,-5.299999999999999,-4.2,9.081898870629363
249,2018 Providence,2018,Providence,Region 4,10,First Round,1,Ed Cooley,2018 Ed Cooley,Big East,BE,2018 BE,2018 Providence,2018 Providence,12.2,33.0,17.8,9.7,8.9,8.3,39.2,12.1,7.1,5.0,108.926,102.9925,11.9189,77.67,0.38,1.9,30.46,21.06,23.89,16.99,17.93,20.11,31.23,26.62,20.16,17.13,4.84,22.07,24.13,16.0,21.95,15.83,1.962687074,108.7246898,103.52971905,0.79822141,49.6,49.9,39.2,68.6,82.4,18.9,29.4,28.9,69.5,49.5,48.7,33.3,67.9,10.1,90.9,53.7,51.4,33.0,36.5,68.3,70.3,26.299999999999997,81.3,5.9,6.599999999999994,7.0,58.4,36.6,38.7,40.0,38.6,30.5,65.2,23.8,33.2,32.9,67.7,36.3,-0.29999999999999716,-63.50000000000001,-41.7,-29.39999999999999,0.29999999999999716,63.50000000000001,41.7,29.39999999999999,26.171100000000003,22.6958,10.9228,21.82802098221458,15.942,40.0927,24.5751,28.50011695882434,1.2917540500288747,19.5,42.5,1.2947301727225147,23.8,53.0,0.01999999999999602,0.01999999999999602,0.01999999999999602,30.46,97.27912146540865,0.29999999999999716,40.870400000000004,9.431099999999999,80.06673608404097,0.6621373349280527,78.04708047916611,2.9202886199647753,0.25954,0.25954,951.5800000000006,0.11110988878010142,18.429999999999996,-951.5800000000006,8.999108999109,16.91,52.20000000000001,40.755,0,70.78066120776637,-2.5999999999999996,-3.9000000000000004,8.076007223756838
250,2018 San Diego St.,2018,San Diego St.,Region 4,11,First Round,1,Brian Dutcher,2018 Brian Dutcher,Mountain West,MWC,2018 MWC,2018 San Diego St.,2018 San Diego St.,12.3,33.2,22.5,11.2,12.7,7.8,39.7,15.5,7.9,7.6,111.286,102.8642,14.1504,78.33,2.26,1.6,33.42,20.45,23.7,17.57,18.47,19.79,42.93,29.82,13.41,7.4,6.38,28.51,25.8,18.01,16.96,10.68,-1.568654818,110.5854522,104.2608299,0.839949427,52.0,51.2,34.3,70.8,83.0,19.3,31.8,25.3,70.3,52.3,51.7,34.3,66.9,9.1,91.0,54.5,44.3,36.1,40.4,70.0,72.2,27.400000000000006,87.2,7.7,8.299999999999997,3.3,62.1,33.0,38.9,28.2,41.2,31.4,63.8,32.0,33.9,35.6,66.8,39.9,0.7999999999999972,-63.7,-42.9,-36.5,-0.7999999999999972,63.7,42.9,36.5,27.207400000000003,25.0052,12.068399999999999,23.930872668305824,11.243699999999999,47.069199999999995,26.6532,27.151243065465714,1.143226313867588,18.6,40.7,0.7894538983985364,32.0,68.5,0.020000000000010232,0.060000000000002274,0.03999999999999204,33.42,97.64509448172544,2.0,43.16,9.8816,80.84326580323457,0.6753323998463463,75.86437875491364,2.605729074760308,1.5819999999999999,1.5819999999999999,536.5399999999997,0.0999989011109768,17.919999999999998,-536.5399999999997,9.998901219646195,20.32,53.05499999999999,40.985,0,70.0983222428295,-3.299999999999999,-5.1,8.318624763282433
251,2018 South Dakota St.,2018,South Dakota St.,Region 4,12,First Round,1,T.J. Otzelberger,2018 T.J. Otzelberger,Summit,Sum,2018 Sum,2018 South Dakota St.,2018 South Dakota St.,15.0,36.2,17.0,13.0,5.2,10.3,40.8,14.5,10.4,4.1,114.629,95.962,10.5907,76.87,0.17,1.99,26.93,27.97,20.42,12.21,17.89,21.47,34.21,15.48,17.34,25.57,7.32,32.27,20.59,16.29,19.0,11.8,0.642971513,114.0068279,98.3924533,0.789865701,54.5,49.8,35.8,74.5,86.2,14.3,24.7,22.9,72.1,51.2,50.2,39.2,66.2,5.6,91.8,45.6,57.0,43.5,37.7,71.4,76.4,28.599999999999994,100.0,2.6,15.400000000000006,3.3,56.2,33.2,40.1,31.4,42.8,23.1,61.1,29.8,39.4,43.7,65.9,38.8,4.700000000000003,-71.9,-52.400000000000006,-38.7,-4.700000000000003,71.9,52.400000000000006,38.7,21.2584,27.104599999999998,17.2178,27.892651361962706,13.0996,43.777,25.569200000000002,23.055205485963466,0.8192032218942359,26.9,35.800000000000004,0.8943068477616556,29.8,65.30000000000001,0.03999999999999204,0.0800000000000125,0.04999999999999716,26.93,94.27736773853151,3.4000000000000057,46.979,7.1214,80.24285260437154,0.5320824727832814,75.2472806257359,4.130135497427724,0.12138000000000002,0.12138000000000002,604.4200000000005,0.061001514144726085,25.87,-604.4200000000005,16.38993036957686,10.348,53.66,39.25,2,68.12037110376119,-2.5999999999999996,-1.1000000000000005,9.445124683471755
252,2018 UNC Greensboro,2018,UNC Greensboro,Region 4,13,First Round,1,Wes Miller,2018 Wes Miller,Southern,SC,2018 SC,2018 UNC Greensboro,2018 UNC Greensboro,7.3,33.8,10.6,2.6,3.3,4.8,40.0,8.9,3.0,5.9,105.672,103.3844,9.0562,77.16,0.9,1.78,32.53,16.9,16.97,18.69,26.5,20.9,34.1,25.01,21.69,6.17,12.98,29.73,23.52,20.06,10.49,16.15,-1.545557668,103.5170046,103.79031653,0.698858418,52.0,52.4,26.4,60.9,80.2,21.6,33.7,23.8,66.1,50.9,53.0,35.6,67.7,12.7,92.6,54.0,51.3,45.9,41.0,66.1,70.1,26.599999999999994,86.3,9.2,12.5,4.9,61.4,31.5,46.4,35.9,37.0,23.0,62.5,23.2,35.0,45.5,68.1,40.9,-0.3999999999999986,-58.6,-42.5,-34.5,0.3999999999999986,58.6,42.5,34.5,27.280599999999996,24.435000000000002,15.925,24.115192306925525,17.2701,42.35289999999999,27.852899999999995,25.00338310442542,0.8944858354761435,27.0,40.7,0.9975306227231608,23.2,59.2,0.03999999999999204,0.04999999999999716,0.05000000000001137,32.53,96.01356424860502,-1.9000000000000057,41.704,11.3184,82.8858332781394,0.688766724914223,75.5302085151483,2.5907782435230544,0.5949,0.5949,230.70000000000005,0.13714754700273216,4.628,-230.70000000000005,7.290764506731754,5.874,51.550000000000004,40.255,0,69.49034850931446,0.3999999999999999,2.6000000000000005,7.721172428602103
253,2018 Montana,2018,Montana,Region 4,14,First Round,1,Travis DeCuire,2018 Travis DeCuire,Big Sky,BSky,2018 BSky,2018 Montana,2018 Montana,11.5,33.7,17.1,9.1,5.4,10.0,40.0,13.0,9.6,3.4,110.144,100.6868,10.8304,76.77,-0.18,1.76,25.4,17.91,18.72,16.14,22.36,24.81,30.49,22.65,14.24,20.98,11.57,24.02,25.22,21.57,14.75,14.37,-1.118878174,107.6122051,100.90713798,0.720809714,51.7,51.7,38.9,58.7,82.6,21.2,34.0,26.4,69.8,51.9,53.9,34.1,64.7,9.1,91.2,45.7,56.5,27.2,32.3,69.1,71.5,27.700000000000003,89.2,5.5,12.5,2.8,60.1,42.2,46.0,33.0,39.5,31.1,61.9,34.8,34.0,26.7,65.1,32.3,0.0,-61.39999999999999,-39.6,-19.800000000000004,0.0,61.39999999999999,39.6,19.800000000000004,30.2682,21.3625,9.078,24.99959999679995,15.53,42.5685,21.027299999999997,24.07839626442481,1.7864499456949179,18.9,47.7,1.108324819665026,34.8,64.2,0.060000000000002274,0.06999999999999318,0.06999999999999318,25.4,96.47824333606083,1.0999999999999943,42.7042,10.9604,84.33640412858432,0.5799418789101661,77.76425637791506,3.2469398310441915,-0.12437999999999999,-0.12437999999999999,1155.3599999999997,0.09977960767974034,16.016,-1155.3599999999997,10.02087682672234,9.504000000000001,53.964999999999996,40.065000000000005,0,69.02179166227852,0.5,-2.0000000000000004,8.439160454394672
254,2018 Lipscomb,2018,Lipscomb,Region 4,15,First Round,1,Casey Alexander,2018 Casey Alexander,Atlantic Sun,ASun,2018 ASun,2018 Lipscomb,2018 Lipscomb,7.8,36.3,6.5,1.8,7.8,7.2,41.7,9.7,7.7,1.9,103.793,96.57,0.363623,77.27,-0.03,1.7,31.0,15.06,26.36,15.04,27.6,15.9,29.84,24.71,13.15,22.39,9.85,29.49,18.39,16.98,23.18,11.92,-3.148721959,102.6391157,98.1862926,0.523197117,51.9,48.3,41.2,61.3,79.9,19.8,28.0,24.1,76.5,53.5,47.4,33.0,66.5,7.6,87.8,54.3,51.1,38.9,36.9,75.9,72.5,30.099999999999994,94.1,3.2,3.5,5.2,60.9,40.0,37.4,38.1,36.8,20.9,63.1,25.1,32.5,39.1,65.8,36.8,3.6000000000000014,-60.10000000000001,-47.9,-20.099999999999994,-3.6000000000000014,60.10000000000001,47.9,20.099999999999994,27.371199999999998,20.398699999999998,12.7075,28.26356606422244,14.431400000000002,40.0525,24.214399999999998,28.949668967595006,1.1048310784890414,29.1,43.2,1.1765984619983156,25.1,56.699999999999996,0.03999999999999204,0.060000000000002274,0.04000000000000625,31.0,93.59639788868796,7.900000000000006,41.4681,9.5634,78.09623888451475,0.6770489146020622,75.69890281140128,2.5421620814884838,-0.022770000000000002,-0.022770000000000002,1141.8700000000003,0.08655937859477682,3.06,-1141.8700000000003,11.551111695829496,13.26,52.515,38.285,0,66.48836674983548,5.9,-5.9,8.247843555518738
255,2018 Texas Southern,2018,Texas Southern,Region 4,16,First Round,1,Mike Davis,2018 Mike Davis,SWAC,SWAC,2018 SWAC,2018 Texas Southern,2018 Texas Southern,11.4,40.3,-2.5,5.1,-5.2,8.4,43.8,2.8,5.9,-3.2,105.281,87.06,-7.659,75.76,0.2,2.06,32.88,16.09,14.76,24.58,19.31,25.24,48.95,21.13,13.37,9.07,7.44,35.33,20.7,18.27,14.76,10.92,-10.85573406,104.8307944,87.1291923,0.299473247,50.8,48.5,43.2,68.6,82.8,16.0,28.5,32.2,72.5,48.7,50.5,36.3,62.9,9.1,89.4,47.5,45.6,36.8,33.2,72.5,71.9,33.2,88.1,8.9,4.400000000000006,5.8,58.2,37.8,38.4,33.7,33.6,25.0,62.9,33.6,35.7,37.2,63.2,32.7,2.299999999999997,-66.8,-39.3,-25.39999999999999,-2.299999999999997,66.8,39.3,25.39999999999999,29.840500000000002,21.680400000000002,13.280400000000002,25.373608336222105,13.196000000000002,41.8008,20.666400000000003,27.765491171596437,1.2553425983172495,25.0,46.699999999999996,1.2079141310663282,33.6,60.5,0.020000000000010232,0.03999999999999204,0.01999999999999602,32.88,95.21315030526338,4.5,42.0624,7.76,82.8514749995282,0.5654694586969202,81.30069310249004,2.651008662287076,0.145,0.145,828.5600000000004,0.1017885705976443,10.506,-828.5600000000004,9.823096363037031,-10.712000000000002,53.2,40.13,1,67.99276733275462,0.8000000000000007,2.0,9.592785518199882
256,2019 Duke,2019,Duke,Region 1,1,Elite Eight,2,Mike Krzyzewski,2019 Mike Krzyzewski,ACC,ACC,2019 ACC,2019 Duke,2019 Duke,18.5,28.4,41.4,22.3,13.9,13.5,37.4,33.5,20.1,13.2,120.084,111.9089,31.9925,78.66,0.97,0.65,28.12,13.66,16.75,33.07,24.75,11.76,32.17,13.11,32.66,13.36,8.68,20.84,19.49,26.08,21.52,12.05,11.2139742,119.3093569,111.66368997,0.969425521,53.4,55.4,34.6,76.0,82.3,19.8,36.1,29.7,73.7,58.3,55.1,30.2,70.7,16.4,92.0,52.2,51.3,37.6,34.7,74.0,69.0,30.900000000000006,90.7,14.3,21.099999999999994,9.0,69.6,41.1,43.9,37.0,36.0,21.6,69.6,28.0,30.8,37.3,70.1,35.0,-2.0,-62.5,-34.2,-41.4,2.0,62.5,34.2,41.4,41.5757,19.2644,11.488399999999999,28.411778660736232,18.142,44.022999999999996,24.535,23.488064344825577,1.4852148735958826,28.4,55.400000000000006,1.3142481643381618,28.0,54.0,0.009999999999990905,0.020000000000010232,0.020000000000010232,28.12,91.16762942353526,6.0,43.94819999999999,10.9692,79.42519144613587,0.6508647024351317,77.93820229358212,2.898141347946443,0.7178,0.7178,38.999999999999545,0.17825893196813075,14.495000000000001,-38.999999999999545,5.609414060118286,9.035,54.345,44.449999999999996,1,66.64805784655181,-2.1999999999999993,-0.7000000000000011,8.230417952299124
257,2019 Michigan St.,2019,Michigan St.,Region 1,2,Final Four,3,Tom Izzo,2019 Tom Izzo,Big 10,B10,2019 B10,2019 Michigan St.,2019 Michigan St.,17.6,31.4,37.7,21.3,16.4,12.9,37.8,29.0,17.7,11.2,121.729,109.6321,31.3607,77.55,-0.09,1.79,29.62,25.53,15.15,13.71,18.8,26.78,38.14,29.97,18.25,9.64,3.95,28.66,29.11,18.88,12.11,11.2,10.63980524,119.9979094,108.04982737,0.955281388,55.8,56.3,35.0,72.3,81.3,14.9,34.1,26.8,68.4,54.8,58.7,38.4,68.2,14.1,91.7,68.2,46.9,37.8,37.0,69.2,75.0,32.099999999999994,87.6,7.0,9.5,5.0,66.5,35.0,48.0,35.0,38.5,27.1,71.0,27.8,37.8,37.9,68.4,37.2,-0.5,-66.39999999999999,-39.099999999999994,-37.3,0.5,66.39999999999999,39.099999999999994,37.3,29.406999999999996,24.759700000000002,14.326199999999998,24.055907105463028,17.275000000000002,45.1828,25.444800000000004,28.410136101985387,1.1081501807340177,22.9,42.0,1.075239912905567,27.8,60.0,0.030000000000001137,0.04999999999999716,0.04000000000000625,29.62,94.06123497686598,1.2000000000000028,45.365399999999994,8.3887,78.26913340016033,0.8014006885935536,76.44966121407104,2.5078872787551463,-0.062279999999999995,-0.062279999999999995,304.1700000000005,0.15376059148755192,38.127,-304.1700000000005,6.503084887596625,29.355999999999998,54.714999999999996,42.45,2,70.54026663734165,-3.6000000000000014,-5.199999999999999,8.603307304089732
258,2019 LSU,2019,LSU,Region 1,3,Sweet 16,2,Will Wade,2019 Will Wade,SEC,SEC,2019 SEC,2019 LSU,2019 LSU,14.9,34.5,25.3,16.3,11.2,10.6,39.9,21.5,12.9,8.5,118.485,102.4804,20.9656,77.19,0.7,1.09,29.39,22.01,19.38,16.26,20.01,22.29,38.83,39.49,13.46,4.3,3.84,29.72,25.76,16.43,15.04,12.98,7.340289299,118.2532958,102.93735514,0.906440815,51.7,49.8,37.7,65.8,81.8,20.7,37.3,30.4,70.6,53.4,50.3,32.3,65.9,12.0,92.8,46.1,56.4,34.3,39.1,71.2,75.4,31.200000000000003,90.0,14.1,12.299999999999997,8.5,64.3,40.3,36.6,29.8,35.0,25.6,64.3,30.2,32.0,34.2,66.3,40.0,1.9000000000000057,-61.099999999999994,-32.30000000000001,-28.099999999999994,-1.9000000000000057,61.099999999999994,32.30000000000001,28.099999999999994,38.60289999999999,19.904000000000003,10.944,27.325613747300654,11.952300000000001,45.938599999999994,26.52,25.59926756764732,1.5905967661764275,24.4,54.4,0.9574760630984225,30.2,61.7,0.04999999999998295,0.0799999999999983,0.07000000000000739,29.39,97.56813857302683,3.200000000000003,42.2906,10.308599999999998,83.9155816645461,0.5813293653295671,79.61092496746424,3.098730838964891,0.49839999999999995,0.49839999999999995,789.6200000000003,0.1293089514121615,17.767000000000003,-789.6200000000003,7.732688942588117,12.208,54.245000000000005,41.045,2,66.93880190791424,-3.4000000000000004,-2.6999999999999993,9.061610204388309
259,2019 Virginia Tech,2019,Virginia Tech,Region 1,4,Sweet 16,2,Buzz Williams,2019 Buzz Williams,ACC,ACC,2019 ACC,2019 Virginia Tech,2019 Virginia Tech,16.3,30.7,27.7,15.4,14.7,12.8,37.9,21.4,13.9,7.5,118.433,106.0366,24.4696,76.95,-0.65,1.94,22.71,24.46,17.64,23.6,20.08,14.21,44.82,22.24,8.15,18.04,6.75,27.0,21.9,18.2,16.83,16.06,5.006817101,118.0285354,105.73790034,0.929938373,56.4,51.1,31.4,73.6,82.5,21.7,29.8,27.4,64.4,54.2,52.0,39.4,66.8,8.7,90.3,59.6,43.6,45.0,50.1,65.0,75.8,27.799999999999997,87.5,6.7,14.5,6.7,61.6,35.8,39.6,28.2,37.8,20.5,65.8,21.9,39.4,43.7,67.3,49.9,5.299999999999997,-60.8,-42.8,-42.199999999999996,-5.299999999999997,60.8,42.8,42.199999999999996,27.9153,24.9668,17.2178,23.302986217793347,12.138700000000002,47.9929,33.5827,25.00919830782266,0.9725177913548889,29.5,42.5,0.6993847818680988,21.9,65.1,0.009999999999990905,0.0,0.010000000000005116,22.71,95.75878319346911,-3.0,46.529999999999994,11.088700000000001,79.48196937962783,0.7611652469317123,76.90803079765394,2.4912862122164445,-0.4225,-0.4225,334.0400000000002,0.09634444801275732,29.876,-334.0400000000002,10.378117457763476,28.517999999999997,53.855000000000004,42.385000000000005,2,70.82713824852911,-1.5,-7.199999999999999,8.66896270756788
260,2019 Mississippi St.,2019,Mississippi St.,Region 1,5,First Round,1,Ben Howland,2019 Ben Howland,SEC,SEC,2019 SEC,2019 Mississippi St.,2019 Mississippi St.,14.6,34.6,20.8,13.7,8.9,10.7,40.3,15.8,12.0,3.8,117.395,103.2827,20.6776,77.7,2.04,1.67,29.89,14.84,19.39,20.71,25.27,19.78,35.54,35.86,10.26,12.24,6.08,26.32,29.52,16.62,17.16,10.36,4.551728137,116.4042932,103.36557565,0.894781967,54.6,49.9,32.3,68.3,80.7,19.7,34.9,29.8,68.5,53.3,51.5,37.8,64.7,13.6,89.7,51.4,49.9,39.0,36.2,68.7,71.5,28.799999999999997,83.9,12.3,22.599999999999994,8.6,64.4,32.5,38.4,30.1,40.8,28.5,63.5,33.4,37.7,39.1,64.3,36.6,4.700000000000003,-61.0,-35.3,-36.0,-4.700000000000003,61.0,35.3,36.0,31.2497,26.368700000000004,14.740700000000002,21.70207363364156,13.501999999999999,44.7428,23.5338,20.33633857572859,1.1457507480627094,21.5,44.8,1.057348159886342,33.4,61.3,0.009999999999990905,0.01999999999999602,0.01999999999999602,29.89,96.28102567903461,0.7000000000000028,44.062200000000004,9.8303,84.56771853217069,0.6400916551475074,79.70336691959727,2.5853582715921455,1.40148,1.40148,342.4100000000001,0.1516148091994515,22.878999999999998,-342.4100000000001,6.5951033012278515,14.863,53.84,41.09,3,72.31986881655934,-1.6999999999999993,-5.1000000000000005,8.866265925794679
261,2019 Maryland,2019,Maryland,Region 1,6,Second Round,1,Mark Turgeon,2019 Mark Turgeon,Big 10,B10,2019 B10,2019 Maryland,2019 Maryland,15.4,32.0,24.6,13.7,12.9,11.6,38.2,18.9,11.6,7.2,113.82,106.1571,19.9776,77.8,1.29,0.65,24.73,24.3,17.86,17.99,16.11,23.7,41.79,31.57,16.8,4.98,4.82,28.38,30.9,12.8,13.56,14.32,4.175626134,112.4576489,106.17277376,0.889229876,51.9,54.0,32.9,73.4,80.2,14.3,33.9,24.7,66.3,51.3,55.3,35.3,68.0,13.4,90.2,52.4,47.8,37.0,39.4,67.6,74.8,28.099999999999994,90.7,10.7,9.700000000000003,5.9,60.0,38.8,41.6,32.5,36.1,24.2,71.2,28.1,34.9,37.0,68.1,39.4,-2.1000000000000014,-65.9,-41.400000000000006,-40.50000000000001,2.1000000000000014,65.9,41.400000000000006,40.50000000000001,32.9849,21.6492,12.913,26.204245839176522,14.0923,46.8386,26.8314,28.575105715756617,1.3378016810356477,25.8,49.5,0.97459455343773,28.1,61.6,0.04000000000000625,0.03999999999999204,0.03999999999999204,24.73,96.2606324064088,-0.4000000000000057,41.6238,7.722000000000001,83.32893082370438,0.6114281046895601,75.65391362673405,2.4140194939649513,0.8720399999999999,0.8720399999999999,398.37999999999965,0.14855711134022903,8.905,-398.37999999999965,6.730840982016268,8.385,52.525000000000006,41.125,0,67.89885223327306,-2.0999999999999996,-5.7,8.221744266334834
262,2019 Louisville,2019,Louisville,Region 1,7,First Round,1,Chris Mack,2019 Chris Mack,ACC,ACC,2019 ACC,2019 Louisville,2019 Louisville,11.3,33.1,23.5,10.7,15.2,8.6,38.8,19.3,10.7,8.6,113.376,107.5945,20.9708,76.75,0.6,1.92,33.28,24.97,25.43,17.19,17.57,14.83,41.85,20.62,29.87,3.59,4.04,32.02,29.04,20.83,9.98,8.1,2.312663116,112.9194044,107.27929085,0.90605994,50.9,53.6,35.1,68.4,82.2,16.3,29.2,25.8,68.6,50.6,54.3,34.2,68.3,7.8,89.4,53.4,51.6,43.7,36.9,68.7,77.5,30.299999999999997,86.3,9.2,9.0,5.3,62.8,31.7,39.6,33.7,34.9,24.6,70.6,29.1,34.1,43.8,68.0,37.2,-2.700000000000003,-65.9,-45.0,-33.300000000000004,2.700000000000003,65.9,45.0,33.300000000000004,27.847199999999997,23.5212,14.935799999999999,25.03629032691012,13.822200000000002,45.8406,25.296000000000003,28.847645773384464,0.9337686354192828,25.4,40.9,1.0483589150829278,29.1,61.0,0.010000000000005116,0.029999999999986926,0.030000000000001137,33.28,95.13390094634316,0.7000000000000028,41.839800000000004,8.7368,80.17242265294698,0.6379852092567591,76.52013256914023,2.8987135554182353,0.4122,0.4122,647.73,0.08724734622655227,20.543999999999997,-647.73,11.46006922189463,29.183999999999997,52.015,40.935,0,68.5324665440882,-0.0,-6.6,8.037243657959674
263,2019 VCU,2019,VCU,Region 1,8,First Round,1,Mike Rhoades,2019 Mike Rhoades,Atlantic 10,A10,2019 A10,2019 VCU,2019 VCU,9.1,31.9,25.3,8.4,11.9,7.2,38.4,19.7,9.1,10.6,104.312,111.3778,15.6895,77.45,-0.45,1.51,38.57,14.61,22.27,20.23,20.34,22.48,25.44,44.12,13.6,9.71,7.04,24.46,27.99,15.74,17.72,14.0,1.362674434,103.9650415,113.06702926,0.886708216,50.6,57.0,36.0,62.8,79.9,23.5,31.0,30.6,69.0,53.7,56.2,30.7,72.4,12.3,92.4,55.4,49.0,41.1,33.4,69.7,69.8,31.099999999999994,86.2,5.9,15.0,4.9,64.9,36.6,47.8,41.4,33.5,22.2,69.6,25.4,30.4,41.2,71.5,33.2,-6.399999999999999,-56.400000000000006,-38.4,-26.799999999999997,6.399999999999999,56.400000000000006,38.4,26.799999999999997,28.839200000000005,19.9618,12.5248,26.662145450057096,20.524199999999997,41.416399999999996,23.738000000000003,26.283375607659934,1.0315283609621126,27.8,42.5,1.3945363091473146,25.4,53.7,0.06999999999999318,0.0899999999999892,0.09000000000000341,38.57,96.81711922937725,1.7000000000000028,40.4294,13.395,78.25467658523016,0.7241735402151606,77.62173517446476,2.437689667180738,-0.31365000000000004,-0.31365000000000004,559.7200000000003,0.1331154424735663,12.684000000000001,-559.7200000000003,7.511584424030567,17.969,51.815000000000005,44.215,1,66.84354865011916,0.6999999999999993,-1.3000000000000007,6.865516597413511
264,2019 UCF,2019,UCF,Region 1,9,Second Round,1,Johnny Dawkins,2019 Johnny Dawkins,American,Amer,2019 Amer,2019 UCF,2019 UCF,13.1,32.4,21.4,10.8,7.4,10.1,39.0,17.6,12.0,5.5,110.31,104.2665,14.5761,78.77,3.9,2.3,26.63,22.91,19.68,20.0,12.99,24.36,44.01,29.57,16.08,4.98,5.29,31.31,27.27,16.68,15.12,9.55,2.169306456,111.1317684,106.10696623,0.874181172,52.7,54.5,46.4,70.4,82.5,18.3,29.6,29.5,67.1,52.5,55.4,35.4,68.7,12.4,91.9,53.7,45.7,36.1,38.3,66.4,64.5,35.400000000000006,92.5,14.0,19.599999999999994,3.9,64.3,38.0,46.4,34.0,34.2,26.4,66.7,27.6,36.5,35.6,68.7,38.4,-1.7999999999999972,-64.2,-40.9,-24.000000000000007,1.7999999999999972,64.2,40.9,24.000000000000007,37.384,22.022800000000004,12.994000000000002,27.407830389628923,16.540399999999998,44.790000000000006,26.3808,22.841555697164473,1.4606331282829135,23.6,52.0,0.9869534647535221,27.6,62.1,0.060000000000002274,0.06999999999999318,0.07000000000000739,26.63,95.62051715381827,-1.5999999999999943,43.4775,9.9735,80.28442708645477,0.6572746967601375,77.70537032441882,2.611279355465402,2.5896000000000003,2.5896000000000003,500.63999999999896,0.1349278027442574,24.84,-500.63999999999896,7.410692686073705,17.02,54.585,42.835,0,67.4815083000767,1.1999999999999993,-1.9000000000000004,8.079519025583235
265,2019 Minnesota,2019,Minnesota,Region 1,10,Second Round,1,Richard Pitino,2019 Richard Pitino,Big 10,B10,2019 B10,2019 Minnesota,2019 Minnesota,14.0,32.7,19.7,12.1,10.3,10.1,39.1,15.1,10.4,4.7,110.671,103.7864,14.4575,78.49,1.09,1.7,24.56,21.08,24.66,22.65,14.12,17.48,34.35,11.41,40.77,5.43,8.03,28.19,14.45,36.16,11.56,9.61,2.683872489,109.5196024,103.43462222,0.809637696,48.3,50.9,42.0,71.7,82.4,16.6,31.9,28.1,68.0,48.4,51.7,32.1,66.1,10.3,88.8,60.2,49.8,28.8,33.7,68.9,67.9,31.400000000000006,87.2,8.7,10.0,5.0,59.9,40.9,42.2,38.9,32.7,29.6,64.2,27.2,31.7,29.6,66.0,33.9,-2.6000000000000014,-65.80000000000001,-40.0,-29.700000000000003,2.6000000000000014,65.80000000000001,40.0,29.700000000000003,32.085499999999996,19.062400000000004,9.3832,26.35,16.9158,39.8364,22.374000000000002,26.08345580375934,1.6756190669234143,20.4,49.599999999999994,1.2949470517093893,27.2,56.1,0.010000000000005116,0.009999999999990905,0.030000000000001137,24.56,95.79199334601286,0.9000000000000057,39.7992,8.4494,78.37635428055042,0.7218138871236556,78.28028985042161,2.829384694051475,0.7510100000000002,0.7510100000000002,600.4199999999996,0.11598968480084684,20.57,-600.4199999999996,8.62052227939035,17.51,52.6,40.885,0,66.74071643147451,-1.6999999999999993,-5.6000000000000005,8.163240431882867
266,2019 Belmont,2019,Belmont,Region 1,11,First Round,1,Rick Byrd,2019 Rick Byrd,Ohio Valley,OVC,2019 OVC,2019 Belmont,2019 Belmont,14.3,35.3,20.8,14.9,12.7,10.8,40.0,20.8,14.1,6.7,114.834,98.24,13.0739,77.45,1.49,1.46,26.93,23.32,26.82,12.18,21.61,16.04,36.15,32.56,13.95,8.22,9.05,22.67,35.34,12.11,14.25,15.59,1.372516375,113.4291447,98.6505664,0.784983332,57.8,51.1,28.1,72.3,84.6,16.3,25.6,24.3,74.2,59.5,52.8,37.1,65.3,9.1,89.7,61.9,55.5,43.8,34.7,72.5,73.6,30.200000000000003,96.6,7.7,15.200000000000003,3.5,68.6,40.6,44.0,31.0,34.2,15.5,60.6,34.8,36.8,43.9,65.5,34.2,6.699999999999996,-68.3,-50.099999999999994,-44.199999999999996,-6.699999999999996,68.3,50.099999999999994,44.199999999999996,35.2898,21.456199999999995,16.155199999999997,29.517170144397873,14.172,43.4898,22.401000000000003,22.698219460271915,1.1002027288672243,34.5,48.300000000000004,1.0087424344317417,34.8,65.5,0.030000000000001137,0.06999999999999318,0.03999999999999204,26.93,94.14848908400573,4.5,48.898799999999994,8.3293,75.11082193881961,0.7395371620410747,76.42639665025231,3.603662099863644,1.0802500000000002,1.0802500000000002,-115.30000000000018,0.10144814439080946,21.754,115.30000000000018,9.856059773651248,18.541999999999998,53.605000000000004,40.22,2,66.67293668111884,-0.8000000000000007,-5.999999999999999,9.189009680276056
267,2019 Liberty,2019,Liberty,Region 1,12,Second Round,1,Ritche McKay,2019 Ritche McKay,Atlantic Sun,ASun,2019 ASun,2019 Liberty,2019 Liberty,11.6,35.6,16.8,11.7,6.4,8.3,40.6,12.5,9.7,2.7,110.565,100.2565,10.8215,75.74,-1.5,1.85,30.64,24.34,21.89,16.54,19.52,17.64,50.83,20.6,12.81,8.53,7.14,32.13,24.56,12.63,16.35,14.26,-0.430064471,108.698765,100.30758609,0.730004369,56.1,51.3,26.0,67.6,82.8,20.8,25.7,26.5,65.0,56.9,51.6,36.6,67.1,7.5,91.2,53.5,54.0,42.0,37.1,63.2,77.9,33.3,89.7,6.6,17.099999999999994,3.8,60.2,41.4,42.3,38.6,46.0,15.9,66.2,24.4,36.8,42.7,66.7,37.0,4.800000000000004,-62.0,-47.8,-41.599999999999994,-4.800000000000004,62.0,47.8,41.599999999999994,30.843000000000004,23.0276,15.7136,23.11599374170764,16.9776,40.8318,24.679000000000002,23.581118859516966,1.124095454439006,34.1,48.0,1.1459149752709386,24.4,57.6,0.06999999999999318,0.0899999999999892,0.07000000000000739,30.64,96.83068146126017,-4.799999999999997,46.4508,10.6704,77.2925229832757,0.6754965215085668,77.22289539188804,3.139352363234695,-0.9480000000000001,-0.9480000000000001,-225.67999999999938,0.0822359403953904,21.645,225.67999999999938,12.158378882815624,11.840000000000002,52.18,41.16,1,71.56424307274953,-2.0,-3.7,8.528102635713037
268,2019 Saint Louis,2019,Saint Louis,Region 1,13,First Round,1,Travis Ford,2019 Travis Ford,Atlantic 10,A10,2019 A10,2019 Saint Louis,2019 Saint Louis,7.9,31.1,7.7,-0.4,3.5,7.3,37.6,10.3,5.3,5.1,102.575,103.6976,6.27254,76.75,-0.62,1.9,20.22,18.23,20.91,20.44,16.64,23.74,24.35,21.35,9.78,29.64,14.86,22.12,27.55,17.67,16.92,15.71,-2.962796359,101.0985481,104.62204061,0.661470655,46.8,53.1,39.7,67.1,81.0,19.4,36.1,25.3,66.9,47.1,53.1,30.8,68.7,12.1,89.8,54.3,45.1,32.6,38.0,67.6,59.8,28.200000000000003,83.1,4.7,12.5,5.3,57.2,40.1,43.2,36.5,32.4,27.0,67.8,25.9,30.4,32.9,68.6,37.6,-6.300000000000004,-61.6,-38.599999999999994,-27.39999999999999,6.300000000000004,61.6,38.599999999999994,27.39999999999999,26.842900000000004,18.749599999999997,10.001599999999998,24.7586180282072,16.430500000000002,43.35379999999999,25.793599999999998,26.455544472441563,1.3616607397951432,23.0,44.800000000000004,1.1116725618999495,25.9,58.2,0.04000000000000625,0.01999999999999602,0.030000000000001137,20.22,97.2874605993645,-0.4000000000000057,37.908,10.3014,82.08035623287478,0.6736889120482376,75.44629213841347,2.3735592863533497,-0.41912,-0.41912,481.8399999999999,0.13474237480651663,-0.76,-481.8399999999999,7.420874307908438,6.6499999999999995,52.144999999999996,41.215,1,67.22215763511045,5.7,1.5999999999999996,7.391647524653178
269,2019 Yale,2019,Yale,Region 1,14,First Round,1,James Jones,2019 James Jones,Ivy,Ivy,2019 Ivy,2019 Yale,2019 Yale,12.5,36.4,15.0,11.2,7.0,8.9,41.2,14.1,10.5,3.6,111.702,96.885,8.58693,77.2,0.6,2.19,27.11,20.03,20.04,24.52,19.13,16.27,43.37,30.06,10.94,7.87,7.73,27.05,21.97,22.69,11.73,16.54,-0.702934189,110.1455715,97.9902736,0.707329475,56.1,52.8,30.5,69.4,81.9,15.2,26.3,24.4,72.6,56.1,52.5,37.4,68.8,11.1,92.5,56.8,51.2,34.6,38.2,72.2,73.3,26.299999999999997,94.3,9.3,17.400000000000006,4.1,66.9,39.9,41.6,35.9,38.6,24.8,66.8,26.2,36.5,35.3,69.0,37.8,3.3000000000000043,-66.7,-49.3,-38.900000000000006,-3.3000000000000043,66.7,49.3,38.900000000000006,35.463,22.457299999999996,12.884499999999997,27.26956484190143,15.6478,43.5836,26.081999999999997,24.288543252598192,1.393728222996516,25.2,49.2,1.0581730642046507,26.2,60.0,0.010000000000005116,0.030000000000001137,0.020000000000010232,27.11,97.03762426420955,4.200000000000003,45.9459,8.025599999999999,77.37065813864119,0.669803422129456,75.55983334094756,2.8285730070161876,0.43320000000000003,0.43320000000000003,410.43000000000006,0.11999870271672737,24.528,-410.43000000000006,8.332582650211693,15.33,52.75000000000001,40.21,2,68.41810590754493,-0.6999999999999993,-3.4,9.029219907933033
270,2019 Bradley,2019,Bradley,Region 1,15,First Round,1,Brian Wardle,2019 Brian Wardle,Missouri Valley,MVC,2019 MVC,2019 Bradley,2019 Bradley,7.2,37.0,5.2,1.3,2.6,3.4,42.8,4.1,0.0,4.2,100.892,98.75,-0.358275,76.74,0.27,2.06,28.45,18.81,23.32,19.11,14.11,24.63,40.37,32.62,9.64,14.19,3.14,26.68,29.15,17.16,17.71,9.29,-7.616006398,99.98910625,98.8778197,0.467649041,49.7,52.4,36.3,64.7,81.1,18.6,27.1,26.7,65.8,46.7,53.6,36.8,67.0,11.5,92.8,52.2,46.4,35.2,39.6,66.3,69.2,28.099999999999994,83.0,4.0,12.5,4.3,60.0,27.2,41.7,26.9,36.7,37.4,62.8,33.7,37.0,35.3,67.2,39.4,-2.6999999999999957,-62.49999999999999,-46.2,-28.400000000000006,2.6999999999999957,62.49999999999999,46.2,28.400000000000006,19.64,26.7868,13.061,22.099528652590458,11.7548,47.6404,26.476799999999997,24.982727366455943,0.8838276536075467,12.600000000000001,31.2,0.7918580746681557,33.7,68.8,0.020000000000010232,0.04000000000000625,0.010000000000019327,28.45,95.83588184605672,-1.7000000000000028,40.3067,9.746400000000001,80.91950130711284,0.6412697632707215,76.88466264464421,2.4548965663192415,0.17901,0.17901,693.8900000000003,0.12392107843665477,2.6780000000000004,-693.8900000000003,8.068863577080254,5.356000000000001,51.02,40.655,0,71.02671191799087,-1.3,1.6,7.716807931058924
271,2019 North Dakota St.,2019,North Dakota St.,Region 1,16,First Round,1,David Richman,2019 David Richman,Summit,Sum,2019 Sum,2019 North Dakota St.,2019 North Dakota St.,8.9,41.0,-1.8,3.8,-6.1,7.4,44.3,1.8,5.5,-3.7,106.552,90.249,-3.19855,76.57,-0.37,1.36,36.59,24.53,19.62,15.86,16.45,23.52,40.68,29.85,19.03,5.37,5.06,26.7,25.03,17.63,14.31,16.3,-8.400634074,105.7955811,91.2543105,0.421580724,53.8,46.4,32.1,73.8,84.2,14.6,20.7,25.4,66.5,52.4,47.1,36.8,63.4,6.6,90.3,46.1,55.0,48.2,35.7,66.4,76.5,25.400000000000006,85.0,6.4,19.299999999999997,4.6,60.8,31.2,40.3,37.2,39.1,20.8,57.1,27.2,36.7,48.0,63.0,35.5,7.399999999999999,-69.60000000000001,-53.900000000000006,-41.699999999999996,-7.399999999999999,69.60000000000001,53.900000000000006,41.699999999999996,24.4096,25.748800000000003,17.616,22.514439810930227,15.8794,37.89619999999999,22.365,19.60414496987818,0.7833170142288703,29.2,37.6,1.177431621644461,27.2,58.199999999999996,0.01999999999999602,0.009999999999990905,0.030000000000001137,36.59,96.03774937693235,-1.5999999999999943,45.299600000000005,6.774399999999999,76.56984591962564,0.5398063254528634,77.1698717886648,3.4807923549142465,-0.24568,-0.24568,581.1299999999997,0.07308889159588487,5.168,-581.1299999999997,13.679745493107104,-8.296,51.525,38.36,1,71.10400728589377,1.7000000000000002,2.3999999999999995,9.306315789473684
272,2019 North Carolina,2019,North Carolina,Region 3,1,Sweet 16,2,Roy Williams,2019 Roy Williams,ACC,ACC,2019 ACC,2019 North Carolina,2019 North Carolina,17.5,31.2,34.0,21.3,12.0,12.5,37.9,24.6,17.4,7.3,119.872,109.299,29.171,78.5,0.94,1.78,26.31,19.39,24.24,22.0,21.74,12.58,30.63,25.28,26.0,7.43,10.6,20.93,26.71,25.72,14.53,12.05,9.979454037,119.2291298,108.76185098,0.955938235,52.9,51.7,30.9,71.1,82.9,18.5,34.6,23.2,76.1,51.9,52.5,36.5,67.1,9.8,88.9,61.3,45.3,35.9,42.5,76.3,74.2,31.700000000000003,92.1,7.4,12.400000000000006,7.0,69.2,31.7,33.8,27.9,35.4,32.5,70.0,28.3,36.2,35.8,66.5,43.8,1.1999999999999957,-64.4,-42.2,-40.199999999999996,-1.1999999999999957,64.4,42.2,40.199999999999996,28.7518,24.4646,12.9596,27.532087340652783,10.2982,48.937,29.127,27.529544735308157,1.0921482640149718,17.5,39.1,0.7967854615191434,28.3,65.1,0.05000000000001137,0.060000000000002274,0.060000000000002274,26.31,95.51577208429366,8.299999999999997,43.8541,9.5645,80.64597803499204,0.7521380105765573,74.80387812079063,2.648967896614234,0.71722,0.71722,38.91000000000031,0.11023498048390906,37.914,-38.91000000000031,9.07050300989695,21.36,53.440000000000005,40.61,1,67.89563737436403,-3.900000000000002,-4.7,8.467246111619396
273,2019 Kentucky,2019,Kentucky,Region 3,2,Elite Eight,2,John Calipari,2019 John Calipari,SEC,SEC,2019 SEC,2019 Kentucky,2019 Kentucky,17.3,30.2,33.6,19.3,17.0,12.0,37.5,23.4,14.7,8.7,118.223,109.1906,27.4133,78.06,0.89,0.59,28.27,16.96,25.47,23.11,19.02,15.43,43.53,32.54,13.8,3.28,6.81,23.92,26.59,22.03,16.16,11.29,8.763786323,116.8835516,108.32559658,0.942337253,53.3,53.0,42.5,72.9,81.5,18.4,36.6,25.8,67.9,52.7,56.4,36.4,65.0,14.2,92.3,52.1,51.8,29.8,38.3,67.2,74.0,29.400000000000006,90.8,9.1,9.900000000000006,6.2,67.7,34.0,45.0,33.2,39.1,36.4,69.9,28.2,35.4,29.6,65.7,38.6,0.29999999999999716,-63.1,-37.599999999999994,-30.400000000000006,-0.29999999999999716,63.1,37.599999999999994,30.400000000000006,31.2808,24.7108,10.478399999999999,26.061785561750494,15.553800000000003,45.072,25.3602,27.404059918194605,1.4560318908144994,13.600000000000001,43.1,1.0206989456231705,28.2,60.599999999999994,0.010000000000019327,0.04000000000000625,0.009999999999990905,28.27,95.79643365700028,-0.7999999999999972,43.439499999999995,9.752,84.82344444462737,0.6384725677381405,77.29188875054118,2.79984865682936,0.5980800000000001,0.5980800000000001,1001.7399999999993,0.15384448705864506,11.387,-1001.7399999999993,6.499542285754525,10.03,55.39,41.895,1,69.08916555406309,-4.600000000000001,-8.3,8.327114906274842
274,2019 Houston,2019,Houston,Region 3,3,Sweet 16,2,Kelvin Sampson,2019 Kelvin Sampson,American,Amer,2019 Amer,2019 Houston,2019 Houston,13.5,33.3,24.5,12.3,8.9,10.7,38.0,20.8,14.4,6.4,114.118,108.3066,22.4249,76.19,-0.96,1.79,33.47,17.04,19.56,20.36,17.78,25.23,44.71,20.99,17.77,8.85,7.6,23.01,21.49,24.88,18.29,12.29,7.932720962,114.1039052,109.06507978,0.931508906,52.1,57.6,31.9,62.4,83.2,18.2,34.7,26.2,67.5,50.8,56.9,35.9,72.4,13.8,93.3,55.8,49.9,42.9,41.1,67.4,70.2,30.799999999999997,90.9,7.9,14.900000000000006,6.2,65.7,27.3,43.3,27.9,38.0,29.9,69.4,31.0,35.5,42.8,72.1,41.1,-5.5,-65.0,-39.099999999999994,-30.5,5.5,65.0,39.099999999999994,30.5,25.1172,26.555999999999997,15.193999999999999,26.121814000307612,13.0045,51.147099999999995,29.6331,26.7185796778197,0.8224106913389876,20.1,35.2,0.8296635118366951,31.0,65.9,0.030000000000001137,0.0800000000000125,0.040000000000020464,33.47,96.78418284101848,-0.5999999999999943,43.34720000000001,10.4832,82.83227571108466,0.6821432500825173,75.51806766744203,2.9700613058746503,-0.6470400000000001,-0.6470400000000001,317.46000000000026,0.14790838254681085,22.017000000000003,-317.46000000000026,6.760379682631693,15.931000000000001,53.364999999999995,42.190000000000005,1,68.77167166590684,2.0999999999999996,-2.5,8.036472048129585
275,2019 Kansas,2019,Kansas,Region 3,4,Second Round,1,Bill Self,2019 Bill Self,Big 12,B12,2019 B12,2019 Kansas,2019 Kansas,12.4,33.3,22.0,11.7,14.4,9.7,39.7,18.3,10.8,7.6,112.746,107.9594,20.7051,77.52,0.55,1.03,32.01,29.03,18.24,18.93,16.26,17.54,43.94,28.26,10.72,9.11,7.96,32.12,25.05,17.21,12.84,12.77,8.331785789,112.5478697,107.75962124,0.907901527,52.3,52.2,32.9,72.3,81.3,18.5,29.7,28.3,70.6,52.2,54.1,35.0,66.4,11.0,91.0,48.8,47.2,35.0,41.4,71.4,69.7,31.900000000000006,94.3,6.4,15.799999999999997,7.4,62.8,40.0,42.4,29.7,36.4,25.0,66.0,28.5,35.0,34.9,66.4,41.8,0.09999999999999432,-62.8,-42.0,-39.4,-0.09999999999999432,62.8,42.0,39.4,31.1552,21.314999999999998,12.215,27.888035068824767,13.762,46.5652,27.7552,24.01575871519921,1.3294748001489929,25.0,46.4,0.8875385756321621,28.5,62.9,0.0,0.010000000000005116,0.010000000000005116,32.01,94.85649438612147,3.4000000000000057,42.51989999999999,9.657,81.59529801985816,0.5987656593170635,78.04001596643742,2.5239292016469705,0.39270000000000005,0.39270000000000005,-13.240000000000236,0.1208777925517302,12.051,13.240000000000236,8.271975274975002,14.832,52.120000000000005,42.010000000000005,0,67.19596352973075,-0.8999999999999986,-6.800000000000001,7.943273644780864
276,2019 Auburn,2019,Auburn,Region 3,5,Final Four,3,Bruce Pearl,2019 Bruce Pearl,SEC,SEC,2019 SEC,2019 Auburn,2019 Auburn,13.9,36.0,25.3,17.3,5.6,10.4,41.5,17.9,15.0,2.9,119.571,103.7603,23.3317,76.56,0.1,2.19,31.4,19.04,18.34,16.6,23.47,22.54,44.3,26.84,16.31,7.25,5.28,27.84,27.6,22.34,10.19,12.01,6.121131104,119.4043351,104.07283396,0.925370087,54.2,48.2,31.0,63.4,82.5,25.3,32.7,32.9,68.9,51.3,49.6,38.1,64.4,16.0,87.9,53.0,48.2,49.6,44.1,69.3,71.6,28.799999999999997,85.1,13.0,11.799999999999997,8.6,62.6,34.1,38.5,33.4,28.9,16.3,63.1,23.2,38.1,49.7,65.2,43.4,6.0,-57.2,-34.400000000000006,-32.4,-6.0,57.2,34.400000000000006,32.4,32.4096,23.6464,18.9357,25.32171334382148,13.873799999999997,42.936,28.296799999999998,25.030980803795927,0.9476670489527373,33.7,47.1,0.9677196377963643,23.2,58.0,0.010000000000019327,0.01999999999999602,0.01999999999999602,31.4,97.0961370555758,1.2999999999999972,44.715,12.194600000000001,83.56294249232278,0.7094951874807566,81.39558436967819,2.7541283355236845,0.0693,0.0693,393.68000000000006,0.18202295764553303,37.887,-393.68000000000006,5.493406662083619,12.264,53.495000000000005,41.695,2,67.9462705032817,-2.3000000000000007,-2.6999999999999997,9.023660555525035
277,2019 Iowa St.,2019,Iowa St.,Region 3,6,First Round,1,Steve Prohm,2019 Steve Prohm,Big 12,B12,2019 B12,2019 Iowa St.,2019 Iowa St.,17.7,31.8,26.7,18.0,8.4,12.6,39.4,18.5,14.1,4.5,118.992,102.8548,21.8472,77.66,-0.26,1.51,22.2,21.42,26.42,12.52,15.1,24.49,42.19,21.0,12.02,11.92,12.79,24.0,16.82,14.27,21.19,23.66,4.290960451,118.1781294,103.86755747,0.914851221,54.9,51.5,30.3,76.4,83.8,18.8,28.5,30.0,68.7,55.0,52.9,36.5,66.2,12.8,92.5,54.5,50.1,39.6,39.3,69.0,73.2,28.5,91.9,6.0,8.099999999999994,4.9,74.0,30.4,36.8,28.1,35.7,29.9,66.7,32.7,36.3,39.6,66.4,39.2,3.3999999999999986,-65.0,-41.5,-46.10000000000001,-3.3999999999999986,65.0,41.5,46.10000000000001,28.009999999999998,25.049100000000003,14.3748,28.07541926074599,10.7377,47.83970000000001,26.028800000000004,28.027962228222496,0.9191687078609125,20.1,36.4,0.8418152598148007,32.7,67.0,0.05000000000001137,0.0800000000000125,0.060000000000002274,22.2,94.01349851749788,1.0,46.0062,9.682,79.16701764253969,0.671174000320193,79.3642216137671,3.0924017035985427,-0.1794,-0.1794,40.559999999999945,0.13837688241208204,27.18,-40.559999999999945,7.225997968908679,12.684000000000001,53.155,42.760000000000005,2,67.93265089497675,-3.9000000000000004,-3.9000000000000004,9.068817704008914
278,2019 Wofford,2019,Wofford,Region 3,7,Second Round,1,Mike Young,2019 Mike Young,Southern,SC,2019 SC,2019 Wofford,2019 Wofford,17.7,35.3,30.1,22.9,7.0,12.7,40.9,23.1,18.7,4.4,118.357,102.3578,20.7146,76.81,0.88,1.81,28.95,14.11,23.9,25.11,23.65,13.23,45.12,42.54,3.73,6.63,1.98,28.17,30.78,12.63,16.21,12.2,4.179541079,115.8014978,102.12469084,0.873703267,57.8,49.8,27.7,68.2,83.8,19.3,32.3,24.6,68.1,54.3,49.1,41.6,67.3,8.9,92.4,50.2,51.5,43.5,40.2,67.1,70.5,29.299999999999997,92.6,6.3,14.299999999999997,4.0,63.1,32.4,39.6,36.1,41.4,23.7,64.2,24.0,41.4,43.9,67.4,39.9,8.0,-64.5,-43.1,-40.5,-8.0,64.5,43.1,40.5,26.278200000000002,27.986399999999996,18.174599999999998,24.246838281859894,14.867600000000001,42.3006,26.8926,24.728441789432132,0.8815288945582105,26.3,38.699999999999996,1.0049873436755972,24.0,59.9,0.0,0.0,0.010000000000005116,28.95,94.18687691511697,-0.9000000000000057,48.4364,9.6114,84.06888366783788,0.6220492930694786,75.90589951456597,3.178816122461576,0.5904799999999999,0.5904799999999999,-45.41000000000008,0.0963193039036374,41.449,45.41000000000008,10.380856083586115,12.67,54.685,39.895,2,71.09095294906214,-4.199999999999999,-2.5999999999999996,9.0629530631465
279,2019 Utah St.,2019,Utah St.,Region 3,8,First Round,1,Craig Smith,2019 Craig Smith,Mountain West,MWC,2019 MWC,2019 Utah St.,2019 Utah St.,12.3,34.6,18.0,10.9,8.4,10.2,39.3,17.6,11.1,6.5,112.966,103.6533,16.6198,77.92,0.56,1.33,30.59,20.27,19.2,16.85,28.24,15.4,43.13,35.78,9.69,5.17,6.16,30.51,21.34,14.21,15.63,18.25,2.245430718,111.1938521,104.11263084,0.845946937,54.3,53.8,36.7,65.9,82.1,17.2,31.7,22.2,69.9,54.7,57.9,35.7,65.2,12.3,90.9,61.8,49.5,38.0,40.1,69.3,74.8,29.200000000000003,90.1,6.6,11.099999999999994,3.1,63.0,41.3,51.2,31.0,36.8,20.7,64.8,29.1,35.7,38.0,64.6,39.8,0.5,-64.89999999999999,-46.1,-29.200000000000003,-0.5,64.89999999999999,46.1,29.200000000000003,31.965599999999995,21.1836,13.566,25.767550653227918,16.2161,44.5676,25.710799999999995,25.36156869491055,1.260493144917239,29.3,47.9,0.856762392904701,29.1,65.9,0.03999999999999204,0.07000000000000739,0.060000000000002274,30.59,95.00768891193668,1.2999999999999972,44.580299999999994,9.253599999999999,78.47795748024268,0.7463677974903684,74.94983174023425,2.765208647561588,0.38808,0.38808,820.8799999999999,0.1353120427718067,14.497000000000002,-820.8799999999999,7.3896431184456555,11.172,54.089999999999996,40.145,0,68.64061681947695,0.1999999999999993,-1.9000000000000004,8.39834189223216
280,2019 Washington,2019,Washington,Region 3,9,Second Round,1,Mike Hopkins,2019 Mike Hopkins,Pac 12,P12,2019 P12,2019 Washington,2019 Washington,9.9,31.5,16.6,2.4,5.3,8.3,37.4,16.8,6.5,10.2,106.98,106.3866,13.3669,77.26,-0.01,2.16,26.13,15.65,22.02,16.19,23.87,22.22,35.92,28.79,13.52,13.85,7.83,26.72,22.4,16.42,21.75,12.64,3.29063329,105.9669065,106.58946654,0.810061733,52.1,52.7,35.1,65.5,80.2,24.0,29.6,34.4,67.2,52.3,54.0,34.6,66.9,16.2,92.4,47.5,41.5,39.8,35.3,67.2,69.4,29.400000000000006,86.0,10.3,13.700000000000003,7.5,67.1,32.7,37.4,31.1,33.7,27.5,69.3,33.6,35.0,39.9,66.6,35.3,-0.6000000000000014,-56.2,-36.0,-30.4,0.6000000000000014,56.2,36.0,30.4,30.7997,23.2325,13.965,25.562276893891905,12.658900000000001,46.794599999999996,23.509799999999995,26.34546134219959,1.0776672263853038,22.5,43.0,1.093453443245234,33.6,61.4,0.04999999999999716,0.09000000000000341,0.07000000000000739,26.13,96.21107535044573,-0.7999999999999972,41.784200000000006,12.648,81.62294775582669,0.6249917764239944,79.87542445226629,2.095853744760366,-0.00672,-0.00672,510.24000000000024,0.17532277789201411,5.184,-510.24000000000024,5.703351644960188,11.448,52.075,43.785,1,68.44680542008886,4.1,4.8999999999999995,7.555683181122612
281,2019 Seton Hall,2019,Seton Hall,Region 3,10,First Round,1,Kevin Willard,2019 Kevin Willard,Big East,BE,2019 BE,2019 Seton Hall,2019 Seton Hall,12.5,33.2,16.2,9.6,7.6,9.7,39.6,14.2,10.0,4.3,109.303,103.6039,12.9072,78.16,1.63,1.53,23.93,17.01,16.54,17.22,16.5,32.71,35.1,32.82,13.99,7.61,10.42,29.83,21.15,19.8,13.87,15.31,-0.285293534,107.7688339,103.03953631,0.771249462,49.9,50.7,34.8,67.4,82.5,20.0,29.3,29.4,70.1,50.8,51.3,32.4,66.4,11.2,88.3,51.8,46.5,36.4,39.8,70.3,70.8,26.099999999999994,77.7,7.3,16.200000000000003,6.3,58.7,43.4,45.2,34.5,33.0,19.9,59.7,25.3,32.4,36.7,66.0,40.2,-0.8000000000000043,-62.5,-41.3,-32.60000000000001,0.8000000000000043,62.5,41.3,32.60000000000001,31.1479,18.4578,11.890799999999999,21.915975907999172,16.614600000000003,41.636100000000006,26.532000000000004,22.16579572223835,1.381433748399226,30.1,50.699999999999996,1.0149001268625157,25.3,59.2,0.020000000000010232,0.060000000000002274,0.03999999999999204,23.93,92.88603275239477,2.299999999999997,41.1675,10.14,79.96784010256799,0.6474919063511705,78.57105174133089,2.656991029084052,1.1458899999999999,1.1458899999999999,704.6999999999998,0.1268388806468783,14.687999999999999,-704.6999999999998,7.883224712079279,11.628,51.665,41.27,0,69.71550125866644,0.40000000000000036,-3.3,8.049983639769934
282,2019 Ohio St.,2019,Ohio St.,Region 3,11,Second Round,1,Chris Holtmann,2019 Chris Holtmann,Big 10,B10,2019 B10,2019 Ohio St.,2019 Ohio St.,9.5,34.2,17.8,6.6,10.2,6.5,40.7,14.9,7.0,8.0,109.268,105.8104,15.0781,76.69,-0.41,1.45,31.2,27.36,16.78,17.84,16.74,21.25,44.59,23.34,15.98,8.14,7.91,27.07,17.73,21.9,15.02,18.24,0.852658461,108.3431135,105.90365783,0.834976533,50.5,51.8,34.0,68.2,81.3,18.4,27.7,26.1,66.9,49.9,52.6,34.3,67.0,7.3,90.6,59.0,49.2,39.7,37.4,67.2,73.4,25.599999999999994,98.2,4.9,9.099999999999994,4.6,64.8,31.2,38.7,33.1,33.2,28.7,67.3,29.4,34.1,40.1,67.3,37.4,-1.2999999999999972,-62.9,-46.2,-34.2,1.2999999999999972,62.9,46.2,34.2,25.0294,23.2025,13.674100000000001,30.81021205163422,13.228300000000003,44.9564,25.1702,27.818698747425266,0.9002269270093015,21.3,36.1,1.007994438651373,29.4,62.3,0.030000000000001137,0.03999999999999204,0.040000000000020464,31.2,95.48908213331255,-0.7999999999999972,41.0565,9.5312,77.53378203778868,0.7230303550201591,76.85693027465004,2.63087535425913,-0.27552,-0.27552,749.6800000000007,0.08057306210748226,9.569999999999999,-749.6800000000007,12.409259005615668,14.79,51.165000000000006,40.769999999999996,0,65.14138196845086,0.40000000000000036,-2.1999999999999993,7.826675575599604
283,2019 New Mexico St.,2019,New Mexico St.,Region 3,12,First Round,1,Chris Jans,2019 Chris Jans,WAC,WAC,2019 WAC,2019 New Mexico St.,2019 New Mexico St.,9.7,39.1,18.9,13.4,4.6,7.7,42.2,15.2,10.7,4.5,112.605,100.9827,13.588,75.49,-0.61,2.03,49.5,22.42,21.64,20.08,21.07,14.76,33.4,32.57,19.61,9.51,4.86,25.51,29.13,18.62,15.89,10.82,1.632252332,111.5568276,101.20057882,0.801641796,54.0,51.3,34.1,67.6,82.3,19.3,37.2,22.6,67.7,56.6,52.0,34.1,66.9,7.5,94.1,53.0,62.6,46.4,39.1,66.9,67.3,29.0,98.5,6.5,3.4000000000000057,2.7,63.5,40.1,39.6,30.1,37.5,13.3,64.2,30.3,33.8,46.5,66.6,39.5,2.700000000000003,-63.0,-40.199999999999996,-33.49999999999999,-2.700000000000003,63.0,40.199999999999996,33.49999999999999,31.866,20.7045,15.716999999999999,29.866187682171063,12.011400000000002,45.759600000000006,26.307,29.355919334948442,1.0021289864734093,36.7,46.6,0.8303587250955674,30.3,67.19999999999999,0.029999999999986926,0.04999999999999716,0.030000000000001137,49.5,96.95226641584274,-1.0999999999999943,44.442,9.9009,82.30809547678038,0.656745269575346,74.69785289540486,3.5365233602621315,-0.40809000000000006,-0.40809000000000006,334.53,0.07970159722000829,27.201999999999998,-334.53,12.544994000799893,9.338,54.73,40.004999999999995,1,66.1351096201361,-2.700000000000001,-0.09999999999999964,8.650809487075637
284,2019 Northeastern,2019,Northeastern,Region 3,13,First Round,1,Bill Coen,2019 Bill Coen,CAA,CAA,2019 CAA,2019 Northeastern,2019 Northeastern,14.0,35.9,14.6,12.0,4.4,9.9,41.1,12.9,11.1,1.9,111.465,97.282,8.74685,76.93,0.28,2.08,26.82,18.62,19.31,22.79,22.24,17.04,41.01,25.48,10.71,12.04,10.73,24.0,25.71,18.44,11.55,20.29,-2.581249175,110.0423108,97.1807023,0.68584316,57.2,48.2,34.3,72.0,83.3,16.7,22.7,24.3,66.2,56.4,47.5,38.8,66.4,5.9,92.8,54.7,54.3,46.3,35.9,67.7,75.1,26.900000000000006,90.2,10.4,10.200000000000003,4.7,65.4,32.8,37.3,36.8,40.1,20.6,60.0,27.3,38.1,46.5,66.1,35.9,9.0,-66.6,-53.0,-37.7,-9.0,66.6,53.0,37.7,30.832,25.9771,17.7165,24.54390623623985,14.205799999999998,40.109899999999996,23.729899999999997,25.36598772634989,0.9290122793058213,29.4,43.199999999999996,1.1559566585888974,27.3,58.5,0.0,0.030000000000015348,0.009999999999990905,26.82,97.55337988236833,-0.29999999999999716,47.6476,8.0494,75.95893863682522,0.6566547820554375,75.84063241280006,3.2513023172265125,0.18956000000000003,0.18956000000000003,639.129999999999,0.06357690111097941,24.96,-639.129999999999,15.726148110489746,9.152000000000001,53.39,39.115,2,70.42721372998827,-0.9000000000000004,-2.5000000000000004,8.95780866132829
285,2019 Georgia St.,2019,Georgia St.,Region 3,14,First Round,1,Ron Hunter,2019 Ron Hunter,Sun Belt,SB,2019 SB,2019 Georgia St.,2019 Georgia St.,11.1,35.5,7.8,4.2,0.3,8.0,40.9,7.8,5.1,2.6,107.886,97.711,5.59737,76.56,-1.87,2.21,22.67,16.37,16.57,20.46,20.05,26.5,29.42,12.27,29.06,15.96,13.23,23.96,24.32,19.82,11.51,20.34,-1.09705287,107.632404,98.6713187,0.666867461,54.4,49.9,35.7,68.7,83.4,21.1,23.3,33.6,71.1,51.8,49.5,38.4,67.0,14.4,90.2,46.0,41.5,43.7,45.7,71.2,65.6,30.200000000000003,77.2,7.4,9.5,6.9,57.3,40.0,40.4,34.0,36.2,16.5,62.8,20.3,38.1,43.5,67.2,45.7,4.5,-62.300000000000004,-43.099999999999994,-33.0,-4.5,62.300000000000004,43.099999999999994,33.0,28.632800000000003,22.5465,16.573500000000003,19.199131924820627,14.391499999999999,43.458800000000004,30.710400000000003,26.401309942248446,1.089630123445438,33.5,47.4,0.8949475941445482,20.3,59.1,0.04999999999999716,0.05999999999998806,0.04999999999999716,22.67,95.89496041431998,3.200000000000003,45.369600000000005,10.5289,78.86801250132282,0.5830090873372961,79.46601184248242,2.49984940666225,-1.33144,-1.33144,267.17999999999984,0.15964346293278345,9.282,-267.17999999999984,6.263453926810638,0.6629999999999999,52.625,42.26,2,73.11050917239764,0.8999999999999995,2.3000000000000003,8.541223186507285
286,2019 Abilene Christian,2019,Abilene Christian,Region 3,15,First Round,1,Joe Golding,2019 Joe Golding,Southland,Slnd,2019 Slnd,2019 Abilene Christian,2019 Abilene Christian,7.3,37.2,4.2,0.3,4.9,5.6,41.6,6.6,3.4,3.4,103.625,98.461,2.08626,75.89,-0.79,2.12,30.04,25.3,23.82,14.8,18.83,17.2,30.27,38.77,17.26,6.14,7.52,24.34,23.1,18.34,18.71,15.46,-2.473615585,102.2175829,99.0288802,0.535215473,52.4,50.4,34.5,61.6,82.6,23.4,27.7,27.8,66.6,49.8,50.8,38.3,66.5,7.5,91.8,57.6,51.1,34.2,33.4,66.9,72.3,27.700000000000003,97.2,3.3,13.299999999999997,2.9,61.7,34.0,38.3,32.9,36.4,31.5,61.9,33.9,37.7,34.5,66.7,33.1,2.0,-59.199999999999996,-44.5,-27.1,-2.0,59.199999999999996,44.5,27.1,24.1856,24.4725,13.0065,28.453060760956223,12.9864,43.0618,22.0777,24.537522287305215,1.081128083243964,18.5,37.3,1.0815383221050723,33.9,64.2,0.04999999999999716,0.03999999999999204,0.04999999999998295,30.04,95.55784961983501,-1.0999999999999943,43.282399999999996,11.7936,79.25402799374291,0.75194840798423,78.02566334744756,2.936612838342623,-0.52851,-0.52851,788.0299999999997,0.08169845644382959,0.636,-788.0299999999997,12.23836821757099,10.388000000000002,52.324999999999996,40.81,1,67.18370453328416,3.1,-1.5000000000000004,8.02436472954033
287,2019 Iona,2019,Iona,Region 3,16,First Round,1,Tim Cluesss,2019 Tim Cluesss,MAAC,MAAC,2019 MAAC,2019 Iona,2019 Iona,12.6,39.8,0.6,6.9,-0.8,8.8,43.6,4.1,6.4,-2.3,106.514,90.407,-3.07828,76.83,0.54,2.01,22.82,20.74,17.06,21.66,20.58,19.96,31.31,28.49,16.69,14.17,9.34,35.21,18.88,18.05,16.38,11.48,-10.19406269,105.1846522,89.9295273,0.372352113,53.0,47.7,37.1,71.2,82.7,18.6,25.7,30.1,71.3,53.3,49.8,35.1,63.2,8.0,88.6,50.4,44.2,43.6,42.9,72.1,74.1,31.700000000000003,80.6,2.9,5.700000000000003,4.6,58.5,38.9,41.9,35.2,40.8,16.6,61.9,22.4,35.1,44.5,63.4,42.4,5.299999999999997,-64.1,-44.2,-34.1,-5.299999999999997,64.1,44.2,34.1,25.0939,22.3923,15.6195,20.485848774214848,15.011000000000001,40.7472,26.8816,26.867995211155343,0.9393047347250624,33.4,41.8,0.9386571071436997,22.4,60.199999999999996,0.0,0.0,0.0,22.82,98.24751604857562,4.099999999999994,43.831,8.872200000000001,78.48348412575017,0.6191570128131103,79.77687205180986,2.5547656204843654,0.38933999999999996,0.38933999999999996,492.06999999999925,0.09029243462263406,13.869,-492.06999999999925,11.073615798025246,-1.6079999999999999,52.58,40.43000000000001,1,72.4047435842531,-0.5,-1.4999999999999998,9.28147951508716
288,2019 Virginia,2019,Virginia,Region 2,1,Champion,3,Tony Bennett,2019 Tony Bennett,ACC,ACC,2019 ACC,2019 Virginia,2019 Virginia,18.7,29.4,37.9,22.1,20.2,15.9,35.9,30.4,21.6,8.7,123.571,112.0837,35.6552,77.2,1.18,1.6,22.86,17.93,19.68,24.58,23.69,14.13,37.86,30.03,14.67,8.82,8.61,23.45,26.61,18.51,17.84,13.59,11.09250393,122.5668985,111.25183963,0.976173091,55.7,56.5,30.3,72.1,85.3,17.8,30.0,25.9,61.1,52.2,54.5,40.9,72.8,12.3,91.6,56.6,56.1,38.7,40.9,61.0,74.6,34.900000000000006,88.7,10.0,9.200000000000003,5.7,65.1,32.7,40.4,30.2,37.7,27.7,69.7,27.3,39.5,39.5,71.1,42.5,-0.7999999999999972,-67.5,-44.1,-41.8,0.7999999999999972,67.5,44.1,41.8,30.1577,26.0454,15.6025,24.131514664438285,12.7252,49.245599999999996,30.217499999999994,29.252122430118924,1.0809852915116074,22.3,42.7,0.8446860073880614,27.3,64.1,-0.009999999999990905,0.010000000000005116,-1.4210854715202004e-14,22.86,95.71523979667474,-7.0,47.512100000000004,10.057,81.28115282400258,0.6885561002907507,75.63537363594523,3.816066934222161,0.7197999999999999,0.7197999999999999,-255.91000000000076,0.1342780100653923,35.36000000000001,255.91000000000076,7.446549061051947,32.32,54.150000000000006,43.045,3,70.52909920593994,-0.5,-11.5,8.52478750444976
289,2019 Tennessee,2019,Tennessee,Region 2,2,Sweet 16,2,Rick Barnes,2019 Rick Barnes,SEC,SEC,2019 SEC,2019 Tennessee,2019 Tennessee,20.5,31.8,32.2,24.0,11.7,14.4,38.5,22.9,18.2,4.8,122.479,104.5013,26.98,77.81,0.43,2.15,25.39,15.61,23.38,23.5,19.2,18.31,44.0,27.09,15.22,8.13,5.52,25.42,23.4,23.39,15.12,12.65,9.825683132,122.8724423,104.96312484,0.950458818,55.3,52.6,33.4,65.6,84.1,18.2,31.6,30.3,69.4,55.7,55.4,36.2,65.6,14.8,93.7,60.9,47.7,31.8,39.8,68.8,76.7,34.3,89.7,9.3,16.200000000000003,7.8,65.9,32.3,46.6,35.6,45.9,35.4,68.0,24.2,36.7,32.3,64.6,40.2,2.6999999999999957,-65.89999999999999,-38.099999999999994,-32.199999999999996,-2.6999999999999957,65.89999999999999,38.099999999999994,32.199999999999996,29.6278,28.1027,11.8541,23.507374729362414,17.8532,42.425200000000004,25.9692,23.705625211469673,1.2878858239682982,14.600000000000001,41.599999999999994,1.0795751349468918,24.2,56.6,0.0,0.04000000000000625,0.01999999999998181,25.39,96.5925596116733,0.7999999999999972,46.507299999999994,9.5732,78.74391431961313,0.744489676165328,79.40962323503162,2.999811332620589,0.29584,0.29584,311.7000000000007,0.15794922145974963,51.599999999999994,-311.7000000000007,6.3306533342341735,25.154999999999998,54.474999999999994,41.49,2,71.6977670151157,-5.800000000000001,-6.8999999999999995,9.220220511893038
290,2019 Purdue,2019,Purdue,Region 2,3,Elite Eight,2,Matt Painter,2019 Matt Painter,Big 10,B10,2019 B10,2019 Purdue,2019 Purdue,19.9,33.5,34.6,23.5,13.3,12.9,40.4,24.0,16.4,7.6,121.093,104.9578,26.0512,78.27,1.71,1.57,27.63,22.18,14.7,15.44,14.82,32.87,38.38,33.65,18.14,4.4,5.43,29.39,21.93,19.5,13.97,15.2,6.104849231,121.0365362,104.38381702,0.937680169,52.7,50.5,29.4,67.3,84.1,19.5,35.0,26.6,66.4,51.2,52.1,36.4,65.6,13.0,88.6,53.9,44.8,44.5,43.0,67.0,73.2,26.700000000000003,86.4,7.5,9.900000000000006,7.1,62.1,32.9,39.6,30.6,35.3,21.6,68.1,26.2,37.4,45.5,65.7,43.1,2.200000000000003,-64.6,-38.4,-37.9,-2.200000000000003,64.6,38.4,37.9,26.910899999999998,24.6418,17.017,24.04066000203267,12.8205,46.1589,28.3167,27.206295227391763,0.8878925737895871,28.4,40.4,0.8746896823739589,26.2,62.3,-0.009999999999990905,0.0,0.010000000000005116,27.63,92.15612850691701,-1.0,44.3207,9.8475,83.85889579727892,0.6695568999142867,77.05550605891162,2.817432865857492,1.1457,1.1457,355.16999999999985,0.14672520626178034,36.895,-355.16999999999985,6.814860395354203,20.881,53.515,40.49,1,69.69982730205447,-7.100000000000001,-5.700000000000001,9.037193641695598
291,2019 Kansas St.,2019,Kansas St.,Region 2,4,First Round,1,Bruce Weber,2019 Bruce Weber,Big 12,B12,2019 B12,2019 Kansas St.,2019 Kansas St.,9.6,28.7,21.9,4.4,16.2,7.9,35.5,18.3,6.9,11.3,107.96,112.2623,20.2225,76.63,0.08,2.17,28.55,22.7,18.2,17.55,22.49,18.99,36.53,33.22,15.54,7.49,7.14,24.17,25.56,19.95,17.05,13.2,6.557259712,106.4859888,112.49129703,0.905266732,49.5,51.9,30.7,69.5,82.6,22.9,28.1,25.6,65.0,49.0,50.9,33.6,68.8,7.8,91.6,57.9,45.2,38.2,42.8,64.7,66.4,33.400000000000006,86.7,7.8,8.0,5.1,61.5,29.1,37.4,32.2,37.5,32.5,68.4,24.9,33.4,38.4,68.6,42.9,-2.3999999999999986,-59.699999999999996,-46.3,-38.8,2.3999999999999986,59.699999999999996,46.3,38.8,24.6591,25.0131,12.8256,24.628895630945372,12.4508,46.461,29.429399999999998,29.039283737723284,0.960912476237598,17.5,36.9,0.8694436027132236,24.9,62.699999999999996,0.07000000000000739,0.0800000000000125,0.06999999999999318,28.55,97.56321318125693,-3.299999999999997,40.887,11.8851,77.99816228428278,0.7509630225288907,75.55156076609627,2.5975518648353533,0.05176,0.05176,-282.82000000000016,0.08515190882195608,9.548,282.82000000000016,11.74208434816049,35.153999999999996,50.675000000000004,42.03,0,68.98315219074843,2.5,-4.899999999999999,7.116677934819303
292,2019 Wisconsin,2019,Wisconsin,Region 2,5,First Round,1,Greg Gard,2019 Greg Gard,Big 10,B10,2019 B10,2019 Wisconsin,2019 Wisconsin,13.4,29.4,28.2,9.6,15.7,8.2,37.9,21.9,8.1,13.8,110.809,112.866,23.675,77.32,1.46,1.61,27.91,25.36,21.66,14.72,17.5,20.74,33.47,32.78,22.65,7.73,3.34,27.7,26.88,16.57,15.55,13.28,6.232002445,108.8784714,111.21565058,0.912635871,51.5,55.2,27.5,74.1,85.6,17.2,24.0,26.5,64.9,49.8,56.3,36.6,68.8,11.3,89.3,49.3,54.4,34.1,35.1,64.8,64.9,33.5,86.4,4.6,18.299999999999997,4.7,57.2,37.4,44.2,33.9,39.7,28.1,68.7,31.1,35.9,34.6,68.5,35.0,-3.700000000000003,-68.39999999999999,-49.5,-46.599999999999994,3.700000000000003,68.39999999999999,49.5,46.599999999999994,25.3672,23.5771,12.4214,23.01839843835072,15.8439,45.3407,23.975,24.016990513662062,1.213837750354036,21.9,42.0,1.102825633553327,31.1,61.4,0.020000000000010232,0.029999999999986926,0.01999999999999602,27.91,95.93302569469637,-3.200000000000003,44.083999999999996,9.4944,79.00913499904959,0.5954034371565561,76.91477966188471,3.7775154503159487,0.9460799999999999,0.9460799999999999,-697.5999999999997,0.12653833663676778,15.456,697.5999999999997,7.901955579152287,25.277,50.925,42.795,1,70.42074482677205,-1.5,-1.8999999999999986,7.317661495388377
293,2019 Villanova,2019,Villanova,Region 2,6,Second Round,1,Jay Wright,2019 Jay Wright,Big East,BE,2019 BE,2019 Villanova,2019 Villanova,16.8,33.7,21.4,16.0,7.5,11.8,39.3,14.3,12.0,2.3,116.973,101.8013,18.7745,77.88,0.42,1.67,24.5,14.93,21.05,18.1,18.7,27.17,42.63,22.18,24.72,5.85,4.57,22.72,21.4,25.54,13.24,17.04,3.729440661,115.1378468,101.30184067,0.854673114,53.4,50.1,35.3,71.4,83.0,18.1,30.8,27.3,65.7,53.9,50.3,35.3,66.5,8.9,91.2,57.7,43.8,53.5,39.3,65.1,72.7,30.099999999999994,89.2,12.8,10.5,6.3,64.8,26.9,40.7,35.7,38.6,19.5,64.3,24.7,35.1,53.6,65.7,39.7,3.299999999999997,-64.9,-41.9,-36.10000000000001,-3.299999999999997,64.9,41.9,36.10000000000001,28.8488,26.340600000000002,18.8136,25.27071757324407,15.191400000000003,41.965,26.082900000000006,25.880236990156536,0.7406578235480682,30.5,39.7,1.0579078612629405,24.7,58.0,0.04999999999999716,0.05000000000001137,0.060000000000002274,24.5,95.43065103105486,-2.9000000000000057,44.321999999999996,9.068100000000001,79.34626410883635,0.7045091024529615,76.97862546147184,2.576319040056467,0.27341999999999994,0.27341999999999994,417.1700000000001,0.09758664926919661,26.72,-417.1700000000001,10.246039770812269,12.524999999999999,53.565,40.73500000000001,0,69.25580689919184,-4.0,-5.2,8.990211910732862
294,2019 Cincinnati,2019,Cincinnati,Region 2,7,First Round,1,Mick Cronin,2019 Mick Cronin,American,Amer,2019 Amer,2019 Cincinnati,2019 Cincinnati,14.8,32.9,25.8,14.3,11.4,10.4,39.3,18.2,12.2,6.0,111.566,105.485,17.0509,76.83,0.52,1.93,30.28,15.89,15.18,21.46,27.84,19.58,38.77,27.05,16.88,13.66,3.57,31.28,25.33,14.52,17.53,11.27,5.909200295,112.0756541,106.12253032,0.884689949,49.0,51.9,38.1,69.5,83.9,20.9,37.6,29.4,64.8,47.3,55.3,35.0,64.9,14.7,90.4,54.1,49.4,33.1,42.8,64.9,70.4,33.599999999999994,88.8,7.3,16.400000000000006,5.7,60.8,30.6,47.8,31.5,36.4,36.1,63.6,25.7,34.5,33.3,64.5,42.8,-2.8999999999999986,-63.00000000000001,-33.0,-31.4,2.8999999999999986,63.00000000000001,33.0,31.4,25.087200000000003,24.628899999999998,11.488499999999998,25.444236413511543,15.9918,43.9512,27.605999999999998,22.46617828351468,1.138103960842017,13.899999999999999,37.9,0.8691385715287028,25.7,62.8,0.04999999999999716,0.07000000000000739,0.07000000000000739,30.28,94.90349139115806,-3.0999999999999943,41.111000000000004,10.8471,85.05053103360014,0.6839357277404837,79.30058421839647,3.0681324141357686,0.33748000000000006,0.33748000000000006,347.0400000000004,0.16260882069888605,27.599,-347.0400000000004,6.149241548194001,22.002,53.81,42.29,1,68.4198066852829,-2.1000000000000014,-5.4,8.076379803955028
295,2019 Mississippi,2019,Mississippi,Region 2,8,First Round,1,Kermit Davis Jr,2019 Kermit Davis Jr,SEC,SEC,2019 SEC,2019 Mississippi,2019 Mississippi,14.7,34.0,20.8,14.8,6.6,10.7,38.8,16.7,11.8,4.9,112.779,102.3037,15.0831,76.9,0.51,1.66,28.18,18.84,16.68,23.2,18.94,22.33,32.27,26.95,19.99,10.95,9.82,22.67,20.49,24.92,18.02,13.88,0.951764345,113.1206826,103.37501674,0.859676524,53.0,49.4,31.7,66.8,81.8,21.0,30.4,29.5,69.2,52.6,52.2,35.8,62.8,9.8,90.1,54.2,44.4,39.5,34.9,69.6,78.3,30.0,85.7,7.3,15.200000000000003,7.5,68.3,28.5,32.599999999999994,30.5,38.6,31.6,68.4,35.0,35.8,39.9,62.6,34.5,3.6000000000000014,-60.8,-40.1,-35.099999999999994,-3.6000000000000014,60.8,40.1,35.099999999999994,25.7216,26.4818,14.284199999999998,24.07862122298534,11.082999999999998,45.537000000000006,21.597,25.157901343315583,0.8972206210370668,18.4,35.8,1.1014173502217328,35.0,62.0,0.010000000000005116,0.020000000000010232,0.020000000000010232,28.18,97.29997777786923,1.5999999999999943,43.354,10.373999999999999,80.70048083816827,0.6860672649713295,79.55101085684855,2.439426405142574,0.35495999999999994,0.35495999999999994,478.1099999999997,0.10876682833708838,24.568,-478.1099999999997,9.192939495969798,10.956,52.48500000000001,40.93000000000001,0,70.3390815820071,-3.0,-1.6999999999999993,8.523833704609856
296,2019 Oklahoma,2019,Oklahoma,Region 2,9,Second Round,1,Lon Kruger,2019 Lon Kruger,Big 12,B12,2019 B12,2019 Oklahoma,2019 Oklahoma,11.5,32.8,24.9,12.7,11.7,8.9,38.0,16.9,10.3,6.6,109.401,106.1337,15.5345,77.41,0.7,2.14,31.08,19.94,22.74,16.35,22.8,18.11,25.56,27.59,21.88,16.84,8.09,23.39,28.67,12.69,22.01,13.17,2.532943874,108.8707901,107.23334391,0.863050004,50.2,52.9,31.4,75.9,82.6,17.5,26.2,27.9,69.8,49.6,55.0,34.2,66.7,8.5,90.6,48.9,50.0,33.2,41.0,70.4,69.1,32.599999999999994,90.5,5.6,7.700000000000003,6.3,59.1,36.4,45.6,35.0,38.7,30.5,66.9,23.8,34.6,33.1,66.7,41.3,-2.6999999999999957,-65.1,-45.900000000000006,-44.50000000000001,2.6999999999999957,65.1,45.900000000000006,44.50000000000001,26.580399999999997,23.256100000000004,11.4526,25.539560815853246,16.4451,43.469300000000004,27.5471,27.870220068500835,1.2688438415757832,19.5,42.0,0.9999757875111983,23.8,58.7,0.060000000000002274,0.03999999999999204,0.06999999999999318,31.08,97.16076242628412,2.4000000000000057,41.4652,9.257499999999999,79.98766351814726,0.5927200882413546,78.00132196897117,2.873398080570081,0.4928,0.4928,-304.5999999999999,0.09381794902926016,27.178,304.5999999999999,10.657569697682625,25.038,50.68000000000001,42.5,0,68.57271326321666,-2.3999999999999986,-5.1,7.8077504341181525
297,2019 Iowa,2019,Iowa,Region 2,10,Second Round,1,Fran McCaffery,2019 Fran McCaffery,Big 10,B10,2019 B10,2019 Iowa,2019 Iowa,15.0,36.8,17.2,16.5,2.5,9.9,41.7,12.7,11.8,0.9,117.163,98.793,15.9555,78.36,1.28,1.52,32.15,25.45,19.46,19.53,16.29,19.26,32.79,23.97,25.06,11.96,6.19,22.5,25.91,25.52,13.81,12.25,3.18748971,116.3964008,99.4956919,0.843988841,52.6,48.4,42.3,71.2,82.8,18.5,29.9,29.0,70.3,51.5,46.6,36.1,67.4,9.3,92.2,60.1,41.0,39.0,41.4,70.9,74.0,31.599999999999994,86.8,7.4,7.099999999999994,8.0,62.3,36.5,37.4,38.0,35.2,24.5,63.1,20.9,36.4,39.0,67.6,41.2,4.200000000000003,-64.3,-41.1,-28.900000000000006,-4.200000000000003,64.3,41.1,28.900000000000006,29.1627,22.82,14.196,24.511272916762195,14.78,41.0391,27.8512,27.84947635653736,1.125612163790672,25.5,43.9,1.1164777553942866,20.9,54.0,0.010000000000005116,0.030000000000001137,0.010000000000005116,32.15,96.66358425851934,2.9000000000000057,43.5528,8.953999999999999,78.72319992972011,0.7374142648556459,76.80104175212361,2.3835823498633797,0.9075200000000001,0.9075200000000001,880.2800000000002,0.10086658496111756,25.080000000000002,-880.2800000000002,9.912912590044082,3.8,54.065,40.465,0,69.24066790142814,-4.699999999999999,-1.6,9.359323440694778
298,2019 Saint Mary's,2019,Saint Mary's,Region 2,11,First Round,1,Randy Bennett,2019 Randy Bennett,WCC,WCC,2019 WCC,2019 Saint Mary's,2019 Saint Mary's,16.3,33.5,24.1,15.6,12.4,13.1,39.4,20.3,14.5,5.9,114.634,103.0769,17.7106,77.75,1.26,1.44,24.03,17.01,24.35,15.04,13.25,30.34,45.69,27.74,10.59,9.79,6.17,25.81,30.28,19.02,14.22,10.65,-0.604702519,114.174519,102.7007761,0.862863181,54.0,51.4,29.7,70.6,83.7,16.4,31.3,23.2,64.4,52.5,50.9,37.8,68.2,6.9,90.8,37.9,57.0,35.0,31.4,64.0,74.5,26.099999999999994,88.6,3.6,5.400000000000006,5.9,57.8,41.5,42.8,39.9,42.6,23.3,62.1,28.5,37.8,35.2,67.9,31.6,2.6000000000000014,-67.30000000000001,-45.5,-40.89999999999999,-2.6000000000000014,67.30000000000001,45.5,40.89999999999999,27.176599999999997,23.2314,13.3056,22.911714616472217,17.395799999999998,39.154900000000005,21.456400000000002,28.219437745402843,1.28121360188631,26.7,45.1,1.4493212240118982,28.5,54.2,0.009999999999990905,0.01999999999999602,0.01999999999999602,24.03,92.84209737423035,-4.0,45.19800000000001,8.429599999999999,83.70252423109554,0.45334385952321143,75.03593871573104,3.4967179927611807,0.8064,0.8064,369.9900000000007,0.07599035252915717,22.464,-369.9900000000007,13.157513403854512,17.855999999999998,53.24,39.89,1,71.22103582719477,-1.0999999999999996,-6.5,8.62110355372005
299,2019 Oregon,2019,Oregon,Region 2,12,Sweet 16,2,Dana Altman,2019 Dana Altman,Pac 12,P12,2019 P12,2019 Oregon,2019 Oregon,10.0,32.7,17.0,5.1,12.9,8.1,38.7,12.9,7.5,5.3,107.7,107.4519,15.1521,78.54,1.63,1.24,32.39,19.23,22.21,18.72,19.02,20.81,34.82,22.75,16.59,13.97,11.87,27.71,23.47,15.7,18.44,14.67,-0.972208717,106.4244059,107.1043128,0.826856961,51.7,53.2,30.3,64.7,82.2,21.0,29.7,28.1,65.9,51.9,51.0,34.3,70.6,14.5,91.9,52.6,44.4,39.3,45.2,65.3,71.9,29.700000000000003,82.2,8.3,12.200000000000003,8.1,59.4,36.6,43.5,34.7,39.6,23.9,64.5,19.9,35.1,39.5,71.0,45.4,-1.5,-61.2,-42.2,-34.400000000000006,1.5,61.2,42.2,34.400000000000006,28.563000000000002,23.328899999999997,13.8645,21.51702814052164,16.0827,45.069500000000005,32.234,26.476278691185687,1.1366800840485054,26.1,44.900000000000006,0.9427105129842956,19.9,57.199999999999996,0.010000000000005116,0.0,0.010000000000005116,32.39,98.52251226739442,-2.700000000000003,42.497400000000006,11.172,80.41803566001333,0.6658143567802939,76.1138561640062,2.4942418965226674,1.06439,1.06439,256.9799999999998,0.15777847901546227,6.324,-256.9799999999998,6.337493965933384,15.996,51.715,41.855000000000004,0,71.5356975771322,2.4000000000000004,-7.6000000000000005,7.522996122021834
300,2019 UC Irvine,2019,UC Irvine,Region 2,13,Second Round,1,Russell Turner,2019 Russell Turner,Big West,BW,2019 BW,2019 UC Irvine,2019 UC Irvine,9.5,37.5,16.3,8.8,6.1,7.6,41.8,16.0,11.2,4.9,106.606,102.856,9.46217,76.73,1.11,2.15,41.52,20.83,18.99,14.36,19.15,26.68,38.0,38.9,9.95,6.62,6.53,31.06,30.19,14.18,13.77,10.81,0.93344796,105.5082292,102.95396235,0.723410008,51.4,56.3,28.6,66.2,82.9,16.7,33.6,26.4,66.1,50.3,59.3,36.0,66.7,10.9,93.2,48.8,57.1,32.0,32.7,66.5,70.0,29.099999999999994,90.7,3.0,12.5,2.9,57.5,37.5,52.1,33.4,40.9,30.1,66.5,33.2,35.9,32.4,66.1,33.4,-4.899999999999999,-66.2,-40.0,-37.6,4.899999999999999,66.2,40.0,37.6,24.2835,23.942499999999995,11.631599999999999,24.752844954334712,17.7639,44.1554,22.077399999999997,25.43069012040373,1.2499614209437981,19.9,40.5,1.0867938085686057,33.2,63.7,-0.009999999999990905,-1.4210854715202004e-14,-0.010000000000005116,41.52,95.55974437672785,-1.5,42.610600000000005,9.402099999999999,85.00043122945077,0.5858273009927851,77.26377913524871,3.3389860242091114,0.7381500000000001,0.7381500000000001,75.58000000000038,0.11695153485477623,18.92,-75.58000000000038,8.549674341803504,13.114999999999998,52.295,41.905,0,69.44238268160119,2.3999999999999986,-1.1999999999999993,7.864486617342523
301,2019 Old Dominion,2019,Old Dominion,Region 2,14,First Round,1,Jeff Jones,2019 Jeff Jones,Conference USA,CUSA,2019 CUSA,2019 Old Dominion,2019 Old Dominion,6.3,34.2,2.2,-6.5,4.1,7.2,38.1,7.0,3.4,3.7,101.929,103.6492,5.57853,77.59,0.49,1.77,28.14,14.8,13.78,17.2,28.83,25.34,38.23,21.14,21.4,13.1,6.06,22.04,21.22,17.1,24.8,14.76,-1.573127112,100.4032149,104.508983,0.64034539,47.7,54.4,29.6,67.6,82.1,18.6,32.3,24.8,65.5,44.5,56.5,35.3,67.5,14.1,93.2,54.0,47.3,37.3,40.1,66.0,66.0,33.3,91.8,4.8,11.599999999999994,3.8,56.7,30.9,44.7,31.8,31.8,31.8,70.0,27.6,34.9,37.3,67.6,40.6,-6.699999999999996,-63.49999999999999,-42.900000000000006,-37.99999999999999,6.699999999999996,63.49999999999999,42.900000000000006,37.99999999999999,21.926699999999997,23.1301,13.017699999999998,27.650316453885296,14.6554,46.7656,27.4456,27.099246606993834,0.9570788986890432,18.2,35.699999999999996,0.876825693948425,27.6,64.4,0.04999999999999716,0.07000000000000739,0.0799999999999983,28.14,93.29081972220153,-2.0,39.1617,10.118400000000001,83.02525833791339,0.6633825137283325,75.73396310207565,2.642310485447739,0.32339999999999997,0.32339999999999997,-297.47999999999934,0.151285930408472,-11.505,297.47999999999934,6.609460321962982,7.257,50.505,41.510000000000005,0,66.05295327603467,9.9,-0.39999999999999947,7.333941468516221
302,2019 Colgate,2019,Colgate,Region 2,15,First Round,1,Matt Langel,2019 Matt Langel,Patriot,Pat,2019 Pat,2019 Colgate,2019 Colgate,12.0,37.6,5.2,7.3,-2.5,7.7,43.0,4.2,5.9,-1.6,110.038,94.249,4.2867,77.69,1.09,1.57,26.84,25.5,20.68,16.93,15.59,21.25,27.87,31.65,20.98,11.35,8.11,29.87,23.05,19.87,14.86,12.3,-4.115267079,108.4031326,94.4857773,0.577038823,55.9,49.4,28.9,71.4,80.7,18.0,30.3,26.9,67.5,53.9,49.6,39.1,66.1,9.9,90.5,57.9,47.9,41.0,40.9,68.1,74.3,29.0,93.6,4.2,5.400000000000006,3.2,60.3,39.0,42.3,37.2,40.1,19.7,61.6,21.9,39.5,41.4,66.1,40.9,6.5,-62.7,-42.8,-42.50000000000001,-6.5,62.7,42.8,42.50000000000001,27.4482,24.252699999999997,16.352999999999998,25.395193114708405,15.9084,40.525299999999994,27.034899999999997,27.63409729543075,1.0434530566894522,30.3,43.2,0.9877509107356791,21.9,59.599999999999994,0.04999999999999716,0.04000000000000625,0.04999999999999716,26.84,96.09015984981482,0.09999999999999432,45.1113,8.892,80.2663797940261,0.7060889501347544,77.38545919121053,2.4817366975804362,0.74229,0.74229,76.66999999999962,0.10939105645241488,11.461,-76.66999999999962,9.140490859509141,-3.9250000000000003,52.93,40.35,2,69.68505261715133,-1.3999999999999995,0.8999999999999999,9.175119363395225
303,2019 Gardner Webb,2019,Gardner Webb,Region 2,16,First Round,1,Tim Craft,2019 Tim Craft,Big South,BSth,2019 BSth,2019 Gardner Webb,2019 Gardner Webb,10.5,39.1,3.5,8.1,-1.0,7.6,43.1,5.8,7.8,-1.9,107.475,91.782,-0.743522,75.25,-2.25,1.73,26.2,19.71,25.71,17.21,26.64,10.67,44.83,31.37,11.01,10.43,2.25,24.62,24.73,20.57,16.05,13.97,-4.860430641,105.5012241,92.7534099,0.452965876,54.8,49.8,39.2,72.3,83.2,18.1,22.6,31.0,68.3,53.8,50.1,37.7,66.2,7.4,91.2,51.8,45.7,37.3,45.0,68.5,71.6,27.5,87.7,5.2,14.900000000000006,4.4,62.9,42.6,37.5,31.6,33.9,19.8,65.9,23.5,37.7,37.6,66.3,44.9,5.0,-65.1,-46.4,-33.099999999999994,-5.0,65.1,46.4,33.099999999999994,31.355800000000002,20.887400000000003,14.175200000000002,24.999933333244446,12.5056,45.2552,29.7687,24.81578798533976,1.2712427860961146,30.2,47.800000000000004,0.8017638805371818,23.5,64.0,0.05999999999998806,0.10999999999998522,0.060000000000002274,26.2,93.44999847328262,0.5,45.5936,9.0138,76.78435741845828,0.6324709100010988,79.36305294481713,2.7200761859413136,-1.54125,-1.54125,818.4699999999998,0.08113946119011853,14.013,-818.4699999999998,12.322659100121605,-1.73,53.120000000000005,41.489999999999995,3,68.96381916542407,-0.2999999999999998,-0.8999999999999999,9.209684800017433
304,2019 Gonzaga,2019,Gonzaga,Region 4,1,Elite Eight,2,Mark Few,2019 Mark Few,WCC,WCC,2019 WCC,2019 Gonzaga,2019 Gonzaga,21.0,29.5,43.5,28.4,18.8,15.2,36.9,32.4,21.6,10.8,125.125,107.664,32.7887,78.21,0.63,1.91,23.41,24.7,27.98,12.37,19.83,15.07,39.36,26.2,17.66,10.56,6.14,27.33,25.09,20.49,15.96,11.08,7.150300905,124.1109499,108.40972777,0.970524717,59.6,55.8,36.0,74.9,85.5,18.9,30.6,27.1,71.6,62.3,56.9,36.5,69.1,13.3,95.1,55.9,58.9,35.3,34.6,71.9,76.7,30.5,92.2,11.5,16.400000000000006,4.2,70.2,43.5,49.3,39.2,43.5,21.2,67.6,25.9,36.3,35.3,69.6,34.9,3.8000000000000043,-66.6,-42.3,-38.900000000000006,-3.8000000000000043,66.6,42.3,38.900000000000006,41.14,22.035899999999998,12.813899999999999,25.648976587770516,20.0144,41.79879999999999,24.290399999999995,24.639179504737296,1.558029517577406,28.8,55.0,1.2435173777255668,25.9,56.599999999999994,0.05000000000001137,0.0799999999999983,0.04999999999999716,23.41,93.51307854217426,3.9000000000000057,50.958,10.546199999999997,77.90272783494252,0.6892640041429822,77.200393344246,4.061788842148817,0.45297000000000004,0.45297000000000004,476.75,0.13985131596933786,54.24399999999999,-476.75,7.149838358018194,35.908,56.73500000000001,43.7,2,70.2447986611061,-6.799999999999997,-8.0,9.121696930293037
305,2019 Michigan,2019,Michigan,Region 4,2,Sweet 16,2,John Beilein,2019 John Beilein,Big 10,B10,2019 B10,2019 Michigan,2019 Michigan,16.3,26.5,34.2,15.3,20.8,10.9,35.8,24.2,11.4,12.8,115.516,113.919,29.4352,77.71,1.32,1.48,18.24,19.19,25.37,22.33,18.9,14.16,38.48,23.49,26.24,3.76,7.98,26.54,22.31,17.46,13.37,20.28,9.182864026,115.2588374,113.75287078,0.965596285,52.1,55.9,27.0,75.1,86.5,18.3,24.5,25.5,65.3,51.8,55.5,35.0,71.1,10.6,90.2,54.2,54.7,40.2,29.1,65.8,69.8,34.400000000000006,94.1,9.4,16.700000000000003,5.0,66.4,34.6,42.6,35.4,31.9,25.5,69.1,34.5,34.2,39.9,70.9,30.1,-3.799999999999997,-68.2,-50.0,-48.099999999999994,3.799999999999997,68.2,50.0,48.099999999999994,31.819800000000008,21.7803,13.645800000000001,29.519089868535353,15.9154,45.1804,21.3409,25.593928316432134,1.1027292549058922,24.5,44.0,1.3421481013919803,34.5,59.6,0.05000000000001137,0.04999999999999716,0.03999999999999204,18.24,95.80962412187165,-2.200000000000003,45.0665,10.2297,77.18133008761619,0.6633945728938446,75.83006911474284,4.051551736908378,0.86856,0.86856,-698.8400000000001,0.11751532688107669,22.644000000000002,698.8400000000001,8.508631261201774,30.784,51.415,43.3,1,65.74322956658058,-3.9000000000000004,-8.0,7.6400983146067425
306,2019 Texas Tech,2019,Texas Tech,Region 4,3,Runner Up,3,Chris Beard,2019 Chris Beard,Big 12,B12,2019 B12,2019 Texas Tech,2019 Texas Tech,14.8,28.3,35.7,15.0,23.9,12.3,36.4,28.4,14.8,13.7,112.694,114.0532,26.7476,77.09,-0.18,1.92,24.92,16.67,28.55,16.35,18.6,19.81,48.85,27.84,16.49,5.05,1.71,27.2,26.29,18.61,16.52,11.34,7.009343197,112.0703959,113.68462778,0.952703808,53.7,57.2,33.5,62.4,81.8,23.0,28.6,28.6,67.7,52.9,58.7,36.8,69.9,15.3,93.1,51.3,51.3,35.5,39.7,67.6,72.8,30.799999999999997,90.8,8.8,19.0,4.8,67.2,34.4,45.1,30.0,36.2,29.6,71.2,29.8,36.5,36.0,70.2,40.2,-3.5,-58.8,-42.8,-28.9,3.5,58.8,42.8,28.9,31.1072,23.855200000000004,13.14,26.442059299532627,14.442,49.438,28.220400000000005,24.73140715770132,1.199966667592567,20.4,43.2,0.8656501082062634,29.8,65.2,0.01999999999999602,0.060000000000016485,0.04000000000000625,24.92,95.01226704804678,-0.4000000000000057,43.9266,13.156,80.70113445111033,0.6662251139595589,77.52654713891265,2.8185264545904065,-0.12168,-0.12168,516.8799999999999,0.16433765480499674,28.799999999999997,-516.8799999999999,6.084569635971505,45.888,52.675000000000004,43.71,0,68.56553810237567,-0.1999999999999993,-10.2,7.380740910900255
307,2019 Florida St.,2019,Florida St.,Region 4,4,Sweet 16,2,Leonard Hamilton,2019 Leonard Hamilton,ACC,ACC,2019 ACC,2019 Florida St.,2019 Florida St.,9.0,34.8,23.1,6.8,11.4,7.7,39.7,18.5,8.4,10.0,112.987,109.5707,22.5574,78.66,1.98,1.94,37.95,28.04,17.36,18.4,18.15,18.05,43.0,20.39,21.46,6.5,8.64,31.87,20.05,17.78,12.83,17.47,7.669459727,111.29575,107.93777009,0.898607989,50.7,52.7,36.3,63.9,80.8,20.3,33.1,26.9,69.3,51.0,53.8,33.6,67.4,12.5,91.7,49.8,55.8,38.3,38.8,69.9,74.1,27.5,92.6,15.9,24.0,5.9,63.3,38.0,45.2,34.2,31.4,24.2,66.7,27.0,33.2,37.7,66.5,38.8,-2.0,-60.5,-40.0,-27.6,2.0,60.5,40.0,27.6,38.7774,20.1152,12.5164,28.952763253271698,16.8744,43.811,25.802,20.402124072426055,1.4296703005225324,25.8,53.9,1.0334785185948818,27.0,59.9,1.4210854715202004e-14,0.010000000000005116,0.0,37.95,95.48900786965882,1.9000000000000057,40.9656,10.698100000000002,83.06524802978703,0.6248353220160349,77.45481817263843,2.9060986406957965,1.3840200000000003,1.3840200000000003,932.5799999999995,0.13631258110598574,13.192,-932.5799999999995,7.335413166946645,22.116,52.54500000000001,41.12,0,65.5647132129467,1.6000000000000005,-1.4000000000000004,7.8116954469082795
308,2019 Marquette,2019,Marquette,Region 4,5,First Round,1,Steve Wojciechowski,2019 Steve Wojciechowski,Big East,BE,2019 BE,2019 Marquette,2019 Marquette,15.1,32.7,21.6,12.6,9.1,11.8,39.3,18.6,11.9,6.6,114.15,104.2706,18.4207,77.86,0.81,1.54,27.65,14.72,17.39,19.8,13.88,34.18,30.95,19.08,32.86,11.25,5.83,21.93,19.88,26.96,14.6,16.6,2.805226463,112.2135658,104.3408833,0.862421352,54.1,54.1,35.9,64.3,80.5,16.6,29.1,26.2,70.7,50.5,55.2,39.3,68.1,11.1,91.2,51.8,49.9,41.7,35.7,70.4,75.9,31.799999999999997,88.1,5.9,16.200000000000003,5.7,57.7,29.9,44.7,36.7,41.9,28.3,68.3,27.7,38.8,41.8,67.6,35.7,0.0,-63.9,-44.7,-28.4,0.0,63.9,44.7,28.4,22.450200000000002,28.076099999999997,16.218399999999995,22.55650312733189,17.328300000000002,43.0523,24.133200000000002,24.58061566899142,0.8564388411760484,21.7,35.8,1.1876418027506235,27.7,57.599999999999994,0.030000000000001137,0.030000000000001137,0.030000000000001137,27.65,91.73475469208566,2.4000000000000057,43.55050000000001,8.9806,82.2308219749313,0.6210956703157036,76.66427346107848,2.558843136249423,0.5702400000000001,0.5702400000000001,680.0700000000002,0.12170919178517778,19.404,-680.0700000000002,8.215476083235746,14.014,52.97,40.675,1,71.51327346767606,-0.6999999999999993,-2.5,8.447372055286387
309,2019 Buffalo,2019,Buffalo,Region 4,6,Second Round,1,Nate Oats,2019 Nate Oats,MAC,MAC,2019 MAC,2019 Buffalo,2019 Buffalo,12.8,34.1,27.3,16.5,11.8,10.5,39.3,22.0,15.9,6.1,114.89,105.4469,20.337,76.49,-0.07,2.34,28.44,22.25,21.08,20.46,20.79,15.41,27.62,18.53,24.24,17.56,12.03,27.35,23.09,17.04,17.29,15.22,5.748894061,113.2221029,104.80844762,0.880249217,53.4,52.8,32.2,68.5,84.4,20.4,31.6,26.7,74.7,55.8,51.2,33.6,70.3,10.5,91.5,55.0,59.9,43.9,36.1,75.3,68.8,30.400000000000006,91.0,8.7,17.299999999999997,3.8,62.8,42.6,42.5,39.1,32.8,13.2,63.7,24.9,33.7,44.1,70.7,35.9,0.6000000000000014,-64.0,-41.7,-36.3,-0.6000000000000014,64.0,41.7,36.3,34.669799999999995,19.1913,14.8617,27.708888465616948,17.2749,41.242599999999996,25.3813,24.03684671499155,1.1632389288224756,36.8,51.3,1.1949527868304506,24.9,57.1,0.010000000000005116,0.01999999999999602,0.010000000000019327,28.44,97.34798755659028,7.299999999999997,45.0696,10.771199999999999,79.38634268397071,0.6909460936420396,76.35698868805068,3.83949746811102,-0.05271,-0.05271,132.95999999999958,0.11475284423121059,38.61,-132.95999999999958,8.713455861346539,27.612,53.61,41.835,1,66.52905019359267,-0.5999999999999996,-5.700000000000001,8.395427979125236
310,2019 Nevada,2019,Nevada,Region 4,7,First Round,1,Eric Musselman,2019 Eric Musselman,Mountain West,MWC,2019 MWC,2019 Nevada,2019 Nevada,16.4,30.3,26.0,16.5,11.5,10.0,37.8,19.2,10.8,8.4,114.0,104.9229,18.9229,78.18,0.81,2.71,19.73,17.53,23.29,24.67,18.03,16.48,32.06,19.13,28.7,15.47,4.65,26.29,20.57,27.62,17.24,8.28,4.119096037,112.8748322,104.49627053,0.872340538,54.1,52.4,40.7,72.4,85.6,19.2,26.5,24.7,70.9,55.1,54.0,35.1,66.6,11.1,92.8,54.0,48.0,42.8,40.0,70.7,70.8,32.8,93.8,11.3,9.799999999999997,4.3,65.2,35.5,46.4,35.6,38.0,21.7,64.4,24.5,34.7,42.8,66.8,39.9,1.7000000000000028,-66.39999999999999,-48.8,-31.700000000000003,-1.7000000000000028,66.39999999999999,48.8,31.700000000000003,33.745400000000004,23.0976,14.851600000000001,27.546006970158125,16.939799999999998,42.431200000000004,26.6532,26.32432335312724,1.0934323964393355,28.3,46.8,0.9999749379714795,24.5,60.1,-1.4210854715202004e-14,-0.010000000000005116,0.0,19.73,96.291725468631,2.700000000000003,46.3096,10.0608,77.67711015799611,0.6683085605376171,76.0701550589997,3.3331018679258375,0.57267,0.57267,506.84000000000015,0.1196107800562494,44.714999999999996,-506.84000000000015,8.359607242590759,31.165,54.44500000000001,41.56,1,67.77189638266528,-5.699999999999999,-3.0999999999999996,8.365017407854644
311,2019 Syracuse,2019,Syracuse,Region 4,8,First Round,1,Jim Boeheim,2019 Jim Boeheim,ACC,ACC,2019 ACC,2019 Syracuse,2019 Syracuse,11.7,32.9,15.3,8.7,2.2,8.1,39.1,13.8,6.6,7.1,110.213,106.0867,16.3,79.4,2.34,1.64,26.91,11.65,18.86,24.12,26.2,19.12,43.16,28.11,11.07,9.45,8.11,25.67,27.12,20.94,12.97,13.23,0.508866781,109.4098217,106.52278094,0.859350198,49.5,52.5,36.8,65.2,81.6,23.2,30.1,33.3,67.3,49.5,53.5,33.0,67.7,16.7,90.3,50.3,32.3,42.8,47.6,67.4,68.1,27.700000000000003,94.6,6.8,7.0,8.9,61.6,29.8,44.5,28.8,35.7,27.0,64.0,23.1,33.3,43.2,67.1,48.1,-3.0,-58.39999999999999,-36.6,-28.400000000000006,3.0,58.39999999999999,36.6,28.400000000000006,24.7896,24.0246,14.3856,28.5676973754157,13.439,47.059099999999994,32.275099999999995,27.64036902792725,0.8472026110506702,23.0,36.6,0.783767489241388,23.1,62.3,0.04999999999999716,0.09999999999999432,0.06999999999999318,26.91,94.36062060152005,-0.5999999999999943,40.391999999999996,12.18,81.51322822504747,0.6549393888100414,75.9562247340875,1.7553393837291444,1.5771600000000001,1.5771600000000001,700.0399999999993,0.18493704388655716,14.267999999999997,-700.0399999999993,5.4068618645590085,3.608,51.74000000000001,43.24,1,66.33894679796154,-2.0999999999999996,4.8999999999999995,7.888857520711636
312,2019 Baylor,2019,Baylor,Region 4,9,Second Round,1,Scott Drew,2019 Scott Drew,Big 12,B12,2019 B12,2019 Baylor,2019 Baylor,11.8,34.2,13.2,9.8,3.2,5.8,40.5,10.2,5.7,4.6,113.517,101.7762,15.2935,76.91,0.04,1.45,34.87,19.7,18.41,18.3,19.25,24.34,28.12,27.94,26.1,12.54,5.3,21.63,24.88,18.78,21.68,13.04,0.94716533,112.0238222,101.91601908,0.821743694,50.9,51.4,32.6,63.5,80.1,18.5,38.1,28.8,66.7,50.9,52.9,34.0,65.9,13.9,87.8,54.3,44.7,40.4,37.8,66.6,67.4,32.0,89.4,9.0,16.5,7.4,67.6,28.0,38.2,26.2,36.4,31.1,62.9,35.6,34.1,40.9,65.5,38.2,-0.5,-61.599999999999994,-33.099999999999994,-30.9,0.5,61.599999999999994,33.099999999999994,30.9,26.973999999999997,25.2673,13.946900000000001,26.525632257623318,11.2294,47.41340000000001,25.021000000000004,23.070525929563605,0.9046233588420822,18.9,37.0,0.8795581267506086,35.6,66.4,0.0,1.4210854715202004e-14,-0.009999999999990905,34.87,97.50469440749234,-1.4000000000000057,40.7709,9.509,83.93077589444735,0.6662494938712408,78.13557629687662,2.24611828551329,0.026639999999999997,0.026639999999999997,165.24000000000024,0.15831254769307868,14.21,-165.24000000000024,6.316092367455578,4.64,52.894999999999996,40.470000000000006,1,68.19530800585892,-4.1000000000000005,1.3999999999999995,8.653480347268346
313,2019 Florida,2019,Florida,Region 4,10,Second Round,1,Michael White,2019 Michael White,SEC,SEC,2019 SEC,2019 Florida,2019 Florida,11.5,32.3,24.5,10.1,13.8,7.5,39.0,18.9,7.8,11.2,110.219,108.105,18.3239,77.26,-0.32,1.39,31.64,18.73,22.91,18.28,17.23,22.81,44.83,20.39,23.08,6.25,5.4,23.86,19.41,27.49,14.34,14.87,0.642411662,109.8168229,108.62148423,0.892231323,49.9,51.6,30.4,66.4,82.0,22.6,31.1,31.7,64.8,49.8,51.4,33.5,68.0,11.3,91.1,51.1,51.2,43.4,38.0,64.2,71.8,31.0,84.8,6.9,11.900000000000006,9.2,61.7,30.5,42.2,36.7,35.3,26.3,65.1,25.1,33.4,43.2,68.4,38.1,-1.7000000000000028,-59.4,-37.2,-36.00000000000001,1.7000000000000028,59.4,37.2,36.00000000000001,24.6697,23.712699999999998,14.4288,24.37088426791281,16.582200000000004,42.40050000000001,26.060400000000005,26.080516354806573,0.8657207009097011,23.7,37.4,1.20469279021548,25.1,54.099999999999994,0.03999999999999204,0.04999999999999716,0.030000000000001137,31.64,97.3256739166661,-3.799999999999997,40.918,11.6616,81.92916197929343,0.6601981886538932,79.73433143502756,2.844286428531748,-0.20544,-0.20544,124.31999999999971,0.12403815545383697,14.038999999999998,-124.31999999999971,8.061233519157597,19.182,51.24,42.589999999999996,1,68.82397744899144,-2.3,-2.6000000000000014,7.69545631139807
314,2019 Arizona St.,2019,Arizona St.,Region 4,11,First Round,1,Bobby Hurley,2019 Bobby Hurley,Pac 12,P12,2019 P12,2019 Arizona St.,2019 Arizona St.,11.4,33.5,13.8,8.1,5.4,7.9,39.1,11.1,6.8,4.3,109.774,101.4354,11.2091,77.63,0.41,1.34,26.51,17.63,18.81,18.35,23.45,21.74,30.89,30.65,16.56,11.66,10.17,20.76,32.02,19.45,15.15,12.57,0.229242739,108.8861085,102.11167978,0.772848358,50.8,51.4,43.6,61.4,81.5,18.9,32.5,26.4,72.1,50.6,52.8,34.1,66.4,9.7,90.9,51.1,45.2,35.7,43.5,71.7,67.1,29.099999999999994,88.5,12.0,20.5,7.8,60.3,40.1,42.6,35.2,35.2,24.5,69.3,21.3,33.6,35.5,66.6,43.5,-0.6000000000000014,-62.6,-41.1,-17.799999999999997,0.6000000000000014,62.6,41.1,17.799999999999997,34.8003,20.552,11.927999999999999,25.812787528664934,16.5942,43.731899999999996,28.971,22.896943027399963,1.4675642939635505,25.5,52.1,0.9884830233787729,21.3,57.0,0.020000000000010232,0.07000000000000739,0.04999999999998295,26.51,97.51577376231552,3.700000000000003,41.401999999999994,9.714599999999999,82.71118525930234,0.6300785440376815,76.74558035139052,2.4431111831792878,0.29397,0.29397,1138.8200000000004,0.10670949714524591,10.854000000000001,-1138.8200000000004,9.370168023915062,7.236000000000001,53.735,39.775000000000006,0,67.82001159159756,-1.2999999999999998,-1.1000000000000005,8.321953460493472
315,2019 Murray St.,2019,Murray St.,Region 4,12,Second Round,1,Matt McMahon,2019 Matt McMahon,Ohio Valley,OVC,2019 OVC,2019 Murray St.,2019 Murray St.,15.3,34.0,21.2,15.2,6.8,11.0,38.6,16.1,11.6,4.4,112.038,101.294,13.3317,77.22,-0.12,1.49,26.48,13.88,18.61,17.25,21.35,28.86,32.12,36.85,7.74,11.2,12.0,21.71,26.97,17.52,16.1,17.63,1.348479797,110.4964023,101.51001649,0.789651039,55.2,53.6,33.2,71.6,82.8,19.5,32.4,30.0,71.1,57.2,51.6,34.4,71.5,11.3,90.8,58.4,54.6,36.9,35.4,70.0,74.1,28.099999999999994,89.0,13.8,10.299999999999997,5.6,65.1,45.4,42.7,39.0,33.8,18.0,65.5,25.2,34.9,36.6,71.1,35.8,1.6000000000000014,-63.3,-37.6,-38.39999999999999,-1.6000000000000014,63.3,37.6,38.39999999999999,41.837399999999995,18.8574,12.773399999999999,26.517289957057578,17.2298,41.9598,25.453799999999998,27.615213198525193,1.617442146389443,32.0,59.2,1.2457752576743668,25.2,55.4,0.04999999999999716,0.09000000000000341,0.06999999999999318,26.48,94.35928639266271,2.0,45.7056,10.452,78.8551219278237,0.7254568266232717,77.86921657931892,3.174234056159525,-0.084,-0.084,448.16000000000054,0.12444796863470667,22.648,-448.16000000000054,8.034687195823379,10.132,54.24000000000001,43.05499999999999,2,67.74769948279452,-3.5999999999999996,-2.3999999999999995,8.560565674515031
316,2019 Vermont,2019,Vermont,Region 4,13,First Round,1,John Becker,2019 John Becker,Amerian East,AE,2019 AE,2019 Vermont,2019 Vermont,11.2,36.5,18.5,9.8,3.5,10.2,40.2,17.7,13.9,3.8,107.949,100.7714,8.72064,76.48,-1.47,1.44,33.33,15.26,29.07,13.02,21.79,20.84,26.39,20.79,31.71,8.53,12.52,19.04,27.97,20.72,11.29,20.95,-0.752439901,107.2150622,101.87545875,0.734756582,52.4,51.0,36.3,73.8,83.4,19.4,27.5,21.8,65.7,52.0,53.5,35.3,64.7,11.9,91.4,46.3,52.8,40.4,38.2,66.7,75.3,27.5,80.0,2.8,5.0,3.6,57.8,35.0,45.7,36.0,42.6,24.0,64.7,26.3,35.9,41.0,64.9,37.7,1.3999999999999986,-64.0,-50.7,-37.5,-1.3999999999999986,64.0,50.7,37.5,22.47,24.942999999999998,14.719,19.561761168156615,16.632,41.4834,24.467300000000005,28.193187711454932,0.9219287334455257,26.0,37.8,1.0503700167104322,26.3,60.4,0.020000000000010232,0.060000000000002274,0.030000000000015348,33.33,93.72778906604697,-1.2999999999999972,43.701600000000006,9.893999999999998,80.89894718793886,0.574434560365256,75.12898687590575,3.1805312932955854,-0.9804900000000001,-0.9804900000000001,703.8899999999999,0.13019551208411284,14.112,-703.8899999999999,7.680026888496766,5.04,52.755,40.68,0,73.43514949689188,4.1,0.2999999999999998,8.212159281708086
317,2019 Northern Kentucky,2019,Northern Kentucky,Region 4,14,First Round,1,John Brannen,2019 John Brannen,Horizon,Horz,2019 Horz,2019 Northern Kentucky,2019 Northern Kentucky,13.1,36.0,16.4,13.4,4.9,9.3,40.9,14.9,12.6,2.3,109.235,97.324,6.55918,77.12,0.53,1.65,28.17,24.68,23.04,17.93,16.52,17.79,38.44,29.58,12.0,16.28,3.63,35.05,25.66,15.99,11.51,11.72,-2.033591564,108.3696242,98.4019211,0.677436727,55.0,51.1,35.5,64.8,82.4,18.5,30.7,26.5,69.3,55.3,50.5,36.4,68.1,11.1,88.7,62.1,48.8,41.5,39.2,69.6,67.0,27.200000000000003,80.0,3.1,7.400000000000006,4.7,62.1,39.5,40.0,35.8,40.4,19.2,64.5,25.1,36.0,41.3,68.0,39.0,3.8999999999999986,-63.900000000000006,-42.8,-29.299999999999997,-3.8999999999999986,63.900000000000006,42.8,29.299999999999997,27.009500000000003,22.6248,14.868,20.404309185398397,14.6678,42.7095,26.52,27.976225025307947,1.0314520229534396,30.8,42.6,1.0384349119253353,25.1,59.5,0.03999999999999204,0.07000000000000739,0.07000000000000739,28.17,96.37981077842608,1.5999999999999943,45.32,9.4535,78.06534634990176,0.7619538410571649,76.65047934386753,2.772569740355662,0.36888,0.36888,615.9399999999998,0.12513951364697126,22.11,-615.9399999999998,7.990271146743537,8.085,54.065000000000005,40.085,1,72.80524443131408,-0.8000000000000007,-2.6000000000000005,8.723734908810686
318,2019 Montana,2019,Montana,Region 4,15,First Round,1,Travis DeCuire,2019 Travis DeCuire,Big Sky,BSky,2019 BSky,2019 Montana,2019 Montana,8.5,36.9,3.5,2.0,3.1,9.0,41.3,8.3,7.6,0.7,107.36,96.186,3.54691,76.23,-0.95,2.46,26.66,20.56,15.73,22.94,18.79,21.93,31.28,19.45,15.12,22.86,11.24,24.24,23.43,16.91,17.91,17.45,-3.011317062,106.7226672,96.8249106,0.59598669,56.7,50.0,32.0,63.0,82.6,19.3,27.7,25.0,68.3,56.2,51.0,38.3,65.4,7.9,91.5,52.1,55.3,38.3,36.2,67.6,69.6,25.5,92.5,5.8,15.700000000000003,4.5,65.0,39.0,39.8,37.4,39.6,22.7,66.1,26.6,37.8,38.3,65.6,36.1,6.700000000000003,-63.3,-47.3,-31.0,-6.700000000000003,63.3,47.3,31.0,30.715000000000003,23.4666,14.477399999999998,25.714765537851335,15.591699999999998,41.2642,23.6816,24.097994384042277,1.1696822537270568,27.3,44.8,1.1606326694551397,26.6,58.1,0.04999999999998295,0.04999999999999716,0.060000000000002274,26.66,97.15489016029258,-0.4000000000000057,46.8342,9.65,79.38976646805008,0.6455929914127457,76.74146620406181,3.1779782771105096,-0.6421999999999999,-0.6421999999999999,620.6999999999998,0.0863378542311013,4.92,-620.6999999999998,11.580812555372736,7.626,53.669999999999995,39.275,2,69.54697725197143,5.6,-2.4000000000000004,8.661591483256572
319,2019 Fairleigh Dickinson,2019,Fairleigh Dickinson,Region 4,16,First Round,1,Greg Herenda,2019 Greg Herenda,NEC,NEC,2019 NEC,2019 Fairleigh Dickinson,2019 Fairleigh Dickinson,12.0,40.0,-0.9,5.4,-5.1,8.3,43.9,2.0,5.1,-3.1,106.184,89.568,-4.2487,76.17,-0.21,1.77,20.12,21.21,19.21,17.53,23.52,18.5,41.29,35.65,13.44,5.72,3.84,26.5,24.8,18.76,15.69,14.2,-9.152679883,104.7880142,89.7322526,0.357512072,54.5,48.5,35.5,69.8,80.6,20.4,29.4,33.1,67.9,51.2,48.4,40.4,65.7,10.2,90.8,53.2,48.5,35.0,38.5,68.3,74.3,29.700000000000003,95.4,7.4,11.799999999999997,6.4,58.4,44.5,43.1,43.0,34.3,20.2,61.0,18.5,40.2,35.2,64.8,38.5,6.0,-60.199999999999996,-37.5,-34.3,-6.0,60.199999999999996,37.5,34.3,33.047599999999996,21.079,14.150400000000001,27.531966269532347,19.2882,36.233,24.947999999999997,24.178278819359054,1.4743899321042016,29.8,51.9,1.2830835562712657,18.5,50.6,0.030000000000001137,0.060000000000002274,0.04999999999999716,20.12,97.61099811636743,0.29999999999999716,43.927,9.894,82.0766300593552,0.6683333123955729,80.9206779153405,2.4998711406628513,-0.14342999999999997,-0.14342999999999997,564.5900000000001,0.11233356460831928,9.558000000000002,-564.5900000000001,8.901088128614843,-9.027,53.15500000000001,41.59,2,67.45936880006685,-0.3000000000000007,1.9999999999999996,9.35499447353437
320,2020 Dayton,2020,Dayton,Region 4,1,Covid,3,Anthony Grant,2020 Anthony Grant,Atlantic 10,A10,2020 A10,2020 Dayton,2020 Dayton,17.5,31.7,32.9,20.8,12.1,13.7,38.2,26.0,18.8,7.2,119.051,105.882,24.9328,76.78,0.03,2.06,25.9,28.52,16.03,20.43,13.76,21.23,28.53,21.31,27.38,14.95,7.78,30.34,20.24,21.06,15.35,12.97,6.805528686,118.2483094,107.96685126,0.946966299,59.7,53.4,33.9,69.1,82.0,18.8,26.4,26.6,68.1,62.3,54.9,37.1,67.0,9.2,92.1,60.2,52.8,39.0,33.2,68.3,72.0,35.599999999999994,91.4,15.4,8.900000000000006,3.8,71.5,40.5,40.7,31.8,44.2,20.6,67.8,34.9,37.1,38.9,67.0,33.2,6.300000000000004,-63.2,-47.0,-35.199999999999996,-6.300000000000004,63.2,47.0,35.199999999999996,43.033100000000005,23.537100000000002,14.4319,25.085520391917992,13.280800000000003,45.9062,22.244,27.813066473631896,1.4369810544716075,29.4,55.9,1.0722568597331406,34.9,64.4,0.030000000000001137,0.04999999999999716,0.04000000000000625,25.9,94.32138837390687,0.29999999999999716,48.954,10.0392,75.30954252450078,0.741370180170195,77.3570008519554,2.9331703794233652,0.020489999999999998,0.020489999999999998,-19.159999999999854,0.09989033778134873,42.848000000000006,19.159999999999854,10.009781545484188,24.926,54.745000000000005,41.745,1,70.87702140998987,-2.0,-4.8999999999999995,8.743636844441504
321,2020 Florida St.,2020,Florida St.,Region 4,2,Covid,2,Leonard Hamilton,2020 Leonard Hamilton,ACC,ACC,2020 ACC,2020 Florida St.,2020 Florida St.,13.0,34.0,26.1,14.1,11.3,8.9,39.3,20.3,10.7,9.7,111.709,108.509,20.2178,79.02,1.43,1.43,38.55,19.69,19.18,22.61,19.37,19.12,40.12,20.86,18.22,8.49,12.28,23.6,21.42,22.51,14.21,18.23,6.853731443,109.4918434,109.03310998,0.893934561,51.9,53.0,30.1,65.6,81.1,23.7,33.5,30.2,69.6,51.5,53.4,35.1,68.3,15.9,92.6,48.5,55.5,35.4,40.2,70.7,75.0,26.700000000000003,87.3,11.9,15.900000000000006,6.8,62.5,34.1,46.7,38.2,39.1,30.5,65.2,21.5,35.1,35.4,68.3,40.2,-1.1000000000000014,-57.39999999999999,-36.3,-35.49999999999999,1.1000000000000014,57.39999999999999,36.3,35.49999999999999,31.7012,24.3509,12.4254,24.113343470645734,18.9206,41.474599999999995,27.456599999999998,24.054296220564563,1.2993983220812972,19.5,46.0,1.1193751399218925,21.5,55.0,0.029999999999986926,0.030000000000015348,0.029999999999986926,38.55,98.52083469483631,2.700000000000003,42.0909,12.561,84.14632106781458,0.6356404241097757,79.05310498145889,2.936352573937886,1.01101,1.01101,505.98,0.17170440923964106,20.163,-505.98,5.823533111125086,16.159,52.25,43.005,1,69.90134047658897,-3.4000000000000004,-1.6000000000000014,7.794811538107087
322,2020 Villanova,2020,Villanova,Region 4,3,Covid,2,Jay Wright,2020 Jay Wright,Big East,BE,2020 BE,2020 Villanova,2020 Villanova,17.7,30.5,25.8,15.6,14.5,12.7,38.3,19.0,12.5,6.5,113.938,106.0392,19.9767,78.62,0.84,1.04,18.89,16.41,21.81,18.03,20.1,23.65,33.85,30.68,20.86,11.35,3.26,25.6,23.97,17.04,17.54,15.86,6.790938514,112.8747547,106.88160412,0.901382542,52.6,51.8,26.9,76.4,84.0,16.9,25.7,24.5,67.6,51.5,52.1,35.9,67.5,6.5,89.7,56.3,52.4,47.3,31.8,67.0,75.9,29.799999999999997,86.8,8.0,21.799999999999997,6.3,62.6,31.7,43.5,39.6,34.7,21.0,63.9,28.6,35.9,47.3,67.5,31.8,0.8000000000000043,-67.1,-49.8,-49.50000000000001,-0.8000000000000043,67.1,49.8,49.50000000000001,26.7882,24.267699999999998,16.9807,24.805241381611264,18.599400000000003,39.7404,21.465,21.088918891209193,0.8393057229234056,29.0,39.7,1.4433508380239615,28.6,54.1,0.0,0.0,-0.010000000000005116,18.89,97.11133248711452,-1.0,44.184,8.754199999999999,77.60953413663158,0.6774888388828052,75.99113551385233,3.274795325292169,0.5628,0.5628,-235.00999999999976,0.07246296027914961,16.224,235.00999999999976,13.797877249653899,15.08,51.215,41.305,0,68.91816861415701,-3.0999999999999996,-8.0,8.244793012461312
323,2020 Maryland,2020,Maryland,Region 4,4,Covid,2,Mark Turgeon,2020 Mark Turgeon,ACC,ACC,2020 ACC,2020 Maryland,2020 Maryland,15.3,31.9,24.2,13.8,10.2,12.0,38.5,21.1,13.6,7.6,113.542,107.5739,21.1155,77.36,0.26,1.41,18.83,24.78,16.74,17.91,15.92,24.63,43.49,22.47,18.38,8.93,6.69,34.48,18.2,19.41,14.13,13.75,6.855201061,110.2998813,107.34171538,0.881244835,48.6,53.9,37.7,75.8,83.3,17.3,31.5,26.6,67.6,50.1,55.5,31.1,67.5,11.8,89.1,55.0,45.3,43.1,38.1,67.9,74.7,30.200000000000003,89.0,9.9,15.599999999999994,4.0,61.7,35.8,42.6,29.5,30.5,21.1,67.3,32.4,31.2,43.1,67.5,38.1,-5.299999999999997,-66.0,-41.9,-38.099999999999994,5.299999999999997,66.0,41.9,38.099999999999994,30.8996,19.8827,13.4472,28.006784892236382,13.191,47.5227,25.7175,24.707691110259574,1.0603002250527829,28.9,45.699999999999996,0.879242014645285,32.4,66.5,0.020000000000010232,0.03999999999999204,0.030000000000015348,18.83,95.64318579693831,-0.09999999999999432,40.4838,9.3247,79.56769687713377,0.6650463718697476,76.46525183873617,2.712412430393389,0.17654000000000003,0.17654000000000003,527.0300000000002,0.1324339794166171,19.458,-527.0300000000002,7.550207609524616,14.381999999999998,52.22,42.575,0,65.4696710932896,-0.20000000000000107,-2.5999999999999996,8.054692590929669
324,2020 Butler,2020,Butler,Region 4,5,Covid,1,LaVall Jordan,2020 LaVall Jordan,Horizon,Horz,2020 Horz,2020 Butler,2020 Butler,16.0,31.5,23.8,13.0,10.1,11.8,37.9,20.1,12.9,7.2,112.632,105.7575,18.3891,77.24,0.02,2.22,27.35,21.51,19.25,19.1,13.62,26.45,32.78,36.01,18.69,5.48,6.97,18.7,23.46,24.06,13.65,20.07,4.499785046,111.2558412,107.88492312,0.897626726,52.3,54.2,29.4,69.1,82.7,17.9,29.4,25.4,64.5,52.9,56.5,34.1,67.0,7.8,91.0,50.9,47.8,36.8,37.9,64.5,72.8,28.099999999999994,88.6,4.1,11.099999999999994,6.9,61.9,37.7,42.5,32.7,39.5,25.5,72.0,29.4,34.1,36.8,67.0,37.9,-1.9000000000000057,-64.80000000000001,-45.2,-39.699999999999996,1.9000000000000057,64.80000000000001,45.2,39.699999999999996,26.9689,22.621299999999998,12.548799999999998,24.82893137719248,14.663400000000003,46.56099999999999,25.392999999999997,27.86138307167587,1.1358387000353254,24.5,41.800000000000004,1.0448273132635024,29.4,60.4,0.06999999999999318,0.07000000000000739,0.060000000000002274,27.35,95.36430911298002,-3.5,43.2521,9.7018,80.33949171191094,0.619968088086625,76.24931032146758,2.762846078261372,0.0129,0.0129,198.61000000000035,0.08571334380940868,28.860000000000003,-198.61000000000035,11.665171131906165,22.422,51.885,41.599999999999994,0,69.292001175087,-0.09999999999999964,-2.8999999999999995,8.149924119574315
325,2020 Penn St.,2020,Penn St.,Region 4,6,Covid,1,Pat Chambers,2020 Pat Chambers,Big 10,B10,2020 B10,2020 Penn St.,2020 Penn St.,9.2,35.7,19.5,7.3,12.4,6.9,41.0,13.6,7.5,6.1,110.344,107.5708,17.9147,77.24,0.36,1.83,34.39,19.75,27.66,19.49,19.74,13.34,47.92,17.37,13.0,10.8,10.86,30.82,26.4,16.71,13.66,12.38,3.399407209,109.8991282,109.31805587,0.901175425,49.5,53.6,31.0,68.2,84.2,18.6,29.2,27.6,71.4,50.0,54.8,32.5,67.5,12.1,91.4,53.2,50.7,39.6,32.9,71.7,69.2,31.700000000000003,88.5,8.2,7.400000000000006,4.4,61.5,33.2,47.4,38.5,35.9,27.1,64.7,28.7,32.5,39.6,67.5,32.8,-4.100000000000001,-65.6,-43.2,-37.2,4.100000000000001,65.6,43.2,37.2,27.675000000000004,22.5989,12.87,26.044321198039825,18.5746,40.7089,22.14,27.69843557555793,1.0454281457538952,22.9,41.400000000000006,1.3078869546660163,28.7,57.1,0.020000000000010232,0.04999999999999716,0.030000000000001137,34.39,94.9151863357641,3.700000000000003,41.679,9.969600000000002,79.69839225860125,0.653554624636061,77.67107591775745,3.2086576798936783,0.25812,0.25812,-16.740000000000236,0.13238367195107273,13.359,16.740000000000236,7.553094785554914,22.692,51.339999999999996,41.84,1,67.70510575054556,0.20000000000000018,-6.300000000000001,7.757706945500584
326,2020 West Virginia,2020,West Virginia,Region 4,7,Covid,1,Bob Huggins,2020 Bob Huggins,Big East,BE,2020 BE,2020 West Virginia,2020 West Virginia,10.8,35.0,29.4,13.7,14.6,8.3,39.6,23.2,11.6,11.4,108.323,112.9359,21.2585,77.62,0.85,1.37,42.79,23.65,17.25,20.25,19.38,19.46,38.63,31.44,18.21,6.6,5.12,36.58,26.11,15.74,8.53,13.05,3.376572276,106.1725622,113.26028848,0.910907799,46.5,55.4,40.5,62.9,79.3,22.4,40.1,27.6,69.3,48.0,54.6,28.6,71.2,10.5,91.9,49.5,52.4,29.6,37.5,70.1,64.2,28.5,89.0,5.7,19.799999999999997,7.7,58.7,37.8,46.0,36.3,35.6,32.7,67.0,26.2,28.6,29.6,71.2,37.5,-8.899999999999999,-56.9,-32.3,-22.4,8.899999999999999,56.9,32.3,22.4,27.2616,20.1068,8.4656,27.24339369461888,18.2226,44.254,26.7,23.540603220818284,1.4695449478058173,17.299999999999997,43.5,1.1733020452787926,26.2,56.0,0.009999999999990905,0.0,-0.009999999999990905,42.79,97.67494731242495,2.0999999999999943,36.8745,12.409599999999998,83.37433322394942,0.6378783778559555,76.76837991563634,2.5312786821892654,0.59585,0.59585,807.45,0.1142533813560244,18.769000000000002,-807.45,8.751547471669365,20.002000000000002,52.52,42.715,1,66.0388935394729,-2.0999999999999996,-3.1999999999999993,7.091462135050634
327,2020 Colorado,2020,Colorado,Region 4,8,Covid,1,Tad Boyle,2020 Tad Boyle,Pac 12,P12,2020 P12,2020 Colorado,2020 Colorado,14.0,32.1,22.1,11.1,11.1,10.1,37.6,18.1,9.7,8.4,109.087,106.6264,15.7133,77.32,0.5,1.96,31.21,20.34,24.96,17.7,14.47,22.52,33.09,36.24,10.31,5.28,15.05,22.63,32.87,14.92,10.4,19.17,0.688208626,107.1152246,107.78639138,0.848472446,50.5,53.1,36.2,73.9,80.8,19.4,30.3,23.9,68.1,49.1,55.2,35.1,65.8,7.8,91.4,54.3,53.6,38.6,32.1,68.9,73.6,28.900000000000006,91.2,5.2,15.599999999999994,5.2,56.0,36.8,48.6,45.1,38.8,24.5,68.1,22.8,35.1,38.6,65.8,32.1,-2.6000000000000014,-61.4,-45.8,-37.7,2.6000000000000014,61.4,45.8,37.7,25.350399999999997,23.0546,13.5486,25.622825110956576,22.7298,36.648599999999995,21.121799999999997,24.232674223040263,1.0880547136084557,25.5,42.0,1.5669293791470673,22.8,49.699999999999996,0.010000000000005116,0.029999999999986926,0.009999999999990905,31.21,95.90920301163698,0.9000000000000057,40.803999999999995,10.3014,81.11684823508261,0.6736889120482376,76.1126574769216,2.7915212749335967,0.34450000000000003,0.34450000000000003,528.6099999999997,0.0853382348114353,21.756,-528.6099999999997,11.71644660940905,21.756,51.89000000000001,41.955000000000005,0,68.32732110038229,-1.4000000000000004,-2.6999999999999993,7.7306724162832445
328,2020 Florida,2020,Florida,Region 4,9,Covid,1,Michael White,2020 Michael White,SEC,SEC,2020 SEC,2020 Florida,2020 Florida,16.5,32.4,26.4,17.0,11.5,10.4,39.0,19.1,11.2,7.9,112.467,104.3193,16.7864,77.43,0.08,0.89,24.2,20.49,18.93,22.97,17.91,19.65,49.33,22.56,18.87,4.19,4.97,26.61,20.18,25.15,15.33,12.66,0.169065239,110.8946673,105.81294867,0.867372962,52.1,52.1,34.0,66.3,82.2,19.2,31.1,27.4,66.2,52.2,52.6,34.7,67.4,11.1,93.0,46.5,51.7,36.8,35.6,65.7,72.3,27.099999999999994,89.2,7.6,10.700000000000003,6.8,65.8,33.4,42.5,34.4,36.8,29.9,64.0,29.9,34.4,36.7,67.1,35.7,0.0,-63.0,-41.5,-32.3,0.0,63.0,41.5,32.3,28.756399999999996,23.628,12.6248,26.02735740203629,15.3476,43.0907,23.9547,25.996970977404267,1.1171357728672242,20.1,41.0,1.1540292988991903,29.9,58.800000000000004,0.05000000000001137,0.0799999999999983,0.07000000000000739,24.2,98.08323188674268,-2.299999999999997,42.82620000000001,10.0032,82.76613789024243,0.5754879271296147,77.6298018671736,2.9043312173473406,0.05256,0.05256,661.4700000000003,0.11935355533811463,15.13,-661.4700000000003,8.377623637510135,10.235,52.71,41.065000000000005,0,68.4816237318442,-5.800000000000001,-3.5999999999999996,8.280931419867466
329,2020 Utah St.,2020,Utah St.,Region 4,10,Covid,1,Craig Smith,2020 Craig Smith,Big West,BW,2020 BW,2020 Utah St.,2020 Utah St.,13.8,31.5,24.9,12.2,14.2,12.0,37.9,22.2,13.9,8.3,109.55,105.3717,14.9218,78.44,0.94,1.79,27.6,19.12,22.08,17.2,23.41,18.15,32.09,44.03,14.22,6.38,3.19,26.37,29.63,17.01,12.82,14.12,1.210460024,107.7025534,106.84088356,0.841341002,51.8,53.6,36.3,73.2,81.8,17.5,30.7,22.4,68.0,53.3,55.1,32.9,67.7,8.8,90.9,60.9,51.2,38.2,41.9,68.3,76.3,29.599999999999994,90.3,6.4,11.5,4.8,60.3,42.2,46.7,35.1,38.3,19.6,68.0,22.9,32.9,38.2,67.7,41.9,-1.8000000000000043,-64.3,-46.900000000000006,-36.900000000000006,1.8000000000000043,64.3,46.900000000000006,36.900000000000006,31.2258,20.0746,12.5678,26.081091490452106,16.9437,43.9383,28.366300000000003,26.590270777109435,1.2722180047642733,30.4,48.6,0.9522445765017542,22.9,60.1,0.03999999999999204,0.09000000000000341,0.04999999999998295,27.6,97.35467015289208,0.29999999999999716,42.37239999999999,9.379999999999999,77.43186694995076,0.7381728706318711,74.7595732518468,2.813032250975221,0.64202,0.64202,602.9699999999998,0.09680861596682104,21.837999999999997,-602.9699999999998,10.328371775934553,25.418,52.755,41.275000000000006,0,68.01125665529338,1.700000000000001,-5.899999999999999,7.896430954127586
330,2020 UCLA,2020,UCLA,Region 4,11,Covid,1,Mick Cronin,2020 Mick Cronin,Pac 12,P12,2020 P12,2020 UCLA,2020 UCLA,10.5,37.3,14.2,8.6,8.1,7.7,41.6,12.7,7.9,4.8,109.321,100.6002,9.9215,78.0,1.48,1.01,35.77,19.16,26.33,21.87,17.85,14.75,36.29,26.0,15.53,14.9,7.23,29.05,23.58,20.25,16.44,10.63,-1.042141465,108.0985448,101.88595339,0.752966406,48.4,49.1,37.6,64.8,80.5,19.4,34.5,25.4,66.3,48.4,53.1,32.2,61.7,9.9,91.6,53.6,52.3,33.5,38.0,65.7,71.9,27.599999999999994,81.8,4.9,7.099999999999994,4.2,58.5,30.7,42.4,35.0,39.8,35.8,67.0,27.0,32.2,33.5,61.7,38.0,-0.7000000000000028,-61.1,-40.1,-27.199999999999996,0.7000000000000028,61.1,40.1,27.199999999999996,21.9677,25.035399999999996,10.787,22.10993366490878,15.1382,41.536,23.445999999999998,27.112420278044773,1.0626548461239964,14.200000000000003,35.6,1.0315518012683877,27.0,60.8,0.03999999999999204,0.04999999999999716,0.05000000000001137,35.77,95.62804162874347,-2.299999999999997,38.962,9.5254,82.33146984244645,0.6650041562759768,77.93181745896791,2.681913748012922,0.97236,0.97236,914.960000000001,0.10807742273555966,8.686,-914.960000000001,9.251590748409251,8.181,52.025,39.29,1,70.59299181752655,-0.6999999999999993,-3.3,8.366768984863002
331,2020 Texas,2020,Texas,Region 4,12,Covid,1,Shaka Smart,2020 Shaka Smart,Big 12,B12,2020 B12,2020 Texas,2020 Texas,7.8,35.3,11.0,-0.6,3.9,6.1,40.7,11.8,4.4,7.4,104.066,107.3929,11.4593,77.69,1.07,1.26,32.83,15.9,16.06,21.06,23.73,23.25,36.73,35.73,8.58,7.2,11.76,27.21,28.66,12.55,17.79,13.8,0.993985675,102.0441301,108.61222935,0.780464883,49.9,53.1,22.0,64.7,79.5,20.8,26.7,32.2,66.2,49.7,53.7,33.5,67.8,11.0,90.4,48.4,56.3,42.8,28.2,66.7,68.5,34.0,92.7,11.0,17.599999999999994,5.7,62.6,29.9,43.9,39.0,35.7,27.3,65.4,32.8,33.4,42.8,67.7,28.2,-3.200000000000003,-58.7,-41.099999999999994,-42.7,3.200000000000003,58.7,41.099999999999994,42.7,28.9144,24.0413,14.295199999999998,27.76844732185555,18.1242,40.5426,19.0914,23.310441151266676,0.9555851498796758,22.7,40.9,1.5850501755256907,32.8,55.3,0.0,0.0,-0.010000000000005116,32.83,96.19432660360876,-1.2999999999999972,39.670500000000004,11.0448,80.17494388366869,0.6111033951591519,80.31819067295598,2.7462075020730694,0.7136900000000002,0.7136900000000002,-692.8000000000002,0.12168006991073106,-0.756,692.8000000000002,8.217434778656486,4.914,48.474999999999994,42.585,1,66.89086644950459,5.0,3.5000000000000004,7.190122064661029
332,2020 Akron,2020,Akron,Region 4,13,Covid,1,John Groce,2020 John Groce,MAC,MAC,2020 MAC,2020 Akron,2020 Akron,14.1,33.9,17.2,11.6,7.0,12.0,39.5,15.4,13.2,2.1,108.476,101.0604,9.53601,76.53,0.98,2.31,23.91,14.84,16.76,24.81,14.83,28.72,30.78,28.88,25.74,5.88,8.66,29.14,29.3,17.95,13.7,9.85,-0.991884369,106.943075,103.01077731,0.754639835,51.7,54.1,35.5,70.9,82.1,18.4,27.4,29.2,70.1,49.6,54.8,36.2,68.5,7.2,91.5,50.7,56.7,44.3,34.0,70.2,76.9,33.7,85.9,7.0,23.700000000000003,3.3,55.4,37.3,48.9,43.7,37.5,18.2,65.9,22.6,36.3,44.4,68.3,33.8,-2.3999999999999986,-63.699999999999996,-43.400000000000006,-35.400000000000006,2.3999999999999986,63.699999999999996,43.400000000000006,35.400000000000006,26.6772,22.942199999999996,16.117199999999997,23.129400482214553,22.151400000000002,37.9788,23.085399999999996,20.567287943074394,0.9977252764577375,31.8,44.3,1.3904914055797168,22.6,53.0,0.04000000000000625,0.060000000000016485,0.060000000000002274,23.91,93.61591275122277,2.200000000000003,42.4457,9.9544,80.8652166085675,0.6213159152461367,78.49077737594173,3.167420814479637,0.68796,0.68796,340.6199999999999,0.07868766461568726,26.796,-340.6199999999999,12.706568532148312,16.17,52.010000000000005,42.714999999999996,0,69.92486829639026,1.5999999999999996,-4.9,8.233672796933348
333,2020 Hofstra,2020,Hofstra,Region 4,14,Covid,1,Joe Mihalich,2020 Joe Mihalich,CAA,CAA,2020 CAA,2020 Hofstra,2020 Hofstra,15.2,35.2,11.0,10.4,1.8,11.7,40.7,10.6,10.0,0.6,108.669,97.389,6.05785,75.81,-1.43,2.5,14.25,15.09,17.81,23.62,17.8,25.67,43.55,25.84,18.45,5.61,6.51,30.16,23.43,17.37,14.46,14.56,-2.741843679,106.9203712,98.2948029,0.639931888,51.7,49.7,34.3,79.8,83.5,19.8,29.8,29.5,68.4,49.0,47.2,37.4,69.3,5.5,93.0,45.6,44.9,38.0,36.6,68.8,78.6,27.5,88.9,2.3,12.099999999999994,4.7,60.6,31.9,36.4,34.4,36.6,30.1,59.9,29.0,37.4,38.0,69.3,36.6,2.0,-63.7,-40.7,-45.5,-2.0,63.7,40.7,45.5,21.376099999999997,25.2286,14.212,24.670005404674452,13.0903,42.7348,25.3638,25.60955225431844,0.8999763164127259,19.9,34.199999999999996,1.068276823037622,29.0,60.9,0.010000000000005116,0.03999999999999204,0.01999999999998181,14.25,95.55597367244522,0.7999999999999972,43.1695,9.8406,84.43703673174224,0.568571464196207,77.07677520780459,2.7210472092600444,-0.9838399999999998,-0.9838399999999998,501.47999999999956,0.05913914904140816,26.0,-501.47999999999956,16.906017087802216,4.5,52.66000000000001,42.7,1,69.37153458979265,-0.40000000000000036,-1.2000000000000002,8.6581271177739
334,2020 Northern Kentucky,2020,Northern Kentucky,Region 4,15,Covid,1,Darrin Horn,2020 Darrin Horn,Horizon,Horz,2020 Horz,2020 Northern Kentucky,2020 Northern Kentucky,9.7,34.3,8.6,3.7,4.1,8.1,39.8,12.7,8.0,4.7,101.953,100.1558,2.10894,75.17,-1.48,1.88,31.04,18.81,24.81,16.27,23.38,16.7,48.6,23.21,15.68,7.83,4.62,37.15,21.31,17.84,13.35,10.3,-4.285828593,99.66913528,100.10626645,0.493529014,49.5,53.5,33.4,69.0,82.0,20.2,29.7,31.9,67.9,52.4,52.3,30.6,70.4,5.0,93.6,54.1,47.5,45.3,34.1,66.4,70.1,32.400000000000006,93.8,3.4,14.900000000000006,4.1,61.3,32.7,42.4,32.6,39.3,22.0,62.0,33.3,30.6,45.3,70.4,34.1,-4.0,-61.8,-38.400000000000006,-35.6,4.0,61.8,38.400000000000006,35.6,23.2343,22.5078,13.8618,28.17049283677278,14.433300000000001,44.6524,24.006400000000003,24.65365084526022,0.7968919008410411,28.0,36.1,1.0762147737603005,33.3,63.3,0.030000000000001137,0.05999999999998806,0.05000000000001137,31.04,96.10194535697613,-1.5999999999999943,40.589999999999996,10.806999999999999,78.28085941145598,0.6779363667121966,78.63060885237635,2.6387422920948835,-0.98272,-0.98272,105.73999999999933,0.053418232711188986,6.9559999999999995,-105.73999999999933,18.716256748650267,7.707999999999999,51.24999999999999,43.18000000000001,1,66.63113634908133,4.3,0.6000000000000005,7.67933879676667
335,2020 Robert Morris,2020,Robert Morris,Region 4,16,Covid,1,Andrew Toole,2020 Andrew Toole,NEC,NEC,2020 NEC,2020 Robert Morris,2020 Robert Morris,8.6,38.3,2.7,2.7,2.4,6.8,42.2,6.1,5.1,1.0,100.537,96.168,-3.29486,75.65,-0.55,2.09,27.68,17.84,24.85,22.29,15.85,19.11,34.83,38.28,15.99,5.58,5.25,20.17,32.45,20.87,12.54,13.9,-9.23797572,99.02355428,97.1506937,0.392710727,51.4,49.6,26.0,68.3,81.3,21.4,28.2,29.3,67.1,49.6,48.5,36.1,67.7,5.8,90.5,64.1,49.9,39.6,36.2,66.9,67.6,26.900000000000006,85.5,4.8,8.900000000000006,4.9,59.4,37.9,40.9,43.0,33.0,22.5,64.2,20.7,36.1,39.6,67.7,36.2,1.7999999999999972,-59.9,-42.5,-42.3,-1.7999999999999972,59.9,42.5,42.3,26.6166,21.7206,14.295600000000002,24.370884267912807,18.0231,37.796800000000005,24.507400000000004,27.099984624841888,1.0782555996060705,27.5,42.699999999999996,1.3231678682909311,20.7,52.1,0.060000000000016485,0.07000000000000739,0.06999999999999318,27.68,96.41370386052685,-1.0999999999999943,41.788199999999996,10.6144,76.51301859452123,0.8155112530374931,78.23548192780359,2.668306507673386,-0.3679500000000001,-0.3679500000000001,-79.6700000000003,0.06408768963878851,5.643,79.6700000000003,15.600758489915531,5.015999999999999,50.425000000000004,41.295,0,68.70387239627274,2.3999999999999995,-1.4,7.954200418014121
336,2020 Kansas,2020,Kansas,Region 1,1,Covid,3,Bill Self,2020 Bill Self,Big 12,B12,2020 B12,2020 Kansas,2020 Kansas,17.2,28.1,35.1,17.5,17.0,13.0,35.6,27.5,13.8,13.7,115.772,114.4625,30.234,78.16,1.28,1.56,23.65,26.22,15.27,16.25,15.89,26.29,50.12,22.48,6.58,12.86,7.86,34.66,20.41,15.19,14.99,14.66,10.853878,114.7501972,113.83658778,0.964252995,53.7,56.3,35.8,76.8,81.3,18.6,32.6,26.4,67.6,54.9,57.6,34.1,69.5,13.7,90.3,51.0,47.4,32.5,41.3,68.1,67.1,32.8,89.4,14.0,15.0,5.8,63.8,44.7,48.5,29.1,37.4,22.8,66.5,29.6,34.1,32.5,69.5,41.3,-2.5999999999999943,-62.699999999999996,-41.0,-41.0,2.5999999999999943,62.699999999999996,41.0,41.0,41.034600000000005,19.6097,11.0825,25.831811783148314,14.983500000000001,48.3875,28.7035,25.03123049312598,1.8060982738992648,27.2,58.7,0.8450158591801652,29.6,65.1,0.0800000000000125,0.10000000000000853,0.09000000000001762,23.65,94.26461160861795,0.09999999999999432,43.6581,10.471800000000002,81.32226905595176,0.6265279296323141,76.04301424000023,2.5346238169081863,0.8716799999999999,0.8716799999999999,-116.86000000000013,0.15171482043388224,27.3,116.86000000000013,6.59075979855485,26.52,53.69500000000001,43.97,0,68.50079130088865,-3.6999999999999993,-3.3000000000000007,7.614315917301148
337,2020 Kentucky,2020,Kentucky,Region 1,2,Covid,2,John Calipari,2020 John Calipari,SEC,SEC,2020 SEC,2020 Kentucky,2020 Kentucky,16.1,31.3,22.6,12.7,7.9,11.6,38.3,16.4,10.5,6.1,112.665,104.9391,17.6045,78.04,1.83,0.99,25.66,22.47,15.23,19.36,21.45,21.47,39.9,33.51,16.65,4.86,5.04,26.4,21.23,17.2,17.42,17.72,5.071039443,110.9441168,106.33072149,0.875058827,50.7,54.7,40.7,67.9,81.9,17.3,30.9,28.5,68.5,50.4,55.1,34.3,69.3,13.6,92.3,52.1,53.3,26.6,38.4,68.4,79.8,31.200000000000003,95.2,9.9,20.0,6.7,67.1,33.7,40.5,32.0,36.4,39.8,70.9,29.6,34.3,26.6,69.3,38.3,-4.0,-64.60000000000001,-40.6,-27.200000000000003,4.0,64.60000000000001,40.6,27.200000000000003,32.0375,23.610999999999997,9.1238,28.83660867716591,14.3,47.5283,26.541899999999995,24.491001748941727,1.639036126461411,10.200000000000003,43.6,1.0104174825722567,29.6,61.3,0.01999999999999602,0.03999999999999204,0.030000000000001137,25.66,97.10488687613075,0.4000000000000057,41.523300000000006,9.4631,81.65172750357699,0.6299802904438881,77.83494858456078,2.944588696757086,1.2517200000000002,1.2517200000000002,1129.3799999999997,0.14734401577447698,12.572999999999999,-1129.3799999999997,6.786265715756195,7.821000000000001,53.040000000000006,42.09,0,66.88781663064911,-2.1999999999999993,-1.8000000000000007,8.236124703521345
338,2020 Duke,2020,Duke,Region 1,3,Covid,2,Mike Krzyzewski,2020 Mike Krzyzewski,ACC,ACC,2020 ACC,2020 Duke,2020 Duke,14.3,32.3,26.5,14.6,9.4,10.5,38.6,21.9,12.5,9.4,115.725,108.8942,24.6197,78.22,1.05,1.01,35.62,27.33,18.96,16.41,22.5,14.78,36.4,18.17,20.65,16.8,7.93,34.34,16.25,18.69,16.76,13.92,5.092625278,114.2575726,109.83675284,0.938404043,52.6,54.3,35.6,69.1,82.2,20.2,34.8,28.0,72.8,52.5,54.0,35.2,70.1,13.6,91.0,52.1,53.2,31.5,26.7,72.5,72.0,32.900000000000006,90.0,9.7,12.200000000000003,7.1,60.3,44.4,44.1,43.4,38.1,24.1,68.3,29.9,35.2,31.5,70.1,26.7,-1.6999999999999957,-62.0,-37.2,-33.49999999999999,1.6999999999999957,62.0,37.2,33.49999999999999,35.50319999999999,20.2701,11.088000000000001,25.347583711273153,20.0056,39.1384,18.7167,27.05258767659759,1.7174057966413763,25.9,54.099999999999994,1.8913149320250178,29.9,49.5,0.01999999999999602,0.05000000000001137,0.03999999999999204,35.62,94.97016600671553,4.5,43.2372,10.968599999999999,83.45743027143143,0.6528740241350359,77.31436738927901,2.9885961462839172,0.76125,0.76125,289.80999999999995,0.14944890715486642,14.746,-289.80999999999995,6.690684508492023,9.494,53.89,42.735,1,68.8024300813059,-2.0999999999999996,-0.0,8.12719017918145
339,2020 Wisconsin,2020,Wisconsin,Region 1,4,Covid,1,Greg Gard,2020 Greg Gard,Big 10,B10,2020 B10,2020 Wisconsin,2020 Wisconsin,13.0,32.3,21.7,10.1,12.4,8.0,39.4,14.0,6.8,7.2,110.8,108.1458,18.9453,77.12,1.19,1.89,28.87,30.6,16.4,19.81,16.74,16.43,31.91,32.62,15.54,14.27,5.64,28.28,19.28,15.7,18.14,18.58,4.185770036,109.2688552,109.03992839,0.891774265,50.3,53.6,26.9,74.7,84.6,16.9,24.1,25.9,64.5,48.3,55.1,35.2,66.9,9.7,90.4,51.1,52.2,44.5,32.5,64.3,76.4,31.0,93.5,4.8,15.299999999999997,5.0,57.3,24.7,45.2,35.2,41.1,30.8,66.0,32.3,35.2,44.5,66.9,32.5,-3.3000000000000043,-67.69999999999999,-50.0,-47.800000000000004,3.3000000000000043,67.69999999999999,50.0,47.800000000000004,18.6411,28.3228,15.664000000000001,26.20551786679032,16.675400000000003,43.0605,21.7425,24.20640411130906,0.6629064515404148,19.2,29.5,1.236885018922495,32.3,59.8,0.020000000000010232,0.020000000000010232,0.01999999999999602,28.87,93.90228485414414,-3.700000000000003,42.553799999999995,9.058399999999999,78.58626779583115,0.6149143812950506,76.95927412063091,3.3893902993312115,0.7651699999999999,0.7651699999999999,-260.5400000000004,0.10729969801219011,19.089,260.5400000000004,9.318626945675705,23.436,50.12499999999999,42.05,1,68.42005480201283,-3.3,-5.2,7.74533319524942
340,2020 Auburn,2020,Auburn,Region 1,5,Covid,2,Bruce Pearl,2020 Bruce Pearl,SEC,SEC,2020 SEC,2020 Auburn,2020 Auburn,14.4,33.7,23.4,15.1,9.0,10.0,40.0,16.8,11.3,5.5,111.366,104.543,15.9091,77.3,0.03,2.05,29.39,21.94,16.72,18.69,21.94,20.66,40.92,16.32,20.3,11.75,10.63,34.8,19.93,15.66,14.27,15.27,4.607649398,110.0632299,105.85485501,0.857722263,50.0,52.9,43.8,66.1,82.1,18.7,35.3,27.4,70.5,53.3,53.8,30.6,67.5,12.9,90.7,49.1,54.4,44.1,36.3,70.0,67.4,28.299999999999997,90.4,12.0,9.700000000000003,6.1,60.7,41.0,44.9,39.7,33.0,14.9,68.6,24.0,30.6,44.1,67.5,36.3,-2.8999999999999986,-63.39999999999999,-37.300000000000004,-22.299999999999997,2.8999999999999986,63.39999999999999,37.300000000000004,22.299999999999997,35.73500000000001,18.4116,13.4946,28.03561722761483,18.416999999999998,40.966499999999996,24.5025,27.572253565254083,1.2017868075553844,35.1,53.0,1.2616732321423656,24.0,54.199999999999996,0.05000000000001137,0.0799999999999983,0.07000000000000739,29.39,97.73964604541678,2.0,41.05,9.8923,81.74989005866733,0.6039286109641948,77.71077338643775,3.0389363722697045,0.021,0.021,1081.4900000000002,0.14222555429377845,30.955,-1081.4900000000002,7.030462754825208,18.45,54.155,41.230000000000004,1,65.68955776567343,-3.799999999999999,-3.5,8.15254820936639
341,2020 Iowa,2020,Iowa,Region 1,6,Covid,1,Fran McCaffery,2020 Fran McCaffery,Big 10,B10,2020 B10,2020 Iowa,2020 Iowa,13.3,36.8,19.9,14.0,3.7,12.4,39.8,19.1,15.1,3.8,117.283,101.3672,18.6502,77.73,1.59,1.48,29.01,35.01,18.53,15.7,15.05,15.64,42.89,24.31,13.43,9.12,10.18,31.15,26.22,20.74,10.54,11.29,3.342564218,115.8470649,102.02978979,0.872970874,51.6,50.6,34.4,73.2,82.9,17.6,32.0,29.5,70.6,51.3,49.7,34.7,67.9,10.6,90.1,63.9,41.3,37.6,40.0,70.9,75.0,27.400000000000006,89.4,4.1,20.299999999999997,6.5,61.9,36.4,40.6,35.3,37.0,25.8,63.1,24.9,35.1,37.7,68.3,39.9,1.0,-65.30000000000001,-38.5,-38.800000000000004,-1.0,65.30000000000001,38.5,38.800000000000004,26.196999999999996,22.7787,13.232700000000001,25.482608448377754,15.651299999999997,42.9636,27.251699999999996,22.076590165452032,1.0742420625447602,24.2,40.5,1.0475927921605974,24.9,58.2,0.07000000000000739,0.06999999999999318,0.060000000000002274,29.01,91.49320683218406,2.9000000000000057,42.7764,8.905600000000002,77.83164248694827,0.7754760257763861,77.10064310997494,2.4150634465820717,1.12731,1.12731,574.3199999999995,0.11764575309929967,20.72,-574.3199999999995,8.499198188850109,5.476,52.925,41.519999999999996,0,68.66903001782897,1.0999999999999996,0.09999999999999964,9.069999269988022
342,2020 Providence,2020,Providence,Region 1,7,Covid,1,Ed Cooley,2020 Ed Cooley,Big East,BE,2020 BE,2020 Providence,2020 Providence,11.1,33.6,21.5,10.9,11.2,7.8,38.5,15.3,7.4,8.0,107.805,107.199,15.0042,77.5,0.37,2.22,30.7,19.17,19.26,20.96,19.64,20.93,39.95,29.53,19.86,6.16,4.43,21.94,25.06,20.81,16.89,15.26,0.339440729,107.1510401,108.78812415,0.864376375,47.3,52.6,35.9,62.6,80.7,21.4,33.7,28.4,69.6,45.9,52.1,33.2,68.9,9.6,91.1,58.2,48.7,36.6,36.9,69.4,69.4,29.299999999999997,82.8,7.9,4.0,7.0,54.7,38.9,42.4,38.9,32.0,24.4,67.8,24.3,33.5,36.7,69.3,36.8,-5.300000000000004,-59.300000000000004,-37.9,-26.700000000000003,5.300000000000004,59.300000000000004,37.9,26.700000000000003,27.819499999999998,20.1025,12.294500000000001,23.748192913707488,16.773600000000002,41.9778,25.502399999999998,30.523365367097604,1.275169613906978,25.6,46.8,1.2472487160674983,24.3,54.1,0.03999999999999204,0.06999999999999318,0.03999999999999204,30.7,99.11226693201165,1.4000000000000057,38.1711,11.2564,80.63330779028128,0.7404485948015929,77.47892610093152,2.52318532718512,0.25678,0.25678,657.2800000000002,0.10537754799618006,24.198000000000004,-657.2800000000002,9.488594938027289,24.864,51.22,41.46,0,68.12288565164047,-3.5,-3.1999999999999993,7.55643656716418
343,2020 Houston,2020,Houston,Region 1,8,Covid,1,Kelvin Sampson,2020 Kelvin Sampson,Conference USA,CUSA,2020 CUSA,2020 Houston,2020 Houston,12.2,34.8,25.1,12.0,13.0,7.9,40.6,20.4,10.6,9.8,112.73,107.6596,20.3901,77.37,-0.27,1.31,36.87,12.01,18.36,23.12,21.8,24.65,39.2,25.19,8.64,22.42,4.48,18.48,19.3,20.02,27.53,14.6,2.671653124,111.1944222,108.02957697,0.898698976,48.0,56.1,32.9,58.4,82.2,18.2,38.7,25.3,66.8,46.6,55.5,33.7,71.4,15.1,94.3,50.8,45.9,34.3,39.5,66.5,73.0,31.0,83.3,5.9,15.299999999999997,5.9,60.6,26.6,44.7,33.2,37.1,39.1,68.5,27.3,33.7,34.3,71.3,39.5,-8.100000000000001,-64.0,-36.0,-25.5,8.100000000000001,64.0,36.0,25.5,21.0343,26.065200000000004,11.5591,23.089156906796457,15.743100000000002,46.864,28.1635,26.00070511864374,0.9474942421503748,10.899999999999999,32.5,0.989848358269411,27.3,60.9,0.060000000000002274,0.06999999999999318,0.07000000000000739,36.87,94.97193178248345,-1.5,39.456,10.2102,86.43400876003253,0.6210193029425067,74.79475454598983,2.578506825459244,-0.17955000000000002,-0.17955000000000002,591.3,0.16012555540238174,15.72,-591.3,6.244619561618436,17.03,52.425000000000004,40.81,1,69.92234779793404,-1.4000000000000004,-3.1999999999999993,7.970868637180175
344,2020 Marquette,2020,Marquette,Region 1,9,Covid,1,Steve Wojciechowski,2020 Steve Wojciechowski,Big East,BE,2020 BE,2020 Marquette,2020 Marquette,14.8,34.2,21.3,13.9,8.0,10.5,40.9,18.9,13.1,5.9,114.049,103.1387,17.1874,77.15,0.74,2.12,31.25,13.38,14.81,19.71,14.55,37.53,43.87,27.84,15.08,4.86,8.29,27.43,23.76,14.61,20.8,13.37,1.228703041,112.0555387,104.65569757,0.864976163,51.6,53.2,39.2,65.1,81.1,15.1,30.0,26.0,71.4,46.9,54.0,38.2,67.8,10.6,90.6,53.5,48.0,44.6,34.9,71.6,74.3,33.5,86.3,7.5,17.099999999999994,5.8,56.0,31.7,45.9,36.8,34.7,23.7,64.5,28.3,38.2,44.6,67.7,34.9,-1.6000000000000014,-66.0,-44.0,-25.89999999999999,1.6000000000000014,66.0,44.0,25.89999999999999,24.2245,25.261100000000003,17.037200000000002,23.58855654761435,17.883,41.88080000000001,23.6273,23.2163735324878,0.8789040604470753,26.3,39.2,1.220595398412653,28.3,57.400000000000006,0.01999999999999602,0.060000000000002274,0.030000000000001137,31.25,89.90237750755159,3.5999999999999943,41.8476,8.0332,82.61722903176977,0.6301456991083733,76.4607457584448,2.5395481720543875,0.52984,0.52984,731.71,0.11699650114237149,29.468000000000004,-731.71,8.546363550608433,16.96,52.795,40.019999999999996,1,69.51971609618754,-0.8000000000000007,-2.0999999999999996,8.557720741867582
345,2020 Arizona St.,2020,Arizona St.,Region 1,10,Covid,1,Bobby Hurley,2020 Bobby Hurley,Pac 12,P12,2020 P12,2020 Arizona St.,2020 Arizona St.,8.3,35.2,11.2,3.2,5.3,8.2,39.2,11.1,7.3,3.6,105.993,105.3038,11.2968,77.1,0.26,1.83,33.96,14.77,17.4,15.46,24.32,28.01,31.48,36.42,14.43,10.76,6.88,20.4,30.43,18.3,17.3,13.52,0.945647455,103.953277,107.09727771,0.784564763,48.8,50.9,32.4,65.8,82.1,22.3,26.5,28.6,73.7,49.0,51.2,32.3,66.9,9.4,90.1,42.3,49.5,36.9,38.2,73.8,69.5,31.900000000000006,83.1,4.9,11.700000000000003,6.9,56.7,39.7,43.1,39.0,36.1,23.4,65.0,22.8,32.3,36.9,66.9,38.2,-2.1000000000000014,-59.8,-44.9,-33.4,2.1000000000000014,59.8,44.9,33.4,26.5818,20.3661,11.9187,23.310870139629422,17.616300000000003,40.375800000000005,25.555800000000005,25.696222160724975,1.2086393322674185,26.6,44.6,1.2015392267218135,22.8,54.1,0.03999999999999204,0.029999999999986926,0.05000000000001137,33.96,94.13598516372954,5.799999999999997,40.0648,11.3507,81.16511294420404,0.5443945380368335,78.27167428387122,2.765208647561588,0.19188,0.19188,152.7799999999993,0.10432736595598273,5.856000000000001,-152.7799999999993,9.584086799276673,9.699,50.205,41.525,0,69.06808430252677,4.1,-1.6999999999999997,7.565353146295326
346,2020 East Tennessee St.,2020,East Tennessee St.,Region 1,11,Covid,1,Steve Forbes,2020 Steve Forbes,Southern,SC,2020 SC,2020 East Tennessee St.,2020 East Tennessee St.,11.7,34.8,15.9,9.0,5.6,7.5,40.1,13.1,7.3,5.8,108.248,103.9841,12.232,76.14,-0.48,2.2,29.59,23.37,19.43,21.81,18.67,16.7,40.19,24.07,13.38,9.65,12.67,31.09,25.56,14.67,13.09,15.56,2.485326827,105.8936662,103.79047669,0.750808993,53.5,50.2,36.9,66.9,81.8,22.4,31.8,26.2,67.5,55.2,48.9,33.9,68.3,10.3,91.6,50.7,52.9,39.2,38.2,66.8,70.2,30.099999999999994,94.3,6.6,5.599999999999994,5.3,66.1,38.3,37.8,36.0,36.7,22.5,64.3,25.9,33.9,39.2,68.3,38.2,3.299999999999997,-59.4,-42.0,-30.000000000000007,-3.299999999999997,59.4,42.0,30.000000000000007,31.5401,21.546300000000002,13.288800000000002,28.387497247908275,13.904799999999998,42.744299999999996,26.0906,28.95732492249011,1.1453789444146834,27.5,44.9,1.081123530797623,25.9,58.7,0.01999999999999602,0.04000000000000625,0.030000000000001137,29.59,97.37241936374923,-1.2000000000000028,43.763,11.2448,80.7879665263577,0.653342096107009,76.51554775356543,2.906433712433382,-0.32064,-0.32064,576.6900000000003,0.11244418729053177,19.8,-576.6900000000003,8.892340549461217,12.32,53.745,40.955,0,67.04435513170318,-1.7000000000000002,0.20000000000000018,7.909952964415094
347,2020 Liberty,2020,Liberty,Region 1,12,Covid,1,Ritche McKay,2020 Ritche McKay,Big South,BSth,2020 BSth,2020 Liberty,2020 Liberty,10.6,32.2,15.5,8.2,9.0,8.8,39.5,13.5,9.2,4.3,106.095,103.5807,9.67582,75.55,-0.96,2.05,23.47,22.21,24.84,18.25,17.4,17.26,53.6,13.17,19.25,9.1,4.8,28.28,25.01,15.84,12.32,18.5,-0.344631336,104.4294101,106.04961816,0.771369853,54.4,54.4,32.0,71.4,84.8,19.4,23.9,21.3,61.2,55.7,54.1,35.0,70.0,8.4,94.2,51.7,55.5,40.0,39.3,62.1,71.2,30.5,87.5,5.7,14.799999999999997,2.8,63.7,38.6,43.4,35.1,41.3,21.4,68.7,25.6,34.9,40.0,70.0,39.3,0.0,-65.4,-54.8,-39.400000000000006,0.0,65.4,54.8,39.400000000000006,29.5757,22.7982,13.96,23.874323725151534,15.6478,45.0972,27.51,26.012096545005107,1.1074723131921704,28.6,44.300000000000004,0.9643520521106335,25.6,62.1,0.04000000000000625,0.0800000000000125,0.04999999999998295,23.47,96.62215009214441,-5.899999999999999,46.1312,10.553599999999998,76.42855779171778,0.6414312477512686,73.80926236221671,3.651075587132425,-0.59616,-0.59616,100.69999999999982,0.08917102790840861,16.81,-100.69999999999982,11.212950839185812,18.45,52.54,41.58,1,70.42523631563583,1.0,-4.7,7.742639385142356
348,2020 North Texas,2020,North Texas,Region 1,13,Covid,1,Grant McCasland,2020 Grant McCasland,Sun Belt,SB,2020 SB,2020 North Texas,2020 North Texas,13.6,36.9,15.1,12.2,0.7,10.2,41.9,10.8,10.7,0.0,111.197,98.773,9.97014,76.54,-0.29,2.1,28.46,20.17,14.4,20.77,23.91,20.71,47.84,34.44,8.8,6.62,2.25,27.42,31.07,16.41,13.95,11.11,-3.484310608,109.7532833,101.2257807,0.770666926,55.3,50.2,29.4,61.2,79.4,20.7,29.3,27.7,64.3,54.6,52.2,37.5,64.5,8.7,90.1,49.5,53.5,40.9,36.4,63.8,76.9,30.900000000000006,92.8,9.3,12.799999999999997,5.0,69.7,31.9,36.3,28.5,36.9,27.1,65.1,35.1,37.5,40.9,64.5,36.4,5.099999999999994,-58.7,-43.0,-31.800000000000004,-5.099999999999994,58.7,43.0,31.800000000000004,30.8647,25.337400000000002,15.3375,27.125556829922097,10.9855,46.32809999999999,23.477999999999998,25.142046456086266,1.007310334710643,22.9,41.2,0.9203043872421088,35.1,66.5,0.03999999999999204,0.04999999999999716,0.03999999999999204,28.46,96.54407465358408,-4.200000000000003,43.9082,10.3914,81.1412090364808,0.6242039822953052,78.62664537739674,2.596961312557643,-0.18502,-0.18502,369.77999999999975,0.09655830678904784,25.62,-369.77999999999975,10.355131594069649,1.47,52.239999999999995,39.975,2,68.58706683963028,-1.5,-0.7,8.757719642820984
349,2020 Belmont,2020,Belmont,Region 1,14,Covid,1,Rick Byrd,2020 Rick Byrd,Atlantic Sun,ASun,2020 ASun,2020 Belmont,2020 Belmont,11.4,35.5,16.0,9.8,8.6,8.7,40.3,16.8,9.9,6.9,106.527,99.492,6.01954,77.42,1.0,1.64,29.72,24.95,20.41,12.2,24.02,18.4,34.96,19.09,14.82,10.62,20.45,24.99,18.47,16.76,14.07,25.68,-2.250098499,105.5280219,101.78255601,0.695427149,54.8,52.2,22.9,75.7,84.0,19.5,24.7,26.7,72.3,56.8,53.3,34.8,66.8,7.6,91.9,60.4,52.7,43.6,34.6,71.3,71.0,35.8,89.3,2.5,10.0,3.1,66.2,35.9,39.5,32.8,40.5,20.6,67.1,32.7,34.9,43.6,66.7,34.6,2.5999999999999943,-64.5,-48.6,-52.800000000000004,-2.5999999999999943,64.5,48.6,52.800000000000004,25.9983,23.5594,15.2164,25.076466391153808,13.266,45.01990000000001,23.078200000000002,27.152823671458798,0.8807137450975895,29.4,38.4,1.0375422675645212,32.7,64.1,0.020000000000010232,0.05999999999998806,0.030000000000001137,29.72,94.8953227330222,3.299999999999997,46.032,10.179,74.75949650826689,0.7503012384939317,77.45278292502296,3.293544153490407,0.713,0.713,-1084.16,0.08269768555293194,16.072,1084.16,12.090514405999212,14.104,51.295,42.45,1,69.71531467107017,0.09999999999999964,-1.6999999999999993,8.206984410963585
350,2020 North Dakota St.,2020,North Dakota St.,Region 1,15,Covid,1,David Richman,2020 David Richman,Summit,Sum,2020 Sum,2020 North Dakota St.,2020 North Dakota St.,12.0,37.1,9.6,8.3,0.0,10.0,41.3,11.1,10.1,1.0,106.806,98.756,5.56201,76.65,-0.3,2.22,32.1,19.29,22.59,15.56,14.22,28.34,28.94,41.27,19.89,4.17,5.73,27.42,24.23,19.39,15.26,13.7,-3.148693739,104.2580279,99.3896764,0.600982585,51.9,50.8,33.3,73.4,85.3,14.6,22.4,19.0,67.5,51.2,50.7,35.2,67.3,5.5,90.1,46.5,62.1,46.3,30.7,66.7,79.5,27.799999999999997,83.8,3.9,5.700000000000003,2.9,57.6,35.3,39.5,36.1,39.0,18.5,62.9,33.0,35.2,46.2,67.3,30.9,1.1000000000000014,-70.7,-58.6,-40.10000000000001,-1.1000000000000014,70.7,58.6,40.10000000000001,23.601,23.477400000000003,16.262400000000003,22.206605623852855,14.424800000000001,41.552699999999994,20.795699999999997,28.208450270560178,0.8484664834094499,31.5,39.199999999999996,1.2620950778291964,33.0,61.0,0.0,-1.4210854715202004e-14,-1.4210854715202004e-14,32.1,94.30153968163329,-1.2999999999999972,44.2707,7.416799999999999,77.72983471860545,0.5444901113570098,72.63291210622535,4.224202435208489,-0.20010000000000003,-0.20010000000000003,606.8299999999999,0.06104260774020266,18.426000000000002,-606.8299999999999,16.37884021087075,0.0,51.559999999999995,38.78,1,70.82209400515802,1.799999999999999,1.0,8.315030833257389
351,2020 Siena,2020,Siena,Region 1,16,Covid,1,Carmen Maciariello,2020 Carmen Maciariello,MAAC,MAAC,2020 MAAC,2020 Siena,2020 Siena,12.5,38.3,8.1,9.9,0.0,11.0,42.0,12.5,12.4,0.2,107.169,94.895,2.0644,77.42,-0.24,1.49,25.63,27.1,20.64,17.96,15.43,18.86,36.75,31.91,13.06,9.1,9.19,26.07,32.8,14.53,13.8,12.8,-5.859245569,105.1563926,96.4298514,0.543587777,51.8,51.6,36.3,73.1,80.8,17.2,31.9,26.0,67.2,51.0,51.3,35.5,68.2,8.1,90.2,52.1,55.0,33.2,34.8,67.6,70.4,25.599999999999994,81.8,5.9,6.0,4.4,57.5,43.4,43.9,40.1,39.0,23.4,63.2,25.1,35.5,33.2,68.2,34.8,0.19999999999999574,-63.599999999999994,-42.1,-36.8,-0.19999999999999574,63.599999999999994,42.1,36.8,29.7812,20.912,11.786000000000001,21.222079697019957,17.8679,39.5968,23.733600000000003,28.232767605508794,1.48489503328213,26.6,49.3,1.2786988879629897,25.1,55.5,0.010000000000005116,-0.009999999999990905,1.4210854715202004e-14,25.63,95.60780009562406,-0.4000000000000057,41.85439999999999,8.8752,82.52906233739115,0.62921945387133,76.63867080796683,2.8644341440549965,-0.16223999999999997,-0.16223999999999997,684.1600000000005,0.08979944789969067,14.751000000000001,-684.1600000000005,11.134427848413777,0.0,52.745000000000005,41.105,0,71.58001279292772,2.5,0.2,8.79331057157309
352,2020 Baylor,2020,Baylor,Region 3,1,Covid,2,Scott Drew,2020 Scott Drew,Big 12,B12,2020 B12,2020 Baylor,2020 Baylor,15.9,28.8,34.6,16.7,14.3,12.3,37.1,24.5,15.0,9.5,113.545,111.944,25.4894,76.83,0.07,1.87,26.11,19.02,15.33,20.9,26.28,18.41,30.5,44.63,10.68,8.99,5.1,25.27,25.46,17.42,17.75,14.02,8.536635702,112.9036498,112.90119897,0.951853116,49.4,54.8,30.8,69.2,82.2,22.7,35.8,29.8,66.6,47.5,55.6,35.1,68.9,12.5,87.1,54.1,47.4,36.9,35.0,67.0,69.0,31.299999999999997,83.3,7.0,20.299999999999997,7.0,61.6,30.3,40.0,26.8,34.5,32.8,66.6,38.3,35.1,36.9,68.8,34.9,-5.399999999999999,-59.5,-34.400000000000006,-38.400000000000006,5.399999999999999,59.5,34.400000000000006,38.400000000000006,24.4958,24.267899999999997,12.9519,23.474436450459606,12.141,49.51899999999999,24.0112,23.14063885606157,1.0108127151025719,17.200000000000003,37.3,0.9684536259706026,38.3,66.2,0.060000000000002274,0.10000000000000853,0.0799999999999983,26.11,95.95200419960692,-1.0,40.6068,12.439599999999999,84.31000189214059,0.6998615800571791,78.06907509843822,2.6627717543958207,0.046900000000000004,0.046900000000000004,-40.75999999999976,0.14351155555045292,31.229,40.75999999999976,6.967442604591633,26.741000000000003,52.089999999999996,43.93500000000001,1,69.55343246916253,-1.6999999999999993,-4.800000000000001,7.642927330385456
353,2020 Creighton,2020,Creighton,Region 3,2,Covid,1,Greg McDermott,2020 Greg McDermott,Missouri Valley,MVC,2020 MVC,2020 Creighton,2020 Creighton,18.7,33.1,28.3,20.7,9.5,13.6,38.6,20.5,16.4,4.1,118.223,102.7088,20.9317,76.51,-1.52,1.64,19.45,19.45,19.39,17.93,23.97,19.2,55.18,29.94,5.99,3.96,4.84,23.32,19.27,21.2,20.66,15.49,6.097540098,118.1960241,104.8976076,0.924141044,55.2,51.6,28.8,76.6,84.1,17.6,23.9,30.2,69.8,53.0,51.1,38.7,68.2,6.6,90.6,56.1,49.0,42.7,38.4,69.1,74.9,30.0,79.7,7.2,10.700000000000003,4.9,62.6,34.7,41.8,31.0,38.1,22.6,60.4,30.7,39.1,42.8,68.7,38.3,3.6000000000000014,-66.5,-45.900000000000006,-47.8,-3.6000000000000014,66.5,45.900000000000006,47.8,27.4606,25.345399999999998,16.7348,20.051662441470203,13.4823,44.8549,26.3121,25.722493399098514,0.9789490899745336,27.4,41.900000000000006,0.9373123417143157,30.7,64.1,0.05999999999998806,0.09000000000000341,0.060000000000002274,19.45,97.68917330809946,1.0999999999999943,46.4232,9.081600000000002,77.03685051831415,0.6808169803764517,78.6612543008841,3.081567197031632,-1.05032,-1.05032,-140.87999999999965,0.07284687806977848,33.94799999999999,140.87999999999965,13.725193152552643,15.579999999999998,52.205000000000005,42.56999999999999,3,73.23863872420473,-4.300000000000001,-5.4,9.010391413477583
354,2020 Michigan St.,2020,Michigan St.,Region 3,3,Covid,3,Tom Izzo,2020 Tom Izzo,Big 10,B10,2020 B10,2020 Michigan St.,2020 Michigan St.,15.3,32.1,28.1,14.5,11.1,12.1,37.0,23.9,14.0,9.6,115.245,108.785,24.0297,77.54,0.29,1.4,31.97,17.13,19.07,16.07,19.66,28.07,40.07,33.24,15.14,9.07,2.47,28.97,28.24,17.09,15.76,9.94,5.225742827,113.6519705,109.82540238,0.934687019,52.6,56.7,30.8,70.7,81.9,15.8,32.8,26.0,69.3,52.9,56.6,34.8,71.3,13.4,90.8,65.0,44.3,37.5,37.7,70.1,75.0,29.700000000000003,84.8,9.2,11.400000000000006,3.8,64.9,33.6,44.1,32.0,38.9,28.9,69.8,30.3,34.8,37.5,71.3,37.7,-4.100000000000001,-66.10000000000001,-41.2,-39.900000000000006,4.100000000000001,66.10000000000001,41.2,39.900000000000006,29.608000000000004,24.292099999999998,13.05,23.454992361257904,14.5452,48.0295,26.880100000000002,28.092763006392467,1.141302898589371,21.1,42.8,0.9495769342988248,30.3,64.2,0.0,0.009999999999990905,0.0,31.97,95.26219460087268,2.0999999999999943,43.07940000000001,8.9586,77.71093355701123,0.7719623282383818,74.88298125275249,2.4473785978675218,0.20328999999999997,0.20328999999999997,210.20999999999958,0.1475754672305371,20.299999999999997,-210.20999999999958,6.775613760167151,15.54,52.695,42.435,0,70.42469091816572,-0.5,-1.5,8.093734487893663
355,2020 Louisville,2020,Louisville,Region 3,4,Covid,1,Chris Mack,2020 Chris Mack,Conference USA,CUSA,2020 CUSA,2020 Louisville,2020 Louisville,16.1,34.3,35.2,23.2,16.0,11.3,39.0,22.5,15.7,6.8,114.45,106.9132,21.3628,77.01,0.68,2.2,32.93,24.04,24.98,19.82,14.44,16.65,36.54,20.87,27.81,11.41,3.27,29.48,23.92,23.7,15.92,6.89,4.338075377,113.6482971,108.00654551,0.919160726,52.5,54.9,32.2,71.0,82.0,17.4,32.0,25.0,67.2,50.1,54.9,37.6,69.9,7.9,91.0,53.5,52.8,38.0,41.0,67.7,73.1,27.0,86.8,9.5,21.799999999999997,5.3,61.6,31.6,44.7,25.8,38.3,30.5,63.0,33.2,37.4,37.9,69.7,41.1,-2.3999999999999986,-64.6,-43.0,-38.8,2.3999999999999986,64.6,43.0,38.8,27.711600000000004,25.856099999999998,14.174599999999998,23.375539209467092,12.688000000000002,49.56270000000001,28.6467,21.44963092145566,1.0844041054325744,19.5,41.1,0.7566725870416778,33.2,68.9,0.06999999999999318,0.10000000000000853,0.0899999999999892,32.93,95.4368453894263,-0.29999999999999716,43.05,9.5526,83.0938801307024,0.6476919165627535,75.75467971622695,2.9331703794233652,0.4603600000000001,0.4603600000000001,436.82000000000016,0.08681223283260624,51.04,-436.82000000000016,11.517529426654853,35.2,52.73,41.96,1,70.56034499809796,-7.5,-9.2,8.20484556775433
356,2020 Ohio St.,2020,Ohio St.,Region 3,5,Covid,1,Chris Holtmann,2020 Chris Holtmann,Big 10,B10,2020 B10,2020 Ohio St.,2020 Ohio St.,14.0,32.1,25.8,13.7,13.8,9.7,39.0,17.6,12.1,5.5,114.271,107.9563,22.2269,76.81,-0.27,1.53,30.52,24.13,19.24,19.48,18.78,18.32,40.37,31.67,13.39,8.26,6.26,34.71,21.6,15.14,13.11,15.39,3.797912274,113.3317955,109.11244331,0.926763981,52.3,53.8,36.7,70.7,80.9,18.3,31.1,25.5,66.7,49.7,55.8,37.3,67.3,10.2,90.4,54.7,50.9,41.4,39.5,67.0,75.2,30.900000000000006,86.4,6.9,15.599999999999994,3.2,60.0,33.4,41.0,29.7,35.8,25.1,68.5,30.8,37.3,41.4,67.4,39.5,-1.5,-62.60000000000001,-43.4,-34.0,1.5,62.60000000000001,43.4,34.0,26.0016,24.427999999999997,15.442199999999998,23.754490803495106,12.6762,47.721000000000004,26.623,25.135018732172586,0.9734064394579841,24.9,40.3,0.8328903065745171,30.8,67.1,0.05000000000001137,0.04999999999999716,0.04999999999999716,30.52,97.64334983504128,-1.0,42.3107,9.8454,82.0823811846289,0.6695144490275516,76.5484574812938,2.66478194858908,-0.1809,-0.1809,575.2099999999996,0.11283061028085971,20.961,-575.2099999999996,8.861876286638566,21.114,52.870000000000005,41.8,1,69.78972080581337,-1.5999999999999996,-8.3,8.084833077522315
357,2020 Virginia,2020,Virginia,Region 3,6,Covid,1,Tony Bennett,2020 Tony Bennett,ACC,ACC,2020 ACC,2020 Virginia,2020 Virginia,9.8,26.0,24.0,4.2,17.9,7.0,35.2,19.4,5.6,13.8,99.2868,114.9379,14.2247,77.77,2.38,1.77,22.53,23.66,25.74,15.96,14.74,19.9,41.36,29.63,17.32,5.65,6.04,25.98,26.57,19.54,11.43,16.48,3.793337462,98.02975908,115.9570366,0.85450045,46.9,56.9,26.6,78.4,79.9,19.3,26.4,23.2,60.3,47.8,57.5,30.3,70.7,16.5,91.4,54.8,52.7,37.0,42.7,60.2,71.7,31.200000000000003,93.4,9.5,14.0,4.8,58.8,35.7,51.3,30.5,33.4,27.3,64.4,26.8,30.3,37.0,70.7,42.7,-10.0,-60.60000000000001,-50.400000000000006,-51.800000000000004,10.0,60.60000000000001,50.400000000000006,51.800000000000004,29.8646,20.3292,11.211000000000002,29.220127195707644,16.318499999999997,47.44810000000001,30.188900000000004,25.38700454957221,1.2215886057133591,22.7,45.2,0.8266785321186857,26.8,64.7,0.0,-1.4210854715202004e-14,-1.4210854715202004e-14,22.53,95.24756904311067,-7.799999999999997,37.4731,10.9817,77.11409079850365,0.6790498259005464,74.61005992950707,2.6217601114372426,1.43276,1.43276,-538.8600000000001,0.1805231890241901,7.434,538.8600000000001,5.539058238894612,31.682999999999996,48.005,43.985,0,64.87801995041038,1.3999999999999995,-4.099999999999998,6.138224308741426
358,2020 Illinois,2020,Illinois,Region 3,7,Covid,2,Brad Underwood,2020 Brad Underwood,Big 10,B10,2020 B10,2020 Illinois,2020 Illinois,12.5,33.1,21.4,9.5,7.0,10.8,39.2,16.6,10.9,5.7,110.895,106.3348,17.2297,77.44,0.99,1.55,26.94,23.8,18.79,26.06,14.06,17.26,42.47,30.88,10.05,11.48,5.04,27.26,18.24,18.62,23.04,12.78,3.00793545,109.1704977,107.36069715,0.868558125,48.3,53.0,32.2,76.1,82.1,16.6,35.6,25.7,67.0,49.6,54.2,30.3,67.0,7.1,91.9,50.0,53.5,30.6,32.5,67.0,72.6,27.799999999999997,89.7,5.5,17.799999999999997,3.8,64.0,34.7,39.3,29.0,35.1,34.7,65.5,38.5,30.3,30.6,67.0,32.5,-4.700000000000003,-65.5,-38.7,-43.89999999999999,4.700000000000003,65.5,38.7,43.89999999999999,27.1415,21.451500000000003,9.2718,27.634444087044706,12.073399999999998,46.9925,21.775,23.477223004435597,1.3136825593934838,15.299999999999997,40.2,1.0091997169317868,38.5,67.2,0.029999999999986926,0.0799999999999983,0.060000000000002274,26.94,95.11587469448213,-1.0,39.65429999999999,8.798,82.73871857622149,0.5995131952854281,76.86721571829808,2.9886598514049485,0.6633,0.6633,222.14000000000033,0.07725704834550222,14.725,-222.14000000000033,12.941839177580624,10.85,51.795,41.905,1,66.46730351573368,1.4000000000000004,-1.2999999999999998,7.928754944242671
359,2020 Saint Mary's,2020,Saint Mary's,Region 3,8,Covid,1,Randy Bennett,2020 Randy Bennett,WCC,WCC,2020 WCC,2020 Saint Mary's,2020 Saint Mary's,15.6,35.0,17.3,13.0,3.5,12.1,39.6,15.3,12.8,2.6,113.709,101.4821,15.1907,77.07,0.0,1.88,23.75,19.11,20.42,15.39,13.82,31.26,25.15,29.9,23.93,11.19,9.82,27.1,25.06,17.64,18.34,11.86,2.837373936,113.0456765,102.43444947,0.844693876,54.2,49.2,30.8,72.0,85.1,17.7,25.1,23.6,65.0,51.9,49.3,38.8,66.0,5.1,91.3,42.8,61.4,35.8,31.9,64.6,75.4,28.400000000000006,88.5,4.3,10.799999999999997,3.0,57.9,42.1,39.9,38.0,40.5,22.1,61.1,30.0,38.8,35.8,66.0,31.9,5.0,-67.39999999999999,-51.3,-41.2,-5.0,67.39999999999999,51.3,41.2,28.181400000000004,22.840899999999998,13.890399999999998,23.059542493293314,15.486,39.384,21.054000000000002,25.13065856677855,1.296053182871987,27.9,46.4,1.285226168458669,30.0,59.0,-1.4210854715202004e-14,0.010000000000019327,0.0,23.75,93.15893648618871,-3.4000000000000057,46.1242,8.7084,80.42805114716191,0.5200422838118612,75.26442407781776,4.120528823568886,0.0,0.0,277.51999999999975,0.05585919102748053,24.439999999999998,-277.51999999999975,17.89845128406195,6.58,52.595,39.625,2,70.98901036595556,-0.1999999999999993,-0.8999999999999999,8.704722756793988
360,2020 Rutgers,2020,Rutgers,Region 3,9,Covid,1,Steve Pikiell,2020 Steve Pikiell,Big 10,B10,2020 B10,2020 Rutgers,2020 Rutgers,9.8,34.5,20.7,7.4,14.5,8.3,39.1,18.3,10.1,8.2,107.947,109.7723,17.7193,77.99,0.35,1.52,36.53,18.01,15.5,23.86,20.73,21.88,41.89,15.66,17.58,13.94,10.89,26.09,18.31,24.28,18.54,12.75,1.580984518,105.9912569,110.53353216,0.875355698,48.9,54.9,29.1,72.5,82.1,18.9,32.0,25.4,67.6,50.1,56.2,30.8,68.8,13.6,91.0,47.8,45.4,29.6,41.6,68.1,64.5,28.299999999999997,88.6,9.1,10.599999999999994,4.7,58.3,42.8,44.2,32.8,37.7,27.3,71.4,25.6,30.5,29.9,68.8,41.6,-6.0,-63.199999999999996,-42.6,-43.4,6.0,63.199999999999996,42.6,43.4,33.01499999999999,19.4116,9.119499999999999,26.03451235059595,14.9958,46.8992,28.6208,28.232073958531636,1.7357279020768537,22.7,51.9,0.9014206389269489,25.6,62.5,0.01999999999999602,0.04000000000000625,0.030000000000001137,36.53,96.71454264979745,0.09999999999999432,40.146899999999995,10.376099999999997,81.99383761957421,0.5893885402152871,75.45894765098153,2.536171163622143,0.23834999999999998,0.23834999999999998,-174.79999999999995,0.14944890715486642,11.248000000000001,174.79999999999995,6.690684508492023,22.04,50.85,42.64,0,67.37959501346121,2.6999999999999993,-6.300000000000001,7.333629853525402
361,2020 USC,2020,USC,Region 3,10,Covid,1,Andy Enfield,2020 Andy Enfield,Pac 12,P12,2020 P12,2020 USC,2020 USC,10.8,32.4,19.2,6.5,13.9,9.2,37.9,18.8,8.3,10.4,104.333,108.0137,12.3471,78.09,1.96,1.53,32.13,20.64,26.64,18.06,21.72,12.91,38.18,40.25,6.35,6.14,9.03,31.07,25.79,17.67,13.09,12.33,1.807690219,102.5250853,108.76290179,0.792724672,49.5,55.4,35.4,72.0,79.6,18.1,30.6,27.9,70.0,48.1,56.9,35.0,68.7,13.3,92.5,55.1,49.0,32.1,39.4,69.9,66.2,30.200000000000003,85.4,8.5,11.599999999999994,6.1,58.7,41.2,47.3,33.6,31.6,26.7,68.9,27.0,35.0,32.1,68.6,39.4,-5.899999999999999,-61.49999999999999,-41.5,-36.6,5.899999999999999,61.49999999999999,41.5,36.6,31.443400000000004,19.6722,11.235,24.92513791335968,16.6004,45.6314,27.028399999999998,26.96775852754545,1.5482383726363667,23.3,49.7,1.0075886398822367,27.0,60.3,0.030000000000001137,0.04999999999999716,0.04999999999999716,32.13,94.96290956999977,1.9000000000000057,39.401999999999994,10.0274,81.08554645601305,0.6727634583216321,77.28958022751425,2.4018430469094643,1.3700400000000001,1.3700400000000001,169.07999999999993,0.143782229381304,9.945,-169.07999999999993,6.954364333508758,21.267,51.13000000000001,43.065,0,67.88044791148789,1.8000000000000007,-3.5,7.159148245562871
362,2020 Cincinnati,2020,Cincinnati,Region 3,11,Covid,1,Mick Cronin,2020 Mick Cronin,Conference USA,CUSA,2020 CUSA,2020 Cincinnati,2020 Cincinnati,12.8,32.6,20.9,10.4,10.4,8.8,38.1,16.0,9.5,6.5,108.762,105.256,14.0177,78.29,2.15,2.2,29.18,20.28,18.31,23.67,20.79,16.88,37.69,33.51,17.55,6.53,4.65,21.16,34.72,16.87,15.62,11.57,0.220405024,106.7696521,106.58132961,0.822911468,50.3,54.3,39.6,70.8,79.8,19.7,32.0,28.6,68.9,51.7,56.9,31.9,66.3,12.5,89.3,57.3,49.3,36.1,34.7,68.9,67.7,27.0,89.6,10.5,8.5,5.1,59.7,41.2,48.5,36.3,37.2,22.8,67.4,29.0,31.9,36.1,66.3,34.7,-4.0,-60.099999999999994,-39.4,-31.199999999999996,4.0,60.099999999999994,39.4,31.199999999999996,34.004400000000004,19.9975,11.515899999999998,26.261886197808916,18.038999999999998,42.5521,23.0061,27.515616777871195,1.4320932938145758,27.2,51.7,1.1930491916659463,29.0,58.6,0.06999999999999318,0.07000000000000739,0.060000000000002274,29.18,97.41345210753792,0.9000000000000057,40.139399999999995,10.697099999999999,79.06196621914523,0.7135652108940113,78.35610906493875,2.440473243898816,1.4813500000000002,1.4813500000000002,769.3200000000002,0.13997603610261922,22.880000000000003,-769.3200000000002,7.143428525717943,22.880000000000003,52.41,42.985,0,67.52294231303296,-0.9000000000000004,-3.9000000000000004,7.8329944801770885
363,2020 Stephen F. Austin,2020,Stephen F. Austin,Region 3,12,Covid,2,Kyle Keller,2020 Kyle Keller,Southland,Slnd,2020 Slnd,2020 Stephen F. Austin,2020 Stephen F. Austin,9.4,35.2,16.9,7.1,12.7,6.1,41.2,13.1,5.9,7.2,104.086,102.9113,6.9969,76.51,-0.85,2.11,37.33,14.63,19.46,29.1,18.9,17.9,33.63,31.76,19.2,7.9,7.51,24.55,23.6,24.65,17.28,9.93,1.339405282,101.9969039,104.29079092,0.675182879,53.3,50.4,44.0,55.4,76.4,27.8,37.3,26.8,73.7,52.3,51.6,37.4,65.6,9.3,91.1,52.6,46.1,27.7,37.9,72.6,69.7,27.400000000000006,86.2,7.5,15.799999999999997,4.2,59.9,52.8,47.0,38.7,31.7,19.5,59.2,23.5,37.4,27.7,65.5,37.8,2.8999999999999986,-48.60000000000001,-35.900000000000006,-11.399999999999999,-2.8999999999999986,48.60000000000001,35.900000000000006,11.399999999999999,38.0922,16.5413,10.3598,24.794757510409333,18.8526,38.671,24.758999999999997,22.0942488746129,2.176816721417999,30.5,60.3,1.134890611359488,23.5,57.099999999999994,0.009999999999990905,-1.4210854715202004e-14,-0.010000000000019327,37.33,94.57878057998018,4.599999999999994,40.721199999999996,14.0112,85.60426187163874,0.7285217656265148,77.3482017492969,1.9533070632600318,-0.6171,-0.6171,1548.84,0.10208449962129945,14.980999999999998,-1548.84,9.794645737017524,26.796999999999997,54.480000000000004,40.78,2,68.45280420240815,-1.1999999999999993,-5.499999999999999,7.614048563679949
364,2020 Vermont,2020,Vermont,Region 3,13,Covid,1,John Becker,2020 John Becker,Amerian East,AE,2020 AE,2020 Vermont,2020 Vermont,10.0,35.5,13.9,5.6,9.8,9.1,39.8,14.3,9.5,4.6,106.483,103.6161,10.0991,77.13,-0.46,2.0,34.62,17.7,19.49,23.97,14.2,24.59,38.09,15.53,19.3,20.95,6.05,17.45,20.39,28.47,20.54,13.08,-1.849526041,103.5861554,104.77730975,0.724747096,51.7,55.2,31.3,68.5,82.8,19.0,27.6,22.7,66.5,53.4,57.6,33.0,67.8,10.5,92.0,53.5,50.5,43.6,40.6,67.0,71.8,28.900000000000006,89.5,5.6,15.200000000000003,3.2,61.0,39.5,50.8,34.6,35.6,16.8,67.1,24.8,32.9,43.7,67.8,40.6,-3.5,-63.8,-49.7,-37.2,3.5,63.8,49.7,37.2,29.107,20.3581,14.3773,26.399305546421733,18.063200000000002,44.16759999999999,27.526799999999998,24.63552651490661,1.032012997414247,33.2,45.1,0.9310115514396199,24.8,62.199999999999996,0.04999999999999716,0.0799999999999983,0.07000000000000739,34.62,95.64056769750923,-1.0,42.8076,10.488000000000001,78.11601086849501,0.6604856730163825,74.79634514406752,2.935875821173187,-0.30820000000000003,-0.30820000000000003,267.6899999999998,0.1141291942478886,11.2,-267.6899999999998,8.761070374250071,19.6,51.595000000000006,41.645,0,67.4686307480135,3.9000000000000004,-5.200000000000001,7.776585621485257
365,2020 Bradley,2020,Bradley,Region 3,14,Covid,1,Brian Wardle,2020 Brian Wardle,Missouri Valley,MVC,2020 MVC,2020 Bradley,2020 Bradley,11.4,35.4,9.4,6.2,5.9,7.7,40.7,10.8,7.2,3.7,106.772,99.321,6.09283,76.65,0.68,1.99,29.58,17.24,23.52,20.55,14.84,23.82,43.3,36.48,9.42,5.58,5.18,32.34,25.69,16.54,14.78,10.61,-4.090520092,105.1084206,101.09572372,0.668112178,49.5,53.6,32.3,68.8,82.8,17.9,31.5,25.9,67.1,46.6,54.4,37.1,68.3,12.4,92.8,51.5,46.9,31.6,43.6,67.7,73.3,25.0,92.4,6.0,22.0,3.9,60.1,28.5,41.5,23.5,37.0,39.9,63.7,33.0,37.1,31.6,68.3,43.6,-4.100000000000001,-64.9,-42.6,-36.5,4.100000000000001,64.9,42.6,36.5,22.672500000000003,26.486600000000003,11.723600000000001,26.19344701765437,10.6105,50.799800000000005,29.7788,21.399123813838735,1.0917376032404036,10.100000000000001,34.5,0.6284259535331759,33.0,72.6,0.030000000000001137,0.03999999999999204,0.04000000000000625,29.58,96.07800050994393,-0.29999999999999716,40.986,9.5944,84.18341226307831,0.6272761598518898,76.12786608956696,2.726585663624207,0.4603600000000001,0.4603600000000001,647.5899999999997,0.1336192497925669,12.338000000000001,-647.5899999999997,7.483267478429159,11.741000000000001,51.644999999999996,41.415,0,68.38237448543475,1.0,-2.2,8.250085580233986
366,2020 Little Rock,2020,Little Rock,Region 3,15,Covid,1,Chris Beard,2020 Chris Beard,Sun Belt,SB,2020 SB,2020 Little Rock,2020 Little Rock,10.9,36.3,8.0,7.6,2.4,9.0,40.5,10.4,8.5,1.9,106.44,97.495,3.9348,76.78,0.76,1.08,26.16,20.7,22.39,18.43,13.54,24.9,28.86,39.98,19.23,7.27,4.59,36.45,20.94,17.67,11.79,13.1,-3.742671268,103.3017232,99.0810592,0.566692439,52.8,51.0,45.3,65.6,77.9,19.6,30.1,28.7,70.2,52.9,52.7,35.1,65.5,10.5,90.8,59.5,50.3,33.1,38.5,69.9,71.1,30.5,91.8,9.2,12.0,4.7,62.2,42.1,45.7,34.3,37.1,24.8,61.6,27.2,35.2,33.1,65.5,38.5,1.7999999999999972,-58.300000000000004,-41.2,-20.299999999999997,-1.7999999999999972,58.300000000000004,41.2,20.299999999999997,34.6318,20.852000000000004,11.651200000000001,26.511679816010652,16.2391,41.9727,25.2175,24.35528690038366,1.5498021207818495,25.2,51.3,1.0129607023194203,27.2,61.0,0.03999999999999204,0.06999999999999318,0.05000000000001137,26.16,95.6869882912285,1.9000000000000057,41.1312,9.996,78.50426074637981,0.7400405467593686,78.85168967320716,2.275915116963034,0.53124,0.53124,1220.0299999999997,0.11563749297915221,8.208,-1220.0299999999997,8.646795543281593,2.592,53.410000000000004,40.88,0,68.09192424831441,0.9000000000000004,-0.5,8.417370969065397
367,2020 Winthrop,2020,Winthrop,Region 3,16,Covid,1,Pat Kelsey,2020 Pat Kelsey,Big South,BSth,2020 BSth,2020 Winthrop,2020 Winthrop,7.3,38.4,4.0,3.0,0.2,5.3,42.2,4.4,4.1,0.5,104.736,97.918,2.65391,76.75,-0.13,1.41,36.73,26.1,17.16,15.23,23.82,17.68,28.32,21.48,19.79,16.49,13.92,24.51,20.85,21.06,18.15,15.44,-4.940029106,102.5411942,98.367483,0.525568283,53.0,49.3,36.3,58.1,80.9,20.0,34.8,24.1,71.7,54.1,48.0,34.4,67.7,6.7,90.3,54.4,49.7,43.6,37.5,72.6,63.4,33.0,93.5,6.9,4.799999999999997,3.8,69.3,27.9,34.900000000000006,27.4,39.1,28.5,58.2,35.2,34.4,43.6,67.6,37.4,3.700000000000003,-60.900000000000006,-41.1,-21.800000000000004,-3.700000000000003,60.900000000000006,41.1,21.800000000000004,25.786199999999997,26.1419,14.998399999999998,27.673618604488045,9.745000000000001,45.7688,25.2824,27.99099557595859,0.7981468314946905,21.5,34.8,0.8342022940563087,35.2,68.8,0.009999999999990905,0.0,-0.009999999999990905,36.73,95.30949682869738,4.599999999999994,42.877,9.86,81.88733447473386,0.6799915001062486,75.35190504314706,2.6019580126694946,-0.09437999999999999,-0.09437999999999999,384.11999999999966,0.07419629904430737,4.2299999999999995,-384.11999999999966,13.475600656618413,0.282,53.830000000000005,38.254999999999995,1,68.09943484517368,1.0999999999999996,0.3,8.19618766531521
368,2020 Gonzaga,2020,Gonzaga,Region 2,1,Covid,2,Mark Few,2020 Mark Few,WCC,WCC,2020 WCC,2020 Gonzaga,2020 Gonzaga,18.9,32.3,35.6,25.3,14.7,11.9,39.7,24.4,17.5,7.0,121.329,105.6167,26.9455,78.79,2.04,1.83,23.56,28.72,20.56,18.26,17.7,14.74,31.23,30.31,13.99,15.75,8.69,28.29,21.41,16.32,17.75,16.2,7.685220389,119.7780715,106.74869715,0.946795486,57.5,52.4,38.8,78.2,84.7,18.4,33.6,22.7,72.6,57.4,52.6,38.6,68.0,9.5,93.1,52.5,56.6,31.3,34.1,72.8,68.8,30.299999999999997,87.5,5.1,14.0,3.2,65.1,46.0,45.0,34.9,41.2,22.7,60.8,31.0,38.7,31.3,68.1,34.1,5.100000000000001,-66.30000000000001,-43.7,-39.400000000000006,-5.100000000000001,66.30000000000001,43.7,39.400000000000006,34.4085,21.4655,12.113100000000001,22.91526056292327,16.153,42.0701,23.2221,24.004496106632466,1.6325357017347688,27.3,51.1,1.117269288290666,31.0,61.9,0.01999999999999602,0.030000000000001137,0.029999999999986926,23.56,94.7005396501153,4.799999999999997,48.7025,9.6416,82.36931563663396,0.6433744684501416,74.91949606407937,3.699104633684074,1.48512,1.48512,299.97999999999956,0.10203972030375613,46.29900000000001,-299.97999999999956,9.79896852962846,26.901,56.714999999999996,41.83,3,71.72395838397522,-7.800000000000001,-7.699999999999999,8.98756316412874
369,2020 San Diego St.,2020,San Diego St.,Region 2,2,Covid,3,Brian Dutcher,2020 Brian Dutcher,Mountain West,MWC,2020 MWC,2020 San Diego St.,2020 San Diego St.,16.1,30.6,29.5,17.5,12.4,11.8,38.2,23.2,14.7,8.4,115.087,109.3885,24.4759,76.73,0.2,2.15,24.7,20.18,23.09,16.39,13.67,26.65,42.58,30.1,10.67,7.4,9.24,27.67,22.7,15.51,15.28,18.83,6.641034995,112.1297546,109.31846647,0.919936483,54.6,54.8,28.3,69.4,83.8,21.3,28.2,25.4,66.0,53.0,54.7,37.9,69.9,8.8,94.2,54.8,46.0,42.2,42.4,65.5,77.3,27.400000000000006,91.8,6.0,7.099999999999994,2.9,66.4,30.7,37.8,25.2,37.6,27.3,67.6,32.2,37.1,42.0,69.0,42.6,-0.19999999999999574,-62.5,-46.400000000000006,-41.10000000000001,0.19999999999999574,62.5,46.400000000000006,41.10000000000001,25.892799999999998,25.8468,15.582,26.240982578147996,9.731499999999999,51.1612,29.394000000000002,29.294183154112126,0.8737887193162068,22.7,36.7,0.6596089293678552,32.2,71.9,0.020000000000010232,0.009999999999990905,0.009999999999990905,24.7,94.8302824061657,-2.5,45.754799999999996,11.6724,79.81782300575394,0.6963062731096173,75.28338826585123,2.8393309054996596,0.131,0.131,286.0299999999995,0.09341726733261856,37.625,-286.0299999999995,10.703329167140097,26.66,52.675000000000004,42.735,2,68.9334438413612,-2.8000000000000007,-4.0,8.020845236517216
370,2020 Seton Hall,2020,Seton Hall,Region 2,3,Covid,1,Kevin Willard,2020 Kevin Willard,Big East,BE,2020 BE,2020 Seton Hall,2020 Seton Hall,14.3,32.9,25.2,14.8,14.1,11.6,39.2,17.9,14.2,3.8,112.264,107.2784,19.5422,78.73,3.25,2.08,33.02,16.61,17.71,16.68,18.96,30.04,33.16,27.17,19.61,7.0,13.06,22.7,22.54,24.75,14.13,15.87,4.656280207,110.1030068,108.33625229,0.89166169,51.4,54.3,34.8,67.6,81.4,19.5,29.1,30.4,71.0,52.3,55.6,33.5,68.0,14.9,91.2,55.8,51.6,40.5,34.5,70.6,71.5,29.900000000000006,88.6,13.5,21.099999999999994,4.9,58.5,41.3,47.8,36.2,38.3,18.1,65.3,29.3,33.4,40.6,67.9,34.5,-2.8999999999999986,-61.900000000000006,-40.5,-32.8,2.8999999999999986,61.900000000000006,40.5,32.8,36.1215,20.4927,13.5604,25.075220171848272,18.337500000000002,42.558400000000006,23.425500000000003,21.551856068561708,1.3497204502352158,31.9,54.8,1.1912698182661374,29.3,58.9,0.0,0.0,0.010000000000005116,33.02,94.30698234676899,2.5999999999999943,41.839600000000004,10.5885,78.70406408461187,0.6931590911914137,79.14003048108732,2.7740444062147205,2.2944999999999998,2.2944999999999998,466.9599999999996,0.16337540158550892,30.784000000000002,-466.9599999999996,6.120394604388967,29.328,51.95,42.815,1,68.56805183570616,-0.6000000000000014,-10.3,7.9646371996860506
371,2020 Oregon,2020,Oregon,Region 2,4,Covid,1,Dana Altman,2020 Dana Altman,Pac 12,P12,2020 P12,2020 Oregon,2020 Oregon,17.4,35.6,26.3,19.4,6.1,13.8,41.0,19.9,17.0,2.9,117.097,102.8993,19.9966,77.71,0.09,1.71,31.22,13.76,15.16,22.33,19.58,29.17,32.93,27.76,19.24,12.17,7.91,23.09,24.66,20.77,14.37,17.11,4.759952093,116.2399901,103.78752034,0.897947606,54.3,52.7,28.9,70.5,82.5,19.8,32.7,31.1,66.2,51.4,53.8,39.6,67.4,9.6,90.4,52.0,46.8,37.3,40.6,66.0,70.0,26.700000000000003,83.3,7.8,14.099999999999994,6.1,60.3,41.9,49.7,37.4,33.3,21.1,60.7,21.8,39.9,37.0,67.6,40.8,1.5999999999999943,-62.7,-36.199999999999996,-41.6,-1.5999999999999943,62.7,36.199999999999996,41.6,31.763099999999994,21.7893,14.763,22.548614148102317,19.4479,40.8134,27.580799999999996,23.78758429657511,1.3432069403529634,28.9,49.699999999999996,1.0661503394524645,21.8,56.5,0.0,-0.009999999999990905,0.0,31.22,93.83442216819867,-2.0,44.79749999999999,10.434600000000001,84.34737457963644,0.648370967943043,79.18930391911132,2.674132906691046,0.059399999999999994,0.059399999999999994,140.64999999999986,0.1061935155584562,33.174,-140.64999999999986,9.41568586605562,10.431,53.22,42.825,2,70.6205504765266,-2.3999999999999986,-3.1999999999999997,8.87965584162534
372,2020 Michigan,2020,Michigan,Region 2,5,Covid,2,Juwan Howard,2020 Juwan Howard,Big 10,B10,2020 B10,2020 Michigan,2020 Michigan,14.9,30.4,24.7,12.9,11.1,9.2,37.8,16.7,8.2,8.5,113.156,106.9648,20.1209,77.61,2.63,1.82,29.99,22.67,19.63,19.43,18.03,20.21,42.28,23.05,16.26,8.0,10.35,27.68,23.56,15.4,15.87,17.45,2.800533436,111.5373234,108.21153362,0.903874437,52.8,53.1,26.7,73.6,84.7,16.1,25.0,25.5,69.4,54.1,53.7,33.9,67.7,10.3,92.7,52.7,60.6,39.1,28.3,69.4,71.7,30.700000000000003,95.3,5.7,15.799999999999997,2.8,68.3,33.5,41.3,32.9,36.8,27.3,64.3,38.8,33.9,39.1,67.7,28.3,-0.30000000000000426,-68.6,-49.5,-46.89999999999999,0.30000000000000426,68.6,49.5,46.89999999999999,28.312599999999996,23.301299999999998,13.2549,29.019002394982497,14.030099999999997,44.1075,19.159100000000002,24.03752275089927,1.0025319045548708,22.7,39.2,1.2614395251051198,38.8,64.30000000000001,0.030000000000001137,0.060000000000002274,0.03999999999999204,29.99,98.30327374040478,1.4000000000000057,44.721599999999995,8.549100000000001,76.97510002881407,0.6281212381258864,76.41417355340909,3.9605254558525598,1.8252200000000003,1.8252200000000003,-345.1299999999999,0.1111099125144281,23.478,345.1299999999999,8.999126298417629,20.202,51.300000000000004,41.405,1,66.87139494085483,-4.700000000000001,-2.5999999999999996,8.078708334813559
373,2020 BYU,2020,BYU,Region 2,6,Covid,1,Mark Pope,2020 Mark Pope,Mountain West,MWC,2020 MWC,2020 BYU,2020 BYU,17.6,33.6,27.4,19.8,12.0,12.7,38.7,20.8,15.5,5.1,116.287,104.3906,20.6778,77.5,-0.3,2.44,27.72,27.87,15.87,17.79,21.74,16.68,47.78,26.88,10.21,7.02,8.02,27.84,24.12,20.49,14.46,13.03,2.741852444,114.2966177,105.56549649,0.899821282,58.1,51.0,23.4,72.1,84.5,18.2,20.6,24.1,69.7,54.8,49.2,41.9,69.7,5.4,93.0,57.4,53.8,41.3,33.7,70.2,69.7,30.299999999999997,93.5,4.2,11.799999999999997,2.8,68.6,26.0,31.5,28.1,43.8,32.6,62.3,38.2,41.9,41.3,69.7,33.7,7.100000000000001,-66.3,-55.3,-48.699999999999996,-7.100000000000001,66.3,55.3,48.699999999999996,21.762999999999998,31.583499999999994,17.304699999999997,24.29711917079883,9.1819,47.28750000000001,23.488900000000005,27.008316620379485,0.7312171618120628,17.4,30.2,0.9168867392658973,38.2,69.1,0.05000000000001137,0.09000000000000341,0.060000000000002274,27.72,95.05208629824651,2.200000000000003,49.0945,9.282,75.00079176728349,0.7017029131673207,75.03895658747696,3.4707438229791627,-0.21059999999999998,-0.21059999999999998,-553.6499999999996,0.05806389178610983,48.312,553.6499999999996,17.21903351231253,29.28,51.995,40.585,3,71.82881272728652,-4.300000000000001,-6.9,8.639497814000359
374,2020 Arizona,2020,Arizona,Region 2,7,Covid,1,Tommy Lloyd,2020 Tommy Lloyd,Pac 12,P12,2020 P12,2020 Arizona,2020 Arizona,13.4,31.8,23.6,11.8,10.2,10.7,37.7,16.8,10.0,6.8,111.016,108.5833,19.5991,78.34,1.95,1.25,31.02,24.94,16.71,19.55,17.19,21.61,43.12,30.21,15.02,7.12,4.52,29.25,25.35,17.01,15.96,12.42,0.810490492,110.2974537,109.69633193,0.908879668,50.7,54.7,36.7,64.8,83.3,20.6,30.7,25.9,70.4,49.6,55.6,35.2,68.8,10.6,92.0,57.9,48.7,34.7,37.7,70.1,73.2,26.900000000000006,90.7,9.4,11.700000000000003,5.4,62.9,32.2,42.5,31.8,36.7,33.2,69.5,30.4,35.3,34.6,68.8,37.8,-4.0,-62.699999999999996,-43.400000000000006,-28.099999999999994,4.0,62.699999999999996,43.400000000000006,28.099999999999994,28.779600000000002,24.398200000000003,12.213799999999999,26.153648566372787,14.1468,47.1344,26.0064,27.34207685357253,1.2022773908268547,16.799999999999997,41.6,0.9841009497103254,30.4,62.8,0.0,0.010000000000005116,0.010000000000005116,31.02,96.61184415942832,2.0999999999999943,42.2331,11.268200000000002,79.87497652089489,0.7292099595722975,76.18869536368567,2.915993054308125,1.3669499999999999,1.3669499999999999,943.3200000000002,0.11521613895501134,14.75,-943.3200000000002,8.678426563531744,12.75,52.75000000000001,41.93,0,68.31959311734502,-1.8000000000000007,-3.3999999999999995,7.723945819054874
375,2020 LSU,2020,LSU,Region 2,8,Covid,1,Will Wade,2020 Will Wade,SEC,SEC,2020 SEC,2020 LSU,2020 LSU,17.1,35.5,17.5,15.5,5.6,12.1,40.6,15.2,12.4,2.9,118.07,97.553,15.6232,77.49,-0.69,1.35,22.58,21.63,23.37,14.51,17.3,23.14,28.95,36.56,19.91,9.38,5.12,25.18,24.78,18.31,13.44,18.23,0.880725424,116.4577879,99.289491,0.841669828,52.7,50.6,35.4,73.6,82.4,16.6,35.1,28.5,70.8,54.7,52.2,32.7,65.5,10.6,91.7,44.9,51.6,34.3,41.4,70.7,76.9,31.200000000000003,89.0,8.1,9.099999999999994,6.8,65.1,36.5,36.2,29.3,41.6,29.1,68.1,29.3,32.7,34.3,65.5,41.4,2.1000000000000014,-65.80000000000001,-36.4,-38.199999999999996,-2.1000000000000014,65.80000000000001,36.4,38.199999999999996,30.970499999999998,23.3217,11.216099999999999,25.279899788830914,11.2254,47.070299999999996,27.116999999999997,27.807717753650092,1.3002536369202067,20.9,44.6,0.8719596145020653,29.3,63.9,0.04999999999999716,0.0799999999999983,0.060000000000002274,22.58,96.08518838256552,2.700000000000003,43.424800000000005,8.399600000000001,82.76732722155452,0.5383628493663145,78.79178883741363,2.931651610703938,-0.48783,-0.48783,425.94000000000005,0.11559306877787591,20.925,-425.94000000000005,8.650127346476749,7.56,54.01000000000001,41.129999999999995,1,69.31339685093081,-3.0999999999999996,-2.6999999999999997,9.603040367386267
376,2020 Oklahoma,2020,Oklahoma,Region 2,9,Covid,1,Lon Kruger,2020 Lon Kruger,Big 12,B12,2020 B12,2020 Oklahoma,2020 Oklahoma,12.2,31.5,18.4,9.5,11.5,11.3,38.1,17.6,12.8,4.9,108.773,106.9253,15.6983,77.78,0.25,1.53,22.46,24.74,21.03,18.37,18.04,17.79,27.07,38.49,17.5,10.99,5.93,22.97,27.36,18.93,18.73,11.98,2.133261961,106.6774831,107.26514778,0.833516316,48.2,53.3,31.3,80.3,84.0,16.7,23.4,27.4,69.7,48.6,55.8,31.8,66.4,11.6,92.9,47.9,53.3,38.9,40.1,70.5,76.6,28.900000000000006,89.4,7.7,12.900000000000006,5.3,58.3,30.1,45.4,33.8,38.7,31.1,68.9,26.0,31.8,38.8,66.4,40.2,-5.099999999999994,-67.3,-49.2,-49.0,5.099999999999994,67.3,49.2,49.0,24.4321,24.374100000000002,12.3384,25.80290681299299,16.0289,44.60680000000001,26.692800000000002,25.90688454188706,0.9742016958325819,18.9,37.800000000000004,0.9726126215765776,26.0,60.900000000000006,0.030000000000001137,0.020000000000010232,0.030000000000001137,22.46,97.04572682373481,2.5,40.488,8.901099999999998,77.9208260093317,0.5750231089662788,77.96496496745945,3.3310418098868815,0.17625,0.17625,76.9099999999994,0.12486410264690367,14.535,-76.9099999999994,8.007930350831826,17.595,49.655,43.02,0,67.88842280806098,3.3000000000000007,-6.6,7.672707743557945
377,2020 Texas Tech,2020,Texas Tech,Region 2,10,Covid,1,Chris Beard,2020 Chris Beard,Big 12,B12,2020 B12,2020 Texas Tech,2020 Texas Tech,12.0,31.8,21.3,8.6,9.4,6.5,39.9,14.4,4.9,9.6,109.773,109.5088,19.2818,76.94,-1.28,1.3,27.33,19.62,19.12,19.82,20.46,20.93,35.13,29.72,21.48,10.73,2.85,20.95,28.19,22.46,17.95,10.37,-0.384094744,107.5980637,109.63850418,0.881605319,51.8,53.7,34.5,64.6,80.3,23.1,27.9,29.2,68.2,50.9,53.8,35.6,69.0,11.4,90.9,60.8,55.8,36.6,35.7,68.0,75.4,30.599999999999994,82.5,5.2,9.400000000000006,5.9,61.6,34.6,41.9,31.8,37.7,28.8,65.7,32.6,35.5,36.6,69.0,35.7,-1.9000000000000057,-57.199999999999996,-42.900000000000006,-30.099999999999994,1.9000000000000057,57.199999999999996,42.900000000000006,30.099999999999994,25.6036,23.8506,12.993,22.192547547919474,13.878800000000002,46.05120000000001,24.633000000000003,27.52247566384003,1.087401983552362,21.2,39.800000000000004,1.0559928293325118,32.6,62.3,0.04999999999998295,0.09000000000000341,0.0799999999999983,27.33,99.28810113077769,0.0,41.5954,12.404700000000002,77.33094060485023,0.7906269099231478,78.32728882607029,2.832343535861123,-0.8704000000000001,-0.8704000000000001,624.5400000000006,0.1254111615933818,11.18,-624.5400000000006,7.972984825892466,12.22,51.55,42.785,0,70.99716570806383,-3.6999999999999993,0.1999999999999993,7.524034378658349
378,2020 Indiana,2020,Indiana,Region 2,11,Covid,2,Archie Miller,2020 Archie Miller,Big 10,B10,2020 B10,2020 Indiana,2020 Indiana,11.9,34.2,18.1,7.8,12.6,9.2,39.5,14.9,8.0,6.9,108.476,107.2545,15.7303,78.28,1.27,1.38,37.16,21.23,19.25,18.27,18.75,22.47,35.48,34.45,23.26,2.28,4.49,25.7,27.06,17.01,13.84,16.35,1.870835528,107.031274,107.8072392,0.847645672,49.3,52.1,39.2,67.4,81.7,17.8,32.4,24.5,68.7,49.5,52.4,32.6,67.8,12.6,91.7,51.0,48.7,29.6,38.6,68.7,67.9,31.700000000000003,92.2,7.0,18.599999999999994,5.3,61.6,38.9,42.8,37.1,34.4,31.5,66.7,24.3,32.5,29.6,67.7,38.6,-2.8000000000000043,-63.900000000000006,-43.1,-28.200000000000003,2.8000000000000043,63.900000000000006,43.1,28.200000000000003,30.4164,20.455999999999996,9.62,28.03502273942363,16.8646,42.3403,26.1322,23.2778149031791,1.5506232897537244,18.5,45.9,1.0984171394523459,24.3,57.6,0.030000000000001137,0.03999999999999204,0.03999999999999204,37.16,98.21593722083554,0.7000000000000028,40.2781,9.273800000000001,82.3122678874932,0.6204304083891923,75.69941495008494,2.661056772853943,0.8724900000000001,0.8724900000000001,525.0999999999999,0.13740308175483362,10.764,-525.0999999999999,7.277200222204588,17.387999999999998,52.505,40.300000000000004,0,66.30852281768527,0.20000000000000018,-5.699999999999999,7.613793698225266
379,2020 Yale,2020,Yale,Region 2,12,Covid,1,James Jones,2020 James Jones,Ivy,Ivy,2020 Ivy,2020 Yale,2020 Yale,11.9,33.3,17.0,8.7,7.0,9.5,39.0,14.7,10.4,4.2,107.942,103.6326,11.5741,77.28,1.24,2.11,21.82,28.06,16.42,17.19,13.85,24.45,37.54,29.99,14.78,9.19,8.46,24.42,30.11,15.61,14.74,15.1,-0.37202575,105.7668348,104.69154477,0.76805524,53.8,53.5,31.2,74.3,81.5,16.6,25.8,21.3,67.9,52.7,53.1,36.9,69.4,9.2,90.5,56.0,49.6,42.0,40.1,68.1,71.9,26.700000000000003,87.3,7.6,16.700000000000003,3.6,60.8,37.6,42.8,33.3,37.6,20.4,65.9,26.6,37.0,42.0,69.4,40.1,0.29999999999999716,-64.9,-52.9,-43.099999999999994,-0.29999999999999716,64.9,52.9,43.099999999999994,29.495599999999996,23.2104,15.54,23.817832954882075,14.853599999999998,45.35880000000001,27.829400000000007,24.379909761933085,1.0761648532177805,29.6,45.2,0.9201765542006434,26.6,63.1,0.030000000000001137,0.03999999999999204,0.020000000000010232,21.82,94.01458188594982,0.09999999999999432,43.846999999999994,8.881,77.82873945358917,0.6714547787196795,73.63419656677158,2.6809361656126693,0.8444399999999999,0.8444399999999999,259.47,0.10165633528911282,18.356999999999996,-259.47,9.835887403543094,14.77,51.73499999999999,40.955000000000005,0,70.03813746356872,1.700000000000001,-2.8,7.915733893254697
380,2020 New Mexico St.,2020,New Mexico St.,Region 2,13,Covid,1,Chris Jans,2020 Chris Jans,WAC,WAC,2020 WAC,2020 New Mexico St.,2020 New Mexico St.,12.7,36.6,19.6,16.8,7.0,9.2,41.0,21.2,15.2,6.0,107.582,100.5539,8.13549,76.22,-0.36,2.36,36.85,21.29,19.19,27.08,19.88,12.54,26.77,26.58,27.77,13.46,5.37,24.58,25.32,22.09,12.47,15.5,-1.413552569,105.4895802,102.33353488,0.708088858,52.7,50.4,31.9,68.0,79.4,20.9,34.5,21.7,64.3,53.4,50.3,34.6,67.1,5.9,93.0,57.3,53.2,46.6,36.9,64.3,71.3,26.700000000000003,89.0,9.5,5.700000000000003,5.9,62.7,35.6,36.9,28.3,35.6,18.5,61.6,34.3,34.7,45.9,67.0,37.4,2.3000000000000043,-58.50000000000001,-43.8,-36.1,-2.3000000000000043,58.50000000000001,43.8,36.1,30.776200000000003,22.5133,15.9273,25.837569545141044,10.779,46.18679999999999,25.057999999999996,27.98987912323548,0.9825493997952115,31.5,45.1,0.9144140531001846,34.3,65.8,0.020000000000010232,0.05000000000001137,0.04000000000000625,36.85,94.80114147143817,-3.700000000000003,41.8438,10.5336,81.07742355615669,0.7243903364053551,74.45039299876555,2.582398912674143,-0.23148,-0.23148,458.86999999999966,0.06344017806260148,39.647999999999996,-458.86999999999966,15.760040671072698,16.52,52.615,39.925,1,68.23454151009899,-1.6000000000000014,-1.0,8.198832180231893
381,2020 Eastern Washington,2020,Eastern Washington,Region 2,14,Covid,1,Shantay Lagans,2020 Shantay Lagans,Big Sky,BSky,2020 BSky,2020 Eastern Washington,2020 Eastern Washington,10.6,36.0,6.0,4.4,1.5,8.0,40.0,10.3,7.3,2.9,105.418,98.901,4.31938,76.54,-0.27,1.34,26.83,26.55,20.37,26.58,12.89,13.55,49.71,24.51,15.86,3.44,6.4,29.02,35.48,15.92,10.95,8.57,-2.075552314,102.6276561,98.8404679,0.541330354,52.0,50.9,29.6,66.3,82.3,18.5,27.3,27.0,73.6,52.2,52.0,34.4,65.7,8.2,90.8,58.8,45.3,42.4,30.8,73.9,68.7,29.599999999999994,90.0,3.8,14.900000000000006,5.5,62.0,36.8,45.3,36.6,35.0,20.8,59.5,32.6,34.4,42.4,65.7,30.8,1.1000000000000014,-63.8,-45.7,-36.699999999999996,-1.1000000000000014,63.8,45.7,36.699999999999996,26.235999999999997,21.8656,14.5856,26.444091967772312,17.3993,39.632600000000004,20.2356,22.63883094743778,0.9575245866842763,29.2,40.599999999999994,1.3668387390019805,32.6,57.9,0.060000000000002274,0.0799999999999983,0.060000000000002274,26.83,93.31999850299418,5.900000000000006,42.796,9.4165,77.14318743359804,0.7214635403246585,77.319630627941,2.55917744760183,-0.19953000000000004,-0.19953000000000004,71.04000000000065,0.09030737546943314,5.896000000000001,-71.04000000000065,11.071820509693941,2.0100000000000002,51.275,40.33,0,67.67031941452989,2.8999999999999995,1.4,8.158833997290246
382,2020 UC Irvine,2020,UC Irvine,Region 2,15,Covid,1,Russell Turner,2020 Russell Turner,Big West,BW,2020 BW,2020 UC Irvine,2020 UC Irvine,9.6,37.6,10.1,6.9,7.0,7.1,42.6,9.5,6.8,2.5,105.387,100.7272,6.11417,77.28,1.36,1.83,37.46,21.86,27.96,11.23,14.83,24.05,39.95,32.93,12.85,6.9,7.29,32.65,22.64,18.69,12.0,13.93,-5.571928183,103.1387827,101.90611062,0.64031457,51.6,55.1,28.0,64.0,79.8,16.4,34.1,25.3,68.4,50.8,59.2,35.6,64.4,9.6,93.3,53.2,51.6,29.9,33.1,68.6,73.1,28.900000000000006,90.5,1.7,17.599999999999994,3.0,62.6,31.4,53.6,32.5,40.9,38.7,64.3,34.4,35.6,29.9,64.4,33.1,-3.5,-63.4,-40.599999999999994,-36.0,3.5,63.4,40.599999999999994,36.0,21.194899999999997,26.472700000000003,10.644400000000001,24.96757897754606,17.948,43.435599999999994,21.3164,22.170306718672165,1.1069863884151032,11.299999999999997,33.1,1.0724751518081026,34.4,64.5,0.07000000000000739,0.0799999999999983,0.09000000000000341,37.46,93.16508010288342,0.5999999999999943,41.1768,9.036399999999999,83.41659670294823,0.6363560244494684,76.92262767344913,2.554328993614177,0.9329599999999999,0.9329599999999999,197.19999999999936,0.10289278785865102,12.627,-197.19999999999936,9.717737735652538,12.81,51.61000000000001,40.800000000000004,0,69.68798140325778,-0.10000000000000053,-4.5,7.962511987705527
383,2020 North Carolina Central,2020,North Carolina Central,Region 2,16,Covid,1,Levell Moton,2020 Levell Moton,MEAC,MEAC,2020 MEAC,2020 North Carolina Central,2020 North Carolina Central,4.2,40.5,-9.8,-7.8,-4.9,4.4,42.8,-0.6,-0.8,0.3,94.2006,96.803,-8.99636,75.37,-1.27,2.05,35.65,24.23,19.72,23.33,16.6,16.05,27.64,33.76,17.5,11.68,9.33,29.46,25.87,19.66,14.43,10.49,-8.456007422,92.23949262,96.770808,0.215095824,50.5,51.5,35.8,66.3,77.4,22.8,28.5,32.9,68.5,52.9,49.9,30.9,69.3,7.3,91.2,52.1,48.4,36.5,38.7,67.0,65.4,30.0,90.7,5.6,10.900000000000006,6.6,64.4,39.7,39.7,37.4,33.6,23.8,66.0,23.9,30.9,36.5,69.3,38.7,-1.0,-54.60000000000001,-38.6,-30.5,1.0,54.60000000000001,38.6,30.5,30.646000000000004,19.2753,11.2785,28.29357995494149,15.5672,42.5931,26.819100000000002,27.164238132760747,1.241061888715378,26.2,45.300000000000004,1.1369215265755406,23.9,56.0,0.07000000000000739,0.0899999999999892,0.09000000000001762,35.65,96.25094278517919,-1.0,39.087,11.742,78.23392243178498,0.6748617245890597,79.5106643064485,2.1414981637980626,-0.8509,-0.8509,352.32000000000016,0.08004298198484665,-15.989999999999998,-352.32000000000016,12.491439528831666,-10.045,50.620000000000005,42.825,1,65.99107781989476,7.0,5.2,7.231064832031734
384,2021 Michigan,2021,Michigan,Region 4,1,Elite Eight,2,Juwan Howard,2021 Juwan Howard,Big 10,B10,2021 B10,2021 Michigan,2021 Michigan,16.1,32.3,30.8,15.0,14.7,11.6,37.6,23.2,11.2,12.0,119.434,111.3575,30.7915,77.89,2.36,2.12,25.0,26.78,20.29,20.11,17.7,15.06,42.46,18.69,19.94,12.01,6.84,27.1,23.71,23.52,14.4,11.21,7.064825492,117.6675673,109.18886263,0.95163647,54.9,55.1,28.9,75.5,83.7,15.1,29.4,24.8,67.5,53.3,57.7,38.7,66.5,10.6,93.0,55.5,57.5,33.9,32.7,67.8,77.8,25.099999999999994,92.8,7.9,22.5,3.5,67.6,35.3,43.1,29.1,37.3,30.9,67.9,39.1,38.1,33.9,67.8,31.8,-0.20000000000000284,-68.60000000000001,-45.8,-46.6,0.20000000000000284,68.60000000000001,45.8,46.6,31.193999999999996,24.441599999999998,12.915899999999999,26.608833119849503,13.3296,48.109300000000005,21.5604,21.914131665814793,1.2742986932538862,19.1,43.199999999999996,1.025124996069306,39.1,67.4,0.05999999999998806,0.05999999999998806,0.060000000000002274,25.0,95.64806135153539,-0.20000000000000284,45.9513,8.3201,80.48799018143531,0.6537025476731722,76.44437182898831,3.527390957609963,1.6000799999999997,1.6000799999999997,353.3700000000001,0.11397726906162299,31.8,-353.3700000000001,8.772757287048393,31.164,53.10000000000001,42.1,2,68.90032138962135,-3.8000000000000007,-2.6999999999999993,8.225180385870859
385,2021 Alabama,2021,Alabama,Region 4,2,Sweet 16,2,Nate Oats,2021 Nate Oats,SEC,SEC,2021 SEC,2021 Alabama,2021 Alabama,12.6,33.0,34.2,14.8,17.8,6.3,40.8,24.0,9.0,15.1,111.722,113.266,24.9876,77.69,0.26,1.88,32.95,15.97,20.05,17.54,21.39,24.99,25.44,37.39,17.47,10.97,8.65,23.31,23.97,20.81,19.21,12.63,6.867693343,110.7022028,111.36874964,0.928051133,51.3,54.7,28.6,68.1,81.4,21.1,31.5,29.8,75.1,50.1,53.6,35.1,71.2,10.5,85.9,50.8,56.2,47.1,33.6,74.8,72.0,31.400000000000006,89.0,7.2,13.599999999999994,6.5,57.2,40.8,40.8,32.9,29.7,12.7,65.5,32.9,35.2,46.5,70.8,34.2,-3.4000000000000057,-60.300000000000004,-38.7,-39.49999999999999,3.4000000000000057,60.300000000000004,38.7,39.49999999999999,29.7456,20.1399,16.368000000000002,26.91447875524746,14.3072,45.763099999999994,24.2136,26.209842298902398,1.0322358658953572,37.3,48.0,1.152013099032192,32.9,60.6,0.060000000000002274,0.0799999999999983,0.06999999999999318,32.95,96.4954857683268,6.799999999999997,41.7582,11.541700000000002,82.84324600986797,0.6438448181898834,78.03967223567547,3.0213429385516917,0.19448000000000001,0.19448000000000001,-79.13999999999987,0.12223373418237271,27.823999999999998,79.13999999999987,8.18017331682697,33.464,51.46,43.33,0,66.22623031553164,-5.800000000000001,-2.700000000000001,7.36359663450078
386,2021 Texas,2021,Texas,Region 4,3,First Round,1,Shaka Smart,2021 Shaka Smart,Big 12,B12,2021 B12,2021 Texas,2021 Texas,14.4,32.7,20.8,11.8,6.3,10.0,39.2,16.0,10.1,5.9,113.848,106.7339,20.5822,77.84,1.65,1.96,27.83,20.72,20.43,16.63,21.52,20.7,37.38,29.07,16.31,8.45,8.79,24.99,30.69,18.02,13.93,12.37,4.139175087,113.548245,107.22622199,0.910823651,52.9,53.3,34.0,63.3,79.8,17.8,31.3,26.9,69.6,52.4,54.2,35.7,67.7,10.1,90.4,49.7,58.7,41.9,33.4,70.0,70.8,31.900000000000006,88.2,17.1,17.599999999999994,4.8,62.0,36.2,45.5,35.9,36.3,21.6,65.2,31.0,35.7,42.1,68.3,33.1,-0.3999999999999986,-62.0,-41.8,-29.299999999999997,0.3999999999999986,62.0,41.8,29.299999999999997,37.5262,22.870500000000003,15.029700000000002,24.981393075647322,17.1793,42.8193,22.6073,23.331309436034662,1.2660031828222609,28.4,53.300000000000004,1.229570103622247,31.0,59.300000000000004,0.0,0.0,0.0,27.83,98.07252756180536,2.0,42.2142,9.487400000000001,82.50777887869641,0.6046155156263305,77.32011764374805,2.905796742735508,1.155,1.155,387.9299999999996,0.11172442782712579,23.128,-387.9299999999996,8.949608949608951,12.347999999999999,52.47,40.644999999999996,0,68.9796960929979,-1.700000000000001,-0.39999999999999947,8.16642682009352
387,2021 Florida St.,2021,Florida St.,Region 4,4,Sweet 16,2,Leonard Hamilton,2021 Leonard Hamilton,ACC,ACC,2021 ACC,2021 Florida St.,2021 Florida St.,15.2,34.8,32.0,19.0,13.0,9.6,40.3,22.7,13.0,9.7,116.442,105.6274,22.0698,79.62,2.23,1.96,39.17,20.17,19.07,21.81,20.78,18.09,35.68,21.26,18.5,15.53,8.96,28.94,17.52,25.34,16.13,11.98,2.389274793,117.2310249,106.33059022,0.929583647,54.4,53.5,32.7,63.7,79.8,19.6,35.7,31.4,70.4,52.1,55.8,39.0,66.7,14.6,92.5,51.9,50.6,35.5,40.0,71.2,73.8,25.900000000000006,92.6,12.7,23.900000000000006,8.0,63.9,37.8,47.8,34.1,37.1,27.3,65.5,26.3,37.6,34.9,67.5,39.5,0.8999999999999986,-60.199999999999996,-32.900000000000006,-31.0,-0.8999999999999986,60.199999999999996,32.900000000000006,31.0,35.91439999999999,23.250700000000002,13.1224,26.361461770293893,18.2118,43.889,26.6625,20.22397504613439,1.4469499441276756,22.7,50.5,1.065795802637908,26.3,57.9,0.0799999999999983,0.06999999999999318,0.09000000000000341,39.17,98.54869713705237,3.200000000000003,43.411199999999994,10.486,85.76089435862905,0.6455143592741382,79.99607660675908,2.504826493737933,1.58776,1.58776,763.4299999999998,0.15783613150128106,37.24,-763.4299999999998,6.335182521745087,25.48,53.755,42.135000000000005,3,68.6778865353978,-6.0,-3.3000000000000007,8.523739827546379
388,2021 Colorado,2021,Colorado,Region 4,5,First Round,1,Tad Boyle,2021 Tad Boyle,Pac 12,P12,2021 P12,2021 Colorado,2021 Colorado,14.4,34.0,24.7,12.3,12.7,9.2,40.5,19.3,9.3,10.1,114.417,107.2642,21.6816,77.45,0.38,2.28,30.38,23.3,22.72,17.79,12.05,24.09,32.92,28.8,16.43,9.39,12.38,24.9,28.03,19.32,11.13,16.54,4.861758212,115.3922659,108.25155925,0.933192656,52.0,52.3,29.9,72.0,83.2,19.8,30.9,25.6,66.2,50.3,53.5,36.7,66.7,7.8,92.1,51.3,52.4,35.8,34.8,67.2,82.2,27.400000000000006,85.7,3.6,7.400000000000006,4.8,59.5,31.8,43.8,34.6,41.2,31.8,63.9,30.3,37.3,36.4,66.7,35.1,-0.29999999999999716,-63.400000000000006,-43.5,-42.1,0.29999999999999716,63.400000000000006,43.5,42.1,22.006200000000003,26.6788,13.577199999999998,22.08353459027789,15.51,42.773399999999995,23.4117,27.34038526917034,0.9725007554737508,18.2,35.4,1.1224751431583146,30.3,60.6,0.04999999999999716,0.0799999999999983,0.0800000000000125,30.38,94.92302747693077,-0.7999999999999972,43.264,10.3554,82.85865401422548,0.6396428972207329,76.84758495792441,3.118861972501637,0.25536000000000003,0.25536000000000003,484.97999999999934,0.0846896342059261,28.044,-484.97999999999934,11.806178695039097,28.955999999999996,52.265,41.79,0,71.69123658247014,-3.0,-2.5999999999999996,8.166740005146123
389,2021 BYU,2021,BYU,Region 4,6,First Round,1,Mark Pope,2021 Mark Pope,WCC,WCC,2021 WCC,2021 BYU,2021 BYU,12.8,35.3,21.6,12.1,8.8,9.6,40.1,19.7,11.5,8.2,113.107,107.8388,20.9462,77.97,2.47,2.0,36.45,23.33,17.15,16.37,20.33,22.73,35.33,37.09,12.26,8.44,6.77,23.46,28.39,16.55,17.27,14.25,3.54804562,111.5186041,107.35189202,0.893965563,55.0,53.4,27.8,70.6,81.0,16.0,28.6,23.3,70.4,54.5,54.5,37.3,67.6,7.2,94.5,56.9,53.3,38.8,34.8,69.1,73.6,30.900000000000006,90.6,3.4,5.599999999999994,3.5,65.8,28.2,33.3,24.8,45.5,33.2,66.9,40.5,36.7,38.6,67.3,34.6,1.6000000000000014,-65.0,-48.099999999999994,-42.8,-1.6000000000000014,65.0,48.099999999999994,42.8,21.636,29.272200000000005,14.166200000000002,23.96281842076734,8.4544,50.380300000000005,23.2858,29.74473342739294,0.8186316416673143,16.799999999999997,31.599999999999998,0.8178954365480767,40.5,71.7,0.09000000000000341,0.10999999999999943,0.0799999999999983,36.45,96.83975950282262,1.0999999999999943,44.550000000000004,8.544,78.95610484611983,0.6773728884179949,75.37652020752505,2.805115520235777,1.70677,1.70677,-135.4600000000005,0.07618966995058253,24.2,135.4600000000005,13.123177336481044,17.6,52.14,40.61,2,71.34107869565295,-0.5999999999999996,-0.6000000000000014,7.988428205541922
390,2021 Connecticut,2021,Connecticut,Region 4,7,First Round,1,Dan Hurley,2021 Dan Hurley,Big East,BE,2021 BE,2021 Connecticut,2021 Connecticut,15.6,33.2,28.8,16.9,9.6,10.8,39.2,20.8,12.8,8.0,113.581,108.3204,21.9011,77.88,1.05,1.8,35.64,21.37,16.0,19.94,21.67,21.02,28.21,25.07,28.64,10.81,7.27,25.16,21.28,25.09,16.2,12.27,2.031003885,113.9399851,107.71422753,0.918638582,49.5,53.8,29.6,63.1,82.5,19.6,36.8,29.8,66.5,49.0,54.4,33.6,68.4,14.4,93.3,49.4,53.5,33.3,33.0,66.6,73.1,29.299999999999997,92.9,7.6,8.5,5.7,56.1,38.1,48.6,38.7,37.9,28.5,61.8,28.0,33.5,33.4,67.6,33.3,-4.299999999999997,-62.9,-33.400000000000006,-33.5,4.299999999999997,62.9,33.400000000000006,33.5,28.4345,21.990499999999997,11.188999999999998,27.032326327319055,19.292700000000004,39.81479999999999,22.510799999999996,26.631106498479053,1.3682225083081347,21.5,45.7,1.3332932944956613,28.0,55.599999999999994,0.0,0.0,0.0,35.64,97.67031117957784,-1.4000000000000057,40.8375,10.5448,85.61212865317952,0.6144202186539968,78.79726954036342,3.0569681732472427,0.6992999999999999,0.6992999999999999,314.92999999999984,0.15433918178797654,30.419999999999998,-314.92999999999984,6.478716755780848,17.28,52.224999999999994,41.845,1,67.0872622160834,-4.099999999999998,-1.5999999999999996,7.985555024214975
391,2021 LSU,2021,LSU,Region 4,8,Second Round,1,Will Wade,2021 Will Wade,SEC,SEC,2021 SEC,2021 LSU,2021 LSU,20.6,36.2,23.5,23.7,5.4,14.9,41.1,16.5,17.2,-0.6,119.771,99.819,19.5899,77.61,0.09,1.03,26.32,20.86,16.61,16.42,28.87,17.18,21.51,38.81,27.19,5.8,6.58,27.47,29.44,14.79,13.89,14.31,2.244652754,118.9264119,100.17900483,0.882254327,52.8,51.5,33.9,70.9,83.9,18.4,31.5,32.8,72.8,53.0,48.7,35.0,70.0,7.8,90.9,42.3,49.3,37.1,44.3,71.4,74.7,29.400000000000006,96.6,5.0,7.599999999999994,6.4,66.8,30.6,36.3,33.1,38.7,32.5,66.6,22.9,34.8,36.9,70.0,44.0,1.2999999999999972,-65.5,-35.7,-37.00000000000001,-1.2999999999999972,65.5,35.7,37.00000000000001,25.2708,25.4187,12.841199999999999,28.706140458097114,12.5017,46.0514,30.8,29.24578317182382,0.9647435028861008,17.5,35.6,0.8977068702984023,22.9,60.5,0.060000000000002274,0.10999999999999943,0.10000000000000853,26.32,94.71614061504283,3.4000000000000057,44.2992,9.475999999999999,83.09924805619077,0.518376000294114,79.16950012820435,3.0619216197751697,0.06426,0.06426,447.86999999999944,0.08580763687968228,24.411,-447.86999999999944,11.652352262530446,5.562,53.48,42.395,1,67.35421165850427,-6.5,-6.0,9.498697655780404
392,2021 St. Bonaventure,2021,St. Bonaventure,Region 4,9,First Round,1,Mark Schmidt,2021 Mark Schmidt,Atlantic 10,A10,2021 A10,2021 St. Bonaventure,2021 St. Bonaventure,17.5,28.4,24.3,12.5,13.6,10.7,36.7,17.8,8.8,8.9,111.309,109.5115,20.8204,77.32,-0.38,1.93,9.81,17.07,20.36,19.7,21.72,21.08,31.32,27.0,19.3,14.86,7.44,31.55,19.74,20.8,15.74,12.08,1.871214237,110.1163009,108.14525788,0.889464166,50.5,54.5,27.8,71.7,83.1,19.5,33.6,28.4,65.3,49.3,54.9,35.4,69.4,12.4,92.2,56.8,42.4,31.9,43.2,65.5,73.4,34.900000000000006,97.1,8.4,6.200000000000003,4.8,58.3,40.9,46.7,35.8,34.8,27.2,68.7,21.1,34.4,31.9,69.3,43.1,-4.0,-63.599999999999994,-38.0,-43.900000000000006,4.0,63.599999999999994,38.0,43.900000000000006,32.0011,20.4392,10.9736,29.49807903350092,17.016199999999998,44.364,29.868299999999998,29.6131023929161,1.5454061001222532,22.8,49.3,0.9419735040950324,21.1,59.400000000000006,0.07000000000000739,0.0799999999999983,0.09000000000000341,9.81,98.20220134609016,-2.5,41.9655,10.6275,81.91069846237099,0.7055812971267437,76.29483993503665,2.5087272942429433,-0.2489,-0.2489,-461.8100000000002,0.13448877994815675,24.125,461.8100000000002,7.434884283525522,26.247999999999998,51.865,43.11000000000001,0,65.55937394030472,-3.6999999999999993,-4.699999999999999,7.664045200319598
393,2021 Maryland,2021,Maryland,Region 4,10,Second Round,1,Mark Turgeon,2021 Mark Turgeon,Big 10,B10,2021 B10,2021 Maryland,2021 Maryland,16.5,32.6,25.4,15.6,12.1,12.2,38.8,19.2,13.5,5.6,110.916,107.8016,18.7175,78.09,-0.52,1.91,22.42,17.51,19.32,22.03,19.46,21.62,22.85,22.95,23.11,16.45,14.55,17.73,23.92,21.66,19.85,16.77,0.061590016,110.0631161,105.82289088,0.857243742,52.6,51.5,32.6,74.4,83.2,16.9,20.9,24.8,65.6,52.8,53.6,34.9,65.7,10.3,91.2,53.7,47.7,43.0,41.8,66.3,70.3,28.299999999999997,91.9,6.9,3.4000000000000057,5.9,65.9,31.3,42.5,31.4,37.8,25.6,67.2,26.7,35.3,43.1,65.2,41.9,1.1000000000000014,-66.30000000000001,-54.3,-41.800000000000004,-1.1000000000000014,66.30000000000001,54.3,41.800000000000004,26.9678,24.891099999999998,15.214299999999998,26.674878943805293,13.5456,45.2612,27.3188,29.64775146055206,0.8862903412913854,24.4,38.2,0.8901935514665521,26.7,62.7,0.060000000000002274,0.09000000000000341,0.07000000000000739,22.42,98.14941360644795,-1.7000000000000028,43.763200000000005,8.7035,74.88155329532779,0.646201610088928,76.34487704600822,2.8391167192429028,-0.34476,-0.34476,186.26000000000022,0.11293735814300282,29.796,-186.26000000000022,8.853509368022522,23.110999999999997,50.910000000000004,40.94500000000001,0,68.39502232960676,-2.0999999999999996,-6.5,7.788805650327544
394,2021 UCLA,2021,UCLA,Region 4,11,Final Four,3,Mick Cronin,2021 Mick Cronin,Pac 12,P12,2021 P12,2021 UCLA,2021 UCLA,17.5,33.4,22.9,15.4,9.1,11.7,39.5,17.8,13.2,4.5,113.403,102.5141,15.9175,77.29,-0.3,1.38,27.39,21.8,24.23,19.49,17.65,16.77,33.99,12.04,23.84,25.96,4.07,30.36,17.31,21.36,20.79,10.1,2.636578149,114.2430445,103.83072891,0.878735528,52.0,49.3,32.6,72.0,83.3,17.6,30.8,24.2,65.3,50.6,50.6,36.7,64.9,7.8,92.9,51.6,50.6,31.7,39.0,65.5,72.1,26.400000000000006,90.0,3.9,10.5,5.1,61.1,28.4,40.3,32.4,42.6,40.0,59.8,29.9,37.2,31.6,66.3,37.7,2.700000000000003,-65.69999999999999,-45.0,-39.4,-2.700000000000003,65.69999999999999,45.0,39.4,20.8624,28.7952,11.755200000000002,23.82650834679727,13.592699999999999,42.875299999999996,24.9951,25.051064514972875,1.0221195531786966,10.0,32.3,0.9946685764303334,29.9,62.5,0.060000000000016485,0.09999999999999432,0.0800000000000125,27.39,96.94436258695505,-2.5,43.315999999999995,8.6768,82.61274730427836,0.6262059926457203,76.39031690530128,3.0297586970840062,-0.19649999999999998,-0.19649999999999998,449.6599999999996,0.08396034488326282,21.252,-449.6599999999996,11.908729650044867,12.557999999999998,52.675,39.76,0,70.78384364895751,-2.200000000000001,-4.6,8.562077684165551
395,2021 Georgetown,2021,Georgetown,Region 4,12,First Round,1,Patrick Ewing,2021 Patrick Ewing,Big East,BE,2021 BE,2021 Georgetown,2021 Georgetown,10.1,33.7,15.1,5.5,8.6,7.1,40.9,11.8,5.7,6.0,107.693,106.364,14.0569,78.14,1.96,2.09,21.01,22.9,18.95,20.52,22.85,14.77,42.93,15.58,23.98,9.08,8.37,30.72,25.18,16.68,12.87,14.52,-1.103800496,107.1624969,106.30341076,0.82408495,49.6,52.0,30.3,74.1,78.3,16.2,32.4,27.3,70.1,46.1,52.6,36.6,67.4,10.4,92.2,51.7,43.7,38.8,39.7,70.6,75.4,31.299999999999997,82.8,6.9,19.400000000000006,6.9,54.3,28.8,42.2,32.4,38.7,32.3,63.9,27.7,36.6,38.8,66.2,39.9,-2.3999999999999986,-62.099999999999994,-40.3,-43.8,2.3999999999999986,62.099999999999994,40.3,43.8,21.351599999999998,26.700899999999997,14.2008,21.316191029356062,15.011400000000002,44.1141,26.413800000000002,21.875614277089454,0.9200793793974384,17.700000000000003,35.7,0.9849377208591263,27.7,60.7,0.010000000000005116,0.060000000000002274,0.030000000000001137,21.01,96.63628627853083,2.5999999999999943,38.8368,8.424,84.56137896124982,0.616937745372967,76.67272675246949,2.0137320860789822,1.3837599999999997,1.3837599999999997,-34.70999999999913,0.11279704124684113,11.495,34.70999999999913,8.864532256513797,17.973999999999997,50.44000000000001,41.425,0,71.35582419262875,0.20000000000000018,-2.5999999999999996,7.624853100173928
396,2021 UNC Greensboro,2021,UNC Greensboro,Region 4,13,First Round,1,Wes Miller,2021 Wes Miller,Southern,SC,2021 SC,2021 UNC Greensboro,2021 UNC Greensboro,8.8,36.0,7.5,2.9,4.3,6.4,40.6,8.8,3.7,5.1,104.118,104.0349,8.15332,77.02,1.36,1.75,36.21,17.36,17.26,16.38,18.0,30.96,33.96,23.86,22.36,5.05,14.7,25.67,21.8,16.69,12.52,23.27,-3.364934549,101.6167281,102.60230355,0.619556093,48.2,51.9,23.8,63.6,84.4,21.0,32.4,25.9,70.3,50.3,51.7,30.0,68.1,11.5,93.5,44.1,50.5,38.9,42.1,69.2,68.3,29.299999999999997,84.3,7.0,9.299999999999997,5.6,59.6,34.5,43.2,36.3,37.1,26.5,63.8,22.4,29.9,39.0,68.5,41.3,-3.6999999999999957,-63.400000000000006,-41.7,-39.8,3.6999999999999957,63.400000000000006,41.7,39.8,26.463,21.4925,11.661,24.558552481773024,16.2024,42.5817,28.290499999999998,26.94228399127785,1.0640752801210227,23.5,41.5,1.0145032807922327,22.4,58.1,0.03999999999999204,0.06999999999999318,0.05000000000001137,36.21,93.84161384776823,1.2000000000000028,40.680800000000005,10.899,82.46042979680011,0.5582207820154175,76.50220717935164,3.236971988975067,0.9411200000000001,0.9411200000000001,-237.93999999999983,0.12299333696965807,5.075,237.93999999999983,8.129727849752197,7.5249999999999995,50.43,40.730000000000004,1,68.22320671706682,0.8000000000000003,0.7999999999999998,7.507891506681828
397,2021 Abilene Christian,2021,Abilene Christian,Region 4,14,Second Round,1,Joe Golding,2021 Joe Golding,Southland,Slnd,2021 Slnd,2021 Abilene Christian,2021 Abilene Christian,6.5,34.0,12.9,2.0,10.7,5.3,40.2,11.8,4.8,7.0,103.047,107.0804,10.1273,75.1,-0.08,2.3,36.46,28.14,22.88,19.64,16.56,12.79,39.19,25.93,13.97,11.32,9.58,24.75,25.26,19.33,15.46,15.2,-1.057982506,100.946079,107.38643198,0.729233029,52.9,54.6,34.0,57.5,80.6,26.7,30.6,27.9,71.6,50.8,53.7,37.7,70.9,8.9,89.9,66.9,51.7,36.5,34.0,70.8,68.8,30.900000000000006,93.3,4.7,7.700000000000003,3.1,56.7,42.8,44.0,35.1,34.4,21.2,63.8,30.5,36.4,36.0,70.2,34.4,-1.7000000000000028,-53.89999999999999,-41.5,-23.5,1.7000000000000028,53.89999999999999,41.5,23.5,28.652699999999996,20.3968,13.104,27.324836077580898,15.6827,43.6078,24.1488,28.122633233749646,1.3194077942279383,28.8,47.5,1.1104328362547602,30.5,61.8,-0.009999999999990905,0.010000000000005116,-1.4210854715202004e-14,36.46,94.11567166109845,2.799999999999997,42.63739999999999,14.5782,77.07848934310819,0.9126751340363707,76.93106057998759,2.6648110922117407,-0.056639999999999996,-0.056639999999999996,562.4499999999996,0.09899778645398827,4.6,-562.4499999999996,10.09998876530727,24.609999999999996,52.53000000000001,42.720000000000006,1,66.8893556535515,2.8,-3.6999999999999993,7.123239890401134
398,2021 Iona,2021,Iona,Region 4,15,First Round,1,Rick Pitino,2021 Rick Pitino,MAAC,MAAC,2021 MAAC,2021 Iona,2021 Iona,9.5,35.4,9.5,4.1,3.7,5.9,40.2,8.9,3.7,5.1,100.371,98.593,-1.03598,76.33,0.5,1.75,24.37,19.62,13.11,17.45,26.12,23.62,40.92,28.24,17.92,10.12,2.69,27.82,27.41,18.93,14.44,11.29,-3.189433153,100.7489473,101.24059287,0.557092054,51.2,54.4,36.1,53.7,77.5,19.6,33.5,26.2,69.8,49.9,54.2,35.5,69.9,11.9,92.7,56.0,45.7,37.6,37.9,69.3,74.3,30.900000000000006,90.0,3.2,14.599999999999994,6.8,58.7,35.7,43.9,39.5,38.1,26.5,70.3,23.1,34.6,37.7,69.8,37.5,-3.1999999999999957,-57.9,-40.3,-17.6,3.1999999999999957,57.9,40.3,17.6,23.8359,23.140700000000002,13.0442,25.42944487531465,18.333299999999998,42.4143,26.175,26.419752711434175,1.0318028699503994,23.5,38.900000000000006,1.234633743100184,23.1,53.7,0.07999999999998408,0.10999999999999943,0.11000000000001364,24.37,94.88442280871455,1.2999999999999972,39.68000000000001,10.6624,82.15142774195537,0.6965087498911704,75.65445805133466,2.031020843518066,0.3465,0.3465,1022.8999999999996,0.12836970474967907,7.174999999999999,-1022.8999999999996,7.789261406604488,6.4750000000000005,51.970000000000006,39.955000000000005,0,68.52029607590646,-0.39999999999999947,1.3999999999999995,7.680234091324014
399,2021 Texas Southern,2021,Texas Southern,Region 4,16,First Round,1,Johnny Jones,2021 Johnny Jones,SWAC,SWAC,2021 SWAC,2021 Texas Southern,2021 Texas Southern,5.6,38.6,-1.0,-1.8,-0.6,6.1,42.3,6.7,4.3,2.3,98.9834,94.962,-6.05453,77.72,0.26,2.53,32.71,24.14,19.54,15.69,16.47,24.11,37.46,28.36,11.13,15.83,7.14,26.04,23.71,18.49,14.92,16.77,-4.350256654,97.92351962,96.8250463,0.354171509,48.3,53.5,38.9,66.2,78.5,19.4,32.9,26.4,73.4,51.0,54.8,27.7,67.6,12.4,91.9,44.2,51.0,27.8,37.9,72.5,70.8,30.200000000000003,88.7,6.6,20.5,4.8,58.6,44.8,47.7,35.2,36.2,27.9,63.1,26.3,27.7,27.3,67.7,38.5,-5.200000000000003,-59.1,-40.7,-27.300000000000004,5.200000000000003,59.1,40.7,27.300000000000004,32.107,17.6619,7.5621,27.252033563265208,17.7744,42.659800000000004,26.064500000000002,21.293113127644503,1.8827149188674406,22.1,51.4,1.038934053660944,26.3,60.0,0.04999999999999716,0.0800000000000125,0.07000000000000739,32.71,95.96020421308205,4.5,37.9155,10.379,80.95363361794497,0.5483802930484734,76.99728312577615,2.3719826984791403,0.1885,0.1885,754.8799999999997,0.1349278027442574,-4.553999999999999,-754.8799999999997,7.410692686073705,-1.5179999999999998,51.36,41.46,0,65.95752546750379,6.1,2.9,7.9233648894832704
400,2021 Illinois,2021,Illinois,Region 3,1,Second Round,1,Brad Underwood,2021 Brad Underwood,Big 10,B10,2021 B10,2021 Illinois,2021 Illinois,16.5,32.3,31.8,19.1,13.3,12.3,39.6,25.0,17.2,7.7,118.957,111.6555,30.6122,77.0,0.66,1.64,28.15,26.97,21.61,17.2,15.83,18.34,49.42,24.28,16.22,3.96,6.06,25.73,20.37,23.21,12.87,17.78,8.811890857,117.4059739,109.18606818,0.950428104,55.6,53.4,39.2,69.5,81.8,16.1,33.0,22.2,71.6,55.3,54.6,37.6,67.3,7.0,90.5,55.5,55.7,30.7,33.0,71.6,69.1,31.5,95.1,9.6,25.0,3.5,67.3,40.8,42.8,28.1,38.8,29.3,63.6,39.3,37.3,29.9,67.1,32.6,2.200000000000003,-65.69999999999999,-44.8,-30.299999999999997,-2.200000000000003,65.69999999999999,44.8,30.299999999999997,36.587999999999994,22.521099999999997,11.152699999999998,27.382886991696108,12.901800000000001,46.8694,21.8746,19.60992520808447,1.6855623557740544,20.7,50.4,0.9692954203858778,39.3,68.4,0.04999999999999716,0.060000000000002274,0.03999999999999204,28.15,95.55148901316407,3.5999999999999943,45.480799999999995,8.5974,81.66644541526851,0.6614939035291593,74.85847450522661,3.06027141365859,0.47256,0.47256,519.4699999999998,0.07734721163302062,31.324,-519.4699999999998,12.926724753606628,21.812,55.17,40.25,2,68.5286320300713,-1.9000000000000021,-5.6000000000000005,8.153835647723149
401,2021 Houston,2021,Houston,Region 3,2,Final Four,3,Kelvin Sampson,2021 Kelvin Sampson,American,Amer,2021 Amer,2021 Houston,2021 Houston,18.7,31.9,36.8,23.3,12.4,12.5,37.8,24.2,16.8,7.6,118.922,109.8983,28.8202,77.11,-0.6,1.88,29.54,14.26,15.37,20.04,28.19,22.09,29.92,38.6,12.83,14.48,4.08,17.51,28.51,21.71,20.46,11.74,4.043242164,119.0022423,110.59367834,0.964029955,51.3,57.1,30.7,57.6,83.7,21.6,39.4,28.0,66.0,49.9,57.0,35.5,71.5,14.5,92.7,51.4,48.4,42.3,37.6,65.9,74.3,34.8,91.5,5.4,20.0,5.1,64.9,25.8,44.5,33.3,36.1,32.0,70.4,29.1,34.8,42.2,70.1,37.6,-5.800000000000004,-62.1,-32.599999999999994,-26.900000000000002,5.800000000000004,62.1,32.599999999999994,26.900000000000002,21.685200000000002,26.2376,14.685599999999999,26.97027684940096,15.838499999999998,46.844,26.357599999999998,24.112030192416398,0.7393189734840407,18.0,31.200000000000003,1.021249434855456,29.1,61.6,0.04999999999999716,0.0899999999999892,0.07000000000000739,29.54,94.39130585608379,-2.0999999999999943,42.9381,12.333600000000002,86.69012954380898,0.6556038826035381,76.4881248352334,2.969142997362125,-0.3954,-0.3954,276.53,0.15641686713196187,43.804,-276.53,6.392662574994828,23.311999999999998,53.93,42.480000000000004,1,67.81446877661158,-6.5,-4.800000000000001,8.320997040017541
402,2021 West Virginia,2021,West Virginia,Region 3,3,Second Round,1,Bob Huggins,2021 Bob Huggins,Big 12,B12,2021 B12,2021 West Virginia,2021 West Virginia,16.0,35.9,23.0,18.4,8.3,11.2,41.8,17.7,14.5,3.3,116.128,104.1927,20.3206,77.15,0.2,1.82,29.82,23.27,13.14,22.99,20.23,20.33,40.96,29.89,13.92,5.46,9.69,40.95,20.25,11.59,12.12,15.01,2.998782713,115.0191663,105.05252972,0.900734486,48.7,49.8,39.4,71.5,83.0,20.7,35.6,31.3,70.7,46.4,48.7,35.7,67.7,7.6,93.6,52.3,48.0,33.1,37.3,70.5,71.7,30.599999999999994,94.8,4.8,7.5,6.3,58.7,31.6,38.3,39.3,34.8,35.3,66.2,22.7,36.4,33.1,66.5,38.0,-1.0999999999999943,-62.3,-33.099999999999994,-32.1,1.0999999999999943,62.3,33.099999999999994,32.1,23.0996,24.3328,12.048399999999999,27.96549957834951,15.524399999999998,40.297399999999996,25.27,28.06104951707972,1.099664662699012,14.700000000000003,36.4,1.1999684218836346,22.7,54.400000000000006,0.04000000000000625,0.0800000000000125,0.07999999999998408,29.82,95.91178278463583,2.5,40.421,10.308599999999998,85.58111647019604,0.6595124903847366,79.15475988241512,2.823363331568731,0.14100000000000001,0.14100000000000001,637.0800000000004,0.08119571372100726,33.488,-637.0800000000004,12.314169188264701,15.106000000000002,53.260000000000005,42.080000000000005,2,66.76372572572343,-3.8999999999999986,-5.000000000000001,8.645395546947656
403,2021 Oklahoma St.,2021,Oklahoma St.,Region 3,4,Second Round,1,Mike Boynton,2021 Mike Boynton,Big 12,B12,2021 B12,2021 Oklahoma St.,2021 Oklahoma St.,11.8,32.2,18.1,7.3,10.6,7.7,38.6,14.4,6.9,7.5,110.059,108.7077,18.7671,77.61,0.32,1.06,34.17,19.74,28.16,16.39,17.28,18.43,38.44,17.58,29.39,9.01,5.55,26.63,23.83,21.36,14.15,14.02,4.824949759,109.0572972,107.69788836,0.871945778,52.2,52.8,36.4,69.5,78.6,19.3,31.9,30.2,72.8,52.9,53.1,33.8,68.3,11.1,89.7,47.6,51.7,31.9,37.4,72.7,71.3,29.200000000000003,87.5,7.3,12.0,6.4,61.1,45.2,45.0,36.5,33.5,22.6,65.2,25.9,33.1,32.2,68.1,37.5,-0.5999999999999943,-59.3,-37.900000000000006,-33.1,0.5999999999999943,59.3,37.900000000000006,33.1,34.00470000000001,18.229200000000002,10.6582,26.009998077662367,17.193,42.4243,25.5375,25.8465181407477,1.6303841495605726,27.4,52.5,1.1439694941468228,25.9,57.1,0.0,0.030000000000001137,0.010000000000005116,34.17,95.2684938972881,4.700000000000003,41.029199999999996,10.1904,82.31861501829752,0.5898316005997447,78.92581864644995,2.4157749637867383,0.23264000000000004,0.23264000000000004,565.9199999999996,0.12374443986131703,7.738,-565.9199999999996,8.080353121340421,11.236,52.370000000000005,42.41,1,67.41050894720976,-0.39999999999999947,-3.0999999999999996,7.624212689508751
404,2021 Tennessee,2021,Tennessee,Region 3,5,First Round,1,Rick Barnes,2021 Rick Barnes,SEC,SEC,2021 SEC,2021 Tennessee,2021 Tennessee,11.4,31.3,24.9,8.6,14.1,7.4,38.5,18.1,7.3,10.8,108.804,112.2586,21.0624,77.39,-0.77,1.48,31.95,17.79,16.67,21.83,25.47,18.21,30.91,29.65,19.95,13.95,5.49,23.66,26.16,18.15,14.09,17.9,2.334822714,108.4646807,111.75340881,0.914692812,50.1,54.1,35.1,68.9,81.8,22.9,31.4,28.6,68.8,49.8,55.2,33.8,68.2,14.4,93.2,59.2,54.9,34.3,38.1,67.8,74.6,26.900000000000006,84.4,8.9,21.200000000000003,5.6,62.6,30.3,47.7,35.7,38.3,35.1,65.1,26.3,33.1,34.6,67.5,38.0,-4.0,-58.9,-40.0,-33.800000000000004,4.0,58.9,40.0,33.800000000000004,26.479400000000002,24.895899999999997,11.4526,23.664178272936788,18.216100000000004,42.7713,25.65,21.357492830386246,1.1329152336637671,14.899999999999999,39.2,1.0868135049077658,26.3,58.699999999999996,0.030000000000001137,0.04999999999999716,0.03999999999999204,31.95,96.3789946147513,-0.20000000000000284,40.9818,12.3889,79.14673101423146,0.7678240230347207,78.23461547639312,3.0163177847371014,-0.52206,-0.52206,765.0499999999995,0.15450477999163098,12.728,-765.0499999999995,6.471772793556004,20.868,52.035000000000004,43.42,0,69.76410353220956,-1.2999999999999998,-3.299999999999999,7.192177773660337
405,2021 San Diego St.,2021,San Diego St.,Region 3,6,First Round,1,Brian Dutcher,2021 Brian Dutcher,Mountain West,MWC,2021 MWC,2021 San Diego St.,2021 San Diego St.,13.9,33.1,28.1,15.7,14.0,10.5,39.2,21.4,13.4,8.0,110.835,110.4609,21.296,76.56,-0.13,2.44,34.99,18.8,22.44,25.93,14.0,18.78,44.64,30.06,13.95,8.33,2.96,26.57,23.12,20.95,15.62,13.69,3.073994947,111.255634,110.74157668,0.926449673,52.7,53.3,34.3,67.3,83.1,22.5,29.9,24.4,66.9,50.5,55.4,37.5,67.2,10.0,91.8,53.7,39.8,39.5,45.5,66.9,71.9,26.799999999999997,88.5,6.6,12.5,4.2,62.4,28.0,39.9,23.0,39.8,31.6,66.4,31.1,36.8,40.4,66.2,45.9,-0.5999999999999943,-60.599999999999994,-45.7,-33.0,0.5999999999999943,60.599999999999994,45.7,33.0,23.313000000000002,27.444,14.867199999999999,23.980738798738738,9.702,51.03620000000001,30.3858,25.712577985621486,0.8564144451870004,18.4,34.6,0.5925796823598615,31.1,72.8,0.04999999999999716,0.060000000000002274,0.04999999999999716,34.99,95.52656731357227,-1.0999999999999943,43.7937,11.9925,81.63547756790958,0.6928942852350293,74.32674540159559,2.3548902431808756,-0.08697,-0.08697,662.5300000000004,0.10893127525843944,38.308,-662.5300000000004,9.179082091790821,34.16,52.980000000000004,41.92,1,70.34169426690654,-2.299999999999999,-6.0,7.5337763518462015
406,2021 Clemson,2021,Clemson,Region 3,7,First Round,1,Brad Brownell,2021 Brad Brownell,ACC,ACC,2021 ACC,2021 Clemson,2021 Clemson,10.3,35.0,23.0,9.6,14.6,8.4,40.7,19.4,10.5,9.0,106.87,109.2954,16.1652,76.93,0.6,1.81,37.64,18.65,27.21,15.28,17.16,21.66,34.91,39.0,8.79,9.31,7.94,25.23,26.27,14.75,24.75,8.95,2.896409349,105.1501368,109.47304198,0.848389801,50.4,51.2,23.6,70.4,80.5,21.6,26.6,26.5,64.9,49.2,52.6,34.6,66.2,9.2,90.3,56.4,49.0,43.9,40.4,65.4,76.5,30.299999999999997,87.5,6.4,11.799999999999997,6.8,59.4,28.9,41.2,30.7,37.3,27.7,64.3,28.4,34.5,43.4,66.5,40.9,-0.8000000000000043,-58.9,-46.9,-46.800000000000004,0.8000000000000043,58.9,46.9,46.800000000000004,22.766599999999997,25.305099999999996,14.972999999999999,24.554208736317825,13.450800000000003,45.4597,27.1985,25.480777068213598,0.813345314624087,22.3,35.3,0.9168479988264346,28.4,62.5,0.04000000000000625,0.05000000000001137,0.04999999999999716,37.64,95.33883383690305,-2.5999999999999943,40.572,11.059200000000002,78.04040820579881,0.719378579354855,77.29590111522556,2.512691656838111,0.3924,0.3924,-327.7199999999998,0.10188148525486981,17.376,327.7199999999998,9.814150635800457,26.426,49.144999999999996,41.74,0,69.00903187313884,0.9000000000000004,-5.6,7.277998177433108
407,2021 Loyola Chicago,2021,Loyola Chicago,Region 3,8,Sweet 16,2,Porter Moser,2021 Porter Moser,Missouri Valley,MVC,2021 MVC,2021 Loyola Chicago,2021 Loyola Chicago,13.0,31.5,28.4,12.3,14.4,8.9,38.4,21.7,10.1,11.7,110.416,113.3375,23.7539,76.14,-0.32,2.28,29.48,28.97,16.97,17.07,20.81,16.18,44.57,22.09,13.05,16.45,3.84,27.38,21.18,20.62,17.28,13.54,1.839587256,108.9548177,111.75459907,0.918664211,56.3,53.3,30.7,77.6,81.5,21.6,26.0,21.0,63.5,58.0,54.5,35.7,67.5,6.9,91.5,59.9,54.8,37.0,34.4,64.8,73.3,29.900000000000006,92.3,2.7,16.700000000000003,1.8,66.3,40.5,45.4,30.1,40.7,22.4,60.5,36.4,35.4,37.1,67.5,33.5,3.0,-59.9,-53.0,-46.89999999999999,-3.0,59.9,53.0,46.89999999999999,29.343600000000002,22.2502,13.1334,26.163635705561514,13.966,44.6345,22.6125,22.52441268194726,1.164389100024258,27.6,43.2,0.9522103817796485,36.4,68.1,0.0,0.0,0.0,29.48,94.67376305446331,-3.200000000000003,45.884499999999996,11.5128,75.61753194863502,0.7640208670807769,74.14573095497543,2.9620020539430296,-0.20736000000000002,-0.20736000000000002,-69.93000000000029,0.07540901192336696,28.044,69.93000000000029,13.258947978553831,32.832,52.699999999999996,42.559999999999995,1,69.16107019086787,-2.200000000000001,-2.700000000000001,7.242144108136246
408,2021 Georgia Tech,2021,Georgia Tech,Region 3,9,First Round,1,Josh Pastner,2021 Josh Pastner,ACC,ACC,2021 ACC,2021 Georgia Tech,2021 Georgia Tech,13.1,34.2,17.0,9.7,5.5,10.9,39.0,15.8,10.1,5.7,113.332,105.217,18.5494,76.34,0.09,2.54,20.05,24.31,15.56,22.93,20.56,16.61,50.27,14.67,12.39,9.9,12.73,27.08,21.26,21.49,15.2,14.91,1.849342121,112.7388797,104.37829545,0.869183301,53.9,47.8,29.0,71.1,84.1,22.8,24.8,29.9,68.0,54.8,49.3,34.9,63.3,9.3,92.1,57.7,45.6,37.0,34.6,68.6,72.7,29.400000000000006,90.5,10.9,9.200000000000003,6.9,67.4,35.4,38.4,36.2,39.8,28.1,62.8,28.7,34.8,36.5,63.1,35.2,6.100000000000001,-61.3,-45.3,-42.099999999999994,-6.100000000000001,61.3,45.3,42.099999999999994,33.7241,23.885799999999996,12.701999999999998,25.91027788349635,14.535600000000002,40.23480000000001,22.211200000000005,25.554435361922334,1.268458398400044,21.9,46.3,1.2243970341751655,28.7,56.9,0.030000000000001137,0.03999999999999204,0.060000000000002274,20.05,96.16985248325864,0.5999999999999943,45.329899999999995,10.8984,75.84227149537533,0.7473996450823176,79.82073197030284,2.867744167033519,0.061739999999999996,0.061739999999999996,17.960000000000036,0.10097610232245036,24.637999999999998,-17.960000000000036,9.902161057950757,13.97,51.895,41.465,1,69.16774691114111,0.40000000000000036,0.20000000000000018,8.27116082799521
409,2021 Rutgers,2021,Rutgers,Region 3,10,Second Round,1,Steve Pikiell,2021 Steve Pikiell,Big 10,B10,2021 B10,2021 Rutgers,2021 Rutgers,13.3,32.1,22.7,10.2,15.0,9.3,38.8,17.0,8.7,8.3,108.651,109.4916,18.1428,77.92,0.69,2.03,26.17,16.88,13.01,24.43,20.53,25.09,46.28,19.34,15.88,13.72,4.71,35.61,17.63,22.68,14.11,9.89,1.751297257,106.6028662,108.07550656,0.846009952,50.2,52.3,27.7,66.8,83.6,18.9,27.4,29.3,68.5,51.9,52.6,31.1,67.9,14.1,91.8,51.6,43.9,32.7,35.6,68.7,63.2,29.599999999999994,83.5,9.9,12.299999999999997,7.8,59.9,37.0,42.1,33.7,41.4,29.7,65.7,30.7,31.3,33.3,67.7,35.5,-2.0999999999999943,-64.69999999999999,-43.3,-39.099999999999994,2.0999999999999943,64.69999999999999,43.3,39.099999999999994,30.429499999999997,22.7187,10.4229,22.94273668651294,15.147100000000002,44.2034,24.0335,25.860329979848803,1.408366115131678,20.3,46.9,1.1689811554604097,30.7,58.5,0.060000000000002274,0.07000000000000739,0.0800000000000125,26.17,94.89099618320753,0.7000000000000028,41.9672,9.884699999999999,78.14607836629482,0.6362436961319836,77.58513019043112,2.676666056947746,0.47403,0.47403,-226.63999999999942,0.1535930981143996,20.705999999999996,226.63999999999942,6.510176583221049,30.449999999999996,50.61500000000001,41.525000000000006,0,70.19213556803363,-1.5,-6.699999999999999,7.423136358073512
410,2021 Syracuse,2021,Syracuse,Region 3,11,Sweet 16,2,Jim Boeheim,2021 Jim Boeheim,ACC,ACC,2021 ACC,2021 Syracuse,2021 Syracuse,17.3,32.9,18.5,13.9,7.4,11.5,39.5,14.1,10.3,3.8,113.82,102.4063,16.2268,78.12,0.68,1.57,19.12,14.3,20.24,25.35,19.77,20.3,24.94,32.73,12.47,19.73,10.05,20.1,26.86,13.25,20.51,19.22,0.538774088,112.1989092,102.74655093,0.838072712,50.7,51.5,28.4,74.9,84.0,20.8,30.3,33.8,69.7,50.8,50.8,33.8,68.3,14.4,91.1,56.5,31.400000000000006,39.2,43.9,70.1,78.4,25.099999999999994,93.4,6.1,13.200000000000003,9.5,65.6,25.6,39.7,30.1,39.3,33.9,65.6,25.7,34.8,40.5,68.2,44.2,-0.7999999999999972,-63.2,-35.900000000000006,-46.50000000000001,0.7999999999999972,63.2,35.900000000000006,46.50000000000001,22.491,27.4167,14.094,27.071187019904887,13.203700000000001,47.003600000000006,30.144400000000005,25.759836309003724,0.7826967235376906,16.1,31.700000000000003,0.8959073324132938,25.7,60.4,0.04000000000000625,0.0799999999999983,0.060000000000002274,19.12,96.08487931220505,2.0999999999999943,42.588,10.712000000000002,79.49077997754193,0.7133748311258695,75.62389711603758,1.9623773514155367,0.47668,0.47668,346.57000000000016,0.1580663219942701,21.823,-346.57000000000016,6.3259495868342475,11.618,51.6,43.795,1,68.28110220716323,-3.5999999999999996,-3.6000000000000005,8.614442036846981
411,2021 Oregon St.,2021,Oregon St.,Region 3,12,Elite Eight,2,Wayne Tinkle,2021 Wayne Tinkle,Pac 12,P12,2021 P12,2021 Oregon St.,2021 Oregon St.,13.9,35.9,20.3,13.2,7.4,10.3,40.2,15.1,11.3,3.9,109.326,100.8467,10.1728,78.24,1.32,2.09,29.61,19.05,18.98,16.49,23.22,22.23,23.03,52.77,10.93,8.45,4.74,20.06,34.0,18.41,15.51,11.98,0.37967523,109.1184426,101.60567965,0.766684659,48.7,49.6,34.0,61.8,82.8,18.5,29.8,29.4,65.6,46.9,47.5,34.6,68.6,9.5,92.2,59.4,47.8,35.5,37.7,66.1,76.0,26.799999999999997,92.0,4.4,4.099999999999994,6.8,56.9,31.4,39.2,34.9,37.6,33.3,63.4,26.4,35.1,35.3,69.4,38.7,-0.8999999999999986,-64.3,-40.8,-27.799999999999997,0.8999999999999986,64.3,40.8,27.799999999999997,21.9146,24.911099999999998,12.3903,26.272545873338323,13.959600000000002,43.5954,26.8578,29.645502750557856,1.0141355768958387,16.700000000000003,35.8,1.0774915376863645,26.4,58.300000000000004,0.030000000000001137,0.07999999999998408,0.03999999999999204,29.61,97.27951658707501,-1.9000000000000057,40.3236,9.176,78.78004210020792,0.7288254131851142,77.6918781482037,2.778908203011452,0.87252,0.87252,927.7600000000002,0.10303575883124912,27.587999999999997,-927.7600000000002,9.704241658772762,15.466,51.24000000000001,39.615,0,67.83224532202564,-1.8999999999999986,-3.5000000000000004,8.340703357637306
412,2021 Liberty,2021,Liberty,Region 3,13,First Round,1,Ritche McKay,2021 Ritche McKay,Atlantic Sun,ASun,2021 ASun,2021 Liberty,2021 Liberty,13.4,37.1,17.6,14.3,4.4,9.0,42.2,15.5,12.2,3.4,110.143,98.227,8.37002,75.76,-0.61,1.8,27.22,21.83,16.19,17.4,18.35,26.15,49.32,23.65,9.72,7.97,9.21,33.44,19.35,17.96,10.07,19.06,-1.690192051,109.1432163,99.1832297,0.713531192,57.4,52.0,25.5,70.4,84.4,17.3,23.1,22.4,64.4,56.8,52.2,38.8,67.8,7.0,92.7,57.4,57.8,47.5,36.1,64.4,77.8,30.299999999999997,88.5,3.6,9.5,2.4,59.7,36.1,45.9,35.2,47.6,16.8,59.9,29.1,38.8,47.1,68.2,35.7,5.399999999999999,-67.10000000000001,-54.5,-44.900000000000006,-5.399999999999999,67.10000000000001,54.5,44.900000000000006,24.7377,26.2716,18.2748,21.666025631542734,16.384800000000002,41.7783,24.347400000000004,25.93740863437723,0.8428695781405916,33.2,39.7,1.0531917873448924,29.1,62.4,0.0800000000000125,0.12999999999999545,0.12000000000000455,27.22,95.96364273137276,-3.5999999999999943,48.445600000000006,8.996,75.60441287992391,0.6940665771877002,74.74255390885166,3.704890712133839,-0.3928400000000001,-0.3928400000000001,-149.22000000000003,0.07551159102922297,25.740000000000002,149.22000000000003,13.240965576346236,7.920000000000001,52.505,40.165,3,73.02436754700501,-2.1000000000000014,-1.0000000000000004,8.712994258256302
413,2021 Morehead St.,2021,Morehead St.,Region 3,14,First Round,1,Preston Spradlin,2021 Preston Spradlin,Ohio Valley,OVC,2021 OVC,2021 Morehead St.,2021 Morehead St.,8.7,34.7,6.9,2.1,2.0,7.0,40.2,7.7,4.7,3.0,100.165,103.7306,3.89559,77.31,-0.03,1.7,25.79,24.86,16.2,17.46,20.23,21.25,48.26,25.77,5.87,3.96,16.15,30.55,16.55,12.96,19.64,20.3,-1.939432197,98.06112921,103.94243976,0.559072752,51.9,53.0,36.8,76.9,77.1,18.0,31.3,24.9,67.1,51.8,52.4,34.7,69.3,14.3,90.9,51.3,50.2,34.5,41.4,66.5,68.3,32.099999999999994,91.1,4.5,12.799999999999997,3.9,60.3,39.6,43.7,33.2,38.7,25.8,63.1,25.9,35.3,34.6,68.8,41.0,-1.1000000000000014,-59.099999999999994,-43.8,-40.10000000000001,1.1000000000000014,59.099999999999994,43.8,40.10000000000001,27.9783,22.1984,12.213799999999999,25.67612379883952,15.007600000000002,44.5509,28.208,25.264863612007357,1.274529637871738,24.2,44.1,0.9048559791224605,25.9,62.9,0.0,-0.009999999999990905,0.0,25.79,96.6041716768953,-1.5,40.0149,9.54,81.88223990255787,0.6256021268033316,75.62671051593699,2.1920440155451724,-0.01995,-0.01995,44.94999999999982,0.1573140009460842,3.57,-44.94999999999982,6.3561988672120835,3.4,51.815,42.215,0,68.69800791527598,2.6,1.0,7.156170347319428
414,2021 Cleveland St.,2021,Cleveland St.,Region 3,15,First Round,1,Dennis Gates,2021 Dennis Gates,Horizon,Horz,2021 Horz,2021 Cleveland St.,2021 Cleveland St.,7.1,38.1,0.9,-0.1,3.0,5.0,41.8,4.0,2.5,1.4,100.852,100.5206,1.37289,76.96,-0.82,2.1,29.25,18.13,20.22,24.7,20.66,16.23,35.15,13.46,19.43,25.63,6.24,25.24,18.31,28.51,18.58,9.29,-2.684753421,99.152914,100.34329473,0.48543337,50.6,51.1,31.9,62.8,81.5,20.3,30.9,31.9,67.6,52.1,49.1,31.9,69.2,7.6,92.9,52.9,47.3,34.3,42.5,67.1,66.9,27.099999999999994,88.6,3.4,15.599999999999994,3.6,57.3,38.7,42.6,31.1,43.6,26.9,55.8,26.5,32.1,34.3,69.3,42.4,-0.5,-61.2,-37.2,-30.9,0.5,61.2,37.2,30.9,25.1875,22.738699999999998,11.010299999999999,24.41297469243216,13.810200000000002,44.170199999999994,29.3832,22.909441285199428,1.227369464447101,23.1,42.1,0.818376925072522,26.5,65.3,0.060000000000002274,0.09000000000001762,0.06999999999999318,29.25,96.82655234799753,-0.9000000000000057,41.239,10.3733,79.8903672508885,0.6637306934668322,78.83627115049003,2.556618561158856,-0.5502199999999999,-0.5502199999999999,432.2300000000005,0.08180751552728172,-0.21000000000000002,-432.2300000000005,12.222076042625972,6.300000000000001,51.58,41.315,1,69.41265638441264,2.6,-1.6,7.532868557603541
415,2021 Drexel,2021,Drexel,Region 3,16,First Round,1,Zach Spiker,2021 Zach Spiker,CAA,CAA,2021 CAA,2021 Drexel,2021 Drexel,11.9,39.6,5.7,8.7,-2.5,9.2,42.5,7.3,8.7,-1.5,107.143,94.475,1.6183,77.1,0.13,1.8,27.86,21.29,21.06,18.49,22.94,16.21,42.42,31.85,9.44,8.1,8.2,28.88,28.62,14.96,14.04,13.49,-4.46196694,106.1669578,96.391991,0.569688509,54.3,50.4,28.5,72.8,80.4,16.4,29.4,24.3,65.9,53.5,49.6,37.2,67.9,6.5,91.0,58.2,58.3,35.7,34.4,65.3,77.7,24.900000000000006,95.7,3.2,8.799999999999997,4.5,61.4,35.9,40.5,39.9,40.3,28.7,61.2,27.0,37.2,35.5,67.9,33.0,3.8999999999999986,-64.0,-46.3,-44.3,-3.8999999999999986,64.0,46.3,44.3,25.104999999999997,24.772100000000002,13.206000000000001,26.938757704591108,16.555500000000002,38.931000000000004,22.407000000000004,26.563759774048055,1.1013774259880005,21.3,39.1,1.3454137753401412,27.0,55.6,0.010000000000019327,-0.010000000000005116,0.010000000000005116,27.86,97.3506849941919,-2.700000000000003,43.6572,8.2656,79.17346294526189,0.6961639214841928,75.536658133057,2.974338043977349,0.08489000000000001,0.08489000000000001,401.73,0.07142778650784057,15.659999999999998,-401.73,13.99784648515613,-4.5,51.975,40.04,1,68.52572267166718,-0.0,1.0,8.840763791862486
416,2021 Baylor,2021,Baylor,Region 2,1,Champion,3,Scott Drew,2021 Scott Drew,Big 12,B12,2021 B12,2021 Baylor,2021 Baylor,18.8,33.2,34.4,22.4,11.2,15.4,38.4,28.3,20.8,7.6,123.265,106.2321,29.4969,76.66,-0.56,2.01,28.57,17.98,14.49,22.63,25.09,19.8,33.47,39.18,15.0,7.14,5.21,30.09,27.69,14.23,16.34,11.65,6.679656014,123.3181849,106.46141567,0.96001826,57.5,50.9,27.0,68.3,82.4,24.6,37.5,30.9,70.2,54.1,51.9,41.8,66.0,10.3,90.0,54.8,48.3,39.2,34.3,69.6,69.7,31.400000000000006,81.8,9.5,9.200000000000003,6.0,63.8,35.6,37.7,33.3,38.7,26.0,65.2,32.4,41.3,38.4,67.1,34.3,6.600000000000001,-57.800000000000004,-31.599999999999994,-41.3,-6.600000000000001,57.800000000000004,31.599999999999994,41.3,30.483800000000002,25.9212,15.859199999999998,20.340599794499667,13.1061,44.1401,23.015299999999996,27.271596946273608,1.1744485820681754,24.0,45.1,1.1457391912772223,32.4,60.7,0.010000000000005116,0.0,-1.4210854715202004e-14,28.57,95.89800414432193,1.5999999999999943,47.38,12.521400000000002,86.15883697394437,0.7267808119255711,79.76292582335869,2.744162263507756,-0.38976,-0.38976,-262.72000000000025,0.11444317285363496,45.023999999999994,262.72000000000025,8.737015823706436,22.511999999999997,55.15,42.934999999999995,4,73.49468886631479,-1.5999999999999979,-3.5999999999999996,9.103257365171496
417,2021 Ohio St.,2021,Ohio St.,Region 2,2,First Round,1,Chris Holtmann,2021 Chris Holtmann,Big 10,B10,2021 B10,2021 Ohio St.,2021 Ohio St.,16.6,36.7,23.9,19.4,6.5,12.4,40.8,17.2,14.8,2.4,122.274,103.1509,25.4253,77.5,-0.4,1.98,29.58,18.87,25.48,17.19,18.96,19.49,38.44,28.77,19.59,8.01,5.17,23.84,25.14,20.3,15.7,15.01,5.998529879,121.3984885,102.8844632,0.928676604,53.1,51.1,37.6,66.2,84.7,15.0,29.1,27.4,67.6,52.1,52.6,36.5,65.9,9.5,92.2,49.5,45.0,39.4,38.0,67.8,76.3,29.400000000000006,89.5,5.2,10.200000000000003,5.3,61.6,29.0,37.8,30.2,43.7,31.8,67.3,31.4,36.0,39.2,66.0,38.4,2.0,-69.7,-43.5,-28.6,-2.0,69.7,43.5,28.6,22.518,28.0086,14.112,23.758086342689023,11.956199999999999,46.4762,25.344,27.08472816921004,0.8724267238080662,18.2,34.2,0.9244550923153044,31.4,64.5,0.010000000000005116,0.01999999999999602,0.009999999999990905,29.58,96.81624906753056,-0.20000000000000284,44.9757,7.665,81.6130303298848,0.5823460900459995,77.42440121718745,2.940984249395465,-0.2712,-0.2712,922.5999999999997,0.10303575883124912,38.412,-922.5999999999997,9.704241658772762,12.87,53.87500000000001,39.6,1,70.83433241229655,-4.599999999999998,-4.1,9.353780686540919
418,2021 Arkansas,2021,Arkansas,Region 2,3,Elite Eight,2,Eric Musselman,2021 Eric Musselman,SEC,SEC,2021 SEC,2021 Arkansas,2021 Arkansas,14.2,32.3,22.6,11.1,14.5,10.2,38.9,16.6,10.4,6.3,111.502,110.0276,21.5292,77.89,1.14,1.56,29.93,15.68,19.91,21.51,19.49,23.37,21.66,31.13,18.68,19.12,9.38,30.34,17.54,15.86,19.25,16.98,4.55453691,110.0478805,108.72175823,0.895718826,51.5,52.4,32.7,70.7,82.6,20.3,31.7,26.2,75.3,51.9,53.1,33.9,67.4,13.4,91.2,50.7,53.5,35.8,37.6,74.0,73.7,31.400000000000006,93.2,7.5,6.5,5.1,60.1,39.5,44.7,35.4,38.1,26.6,65.6,26.9,33.2,33.9,66.4,37.7,-0.8999999999999986,-62.3,-42.1,-38.0,0.8999999999999986,62.3,42.1,38.0,30.7295,21.389400000000002,11.2548,27.330142090129478,16.1553,42.679199999999994,25.0328,28.06005464475554,1.38638978201233,23.4,47.0,1.0742420625447602,26.9,59.5,0.03999999999999204,0.030000000000001137,0.030000000000001137,29.93,97.1466125394542,6.0,42.538999999999994,10.6372,81.90157407653096,0.6361275266307825,77.02970725789369,3.074535946209987,0.8436,0.8436,190.00999999999976,0.14692821350643084,17.316,-190.00999999999976,6.805462278934408,22.62,52.495000000000005,41.879999999999995,0,67.26189723108628,-0.6999999999999993,-8.2,7.63391063777963
419,2021 Purdue,2021,Purdue,Region 2,4,First Round,1,Matt Painter,2021 Matt Painter,Big 10,B10,2021 B10,2021 Purdue,2021 Purdue,14.0,34.7,22.4,14.4,8.1,10.3,40.5,18.3,13.3,5.1,113.612,108.6593,22.2716,78.35,1.79,1.04,38.68,34.36,11.07,17.97,21.82,14.72,54.68,20.26,9.13,7.94,7.93,33.5,23.29,19.24,15.0,8.9,3.72562183,111.5154453,107.01760082,0.88994292,51.4,51.4,32.2,69.7,81.3,16.9,32.2,24.1,66.8,52.1,50.3,33.5,68.5,11.2,90.3,56.0,39.6,37.5,45.7,67.5,71.1,32.5,83.9,8.8,9.5,4.9,60.5,32.9,36.1,26.2,41.9,29.3,63.3,28.5,33.3,37.8,68.2,45.3,0.0,-64.4,-43.699999999999996,-37.5,0.0,64.4,43.699999999999996,37.5,27.2877,24.864099999999997,12.587399999999997,22.419634252146047,9.9237,48.9351,30.8946,27.144597375291216,1.1031454194333485,20.7,41.7,0.6865190613893735,28.5,68.9,0.060000000000002274,0.060000000000002274,0.06999999999999318,38.68,91.0380599198611,-0.5,41.788199999999996,8.686599999999999,80.24165058225813,0.6738787740219733,73.84368141573736,2.1175338217207633,1.20825,1.20825,24.170000000000073,0.12402963422331978,14.976,-24.170000000000073,8.06178019819659,8.424,52.155,40.06,0,71.00433219542067,-1.0999999999999996,-3.0,7.95570461336845
420,2021 Villanova,2021,Villanova,Region 2,5,Sweet 16,2,Jay Wright,2021 Jay Wright,Big East,BE,2021 BE,2021 Villanova,2021 Villanova,17.6,34.6,23.9,18.4,8.3,12.1,40.6,20.3,15.3,5.0,118.602,104.016,22.6184,77.98,0.45,1.83,25.62,20.53,22.53,14.51,20.43,21.99,27.4,34.53,22.8,7.39,7.88,25.23,26.98,16.47,15.46,15.87,3.059826249,118.5024448,102.84672405,0.907576997,52.8,48.2,30.0,74.2,86.5,19.0,27.9,24.8,66.2,52.8,49.0,35.2,64.6,4.4,91.1,57.8,51.3,44.6,40.6,65.9,76.5,31.799999999999997,87.9,7.3,8.200000000000003,5.9,66.3,30.6,41.1,32.3,37.4,24.6,59.0,27.2,35.3,44.8,65.7,40.5,4.599999999999994,-67.5,-47.3,-44.2,-4.599999999999994,67.5,47.3,44.2,26.704500000000003,25.0148,15.8144,25.139925086072424,13.7591,42.656499999999994,26.6085,25.722493399098514,0.8459632597486664,25.4,37.9,0.9431865879854818,27.2,61.800000000000004,0.010000000000005116,0.0,-0.010000000000019327,25.62,96.79973126128445,-2.0999999999999943,45.672,9.158000000000001,77.95549797368972,0.7135714373896618,76.76358242067852,3.799718539367454,0.29655000000000004,0.29655000000000004,-64.55999999999995,0.04829804283158253,33.672,64.55999999999995,20.699840945239714,15.189000000000002,52.825,40.120000000000005,1,69.29134428073617,-3.099999999999998,-3.3000000000000007,8.902174644529259
421,2021 Texas Tech,2021,Texas Tech,Region 2,6,Second Round,1,Chris Beard,2021 Chris Beard,Big 12,B12,2021 B12,2021 Texas Tech,2021 Texas Tech,15.4,31.0,29.7,16.4,11.1,9.2,37.8,20.1,10.4,9.7,112.362,108.5845,20.9465,77.01,-1.23,1.42,32.38,16.67,19.1,22.63,16.76,24.78,37.4,34.02,15.34,8.06,5.07,18.38,27.33,16.95,21.83,15.44,0.909354658,111.4674858,108.61966585,0.907633848,49.7,52.2,39.3,63.5,83.7,23.8,33.8,30.0,67.0,48.7,55.2,34.6,65.0,12.6,92.8,50.9,55.2,31.4,38.6,66.6,71.1,31.700000000000003,94.6,4.9,6.099999999999994,5.2,59.5,34.3,38.2,26.3,36.2,34.4,66.6,35.6,35.4,31.3,65.8,38.2,-2.5,-59.900000000000006,-36.2,-24.200000000000003,2.5,59.900000000000006,36.2,24.200000000000003,25.0439,23.533,11.0802,27.79620777492258,10.363800000000001,48.845200000000006,25.1356,28.611929330263628,1.252356154755439,15.600000000000001,39.199999999999996,0.8245857438286955,35.6,68.5,0.05999999999998806,0.10999999999998522,0.07000000000000739,32.38,96.3888685983476,-1.4000000000000057,41.59890000000001,12.423600000000002,84.26357545604289,0.667970236611068,79.84860190437699,3.3862953193055647,-0.8191799999999999,-0.8191799999999999,781.2799999999993,0.13577439898276958,23.287999999999997,-781.2799999999993,7.364494881358623,15.761999999999999,53.46000000000001,42.355,1,66.99658141329444,-5.999999999999998,-1.4000000000000004,7.847790450842882
422,2021 Florida,2021,Florida,Region 2,7,Second Round,1,Michael White,2021 Michael White,SEC,SEC,2021 SEC,2021 Florida,2021 Florida,14.1,34.3,19.2,12.4,5.1,10.8,40.1,16.6,12.1,4.6,110.975,106.5773,17.5522,77.44,0.88,1.55,29.77,21.45,14.05,21.55,22.37,20.53,41.6,33.47,12.35,7.54,4.96,24.75,21.21,20.78,16.94,16.28,1.171682257,110.4180175,106.58071138,0.872418965,52.5,52.5,33.8,65.2,79.3,20.6,30.8,31.6,70.7,51.9,51.6,35.7,69.4,14.3,90.6,45.0,48.4,33.8,35.3,69.5,75.7,29.700000000000003,87.0,10.2,24.700000000000003,7.6,65.2,34.6,41.4,39.5,40.9,31.9,65.1,24.2,35.7,33.5,69.3,36.3,0.0,-58.699999999999996,-37.599999999999994,-31.400000000000006,0.0,58.699999999999996,37.599999999999994,31.400000000000006,31.4332,25.0066,11.9595,23.664178272936784,18.230199999999996,40.91009999999999,25.155899999999995,20.932331451608537,1.337273514223456,18.1,44.8,1.2974849177708605,24.2,52.9,0.04999999999999716,0.0800000000000125,0.03999999999999204,29.77,96.6160378252705,1.5,41.63249999999999,10.815000000000001,83.33746094584801,0.5667434918955679,78.92977915365306,2.3380513018694744,0.6116,0.6116,622.2199999999996,0.15783490248452003,19.220000000000002,-622.2199999999996,6.335221313194881,7.904999999999999,52.055,42.25,1,70.73625659605268,-0.3000000000000007,-0.5,7.912532382295458
423,2021 North Carolina,2021,North Carolina,Region 2,8,First Round,1,Roy Williams,2021 Roy Williams,ACC,ACC,2021 ACC,2021 North Carolina,2021 North Carolina,10.2,34.4,20.3,9.6,9.4,7.0,41.2,18.4,10.8,7.7,110.111,109.9769,20.0876,78.84,2.61,1.02,34.83,26.71,21.89,13.83,17.57,19.96,47.21,28.43,10.86,8.74,4.7,32.1,27.15,17.25,10.86,12.59,2.449022728,107.8938605,108.10211308,0.863586606,48.5,51.3,34.9,72.9,79.4,19.3,41.3,26.3,71.9,48.9,53.2,31.7,65.6,12.8,90.1,55.8,48.7,28.2,38.2,72.8,66.8,30.599999999999994,91.3,7.8,10.099999999999994,8.3,59.5,37.6,43.7,34.6,36.5,34.5,65.0,27.0,31.8,27.9,65.0,38.4,-2.799999999999997,-60.10000000000001,-32.400000000000006,-38.00000000000001,2.799999999999997,60.10000000000001,32.400000000000006,38.00000000000001,29.4934,21.4647,8.8722,27.19207911629169,15.958500000000003,42.510000000000005,24.96,25.923541424735937,1.6271818214400917,15.5,45.4,1.1171584073331426,27.0,57.099999999999994,0.03999999999999204,0.060000000000002274,0.04999999999999716,34.83,95.18930150601807,4.799999999999997,38.509,9.9009,83.2169846458104,0.6914412460812133,77.3259609978056,2.3639629144216308,1.9000799999999998,1.9000799999999998,100.57999999999993,0.14206279619538076,9.792,-100.57999999999993,7.038512616201858,9.588000000000001,52.745,41.54,1,66.82601396854365,1.200000000000001,-1.7000000000000002,7.512102431488508
424,2021 Wisconsin,2021,Wisconsin,Region 2,9,Second Round,1,Greg Gard,2021 Greg Gard,Big 10,B10,2021 B10,2021 Wisconsin,2021 Wisconsin,13.9,33.0,28.0,15.8,12.0,10.6,39.4,20.3,13.6,6.7,112.522,110.1328,22.6545,77.97,1.72,2.38,28.77,27.15,15.86,17.45,17.38,22.15,38.03,26.69,24.14,7.84,3.29,24.12,22.5,20.89,16.51,15.97,2.060417366,111.4593558,109.67441258,0.918170933,49.4,52.1,26.9,71.5,86.5,17.8,23.7,25.1,65.8,46.3,52.9,36.0,67.0,10.4,89.0,54.3,47.0,40.8,34.2,65.9,76.7,28.799999999999997,90.7,4.0,10.0,5.2,59.5,27.4,41.9,32.6,35.5,31.8,64.4,33.9,36.5,40.8,66.5,33.5,-2.700000000000003,-68.7,-51.2,-44.6,2.700000000000003,68.7,51.2,44.6,19.931,26.180999999999997,14.891999999999998,25.923155672101345,14.1794,44.1091,22.2775,26.275844420303606,0.7695889806622387,18.2,31.4,1.1283245276260412,33.9,62.199999999999996,0.010000000000019327,0.009999999999990905,0.009999999999990905,28.77,95.35641625465848,-2.0999999999999943,42.731,9.273800000000001,77.75454362878,0.6605759054026106,76.08628731663254,3.481223613065699,1.13348,1.13348,4.0300000000002,0.11685261963348727,37.604,-4.0300000000002,8.55686953177579,28.56,50.160000000000004,41.035000000000004,1,68.18235738897256,-2.200000000000001,-5.3,7.71684532813723
425,2021 Virginia Tech,2021,Virginia Tech,Region 2,10,First Round,1,Mike Young,2021 Mike Young,ACC,ACC,2021 ACC,2021 Virginia Tech,2021 Virginia Tech,12.6,33.3,18.7,8.9,7.7,10.6,39.2,16.8,10.5,6.3,110.048,105.1724,15.2207,76.42,0.05,1.55,28.51,22.55,19.89,21.79,21.3,14.48,39.4,31.61,3.89,22.06,3.04,29.31,26.37,14.31,18.17,11.83,0.894740679,108.7768194,105.49347961,0.834413916,52.5,51.6,33.2,69.1,82.7,17.6,28.4,24.3,66.5,51.7,52.4,35.7,67.0,11.8,90.0,56.6,53.4,41.0,39.3,67.4,69.7,30.099999999999994,86.7,6.1,11.099999999999994,4.9,61.5,32.3,43.8,32.5,39.8,26.8,60.7,28.6,35.4,41.0,66.9,38.9,0.8999999999999986,-65.1,-47.3,-35.89999999999999,-0.8999999999999986,65.1,47.3,35.89999999999999,25.1532,25.1804,14.514,23.519141140781482,14.7789,43.38430000000001,26.024100000000004,25.00124996875157,0.936562522865296,23.2,38.4,0.9614148736536337,28.6,62.6,-0.009999999999990905,0.0,0.010000000000005116,28.51,96.76429760330157,-0.5999999999999943,43.417500000000004,9.081600000000002,78.96864046074425,0.6868848679020885,76.03632153547382,3.086526790358939,0.03370000000000001,0.03370000000000001,234.13000000000102,0.13110965433717403,13.795000000000002,-234.13000000000102,7.626472332853148,11.935,52.334999999999994,40.265,0,70.36777205792693,1.5999999999999996,-1.4000000000000004,7.96348221128156
426,2021 Utah St.,2021,Utah St.,Region 2,11,First Round,1,Craig Smith,2021 Craig Smith,Mountain West,MWC,2021 MWC,2021 Utah St.,2021 Utah St.,11.5,30.3,23.3,7.6,16.3,8.6,36.9,21.3,8.9,12.5,105.729,110.7808,16.51,78.15,1.41,1.51,28.28,24.72,21.71,19.0,16.86,17.71,35.44,30.94,9.46,16.86,7.25,33.88,22.69,10.39,17.99,15.02,-1.13486326,104.3549295,110.95250746,0.861071992,49.8,54.4,29.4,73.9,80.3,19.7,35.3,21.3,69.5,49.6,57.1,33.6,67.0,14.6,91.2,60.6,48.3,32.5,40.2,69.9,71.8,26.200000000000003,88.9,6.4,17.200000000000003,3.0,59.0,39.4,50.8,32.0,36.9,28.0,64.2,28.2,33.2,32.6,66.8,39.8,-4.600000000000001,-60.599999999999994,-43.400000000000006,-44.50000000000001,4.600000000000001,60.599999999999994,43.400000000000006,44.50000000000001,28.9356,21.1552,10.823200000000002,25.60637941347169,16.772000000000002,44.690799999999996,26.586399999999998,22.80431245766174,1.4048648814453544,22.0,45.8,0.8793748900781388,28.2,65.0,0.0,0.04999999999999716,0.030000000000001137,28.28,96.78650501789718,1.9000000000000057,39.989399999999996,10.7168,80.207046213571,0.7546605895318863,74.01588458275266,2.4516522003959182,0.98559,0.98559,174.73999999999933,0.1600859639696933,11.475999999999999,-174.73999999999933,6.246147524142183,24.613,51.465,42.03,1,68.0349306131896,1.3000000000000007,-3.8000000000000007,7.043896199556245
427,2021 Winthrop,2021,Winthrop,Region 2,12,First Round,1,Pat Kelsey,2021 Pat Kelsey,Big South,BSth,2021 BSth,2021 Winthrop,2021 Winthrop,6.8,37.8,9.4,2.9,4.2,5.9,42.3,11.4,6.5,4.9,105.093,103.8465,8.93908,76.68,-0.57,1.95,42.04,23.2,17.72,21.3,21.05,16.65,36.69,11.6,21.23,13.65,16.74,18.84,28.61,23.44,15.01,14.02,0.993394853,104.8466134,103.9526842,0.732640594,53.0,51.0,35.7,66.2,80.5,22.5,35.6,22.2,72.7,53.0,50.8,35.3,67.6,6.7,91.0,53.6,56.6,39.3,36.4,74.7,68.6,33.8,88.0,5.4,12.900000000000006,3.5,61.5,33.5,38.7,28.5,41.4,27.3,60.3,34.6,35.2,39.3,67.6,36.8,2.0,-58.0,-42.2,-30.5,-2.0,58.0,42.2,30.5,25.3545,25.1358,13.833599999999999,23.797391313615307,11.481,45.74059999999999,24.876799999999992,24.59598544478346,0.9897966972850565,22.7,38.9,0.8695415885437897,34.6,68.0,0.0800000000000125,0.09000000000000341,0.0799999999999983,42.04,97.28650962780407,6.700000000000003,42.665,11.475,83.25055256224027,0.6916039793034928,74.61898485577751,2.9024152607558587,-0.42579,-0.42579,211.46000000000004,0.07362556455423566,5.654999999999999,-211.46000000000004,13.580062677212355,8.19,53.80000000000001,40.395,1,70.37302468878514,3.6,0.7000000000000002,7.619935482317821
428,2021 North Texas,2021,North Texas,Region 2,13,Second Round,1,Grant McCasland,2021 Grant McCasland,Conference USA,CUSA,2021 CUSA,2021 North Texas,2021 North Texas,13.0,33.7,14.3,8.2,5.8,7.0,39.5,9.7,3.8,5.9,105.362,106.3354,11.6975,77.02,-0.2,2.47,25.91,21.22,19.69,19.07,26.89,13.06,42.63,29.75,10.19,7.35,9.98,26.88,22.69,18.69,17.92,13.75,-2.44114307,103.723589,105.95239725,0.75513282,54.0,54.3,27.2,68.3,79.6,21.4,27.9,26.9,65.1,52.9,55.2,37.3,68.4,8.6,91.1,51.8,57.0,37.2,34.2,64.2,73.5,27.400000000000006,91.3,5.1,17.799999999999997,4.8,65.2,31.7,40.1,29.6,39.7,30.7,67.4,34.9,37.2,37.6,67.4,35.4,-0.29999999999999716,-58.199999999999996,-45.2,-41.099999999999994,0.29999999999999716,58.199999999999996,45.2,41.099999999999994,25.3247,26.1751,13.987200000000003,25.349358966253956,12.724,47.3822,23.8596,23.99338450490052,0.9786973750698119,19.3,36.8,0.9717239625999267,34.9,65.6,0.06999999999999318,0.10000000000000853,0.06999999999999318,25.91,95.04812863656576,-3.799999999999997,42.983999999999995,11.620199999999999,80.29110353805065,0.6590246943423111,77.24480620137784,2.7939806872212136,-0.12840000000000001,-0.12840000000000001,127.77999999999975,0.09440072007991131,20.254,-127.77999999999975,10.591791652133473,14.326,51.16,42.695,1,69.7141574070498,-4.3999999999999995,0.10000000000000053,7.408366279091636
429,2021 Colgate,2021,Colgate,Region 2,14,First Round,1,Matt Langel,2021 Matt Langel,Patriot,Pat,2021 Pat,2021 Colgate,2021 Colgate,12.3,36.2,12.8,9.3,2.2,8.5,40.9,10.4,7.6,3.0,110.89,99.332,10.2223,76.44,0.31,1.83,33.56,20.49,13.54,19.6,20.57,25.74,49.97,16.77,12.54,9.84,10.79,25.39,18.33,22.23,18.05,15.93,0.369606205,112.4465972,101.97741032,0.82902391,57.0,54.4,31.0,75.0,86.3,16.6,28.2,25.4,72.2,55.4,50.6,40.0,73.9,8.7,92.9,56.1,57.5,35.9,37.0,72.8,73.1,32.400000000000006,88.9,1.4,0.0,2.2,61.6,46.8,43.6,37.8,34.3,16.9,60.6,26.1,40.7,36.3,73.5,36.1,2.6000000000000014,-69.69999999999999,-46.400000000000006,-44.0,-2.6000000000000014,69.69999999999999,46.400000000000006,44.0,30.0734,20.5708,14.7741,24.61833666192743,16.4808,42.3501,26.5335,32.04812787043886,1.327787113302664,33.1,48.199999999999996,1.1080025484058613,26.1,60.0,0.060000000000002274,0.09000000000000341,0.06999999999999318,33.56,95.65824113981442,4.799999999999997,49.191,9.0304,79.47320616515012,0.6726538051102504,74.81009281689504,4.196773958105247,0.22568,0.22568,-163.90000000000055,0.09364807698517776,17.019000000000002,163.90000000000055,10.676933685783245,4.026000000000001,54.665,42.24,3,69.60486661594003,-1.700000000000001,0.7999999999999998,8.663460280068055
430,2021 Oral Roberts,2021,Oral Roberts,Region 2,15,Sweet 16,2,Paul Mills,2021 Paul Mills,Summit,Sum,2021 Sum,2021 Oral Roberts,2021 Oral Roberts,12.9,38.2,7.6,8.2,-3.5,12.2,42.0,9.0,11.7,-2.7,108.656,92.56,1.21622,76.85,-0.34,1.51,22.31,21.94,16.46,13.74,22.21,25.66,27.51,37.06,18.01,8.31,9.11,29.83,25.86,16.07,14.0,14.23,-4.938714388,107.5014378,93.3033895,0.521591704,53.6,49.6,27.8,66.9,84.3,18.2,23.2,33.0,72.8,49.7,51.0,38.8,64.4,9.6,90.6,42.6,55.7,45.9,32.0,72.3,82.6,29.799999999999997,90.3,3.6,16.299999999999997,4.4,54.5,29.9,43.5,42.7,44.1,23.6,62.4,25.9,37.7,46.5,65.6,31.4,4.0,-66.1,-43.8,-39.10000000000001,-4.0,66.1,43.8,39.10000000000001,19.546300000000002,27.938100000000006,17.530500000000004,23.47729399512076,19.2917,36.76,20.598399999999998,22.641039434325155,0.720414614739468,26.4,33.5,1.4999522308206745,25.9,52.9,-0.010000000000005116,-1.4210854715202004e-14,0.010000000000005116,22.31,95.19368956474928,4.299999999999997,45.1848,9.0272,79.90618713015006,0.5207760296328896,81.65531565694053,3.547544742373097,-0.24582,-0.24582,302.65999999999985,0.10595909537422324,12.382,-302.65999999999985,9.436517029476096,-5.285,51.325,41.025000000000006,3,70.70036958911123,3.5,0.7999999999999998,9.23885329674485
431,2021 Hartford,2021,Hartford,Region 2,16,First Round,1,John Gallagher,2021 John Gallagher,Amerian East,AE,2021 AE,2021 Hartford,2021 Hartford,6.7,35.4,2.2,-2.4,3.9,4.6,41.0,4.9,0.2,4.8,97.4886,99.78,-2.73095,76.09,0.78,1.95,25.49,19.32,19.18,24.75,20.77,15.94,41.48,23.44,18.72,8.77,7.51,21.62,23.18,25.23,17.31,12.62,-4.877169458,96.72177184,100.76126946,0.426674259,50.4,52.4,28.6,75.0,81.0,20.4,24.9,28.8,66.5,51.3,49.3,32.7,71.3,6.1,89.3,46.6,51.7,42.5,40.7,67.8,71.2,33.2,82.8,3.9,24.299999999999997,4.6,58.6,33.4,42.4,36.2,40.5,24.2,60.6,22.9,32.4,42.4,70.9,40.8,-2.0,-60.6,-46.3,-46.4,2.0,60.6,46.3,46.4,22.8016,23.538600000000002,13.7376,22.350894836672648,16.4666,42.8046,28.927200000000003,20.547587044062702,0.8796962335793967,25.8,37.3,0.9999754907967944,22.9,59.199999999999996,0.04000000000000625,0.0799999999999983,0.03999999999999204,25.49,96.80729425095265,-0.20000000000000284,40.824,10.689599999999999,78.61209465278321,0.5854197811585282,76.95976739331562,2.7209094258196935,0.52884,0.52884,-453.67999999999984,0.06830830561807819,-4.68,453.67999999999984,14.636944763153581,7.6049999999999995,49.68,43.07000000000001,0,70.56261172704092,2.6,0.8999999999999999,7.270256862528939
432,2021 Gonzaga,2021,Gonzaga,Region 1,1,Runner Up,3,Mark Few,2021 Mark Few,WCC,WCC,2021 WCC,2021 Gonzaga,2021 Gonzaga,23.4,30.9,44.3,31.0,20.4,16.2,38.5,30.2,23.4,6.8,126.111,110.5128,36.6241,78.11,0.65,1.54,24.27,25.77,21.49,16.72,17.33,18.63,39.47,19.89,6.54,22.61,11.41,23.99,18.56,13.28,24.63,19.49,8.496388213,125.3409182,110.38220189,0.979327453,61.0,52.5,36.7,74.1,83.9,20.3,30.4,23.4,75.3,64.0,53.2,36.5,67.5,7.1,93.1,53.6,55.2,32.3,34.5,75.4,72.6,29.700000000000003,91.3,6.1,8.299999999999997,3.7,72.6,48.2,42.5,33.5,41.5,18.5,63.8,32.8,36.8,33.2,67.3,33.7,8.5,-63.60000000000001,-46.2,-37.39999999999999,-8.5,63.60000000000001,46.2,37.39999999999999,40.56249999999999,19.8951,12.2176,25.934083108270215,14.5446,43.6065,22.680100000000003,27.098385560767266,1.6354929068401556,31.5,54.300000000000004,1.1038248123201093,32.8,62.8,0.060000000000002274,0.0799999999999983,0.05000000000001137,24.27,96.28259230107861,7.400000000000006,51.179,10.6575,77.52449153950744,0.6725135192783026,75.45356664623219,3.428358487050495,0.49010000000000004,0.49010000000000004,463.6500000000001,0.07626126464807037,47.74,-463.6500000000001,13.110829460639346,31.415999999999997,56.96,41.87,1,70.01322982391834,-7.600000000000001,-13.599999999999998,8.911335054988607
433,2021 Iowa,2021,Iowa,Region 1,2,Second Round,1,Fran McCaffery,2021 Fran McCaffery,Big 10,B10,2021 B10,2021 Iowa,2021 Iowa,19.1,36.1,30.2,24.6,10.8,15.0,40.4,25.8,22.6,3.0,123.496,105.4075,28.9031,77.91,1.82,1.7,30.77,31.92,20.41,18.75,12.16,16.72,43.47,30.55,13.91,7.37,4.63,27.09,24.29,24.0,10.86,13.72,5.488506895,123.7225508,103.52412436,0.945864476,54.6,51.7,32.0,77.4,86.7,16.3,30.7,28.6,71.0,52.4,54.2,38.6,65.2,11.6,92.1,63.8,40.2,39.8,39.6,70.9,71.3,32.5,88.9,5.3,14.799999999999997,6.7,62.5,34.4,43.7,32.8,39.6,25.9,64.7,27.8,38.6,39.8,65.2,39.5,2.8999999999999986,-70.4,-40.7,-45.400000000000006,-2.8999999999999986,70.4,40.7,45.400000000000006,26.2117,25.6192,15.3628,23.72438970061541,15.325199999999999,43.7406,25.754,23.750228069080375,0.997462375317203,24.1,39.699999999999996,0.9999746841852105,27.8,60.5,0.04000000000000625,0.07000000000000739,0.04000000000000625,30.77,92.65083882337582,2.9000000000000057,47.3382,8.427100000000001,78.49014364148644,0.7622370103105099,77.251534311467,3.022329148184348,1.29038,1.29038,-233.9000000000001,0.12594868676778753,41.82,233.9000000000001,7.938970778381174,18.36,54.455,42.085,3,70.75590047928554,-2.0,-7.800000000000001,9.215943211410844
434,2021 Kansas,2021,Kansas,Region 1,3,Second Round,1,Bill Self,2021 Bill Self,Big 12,B12,2021 B12,2021 Kansas,2021 Kansas,12.5,32.8,18.1,6.9,10.5,9.6,38.9,17.5,10.4,7.1,109.615,111.4161,21.0313,78.15,0.4,1.47,25.52,25.41,21.47,16.28,19.72,17.08,41.55,29.37,11.77,8.5,8.77,21.68,30.36,18.61,17.9,11.41,4.315892468,108.6663529,109.7878849,0.894764743,49.7,53.0,30.5,73.5,82.3,20.0,31.2,26.9,69.4,49.3,54.1,33.7,67.5,11.1,92.4,52.2,53.0,36.0,37.5,69.2,71.4,26.900000000000006,77.8,5.7,11.900000000000006,6.4,58.2,34.6,41.3,33.4,37.9,29.0,67.1,29.0,33.6,36.4,66.5,37.6,-3.299999999999997,-62.3,-41.900000000000006,-43.0,3.299999999999997,62.3,41.900000000000006,43.0,24.571800000000003,23.2214,12.2304,20.341972208547855,14.555799999999998,44.463,25.004,26.1304420169273,1.1071124419658802,21.0,40.300000000000004,1.0584824871678944,29.0,60.2,0.04000000000000625,0.04000000000000625,0.03999999999999204,25.52,96.3301267051845,1.2000000000000028,40.9031,10.600000000000001,81.8102528376148,0.6524918438519518,77.40346836372382,2.99418111971075,0.27680000000000005,0.27680000000000005,200.54999999999995,0.1201285700371208,10.143,-200.54999999999995,8.323574452752005,15.435,51.27,42.605000000000004,0,71.83253477430077,3.5,-3.4000000000000004,7.338256425629458
435,2021 Virginia,2021,Virginia,Region 1,4,First Round,1,Tony Bennett,2021 Tony Bennett,ACC,ACC,2021 ACC,2021 Virginia,2021 Virginia,17.4,32.0,29.0,17.7,17.2,14.2,38.8,27.1,18.9,8.2,115.637,107.0176,22.6542,77.71,2.41,1.94,20.04,24.86,22.47,24.9,12.22,15.52,44.7,26.65,14.88,8.25,5.47,28.29,22.85,25.06,14.11,9.66,3.528849694,114.8735356,106.1043623,0.91043443,56.1,52.1,22.0,75.4,84.6,15.2,23.1,22.6,60.8,55.3,53.9,38.1,66.0,13.0,92.3,55.1,47.3,42.3,37.2,60.9,81.7,25.900000000000006,94.3,11.6,18.900000000000006,6.4,62.4,32.1,45.5,35.2,45.4,25.3,64.4,27.2,37.5,42.7,66.1,37.5,4.0,-69.39999999999999,-54.3,-53.400000000000006,-4.0,69.39999999999999,54.3,53.400000000000006,30.9692,27.4987,16.0125,25.1768412103928,17.225600000000004,42.3043,24.7875,21.96609129241401,1.023395236645512,24.7,43.7,1.1093037518999493,27.2,58.4,0.030000000000015348,0.05000000000001137,0.030000000000001137,20.04,94.20497799831614,-7.100000000000001,47.4606,7.9192,76.20642920931934,0.6497564887206518,74.97622660055539,3.071229140964871,1.4676900000000002,1.4676900000000002,-155.4600000000005,0.14084354449030886,34.338,155.4600000000005,7.099453888162449,33.367999999999995,51.51,40.470000000000006,3,70.40728719463877,1.1999999999999993,-9.0,8.305317954075273
436,2021 Creighton,2021,Creighton,Region 1,5,Sweet 16,2,Greg McDermott,2021 Greg McDermott,Big East,BE,2021 BE,2021 Creighton,2021 Creighton,16.2,32.2,25.7,15.6,11.1,11.1,39.4,19.0,11.7,7.2,114.87,106.4348,21.3051,76.99,-0.9,2.26,23.44,23.49,19.47,20.07,16.91,20.03,47.65,18.44,25.62,2.79,5.44,29.06,21.6,19.4,14.7,15.2,3.247596254,114.2425853,105.93255246,0.903312888,55.7,53.1,26.9,74.3,84.2,17.8,24.8,28.2,69.5,56.3,53.9,36.7,67.9,9.5,91.3,55.8,48.7,44.3,39.0,70.0,64.2,29.400000000000006,90.2,9.7,9.099999999999994,4.8,67.2,34.2,41.5,31.3,37.9,22.2,65.8,29.4,36.1,43.6,68.3,39.2,2.6000000000000014,-66.4,-47.0,-47.4,-2.6000000000000014,66.4,47.0,47.4,31.7318,24.1534,15.739600000000001,25.852208158427526,13.4263,46.1188,26.773600000000002,27.514041869561805,1.0068576408797965,27.8,43.900000000000006,0.9208948751307365,29.4,63.9,0.030000000000001137,0.05999999999998806,0.03999999999999204,23.44,97.65400767264681,2.0,46.89940000000001,9.4518,76.49980339374575,0.678823858590528,77.70990688006869,3.0820834124422514,-0.63,-0.63,-457.4400000000005,0.10405143426687549,35.25599999999999,457.4400000000005,9.609514787917062,25.086,52.324999999999996,42.475,2,69.1144357221096,-3.9000000000000004,-3.8999999999999995,8.292421346952812
437,2021 USC,2021,USC,Region 1,6,Elite Eight,2,Andy Enfield,2021 Andy Enfield,Pac 12,P12,2021 P12,2021 USC,2021 USC,17.2,31.1,33.9,18.6,15.9,12.6,37.6,23.6,14.4,9.2,112.883,109.3417,22.2245,79.37,2.65,1.7,28.68,25.02,18.92,16.79,19.72,19.52,33.16,33.9,11.5,15.7,5.71,27.49,24.65,22.29,13.93,11.6,5.539692771,113.3011748,109.75692896,0.931931278,52.1,54.6,37.5,75.2,81.9,17.4,35.7,27.3,67.5,52.1,57.8,34.8,65.8,13.4,92.9,50.3,47.1,31.2,35.3,68.1,64.7,27.200000000000003,91.4,10.6,8.200000000000003,3.8,62.1,32.4,49.3,30.2,43.4,36.6,65.4,34.7,36.0,31.0,66.7,35.1,-2.5,-64.5,-37.0,-37.7,2.5,64.5,37.0,37.7,29.808799999999998,27.044400000000003,11.16,24.693639531938857,15.200199999999999,46.105500000000006,23.4117,27.305310838736116,1.3870520305796588,13.399999999999999,43.0,0.9686333722685964,34.7,66.0,0.030000000000015348,0.030000000000001137,0.03999999999999204,28.68,96.95946057417437,0.09999999999999432,42.669900000000005,9.500399999999999,84.37193333342803,0.6089514654786261,77.42584897718268,2.6020661841887196,1.8046499999999996,1.8046499999999996,380.8099999999997,0.14423956685073355,31.62,-380.8099999999997,6.932318483695247,27.03,54.080000000000005,42.93000000000001,1,70.21979392176759,-4.200000000000001,-6.700000000000001,7.823780188343619
438,2021 Oregon,2021,Oregon,Region 1,7,Sweet 16,2,Dana Altman,2021 Dana Altman,Pac 12,P12,2021 P12,2021 Oregon,2021 Oregon,19.9,31.6,26.4,20.2,8.1,14.1,38.7,23.5,17.3,6.3,114.453,103.2272,17.6799,77.51,-1.16,2.32,28.5,15.11,19.99,29.06,23.26,12.51,27.52,27.82,31.39,10.14,3.03,21.43,25.41,19.69,18.48,14.91,4.751224694,114.0507433,103.93055426,0.877941513,54.4,49.9,26.8,72.9,83.2,20.3,28.3,27.2,67.9,52.9,50.1,37.9,66.4,10.7,92.5,48.4,45.8,38.0,39.2,68.1,70.4,23.700000000000003,93.5,7.5,20.599999999999994,6.5,61.6,38.4,42.3,36.5,39.6,23.9,61.0,24.8,37.7,37.7,65.7,38.7,4.5,-62.900000000000006,-44.5,-46.10000000000001,-4.5,62.900000000000006,44.5,46.10000000000001,30.6669,23.677300000000002,14.212900000000001,25.973191306935437,16.778499999999998,40.5539,25.425900000000002,20.527217703981872,1.217474337550728,26.1,45.9,1.1110824009715512,24.8,57.0,0.06999999999999318,0.09999999999999432,0.0799999999999983,28.5,93.42880300097464,0.09999999999999432,45.2608,10.1297,81.4421212655562,0.6072696703930941,77.24732633071739,2.7260282126063924,-0.7899599999999998,-0.7899599999999998,158.99,0.1156744251413498,46.864,-158.99,8.644051957760958,18.791999999999998,52.239999999999995,41.410000000000004,1,69.10681993703237,-2.8999999999999986,-1.7999999999999998,8.587377286439171
439,2021 Oklahoma,2021,Oklahoma,Region 1,8,Second Round,1,Lon Kruger,2021 Lon Kruger,Big 12,B12,2021 B12,2021 Oklahoma,2021 Oklahoma,12.8,35.3,21.1,12.4,7.3,10.2,40.8,15.7,12.5,3.2,111.427,105.2164,16.6439,76.86,-0.09,2.13,31.77,20.18,15.95,26.12,18.31,19.38,31.19,35.07,12.65,11.36,9.64,23.86,17.56,22.71,20.42,15.37,0.281079501,111.0719717,105.32516513,0.862581282,50.8,51.1,29.1,77.2,84.2,18.7,27.3,27.5,69.2,50.8,53.7,33.8,64.6,9.2,91.7,50.0,53.1,39.0,38.1,68.5,74.4,26.5,87.3,7.8,17.0,5.3,64.6,31.9,42.7,32.2,35.7,29.9,65.7,29.4,34.1,38.2,64.4,38.5,-0.30000000000000426,-65.5,-45.2,-48.1,0.30000000000000426,65.5,45.2,48.1,27.4168,23.7005,13.026200000000001,25.45602417241676,14.650400000000003,44.1098,24.794,22.877427011503432,1.0392398104761653,20.1,39.699999999999996,0.974000675307135,29.4,62.5,0.060000000000002274,0.0899999999999892,0.0799999999999983,31.77,96.22081093354672,0.5,42.7736,9.5557,79.88551251547881,0.6149985855032534,78.4946035041577,3.360546800835391,-0.06165,-0.06165,119.24000000000024,0.1003260596940055,26.412,-119.24000000000024,9.966308009998915,15.549,51.19500000000001,42.195,1,68.52696945596713,0.09999999999999964,-4.1,8.090168546267062
440,2021 Missouri,2021,Missouri,Region 1,9,First Round,1,Cuonzo Martin,2021 Cuonzo Martin,SEC,SEC,2021 SEC,2021 Missouri,2021 Missouri,12.9,34.6,17.6,10.8,7.4,9.7,40.1,14.0,9.0,5.0,110.248,104.9017,15.15,77.61,0.69,2.47,32.39,18.22,19.44,18.48,16.85,27.01,40.04,34.32,12.45,6.13,7.06,27.99,26.95,15.63,14.31,15.13,2.068981641,110.7126931,105.69256855,0.863462689,50.9,51.5,37.5,63.6,81.1,18.4,28.6,29.2,70.5,52.6,51.7,32.0,67.3,9.0,88.9,51.1,55.5,37.5,33.0,69.5,69.8,28.900000000000006,87.5,7.7,8.599999999999994,5.7,62.5,38.3,39.2,31.9,35.1,23.8,63.7,35.2,32.5,37.9,66.9,32.8,-0.6000000000000014,-62.699999999999996,-42.2,-26.1,0.6000000000000014,62.699999999999996,42.2,26.1,30.675,20.671300000000002,12.3175,25.905726522656465,12.995,44.3656,21.9432,27.00160489057395,1.2136882931848765,26.2,46.0,1.1463065150452731,35.2,62.4,-1.4210854715202004e-14,0.0,-0.009999999999990905,32.39,95.97336989530947,1.5,41.2799,9.475999999999999,79.09755483462922,0.6262178159581377,78.68059481811042,2.936352573937886,0.47955,0.47955,779.4599999999996,0.10123620656685525,26.676000000000005,-779.4599999999996,9.876680368847907,18.278000000000002,51.98,40.58,0,67.74152347581017,-1.8000000000000007,-2.4000000000000004,8.009548371967547
441,2021 VCU,2021,VCU,Region 1,10,First Round,1,Mike Rhoades,2021 Mike Rhoades,Atlantic 10,A10,2021 A10,2021 VCU,2021 VCU,10.2,33.3,20.1,6.0,9.8,8.2,39.0,17.9,8.6,9.4,105.49,110.4217,15.9115,77.34,0.11,1.22,35.43,17.89,17.71,20.25,26.32,17.8,36.48,28.75,18.48,4.49,11.75,24.83,17.01,21.41,20.46,16.24,1.006247281,104.1989507,110.42102974,0.850507492,50.9,54.2,34.0,64.6,79.3,23.6,28.5,31.4,70.3,51.7,54.1,32.9,69.5,14.8,91.5,52.7,48.8,34.9,35.1,70.9,76.1,30.599999999999994,85.1,9.2,13.700000000000003,5.4,59.4,45.2,46.3,38.8,34.1,19.9,65.8,26.1,32.9,34.9,69.5,35.1,-3.3000000000000043,-55.699999999999996,-40.1,-30.599999999999994,3.3000000000000043,55.699999999999996,40.1,30.599999999999994,34.678,18.267999999999997,11.482099999999997,24.715228099291334,18.704199999999997,41.56830000000001,24.394500000000004,25.532642505885153,1.55869459327813,30.1,54.400000000000006,1.259223383949175,26.1,55.800000000000004,0.030000000000001137,0.05000000000001137,0.04999999999999716,35.43,96.30740876889953,2.9000000000000057,40.363699999999994,12.791200000000002,79.22784444054115,0.6897815473619454,78.92004195369486,2.3573740399014533,0.07799,0.07799,610.6400000000001,0.16174686615446826,7.32,-610.6400000000001,6.182014728734545,11.956000000000001,50.98500000000001,43.550000000000004,1,68.14687857799603,2.5999999999999996,-0.40000000000000036,7.0532893146065065
442,2021 Drake,2021,Drake,Region 1,11,First Round,1,Darian DeVries,2021 Darian DeVries,Missouri Valley,MVC,2021 MVC,2021 Drake,2021 Drake,13.2,36.6,16.9,12.7,6.2,8.7,41.8,14.2,10.4,3.7,113.949,100.6938,14.6425,76.09,-0.37,2.0,31.99,16.0,22.85,16.23,18.71,26.18,35.5,23.68,22.09,9.82,8.86,31.65,25.46,20.18,10.39,12.26,1.774884962,112.1606393,99.789413,0.785088518,54.5,51.6,25.2,70.3,84.8,18.8,31.6,24.9,66.2,54.4,50.3,36.6,69.2,7.9,92.9,45.3,54.1,31.3,35.9,67.6,71.1,26.0,88.1,4.9,20.700000000000003,2.8,62.8,34.6,40.2,31.8,42.9,33.9,60.0,32.7,36.4,31.6,69.6,35.5,2.8999999999999986,-66.0,-43.5,-45.099999999999994,-2.8999999999999986,66.0,43.5,45.099999999999994,26.0457,26.045499999999997,11.5024,23.258045203040314,13.3632,44.328,24.708,21.726539070915088,1.2499604442897376,16.1,39.5,0.9746204332272331,32.7,65.4,0.030000000000001137,0.04999999999999716,0.060000000000002274,31.99,95.57869589374357,-0.4000000000000057,46.216,9.700800000000001,82.85073797468314,0.5578749030184357,75.70081806372356,3.558976383132688,-0.25011999999999995,-0.25011999999999995,-36.080000000000155,0.08503675956125337,25.4,36.080000000000155,11.758005315782812,12.4,53.1,40.865,1,71.21851255066522,-2.299999999999999,-2.5,8.816274524603058
443,2021 UC Santa Barbara,2021,UC Santa Barbara,Region 1,12,First Round,1,Joe Pasternack,2021 Joe Pasternack,Big West,BW,2021 BW,2021 UC Santa Barbara,2021 UC Santa Barbara,12.5,35.6,19.4,11.7,8.9,9.0,40.2,16.9,10.5,6.4,109.242,102.9896,12.2317,77.36,1.09,2.36,29.04,20.18,21.36,17.17,25.92,15.28,28.82,33.54,16.03,10.26,11.2,24.61,27.43,18.88,15.42,13.55,0.121935583,108.0803567,103.78545091,0.792059694,53.0,52.3,35.5,72.0,83.5,20.8,28.2,24.5,66.7,53.4,53.4,34.8,66.6,7.0,94.0,58.1,55.6,33.8,30.9,66.6,76.3,23.799999999999997,87.5,7.0,14.299999999999997,1.5,60.3,37.9,45.2,36.6,43.5,28.1,61.9,31.9,34.3,34.0,66.9,31.4,0.7000000000000028,-62.7,-47.3,-36.5,-0.7000000000000028,62.7,47.3,36.5,28.9787,23.8855,11.661999999999999,23.36122142925465,16.757700000000003,40.752700000000004,21.006600000000002,23.738348018905334,1.3205493956060117,21.9,44.9,1.2133371548676795,31.9,61.9,0.09000000000000341,0.14999999999999147,0.10999999999999943,29.04,95.90079032007388,-1.4000000000000057,44.254999999999995,10.878400000000001,77.78577164771106,0.7335765962550977,76.27287339827559,3.3694927580146654,0.7259399999999999,0.7259399999999999,995.0500000000002,0.07446729290113935,27.612,-995.0500000000002,13.426653335237823,21.004,53.040000000000006,41.82,0,70.71142075703727,-1.1999999999999993,-2.5,8.10698743380464
444,2021 Ohio,2021,Ohio,Region 1,13,Second Round,1,Jeff Boals,2021 Jeff Boals,MAC,MAC,2021 MAC,2021 Ohio,2021 Ohio,14.5,35.9,17.1,14.9,2.5,10.2,40.4,15.0,11.6,3.4,113.002,98.112,11.1142,76.94,-0.05,1.45,24.61,21.56,19.65,22.96,18.39,17.43,41.92,11.66,13.65,19.35,13.41,26.15,23.36,22.9,12.28,15.29,-1.99025956,111.7927195,99.0470896,0.763670794,55.8,48.9,29.6,69.8,83.0,20.0,28.7,27.4,71.7,56.4,48.4,36.6,66.3,5.7,93.5,59.7,47.3,38.7,40.0,70.3,70.6,23.400000000000006,84.0,2.8,12.5,5.7,62.6,40.9,38.5,37.5,40.8,19.8,66.5,22.3,35.6,39.3,66.4,40.3,6.899999999999999,-63.0,-43.900000000000006,-40.199999999999996,-6.899999999999999,63.0,43.900000000000006,40.199999999999996,27.9554,22.0692,13.9908,22.169874454613705,15.15,41.5887,26.7592,25.915937824692616,1.111930994122287,30.2,43.699999999999996,1.0719336989156598,22.3,56.8,0.010000000000019327,0.009999999999990905,0.020000000000010232,24.61,97.73534329312366,2.299999999999997,46.31399999999999,9.780000000000001,77.64685282680036,0.7462406719916,77.47369851280205,2.7821892829833534,-0.03515,-0.03515,456.4399999999994,0.06096191484583052,21.605,-456.4399999999994,16.40063146816348,3.625,53.25,40.510000000000005,1,71.54822169311393,-3.3000000000000007,0.8999999999999999,9.017535902479795
445,2021 Eastern Washington,2021,Eastern Washington,Region 1,14,First Round,1,Shantay Legans,2021 Shantay Legans,Big Sky,BSky,2021 BSky,2021 Eastern Washington,2021 Eastern Washington,11.9,38.1,13.5,9.8,4.2,7.9,42.0,13.0,8.4,4.4,107.67,98.982,6.65145,77.17,-0.27,1.64,34.61,29.0,19.59,21.53,14.96,14.88,26.57,32.3,20.56,8.56,11.97,31.83,28.74,20.06,11.25,8.07,-3.124383128,107.9427727,100.34565162,0.714792539,54.1,52.5,30.4,72.3,83.5,16.5,23.9,25.6,71.3,54.2,52.4,35.9,68.4,6.9,94.0,54.1,56.3,39.6,35.4,73.1,79.9,27.299999999999997,85.2,3.3,10.5,4.2,60.3,35.9,43.6,34.4,45.7,24.2,62.0,29.9,36.0,39.8,67.9,35.8,1.6000000000000014,-67.0,-50.5,-41.9,-1.6000000000000014,67.0,50.5,41.9,24.4593,25.3874,14.328,21.406073904385178,15.4394,42.8462,24.308200000000003,25.830343913054406,0.9848998768875155,25.8,39.199999999999996,1.0781821736822996,29.9,61.4,0.03999999999999204,0.04000000000000625,0.05000000000001137,34.61,94.18784291334104,5.099999999999994,45.1735,8.6625,76.58930728273756,0.6478964323780554,76.42415543408138,3.411914429428519,-0.19737,-0.19737,455.1700000000003,0.07340347443112308,16.072,-455.1700000000003,13.621214316765684,6.888,51.855000000000004,41.09,0,72.62897991739733,-1.4000000000000004,0.20000000000000018,8.37762545083499
446,2021 Grand Canyon,2021,Grand Canyon,Region 1,15,First Round,1,Bryce Drew,2021 Bryce Drew,WAC,WAC,2021 WAC,2021 Grand Canyon,2021 Grand Canyon,10.7,34.2,13.7,6.4,9.3,8.9,39.2,12.6,7.8,4.8,103.554,103.4229,6.97644,77.42,2.14,2.17,26.36,25.56,22.73,14.25,16.81,20.55,38.06,35.5,8.97,9.59,7.76,31.63,24.69,15.48,13.6,14.48,-2.875437376,103.622115,104.45027357,0.717621843,52.8,55.3,34.5,70.6,79.6,16.5,33.0,22.8,66.7,55.4,55.2,32.2,70.3,8.1,94.0,55.7,54.4,36.2,39.3,66.2,69.2,30.299999999999997,81.3,6.4,19.400000000000006,4.4,61.3,39.0,45.8,34.8,45.4,24.8,66.0,25.8,31.8,36.2,69.5,39.4,-2.5,-63.099999999999994,-44.2,-36.099999999999994,2.5,63.099999999999994,44.2,36.099999999999994,29.1102,22.7708,11.511600000000001,21.305476604228623,16.791999999999998,44.410999999999994,27.382999999999996,23.02265188895493,1.2541090025137427,25.2,45.4,0.9948986066343494,25.8,60.800000000000004,0.10000000000000853,0.11999999999999034,0.12000000000000455,26.36,95.47491436545118,-1.7999999999999972,42.0288,9.1245,79.33762858373544,0.6670578795463528,74.55501271958042,2.666535954119895,1.4166800000000002,1.4166800000000002,248.22000000000025,0.08616929607131839,13.888,-248.22000000000025,11.603505740032096,20.181,52.794999999999995,41.394999999999996,0,72.06076447145058,1.3999999999999995,-4.500000000000001,7.512579297435118
447,2021 Norfolk St.,2021,Norfolk St.,Region 1,16,First Round,1,Robert Jones,2021 Robert Jones,MEAC,MEAC,2021 MEAC,2021 Norfolk St.,2021 Norfolk St.,6.5,39.3,0.1,-0.5,1.6,4.7,43.1,3.6,3.2,0.4,100.613,95.645,-3.74215,76.57,-0.59,2.38,40.63,16.29,17.06,18.0,26.53,22.08,41.69,19.91,17.35,12.64,8.35,21.61,17.29,20.97,22.31,17.78,-5.035358297,98.99456081,96.1363462,0.365362892,49.7,52.6,38.6,58.0,82.2,20.7,28.8,28.7,72.1,46.1,52.8,37.4,68.3,10.2,90.1,48.0,45.3,35.9,45.3,68.7,70.9,30.700000000000003,87.1,3.5,15.0,5.6,54.6,34.5,44.8,33.4,33.3,29.9,65.0,20.8,37.2,35.6,68.3,45.9,-2.8999999999999986,-61.5,-42.5,-19.4,2.8999999999999986,61.5,42.5,19.4,21.8855,23.1999,13.243200000000002,24.51591319938949,15.803199999999999,44.869699999999995,31.3497,24.49508454091691,1.0673857475913597,20.1,38.0,0.849654691618919,20.8,61.0,0.04000000000000625,0.060000000000016485,0.04000000000000625,40.63,95.71704891459171,0.7000000000000028,40.85340000000001,10.8882,83.99121735076729,0.6052887101045384,77.38751012464817,2.544800853884613,-0.40533,-0.40533,956.1400000000001,0.11320629071819402,-1.19,-956.1400000000001,8.832467405156358,3.808,51.980000000000004,40.655,1,68.3938522390724,3.7,-1.2000000000000002,8.019310791878384
448,2022 Baylor,2022,Baylor,Region 4,1,Second Round,1,Scott Drew,2022 Scott Drew,Big 12,B12,2022 B12,2022 Baylor,2022 Baylor,15.6,32.4,29.0,16.8,12.6,9.7,39.5,21.0,12.3,8.8,117.874,108.4462,26.3204,77.61,1.1,1.8,33.63,19.06,20.04,20.01,18.34,22.55,36.05,31.59,19.91,8.52,3.94,26.82,34.21,18.33,8.15,12.49,8.901377575,117.4986961,109.28494114,0.951436209,52.9,52.2,28.5,73.1,81.8,22.9,36.3,28.4,68.5,53.5,50.5,34.6,70.1,9.6,92.7,56.1,44.5,37.7,35.9,68.6,69.8,29.900000000000006,91.9,10.5,11.0,7.5,68.2,32.5,35.8,31.7,37.3,29.2,65.6,32.1,34.3,38.4,69.8,36.2,0.6999999999999957,-58.9,-35.30000000000001,-44.599999999999994,-0.6999999999999957,58.9,35.30000000000001,44.599999999999994,31.8145,24.062799999999996,13.171199999999999,27.3459777663919,12.173599999999999,46.325199999999995,25.2676,27.561023203067045,1.119762506184735,20.8,43.0,1.0828430153863153,32.1,60.8,0.0,-0.009999999999990905,0.0,33.63,98.40756475798857,0.5999999999999943,43.2722,11.9538,82.25194704633527,0.7276170218285107,76.42738182239611,2.44492060875776,0.7545999999999999,0.7545999999999999,-196.3900000000001,0.10355875341150579,30.240000000000002,196.3900000000001,9.655244245391106,22.68,53.144999999999996,43.25,1,67.9308742652739,-4.5,-3.799999999999999,8.369252502600341
449,2022 Kentucky,2022,Kentucky,Region 4,2,First Round,1,John Calipari,2022 John Calipari,SEC,SEC,2022 SEC,2022 Kentucky,2022 Kentucky,19.7,31.6,24.6,21.6,10.6,13.7,37.9,17.6,17.0,7.2,120.191,106.4041,26.5948,76.83,0.49,1.87,27.52,20.57,24.84,17.7,18.95,17.95,36.17,39.26,8.88,8.6,7.08,32.95,33.04,10.79,11.62,11.6,6.864550912,119.1036523,106.12997881,0.939229495,53.3,53.5,27.2,74.9,83.4,17.4,37.8,24.9,69.3,53.7,52.8,34.9,69.7,11.0,93.6,53.0,53.8,28.1,36.0,68.8,73.0,28.5,89.1,11.4,8.5,6.3,70.5,33.4,41.2,33.2,38.9,38.7,65.1,31.0,34.7,28.0,69.2,35.9,-0.20000000000000284,-66.0,-37.300000000000004,-47.7,0.20000000000000284,66.0,37.300000000000004,47.7,33.7044,24.770300000000002,9.716000000000001,26.01794252690503,14.213900000000002,45.023799999999994,24.8428,27.882730617116156,1.5999428591836005,11.299999999999997,44.8,1.1002479039581072,31.0,60.5,-0.010000000000005116,0.010000000000005116,0.0,27.52,97.06974915749521,0.7999999999999972,44.452200000000005,9.309,83.965177985846,0.6416387210808586,75.72524235229623,3.2407686283958803,0.33712,0.33712,-149.05000000000018,0.11752011196461576,40.392,149.05000000000018,8.508317425688574,19.822,53.81,41.965,1,69.14341932288458,-4.600000000000001,-3.3999999999999995,8.795605191856406
450,2022 Purdue,2022,Purdue,Region 4,3,Sweet 16,2,Matt Painter,2022 Matt Painter,Big 10,B10,2022 B10,2022 Purdue,2022 Purdue,17.4,36.8,20.6,25.9,8.0,11.3,41.5,15.8,13.7,2.1,121.268,101.0196,22.2872,78.45,2.06,1.78,36.06,28.62,16.85,16.83,15.82,21.81,52.37,24.98,7.55,7.26,7.74,32.56,24.26,15.96,11.99,15.15,6.999861491,122.6300589,102.48387836,0.933097681,57.0,50.4,36.3,78.6,82.7,14.1,35.2,23.6,66.6,55.9,50.8,39.1,66.5,9.9,93.3,58.9,46.9,39.1,41.0,66.8,70.3,28.0,92.2,10.1,10.599999999999994,5.0,69.9,33.9,40.1,27.5,38.1,26.9,61.0,32.0,38.4,39.2,66.8,40.6,6.600000000000001,-68.60000000000001,-41.199999999999996,-42.3,-6.600000000000001,68.60000000000001,41.199999999999996,42.3,33.008300000000006,25.301699999999997,15.0528,26.334578029655233,11.5575,46.6408,27.1208,25.416841529453134,1.1224203464197342,23.1,44.0,0.8004728947562868,32.0,67.5,0.06999999999999318,0.10000000000000853,0.0799999999999983,36.06,94.6375537298729,-1.2000000000000028,47.139,7.106399999999999,82.14861473114597,0.685673042223024,75.36391551368362,2.7108259638171206,1.37608,1.37608,351.09000000000015,0.10610818747923388,46.102,-351.09000000000015,9.423290576709423,14.24,55.96,40.195,3,69.37326161769501,-12.2,-5.9,9.50428427469249
451,2022 UCLA,2022,UCLA,Region 4,4,Sweet 16,2,Mick Cronin,2022 Mick Cronin,Pac 12,P12,2022 P12,2022 UCLA,2022 UCLA,16.7,33.0,26.3,17.3,12.2,11.4,39.2,19.8,13.6,6.2,116.076,108.7713,24.8472,77.88,0.25,2.21,31.95,13.97,22.98,23.91,20.49,18.66,39.75,13.63,20.52,20.21,5.89,24.75,21.82,22.16,20.08,11.19,5.048250653,115.1338396,108.37008551,0.932508777,50.6,52.3,29.8,70.8,86.6,19.7,31.9,24.8,67.2,49.6,52.7,35.2,67.8,9.5,92.1,49.9,48.9,31.5,37.8,66.8,73.6,27.700000000000003,82.4,3.5,9.599999999999994,6.1,59.1,29.3,42.9,32.8,42.2,39.5,63.6,29.2,35.4,31.2,67.9,38.1,-1.6999999999999957,-66.89999999999999,-43.3,-41.0,1.6999999999999957,66.89999999999999,43.3,41.0,20.200300000000002,27.7138,11.0448,20.93933698409129,14.656799999999999,44.4411,25.8699,26.607893565631986,1.0512483574244413,10.5,32.8,1.0209705782000473,29.2,61.1,-0.009999999999990905,-1.4210854715202004e-14,0.0,31.95,96.04509544995078,-1.2000000000000028,43.8196,10.303099999999999,83.5773309418672,0.621411937584837,75.88701709051057,3.648981419297066,0.16699999999999998,0.16699999999999998,232.11999999999966,0.10314763140465359,38.233000000000004,-232.11999999999966,9.693716450899906,26.962,52.74,41.425000000000004,1,72.34465589383707,-3.700000000000001,-5.999999999999999,8.171466908394876
452,2022 Saint Mary's,2022,Saint Mary's,Region 4,5,Second Round,1,Randy Bennett,2022 Randy Bennett,WCC,WCC,2022 WCC,2022 Saint Mary's,2022 Saint Mary's,14.4,30.6,22.4,10.9,12.9,8.4,38.0,15.6,5.7,10.0,109.764,110.0446,19.8082,77.82,0.75,2.31,22.75,23.46,16.14,19.47,18.97,21.95,49.23,22.75,11.44,9.87,6.71,22.92,25.65,17.34,14.3,19.78,3.931977293,107.8074639,109.89609385,0.887245501,52.6,51.7,23.2,75.6,82.9,19.5,27.3,21.9,65.6,52.6,53.0,35.1,65.6,6.5,91.2,51.0,64.1,36.1,28.8,64.8,76.7,28.599999999999994,85.0,3.4,17.5,3.2,59.6,42.6,47.3,35.9,38.2,21.2,58.7,35.9,35.5,36.2,65.7,28.3,0.8999999999999986,-63.400000000000006,-50.8,-52.39999999999999,-0.8999999999999986,63.400000000000006,50.8,52.39999999999999,28.279600000000002,20.9494,12.851,22.970470173681687,17.540699999999998,39.6664,18.593100000000003,21.26468120303398,1.270683130300268,28.8,46.0,1.381576622734179,35.9,60.9,0.010000000000005116,1.4210854715202004e-14,0.010000000000005116,22.75,97.17088883215948,-3.200000000000003,43.6054,10.0815,79.53616291617355,0.6335325027018297,74.42768681775526,3.7483188117653943,0.48599999999999993,0.48599999999999993,-382.71999999999935,0.07127114834267168,25.179000000000002,382.71999999999935,14.028610982925704,29.799000000000003,50.705,41.275,0,70.3784451797297,-5.2,-2.9000000000000004,7.474410607966151
453,2022 Texas,2022,Texas,Region 4,6,Second Round,1,Chris Beard,2022 Chris Beard,Big 12,B12,2022 B12,2022 Texas,2022 Texas,13.7,32.3,22.6,14.3,12.6,8.7,38.7,17.9,10.0,7.9,111.812,108.5941,20.4063,76.79,-0.9,2.68,30.98,22.45,20.07,21.95,14.88,20.65,42.71,38.67,9.18,5.01,4.44,30.29,23.79,18.11,15.8,12.01,3.350802538,111.5473067,109.50113856,0.917191253,50.1,53.5,32.3,63.2,81.8,23.3,31.9,30.0,64.2,50.9,53.9,32.3,68.4,10.1,90.7,53.3,56.1,36.0,33.7,64.1,74.9,33.099999999999994,86.3,4.2,7.5,4.7,62.7,30.6,41.2,35.4,39.1,33.3,67.2,31.1,33.0,36.1,68.1,33.5,-3.3999999999999986,-58.5,-38.1,-30.900000000000006,3.3999999999999986,58.5,38.1,30.900000000000006,22.8108,24.9333,11.913,24.32753926451803,14.937299999999999,43.7127,22.813499999999998,28.537343954895313,0.9639622171130995,16.700000000000003,34.800000000000004,1.196979194650906,31.1,59.9,0.0,-0.010000000000005116,0.0,30.98,96.98144074101567,-3.9000000000000057,40.9818,12.4655,80.7492712979162,0.6949061941826051,78.93433640110518,3.0822482281193335,-0.5769,-0.5769,327.35000000000036,0.11135489134629165,38.324000000000005,-327.35000000000036,8.97930897930898,33.768,51.715,42.705,1,69.43912357504733,-4.300000000000001,-4.699999999999999,7.796228835371024
454,2022 Murray St.,2022,Murray St.,Region 4,7,Second Round,1,Matt McMahon,2022 Matt McMahon,Ohio Valley,OVC,2022 OVC,2022 Murray St.,2022 Murray St.,15.6,32.7,22.1,16.3,7.8,10.2,39.0,15.4,12.3,6.9,111.518,104.8713,16.389,76.62,0.05,1.59,25.72,27.19,13.35,21.82,16.82,20.76,39.98,34.58,6.47,13.48,5.42,28.81,20.14,20.1,21.08,9.8,3.508335753,109.6237162,104.98924963,0.838245663,52.9,52.0,31.1,75.4,82.9,21.0,35.5,25.4,67.5,53.5,50.0,34.7,69.9,9.5,89.5,50.2,54.5,37.7,40.6,67.0,69.8,32.400000000000006,81.8,7.6,9.5,4.1,59.5,41.2,39.0,31.5,40.9,21.0,61.3,27.9,34.5,37.8,70.3,40.6,0.8999999999999986,-61.900000000000006,-39.1,-44.300000000000004,-0.8999999999999986,61.900000000000006,39.1,44.300000000000004,30.7308,21.63,13.040999999999999,21.251098010847972,12.6745,45.644499999999994,28.5418,27.092603541680276,1.290971138329674,29.0,48.800000000000004,0.876825693948425,27.9,64.4,0.05999999999998806,0.06999999999999318,0.06999999999999318,25.72,94.75785635450535,-1.0,43.8541,10.92,83.70974213360287,0.6354349944937406,75.76282367173457,3.1869481316882062,0.0335,0.0335,-272.1800000000003,0.10614406542943654,25.917,272.1800000000003,9.420061046205664,12.402000000000001,53.650000000000006,42.440000000000005,1,71.82564546260069,-4.0,-0.8999999999999995,8.133694502742859
455,2022 North Carolina,2022,North Carolina,Region 4,8,Runner Up,3,Hubert Davis,2022 Hubert Davis,ACC,ACC,2022 ACC,2022 North Carolina,2022 North Carolina,17.9,32.8,23.8,17.5,15.1,9.7,40.4,17.0,10.0,6.9,113.057,102.9892,16.0459,78.26,1.52,1.76,19.82,25.61,22.22,10.45,20.72,21.0,50.62,21.38,18.42,3.48,6.1,36.59,21.05,15.48,11.71,15.16,4.253797413,112.8253053,104.0934803,0.866269202,52.1,50.2,29.6,78.5,83.5,14.1,30.4,20.8,70.2,50.7,51.7,36.2,65.1,9.7,91.5,53.6,52.0,37.4,36.9,71.2,77.2,26.299999999999997,86.8,8.6,11.700000000000003,4.9,61.5,35.6,41.0,32.4,34.6,26.4,64.3,31.4,35.8,38.0,66.3,36.2,1.8999999999999986,-69.4,-48.8,-48.9,-1.8999999999999986,69.4,48.8,48.9,29.358800000000002,22.7384,13.604,24.751212091532,13.857299999999999,44.190799999999996,24.0006,25.48429254789441,1.1631272861240496,23.6,44.2,1.030358277395652,31.4,62.7,0.0,0.0,0.009999999999990905,19.82,94.31842011408798,3.200000000000003,43.5035,7.0782,81.49798054410705,0.6239741097309693,74.43196634920317,3.1513241621719894,1.08224,1.08224,220.57000000000062,0.1060097703850231,30.8,-220.57000000000062,9.43201731780229,26.576,52.235,39.54,0,68.8378687357065,-7.5,-8.2,8.477452223609625
456,2022 Marquette,2022,Marquette,Region 4,9,First Round,1,Shaka Smart,2022 Shaka Smart,Big East,BE,2022 BE,2022 Marquette,2022 Marquette,10.3,34.8,9.3,4.9,11.5,8.0,40.4,8.9,6.5,6.6,109.787,104.215,14.0024,77.86,0.46,0.87,34.6,16.3,22.06,26.17,22.52,12.87,39.14,20.96,17.0,10.39,12.43,21.07,24.24,24.07,13.45,17.1,0.542648893,107.9098782,104.64539317,0.805726653,52.6,53.3,26.8,70.3,82.7,19.1,22.4,31.4,71.5,52.9,53.8,34.7,68.3,12.7,90.9,59.4,45.1,41.7,35.6,72.2,74.7,30.099999999999994,82.9,13.1,22.799999999999997,8.9,61.0,35.2,47.2,40.0,39.5,23.0,64.2,24.1,34.4,41.8,68.0,36.0,-0.6999999999999957,-63.6,-46.2,-43.5,0.6999999999999957,63.6,46.2,43.5,32.331900000000005,23.464199999999998,14.379199999999999,22.19466902959658,20.9092,39.952200000000005,24.48,20.592150608099843,1.1554747494079092,27.0,48.300000000000004,1.3582956028999196,24.1,51.1,0.0799999999999983,0.0800000000000125,0.06999999999999318,34.6,94.68049532381069,4.200000000000003,43.50020000000001,10.180299999999999,74.29825165401132,0.7342307264434308,78.74072426567115,2.606785734928617,0.33212,0.33212,-114.06999999999925,0.13971243440666217,4.263,114.06999999999925,7.156916778206441,10.005,50.215,42.92,1,71.04250075627084,1.5999999999999996,-4.9,8.034562831043218
457,2022 San Francisco,2022,San Francisco,Region 4,10,First Round,1,Todd Golden,2022 Todd Golden,WCC,WCC,2022 WCC,2022 San Francisco,2022 San Francisco,11.8,34.8,20.2,9.4,8.4,9.5,39.6,16.4,9.8,6.6,110.756,107.6114,18.3679,77.33,1.45,2.29,30.4,13.75,21.24,18.03,23.06,23.91,33.35,42.01,11.73,6.14,6.74,19.26,29.42,18.41,17.55,15.33,1.631247683,109.4366784,107.82674917,0.878069608,53.1,53.1,28.4,67.8,81.9,18.5,30.3,23.8,70.6,53.9,51.6,34.7,71.1,11.5,91.0,47.0,56.8,44.4,30.4,69.9,69.2,29.0,92.6,8.6,7.5,5.1,63.2,36.4,45.0,40.4,37.5,18.9,60.1,29.1,34.3,44.7,71.1,30.5,0.0,-63.400000000000006,-45.9,-39.4,0.0,63.400000000000006,45.9,39.4,30.9684,22.419600000000003,15.3321,27.088127780757876,18.5625,39.1746,21.685499999999998,27.76116892351617,1.0066888883917586,31.1,45.0,1.4917543687092225,29.1,54.5,0.010000000000005116,0.030000000000001137,0.030000000000001137,30.4,95.84269678757971,1.9000000000000057,43.4889,9.823500000000001,81.47591773516397,0.5766800407356965,74.76058992412969,3.137948179658583,1.01355,1.01355,-0.9199999999998454,0.12637223766771793,21.526,0.9199999999998454,7.912355447352405,19.236,52.035000000000004,40.795,0,67.74805442501115,0.40000000000000036,-1.8000000000000007,7.79212246915783
458,2022 Virginia Tech,2022,Virginia Tech,Region 4,11,First Round,1,Mike Young,2022 Mike Young,ACC,ACC,2022 ACC,2022 Virginia Tech,2022 Virginia Tech,15.2,32.5,18.4,14.2,7.8,11.3,38.4,16.3,12.3,8.3,114.268,103.5955,17.8634,76.76,0.06,2.16,22.15,24.24,20.67,18.72,17.43,18.93,38.66,42.26,6.95,5.51,6.59,25.57,28.07,15.34,19.07,11.93,1.731184304,114.6883559,105.06247854,0.897843901,55.2,51.3,23.7,74.8,83.0,18.8,28.1,26.1,63.5,52.5,50.6,39.3,68.3,9.5,90.6,55.4,49.4,41.4,37.0,64.1,74.3,25.599999999999994,89.2,8.0,8.0,6.1,61.2,33.2,39.9,33.7,41.5,25.8,63.1,29.4,39.2,41.0,67.7,36.9,3.9000000000000057,-64.2,-45.8,-51.099999999999994,-3.9000000000000057,64.2,45.8,51.099999999999994,27.454400000000003,26.779,16.072,23.160077000447703,13.9343,43.5327,24.9813,27.30987306207531,1.0048535401575573,24.2,41.2,1.0785615565973825,29.4,60.199999999999996,0.009999999999990905,0.030000000000001137,0.01999999999998181,22.15,97.36301877139788,-3.9000000000000057,45.816,9.6444,80.05330542716636,0.6822576076649302,76.42568202481255,2.9057114287394854,0.038459999999999994,0.038459999999999994,-153.96999999999957,0.10485535479740841,30.672,153.96999999999957,9.535838332807073,16.848,52.005,41.66,2,71.38472995136694,-1.8999999999999986,0.5000000000000009,8.530102368323254
459,2022 Indiana,2022,Indiana,Region 4,12,First Round,1,Tom Crean,2022 Tom Crean,Big 10,B10,2022 B10,2022 Indiana,2022 Indiana,12.8,32.9,17.1,11.7,12.2,11.3,38.3,16.3,13.5,8.8,107.558,107.3787,14.9367,78.02,0.57,1.41,30.99,28.85,19.42,15.55,14.8,21.34,35.04,27.95,21.23,4.67,11.05,27.11,25.55,17.96,12.14,17.19,0.212485201,107.9665439,109.48855253,0.883702434,51.3,54.4,33.5,69.4,82.7,17.4,26.9,25.0,67.9,51.4,56.6,33.9,67.4,14.4,93.0,57.4,52.0,31.8,40.2,68.2,69.9,23.900000000000006,89.1,12.8,15.900000000000006,5.2,63.4,37.7,46.8,30.6,35.8,31.2,65.7,29.4,33.3,31.1,67.0,40.0,-3.1000000000000014,-65.30000000000001,-48.1,-35.900000000000006,3.1000000000000014,65.30000000000001,48.1,35.900000000000006,35.3066,21.525899999999996,10.3563,26.282186616286957,15.147599999999999,46.1158,26.8,23.827505114887707,1.6237420018648916,18.8,50.5,0.8949776255593612,29.4,64.19999999999999,0.03999999999999204,0.060000000000002274,0.04999999999999716,30.99,94.35870848120751,0.20000000000000284,42.4251,9.465599999999998,77.32353082051127,0.6949068413215336,76.2950287049847,3.0056066123345473,0.38874,0.38874,682.9899999999996,0.15483704476295954,16.496999999999996,-682.9899999999996,6.457884869106312,17.201999999999998,51.6,41.519999999999996,0,67.82423935081091,1.8000000000000007,-3.3999999999999986,7.516604628249102
460,2022 Akron,2022,Akron,Region 4,13,First Round,1,John Groce,2022 John Groce,MAC,MAC,2022 MAC,2022 Akron,2022 Akron,12.1,37.6,5.4,7.3,3.2,8.2,42.1,7.3,7.9,1.2,106.151,97.339,3.48951,76.44,0.12,1.17,26.04,20.87,24.38,15.86,18.74,20.15,20.56,43.5,16.52,7.33,12.1,15.52,36.07,15.15,14.85,18.41,-4.272051296,104.8227626,97.3313476,0.559414777,52.8,50.7,40.1,73.8,82.3,17.6,29.1,26.3,63.8,52.4,52.2,35.6,65.3,8.7,92.8,48.8,59.7,41.7,35.3,63.0,69.2,29.700000000000003,86.9,6.3,9.5,3.7,61.6,30.2,46.0,36.1,42.3,28.4,61.0,28.6,35.3,41.4,65.1,35.3,2.0999999999999943,-64.69999999999999,-44.599999999999994,-33.699999999999996,-2.0999999999999943,64.69999999999999,44.599999999999994,33.699999999999996,24.0779,26.627399999999998,14.614199999999999,23.1030120691365,16.957500000000003,40.4263,22.980299999999996,25.302305560297594,0.8816212168788194,21.6,36.5,1.127446814537832,28.6,60.199999999999996,0.0,-0.009999999999990905,0.0,26.04,96.88989550014794,-5.0,43.45439999999999,8.923200000000001,81.37076426366212,0.5922258225021539,77.31182477077157,3.3726908084289016,0.0756,0.0756,583.06,0.09374898977381708,8.540999999999999,-583.06,10.66544075393633,3.7439999999999998,53.53,41.01,0,70.98669006582963,0.6000000000000005,-2.0,8.405177727552907
461,2022 Yale,2022,Yale,Region 4,14,First Round,1,James Jones,2022 James Jones,Ivy,Ivy,2022 Ivy,2022 Yale,2022 Yale,7.7,37.6,10.1,1.0,7.6,5.7,42.8,7.1,3.3,1.8,101.474,100.7608,2.23432,76.47,-1.72,1.97,33.9,17.6,18.14,20.56,13.69,30.02,45.4,18.87,18.36,11.67,5.7,22.14,22.35,16.43,21.93,17.16,-4.870837707,99.77868947,101.56344114,0.538855782,50.1,51.1,32.7,68.9,81.7,18.2,25.6,26.5,70.3,50.5,48.9,32.9,69.6,9.2,90.3,46.4,52.0,36.3,41.2,69.8,73.7,31.900000000000006,85.4,3.7,5.599999999999994,3.5,56.2,36.9,39.2,34.5,41.9,27.2,62.6,24.3,32.6,36.0,69.5,41.2,-1.0,-63.5,-47.9,-36.2,1.0,63.5,47.9,36.2,23.897600000000004,23.1328,11.736,23.05910882926745,13.72,43.8458,28.634,28.830582720437683,1.127746451487459,22.8,40.6,0.9223077109778889,24.3,62.0,-0.009999999999990905,0.0,-0.009999999999990905,33.9,93.88138741216605,1.7999999999999972,40.931700000000006,9.3002,79.45474122043733,0.5672302294592976,76.26877880969116,2.8413747882629368,-1.20056,-1.20056,212.07999999999947,0.10188148525486981,1.97,-212.07999999999947,9.814150635800457,14.972,50.49000000000001,40.625,0,70.0861694567493,2.3,-5.8,7.570681547967581
462,2022 Saint Peter's,2022,Saint Peter's,Region 4,15,Elite Eight,2,Shaheen Holloway,2022 Shaheen Holloway,MAAC,MAAC,2022 MAAC,2022 Saint Peter's,2022 Saint Peter's,5.2,37.3,9.2,-1.6,8.0,3.8,41.0,9.8,0.8,9.0,98.7512,105.5242,4.27548,76.19,-0.58,1.89,40.3,17.35,20.94,18.49,24.48,18.74,40.89,30.62,12.15,7.56,8.77,22.98,32.4,18.61,14.42,11.58,-5.570638883,97.60364697,105.92359358,0.604269553,47.8,55.9,37.5,59.0,79.2,20.9,31.5,28.0,67.0,45.9,56.0,34.8,70.6,14.6,86.8,51.6,48.4,30.3,36.3,66.8,68.5,26.5,88.4,3.4,14.900000000000006,6.0,49.9,43.6,48.6,36.7,38.4,26.1,65.0,27.0,34.6,30.3,70.8,36.3,-8.100000000000001,-58.300000000000004,-40.5,-21.5,8.100000000000001,58.300000000000004,40.5,21.5,24.762,20.5062,10.4838,24.592461582091914,18.730200000000004,43.2504,25.700399999999995,25.109676089773302,1.5511039239629054,23.9,47.0,1.1762761356436464,27.0,57.3,0.0,0.009999999999990905,0.010000000000005116,40.3,97.17846672888658,-1.2000000000000028,37.8576,11.6831,83.41824653494379,0.6523305647210529,76.7573585332555,2.3268112109994714,-0.38743999999999995,-0.38743999999999995,1005.25,0.16820082717941037,-3.024,-1005.25,5.9447983014862,15.12,50.845,42.035000000000004,0,68.23437061454018,2.4000000000000004,1.0,6.858068025457427
463,2022 Norfolk St.,2022,Norfolk St.,Region 4,16,First Round,1,Robert Jones,2022 Robert Jones,MEAC,MEAC,2022 MEAC,2022 Norfolk St.,2022 Norfolk St.,10.2,37.1,6.6,5.6,2.8,7.9,41.5,6.8,5.5,2.4,102.43,97.715,0.14543,76.64,-0.7,2.45,31.75,18.82,16.16,15.15,22.66,27.2,39.55,17.92,19.51,12.91,10.11,22.27,24.17,19.52,14.12,19.92,-3.056959949,99.93553097,97.9907144,0.441224641,51.5,54.9,39.1,66.7,80.1,18.5,29.8,27.2,70.6,51.3,53.7,34.5,70.9,10.2,90.1,47.6,45.4,35.8,45.1,68.2,69.5,35.2,85.7,11.8,17.5,6.3,61.8,37.9,42.1,31.8,34.9,26.1,67.6,23.1,34.0,35.9,70.3,45.1,-3.3999999999999986,-61.599999999999994,-43.0,-27.6,3.3999999999999986,61.599999999999994,43.0,27.6,33.5348,21.3149,12.206,24.7015519080617,14.490300000000001,47.320899999999995,31.705299999999998,24.758483394586186,1.3843625525751375,23.9,49.7,0.8447706259284717,23.1,61.9,0.009999999999990905,0.0,0.0,31.75,95.03572563207874,0.20000000000000284,41.2515,10.1565,82.08503100583182,0.5840419135961522,75.81331113675618,2.2812923973669657,-0.47740000000000005,-0.47740000000000005,369.6100000000001,0.11320629071819402,13.72,-369.6100000000001,8.832467405156358,6.86,52.45,42.03,0,68.65386804112536,-0.09999999999999964,-0.3999999999999999,7.982418437103442
464,2022 Kansas,2022,Kansas,Region 3,1,Champion,3,Bill Self,2022 Bill Self,Big 12,B12,2022 B12,2022 Kansas,2022 Kansas,19.0,31.9,30.4,21.7,12.6,13.8,38.0,23.8,16.7,7.1,119.389,106.1035,25.492,77.14,0.21,2.1,24.81,22.41,18.96,23.83,20.15,14.61,46.94,23.63,13.84,9.13,6.39,26.96,26.49,21.7,12.13,12.67,10.40251399,120.202887,107.1428093,0.951124121,54.1,53.1,32.8,72.2,82.2,18.4,33.4,28.9,69.5,54.5,52.1,35.5,69.9,10.5,92.2,53.9,52.5,33.8,34.2,70.1,72.4,29.299999999999997,91.2,8.5,13.400000000000006,4.3,64.4,38.9,42.6,34.0,38.7,28.0,65.5,31.3,36.1,33.1,70.2,34.8,1.0,-63.800000000000004,-37.7,-39.400000000000006,-1.0,63.800000000000004,37.7,39.400000000000006,32.8036,22.785100000000003,11.949100000000001,25.78539638374145,15.060200000000002,44.9311,24.4296,25.983247808283448,1.431980906921241,22.0,47.4,1.1005430878423035,31.3,61.7,0.04000000000000625,0.07000000000000739,0.04999999999999716,24.81,96.44216076810658,2.0999999999999943,44.470200000000006,9.7704,81.73532188400706,0.6605311209421453,77.73038883805219,2.949272512780181,0.14720999999999998,0.14720999999999998,259.25999999999976,0.1138816281819069,45.57,-259.25999999999976,8.780116179411486,26.46,53.79,42.45,0,69.07721462733814,-5.0,-5.5,8.7520204138373
465,2022 Auburn,2022,Auburn,Region 3,2,Second Round,1,Bruce Pearl,2022 Bruce Pearl,SEC,SEC,2022 SEC,2022 Auburn,2022 Auburn,11.5,32.6,15.7,9.4,19.7,10.3,38.1,17.4,13.4,13.3,113.602,110.8509,24.453,77.54,2.75,1.34,34.91,20.83,26.92,13.48,15.61,23.11,40.77,18.17,24.75,8.33,7.92,29.47,29.31,16.06,8.33,16.78,7.410313012,112.6859022,110.40849887,0.933233526,50.3,55.9,31.6,65.2,83.3,20.7,33.2,29.3,71.4,51.9,57.4,32.0,68.8,20.9,89.9,52.0,51.2,39.9,36.3,71.0,73.3,27.099999999999994,92.5,14.3,23.299999999999997,6.7,61.9,36.4,49.3,38.4,34.8,23.8,68.9,25.6,31.8,39.8,69.0,36.0,-5.600000000000001,-62.599999999999994,-37.5,-33.6,5.600000000000001,62.599999999999994,37.5,33.6,35.7591,20.9388,12.656399999999998,28.28362305881857,20.4923,42.4784,24.84,21.633519516404785,1.2738373407703327,26.2,50.7,1.2527429793616844,25.6,54.9,0.04999999999999716,0.060000000000002274,0.04999999999999716,34.91,94.52210350590667,3.0,41.899899999999995,11.571299999999999,81.3620191455229,0.6557294359465833,78.2329612814547,3.0656846895395478,1.9525,1.9525,549.3600000000006,0.23247794796498367,12.596000000000002,-549.3600000000006,4.301229606238937,26.398,52.325,43.175000000000004,0,66.1414368998787,4.0,-6.399999999999999,7.748087763944507
466,2022 Wisconsin,2022,Wisconsin,Region 3,3,Second Round,1,Greg Gard,2022 Greg Gard,Big 10,B10,2022 B10,2022 Wisconsin,2022 Wisconsin,16.4,31.7,22.5,13.8,9.7,11.9,38.0,18.2,11.4,6.9,110.398,105.1858,15.5839,78.35,2.38,1.47,23.19,17.26,18.21,28.49,20.82,15.2,39.6,28.85,20.08,7.39,4.01,19.46,22.31,29.5,17.5,11.2,6.446692315,110.139423,106.20371244,0.863792172,48.2,50.6,32.3,72.3,87.3,16.9,25.8,24.0,67.2,48.9,50.1,31.3,67.7,7.5,91.0,44.0,54.1,36.0,33.7,67.5,74.2,32.0,91.4,4.7,9.799999999999997,4.9,63.0,30.2,40.0,32.1,36.0,33.8,61.2,34.3,30.6,36.0,67.5,33.6,-2.3999999999999986,-70.4,-50.2,-40.0,2.3999999999999986,70.4,50.2,40.0,23.3218,23.184,11.016000000000002,27.958719570109075,13.3202,43.6716,22.68,26.026701033105727,0.9694175161801062,16.200000000000003,34.9,1.1011577036397726,34.3,63.0,0.01999999999999602,0.06999999999999318,0.030000000000001137,23.19,94.83995833350156,-0.5,42.0786,8.5514,80.09232820026143,0.5294761795886933,75.57737634025459,4.259507125423195,1.6065,1.6065,83.05999999999995,0.08241667673981604,20.286,-83.05999999999995,12.131715771230501,14.258999999999999,51.11,40.11,1,66.39969499410196,-2.4000000000000004,-2.799999999999999,7.995423380119937
467,2022 Providence,2022,Providence,Region 3,4,Sweet 16,2,Ed Cooley,2022 Ed Cooley,Big East,BE,2022 BE,2022 Providence,2022 Providence,12.9,34.2,17.0,11.6,6.5,6.6,40.3,13.7,8.5,5.2,111.929,101.9509,13.8797,77.71,0.68,2.75,24.74,25.07,16.65,14.3,22.46,21.47,39.42,25.38,23.1,6.48,5.53,22.73,31.91,16.44,14.31,14.57,5.865255317,111.5628324,103.07351472,0.834423004,50.3,53.3,38.5,73.7,82.7,15.8,30.5,28.0,66.1,49.6,53.4,34.3,68.8,9.9,90.1,54.0,53.7,38.1,36.1,66.5,72.6,29.099999999999994,89.5,7.5,18.200000000000003,6.1,58.1,38.3,45.0,38.0,34.2,23.7,64.6,25.9,34.4,38.0,70.0,36.1,-3.0,-66.9,-41.5,-35.2,3.0,66.9,41.5,35.2,28.964800000000004,21.177400000000002,13.072000000000001,26.161358272587197,18.2102,42.0014,25.27,23.43921215968375,1.205231441277861,26.3,45.8,1.2215728096174623,25.9,55.9,0.05000000000001137,0.0899999999999892,0.03999999999999204,24.74,95.5946226041348,-1.5,41.5981,8.4214,80.93794729041616,0.6413225496134249,77.67251688979849,3.103866828507023,0.45220000000000005,0.45220000000000005,650.4300000000003,0.1098766939323648,31.9,-650.4300000000003,9.1000908999091,17.875,52.67,41.925,0,67.38487829558315,-3.0999999999999996,-1.2999999999999998,8.478608539909505
468,2022 Iowa,2022,Iowa,Region 3,5,First Round,1,Fran McCaffery,2022 Fran McCaffery,Big 10,B10,2022 B10,2022 Iowa,2022 Iowa,16.6,37.2,29.3,23.7,15.2,13.0,41.4,23.5,20.9,2.6,121.548,101.9792,23.5269,77.5,0.57,1.7,38.35,16.52,29.68,21.48,16.15,16.17,24.4,31.59,23.8,14.72,5.48,24.94,27.17,23.59,14.67,9.63,4.521432657,121.0476517,102.23424556,0.921036516,53.6,50.2,30.4,73.8,87.1,19.3,32.2,30.2,70.3,52.6,50.0,36.8,67.1,11.4,92.7,53.8,45.5,39.2,36.5,70.8,74.9,29.400000000000006,90.5,8.9,12.5,6.4,63.7,35.2,42.5,39.2,36.9,25.4,62.2,24.5,36.4,39.4,67.3,36.3,3.3999999999999986,-67.8,-37.599999999999994,-43.4,-3.3999999999999986,67.8,37.599999999999994,43.4,30.476900000000004,23.714199999999998,14.341599999999998,25.790485971897983,17.460000000000004,39.668899999999994,24.429899999999996,24.836582561482434,1.119260932463643,24.6,44.1,1.256163742045674,24.5,54.4,-1.4210854715202004e-14,0.010000000000005116,0.0,38.35,94.13709542973791,2.799999999999997,46.6856,9.688600000000001,82.19360115128895,0.6666584057198794,78.5653479116879,3.5268583830710782,0.4035599999999999,0.4035599999999999,107.23999999999978,0.12297601967616315,40.29,-107.23999999999978,8.1308657135339,25.84,54.215,42.015,2,68.80176329175849,-2.8000000000000007,-12.6,9.418784234586713
469,2022 LSU,2022,LSU,Region 3,6,First Round,1,Will Wade,2022 Will Wade,SEC,SEC,2022 SEC,2022 LSU,2022 LSU,13.2,29.8,25.9,12.9,18.7,9.5,37.3,22.3,12.7,11.9,107.64,111.4419,19.0816,77.72,0.74,1.19,31.25,20.19,30.68,13.58,16.77,18.75,33.57,30.66,17.24,9.42,9.07,24.87,32.07,16.37,11.37,15.28,2.27530256,105.8088356,111.85566484,0.890958706,49.5,54.9,33.0,61.6,79.6,25.3,33.7,31.2,70.6,50.5,52.3,31.9,72.0,14.8,91.2,48.7,46.0,34.6,45.9,69.8,73.2,31.0,94.3,10.8,16.5,9.8,59.7,41.3,40.5,33.4,34.4,24.0,72.2,20.0,31.6,34.8,71.8,46.5,-5.399999999999999,-54.3,-35.099999999999994,-28.6,5.399999999999999,54.3,35.099999999999994,28.6,34.840500000000006,19.2528,10.9968,29.08894406242115,15.144000000000002,47.827,33.387,26.95879571988828,1.4970834171431855,26.0,52.099999999999994,0.9290122793058215,20.0,56.8,0.030000000000001137,0.03999999999999204,0.03999999999999204,31.25,93.53257933948935,1.7999999999999972,39.401999999999994,13.8897,82.98442334682318,0.6519323703832612,77.47382901089887,2.2547914317925586,0.51652,0.51652,505.9999999999998,0.16227892238023706,15.350999999999999,-505.9999999999998,6.161745827984595,22.252999999999997,51.39000000000001,43.765,1,65.40734521023344,-0.20000000000000107,-6.799999999999999,7.158757982787597
470,2022 USC,2022,USC,Region 3,7,First Round,1,Andy Enfield,2022 Andy Enfield,Pac 12,P12,2022 P12,2022 USC,2022 USC,14.3,34.1,14.7,12.1,7.6,10.4,39.2,11.9,10.3,4.7,110.473,103.9768,14.4494,79.12,1.71,1.81,29.78,20.59,22.17,21.93,18.07,17.21,28.89,27.72,20.84,14.67,7.82,25.61,21.22,23.24,16.15,13.75,4.083988419,109.2751701,103.99906242,0.815985085,51.1,55.3,30.9,73.7,82.3,14.7,33.8,27.2,67.4,50.1,58.4,35.4,66.3,11.2,91.7,52.8,50.0,32.0,34.5,67.1,66.6,28.700000000000003,90.3,7.6,8.799999999999997,5.0,59.4,35.2,50.4,34.1,40.1,32.7,66.2,31.6,35.7,32.2,66.8,34.3,-4.199999999999996,-67.6,-39.0,-42.800000000000004,4.199999999999996,67.6,39.0,42.800000000000004,27.7716,24.608100000000004,11.495400000000002,24.848792727213123,17.626400000000004,43.831599999999995,22.912399999999998,27.24622297983092,1.3291512685941431,17.299999999999997,42.800000000000004,1.139908457479374,31.6,60.9,0.030000000000001137,0.060000000000002274,0.030000000000001137,29.78,97.7477389138912,-0.9000000000000057,42.055299999999995,8.1291,83.50710906502954,0.6189845371097642,77.53872519305894,2.8246991695384436,1.1474099999999998,1.1474099999999998,-57.25000000000091,0.12213607267096323,21.901,57.25000000000091,8.186769038478708,13.756,52.41,42.290000000000006,0,69.40737933223693,-1.799999999999999,-2.8999999999999995,8.124671804942977
471,2022 San Diego St.,2022,San Diego St.,Region 3,8,First Round,1,Brian Dutcher,2022 Brian Dutcher,Mountain West,MWC,2022 MWC,2022 San Diego St.,2022 San Diego St.,8.8,30.2,20.0,2.7,16.6,7.0,37.9,17.2,6.8,11.1,104.106,114.0451,18.151,77.27,0.38,2.49,34.54,16.44,21.87,28.25,16.2,17.23,42.97,23.36,23.71,4.65,5.24,28.2,22.5,23.58,13.32,12.36,2.611693152,101.3891312,113.63377379,0.863450076,48.8,56.0,31.3,69.4,80.7,21.7,29.6,27.0,65.2,46.6,56.9,35.8,69.6,14.4,91.7,49.7,49.0,30.8,38.2,66.2,69.5,32.7,90.5,8.6,14.599999999999994,3.9,58.6,32.4,45.1,32.4,36.2,36.9,68.8,29.8,35.4,30.8,70.0,37.8,-7.200000000000003,-59.0,-43.4,-38.10000000000001,7.200000000000003,59.0,43.4,38.10000000000001,26.769399999999997,24.261,10.9032,25.888784572989646,15.1818,46.9624,26.46,26.013121688870793,1.331125612804779,13.100000000000001,41.0,0.9602920557657205,29.8,63.7,0.009999999999990905,0.07000000000000739,0.04000000000000625,34.54,94.84379306078587,-1.7999999999999972,39.3816,12.152,83.3003033495712,0.6347300800756057,76.56730261076783,2.5387285632868766,0.25156,0.25156,-94.03000000000065,0.15703209343409558,6.723000000000001,94.03000000000065,6.367613360183321,41.33400000000001,50.31,43.635000000000005,0,68.06408021761936,4.1,-5.500000000000002,6.628413860710712
472,2022 Creighton,2022,Creighton,Region 3,9,Second Round,1,Greg McDermott,2022 Greg McDermott,Big East,BE,2022 BE,2022 Creighton,2022 Creighton,12.3,32.0,13.6,8.2,13.4,10.3,38.2,12.0,11.1,7.2,105.588,107.8805,13.4685,78.24,1.45,1.33,23.67,23.53,22.4,21.63,14.65,17.75,55.04,21.87,14.02,5.2,3.79,20.66,24.08,23.82,16.96,14.42,1.707482523,104.1871393,107.7197619,0.801488704,50.9,55.1,26.0,79.7,79.5,15.5,28.6,28.4,68.1,53.9,56.5,30.7,68.3,10.6,90.7,51.1,55.2,38.2,33.6,67.9,72.9,27.700000000000003,90.7,12.2,18.700000000000003,5.1,63.2,36.4,48.0,33.5,39.2,25.5,64.8,33.2,30.8,38.1,68.3,33.2,-4.200000000000003,-64.0,-43.0,-53.7,4.200000000000003,64.0,43.0,53.7,34.0702,21.730800000000002,11.7348,26.914726452260297,17.0337,44.1892,22.6756,22.639272662050487,1.275557071992861,24.5,48.599999999999994,1.1626155838679557,33.2,61.4,0.03999999999999204,0.0799999999999983,0.05999999999998806,23.67,96.30667900122397,-0.09999999999999432,40.4655,8.5405,78.13906257649977,0.6047265712831801,78.10666151371305,2.692551582849617,0.98455,0.98455,-312.2900000000004,0.11686750972977143,10.905999999999999,312.2900000000004,8.555796622960099,17.822000000000003,49.855,43.550000000000004,0,67.5298702228633,2.9000000000000004,-6.2,7.287405625616996
473,2022 Miami FL,2022,Miami FL,Region 3,10,Elite Eight,2,Jim Larranaga,2022 Jim Larranaga,ACC,ACC,2022 ACC,2022 Miami FL,2022 Miami FL,18.6,34.9,18.1,16.3,6.3,11.8,40.5,13.7,10.5,3.3,114.756,97.864,12.6207,76.71,0.35,2.03,18.06,15.99,17.15,26.78,21.5,18.56,25.12,41.1,13.33,12.59,7.83,20.69,23.06,22.8,19.5,13.92,2.574882892,114.28917,99.4403439,0.81332744,54.2,46.6,28.9,75.4,85.8,20.3,23.4,30.3,67.5,54.9,46.1,35.3,64.8,8.5,91.4,50.8,43.4,35.9,39.4,68.5,74.3,30.900000000000006,89.5,6.3,12.0,7.6,65.6,37.2,36.6,37.3,39.9,27.2,63.0,24.1,33.9,35.6,65.5,38.7,7.600000000000001,-65.5,-46.3,-46.50000000000001,-7.600000000000001,65.5,46.3,46.50000000000001,30.041700000000002,22.9212,12.068399999999999,25.53447016616297,14.563799999999997,40.53150000000001,25.348500000000005,25.17742043975117,1.2218757900058987,22.8,43.5,1.1601767396191311,24.1,55.1,0.01999999999999602,0.030000000000001137,0.030000000000001137,18.06,95.68448960144922,0.5,46.5036,9.459800000000001,76.58747351794895,0.6373822160324211,78.93684454613712,3.0561228082529395,0.23975,0.23975,-182.5900000000006,0.09299679434579489,33.089,182.5900000000006,10.751676273379603,12.788999999999998,52.145,41.085,2,69.14653805748573,-5.800000000000001,-3.0,9.225949011393244
474,2022 Iowa St.,2022,Iowa St.,Region 3,11,Sweet 16,2,T.J. Otzelberger,2022 T.J. Otzelberger,Big 12,B12,2022 B12,2022 Iowa St.,2022 Iowa St.,9.5,31.8,13.5,1.0,12.9,7.7,38.0,14.3,5.8,8.6,104.382,109.5638,13.9459,76.51,-0.26,2.21,27.23,16.39,17.42,24.96,20.84,20.4,41.28,19.34,17.9,13.66,7.82,21.8,21.05,20.3,20.23,16.62,2.820014612,103.1437113,111.28127221,0.849732056,49.9,51.6,28.1,63.8,79.6,24.5,28.2,28.5,67.2,50.9,49.3,32.1,70.4,9.5,88.7,60.1,47.7,37.4,37.5,67.3,68.4,28.099999999999994,86.0,8.1,8.299999999999997,7.6,61.8,33.2,34.3,28.4,36.8,29.1,61.9,33.6,31.5,37.7,71.1,38.0,-1.7000000000000028,-55.099999999999994,-43.3,-35.699999999999996,1.7000000000000028,55.099999999999994,43.3,35.699999999999996,27.483600000000003,22.5843,11.875500000000002,25.0793906092898,10.372,47.8164,27.017999999999997,28.421588039141422,1.0954616588419406,20.9,41.300000000000004,0.9473434909607642,33.6,64.0,-0.009999999999990905,0.0,-1.4210854715202004e-14,27.23,96.64010119199997,-0.7000000000000028,39.7204,12.642,76.49665317547068,0.7960159468086515,76.75491499431622,2.3381206803588053,-0.17498000000000002,-0.17498000000000002,129.26000000000067,0.10710138555371415,2.21,-129.26000000000067,9.33585938322282,28.509,49.715,42.035000000000004,0,68.29623061573685,4.8,-4.300000000000001,7.026964864628056
475,2022 Richmond,2022,Richmond,Region 3,12,Second Round,1,Chris Mooney,2022 Chris Mooney,Atlantic 10,A10,2022 A10,2022 Richmond,2022 Richmond,13.8,34.9,12.8,9.3,9.5,11.5,39.6,13.5,11.5,3.8,109.146,100.6795,9.82501,76.67,0.47,2.66,26.11,24.07,20.61,21.69,14.43,19.17,23.87,34.09,23.04,11.02,7.93,27.1,20.75,25.36,13.92,12.83,-1.646498655,107.7159122,100.57545805,0.715272469,51.5,49.5,30.9,76.5,85.6,18.9,22.4,27.2,67.4,52.2,50.0,33.8,65.7,6.1,90.6,57.3,51.7,42.0,35.7,67.8,72.5,27.700000000000003,92.9,3.4,7.599999999999994,5.8,64.3,34.2,37.8,34.6,35.2,24.1,64.5,29.3,33.0,41.7,65.7,36.1,2.0,-66.69999999999999,-50.400000000000006,-45.6,-2.0,66.69999999999999,50.400000000000006,45.6,25.1492,22.244200000000003,13.761000000000001,28.235025529768286,13.519599999999999,42.616200000000006,23.7177,27.4135003237456,0.9016570346034868,25.9,37.6,1.11908257388992,29.3,59.6,0.029999999999986926,0.05000000000001137,0.03999999999999204,26.11,96.4115908817416,-0.20000000000000284,44.083999999999996,9.3555,74.6905397773566,0.7065264300070282,77.90075500502905,3.590028470245121,0.31865999999999994,0.31865999999999994,121.19999999999982,0.06732817518570434,24.738000000000003,-121.19999999999982,14.85002458613342,25.270000000000003,51.114999999999995,41.44,1,66.61975148621735,2.1999999999999993,-5.7,8.340828164341653
476,2022 South Dakota St.,2022,South Dakota St.,Region 3,13,First Round,1,Eric Henderson,2022 Eric Henderson,Summit,Sum,2022 Sum,2022 South Dakota St.,2022 South Dakota St.,14.1,38.8,14.7,14.7,0.4,10.7,42.8,12.9,12.1,0.8,116.763,94.68,11.4429,76.68,-0.84,1.42,29.77,22.69,26.68,21.05,15.63,13.9,35.35,31.71,8.06,9.55,15.25,21.69,26.62,22.81,15.44,13.37,1.482417928,115.019104,96.0081367,0.76115717,59.7,48.5,35.2,78.7,84.7,15.8,24.0,24.2,71.5,56.3,49.4,44.2,64.8,6.3,92.9,47.3,56.3,34.3,41.4,70.7,76.0,25.900000000000006,89.0,5.8,8.200000000000003,4.0,65.1,39.6,40.8,32.3,41.9,25.9,60.6,26.4,43.7,34.5,64.8,41.3,11.200000000000003,-68.9,-51.8,-43.5,-11.200000000000003,68.9,51.8,43.5,30.9416,25.9286,15.076500000000001,22.062694758347178,13.506399999999996,42.760799999999996,26.7624,25.816273937189308,1.3159038868438597,24.1,45.4,0.8789133435025787,26.4,63.7,0.04999999999999716,0.0799999999999983,0.06999999999999318,29.77,94.77344759903816,2.700000000000003,50.5659,7.663,78.43498789082022,0.5617510480873148,76.26736314891349,3.679498072021437,-0.59388,-0.59388,636.8699999999997,0.06781412471340459,20.874,-636.8699999999997,14.743691477543248,0.568,55.135000000000005,39.995000000000005,3,73.09056471337348,-2.5999999999999996,0.4,9.832252511063464
477,2022 Colgate,2022,Colgate,Region 3,14,First Round,1,Matt Langel,2022 Matt Langel,Patriot,Pat,2022 Pat,2022 Colgate,2022 Colgate,13.3,37.6,7.2,9.3,2.6,8.9,42.8,8.4,8.8,1.5,108.276,95.941,4.21729,77.07,0.64,2.45,23.94,21.57,16.59,19.97,19.48,22.39,47.34,23.78,9.92,9.21,9.75,25.35,19.24,23.28,18.91,13.22,-6.105680358,106.416155,96.4389554,0.577557778,55.9,51.0,26.8,75.7,83.1,16.2,26.5,24.8,67.7,52.7,51.8,40.2,66.3,9.3,91.5,61.7,47.1,42.0,35.9,68.2,69.3,32.900000000000006,100.0,2.2,5.900000000000006,2.6,57.7,42.1,42.9,34.6,37.3,15.9,62.5,29.8,40.3,42.0,66.3,35.6,4.899999999999999,-66.89999999999999,-48.7,-48.900000000000006,-4.899999999999999,66.89999999999999,48.7,48.900000000000006,26.4917,22.856699999999996,16.926,28.885679843133346,14.996799999999999,42.2278,23.602800000000002,27.638861529858033,1.0547367919811435,34.1,44.300000000000004,1.0449144686946996,29.8,62.8,0.0,0.0,0.0,23.94,97.75966520359121,0.20000000000000284,46.4529,8.262,77.34905360692636,0.7362680636269258,76.12893379293146,2.786817348085911,0.43648000000000003,0.43648000000000003,-633.2900000000006,0.10163823346192938,22.785000000000004,633.2900000000006,9.837651865390818,6.370000000000001,52.455,40.765,2,67.06746479511793,-0.5,-1.1,8.78556836422005
478,2022 Jacksonville St.,2022,Jacksonville St.,Region 3,15,First Round,1,Ray Harper,2022 Ray Harper,Atlantic Sun,ASun,2022 ASun,2022 Jacksonville St.,2022 Jacksonville St.,9.5,37.3,6.0,1.4,2.8,5.9,42.3,6.3,1.9,1.4,105.325,96.917,2.24147,76.55,0.54,2.46,26.88,18.16,17.65,21.17,21.84,21.16,38.3,36.26,9.42,9.03,6.92,30.14,20.53,18.44,18.38,12.48,-5.221889113,104.010783,98.3337886,0.5651758,54.2,52.0,32.2,78.9,80.0,17.1,28.3,26.2,66.2,51.8,52.6,38.2,67.5,9.2,91.7,53.9,46.9,42.7,44.9,66.2,68.3,22.599999999999994,92.6,8.6,11.099999999999994,6.4,59.6,36.0,47.4,33.0,36.6,21.3,60.1,22.3,38.0,42.7,67.3,44.7,2.200000000000003,-62.9,-45.5,-46.7,-2.200000000000003,62.9,45.5,46.7,29.4196,24.021800000000002,16.226000000000003,26.146510283401106,16.3524,43.4854,30.083099999999998,24.977106184130566,1.0444720264162433,28.7,44.6,0.8814120489474508,22.3,60.6,0.01999999999999602,0.06999999999999318,0.030000000000001137,26.88,98.06298425406503,-1.7999999999999972,43.36000000000001,8.892000000000001,80.49359146669066,0.650173098032593,76.53181687948839,2.3448827558622067,0.35748,0.35748,416.1200000000006,0.1003260596940055,3.444,-416.1200000000006,9.966308009998915,6.888,52.17,42.150000000000006,1,68.4401979082289,0.5,-1.4,8.367434325925007
479,2022 Texas Southern,2022,Texas Southern,Region 3,16,First Round,1,Johnny Jones,2022 Johnny Jones,SWAC,SWAC,2022 SWAC,2022 Texas Southern,2022 Texas Southern,4.1,39.1,-1.2,-5.3,4.7,3.6,43.0,4.0,-0.2,6.4,98.1424,100.5251,-1.33245,77.12,0.47,2.82,46.47,24.03,19.87,13.65,20.0,22.4,36.44,32.1,13.15,12.43,5.81,27.44,28.64,17.04,13.24,13.58,-6.774306201,96.9048274,101.36002189,0.449152888,48.7,55.1,32.7,65.7,78.6,17.4,33.8,28.2,69.3,49.2,54.8,31.7,70.5,13.4,93.8,42.3,53.1,31.4,35.8,68.7,67.1,34.400000000000006,90.9,6.0,10.200000000000003,4.9,57.6,39.4,48.1,35.8,36.7,29.6,63.3,28.7,31.4,30.9,69.6,35.6,-6.399999999999999,-61.199999999999996,-38.0,-33.0,6.399999999999999,61.199999999999996,38.0,33.0,28.148400000000002,20.5658,9.702599999999999,26.984748779017135,17.7196,42.9447,24.777599999999996,26.641696642668983,1.4692081162421928,20.4,45.4,1.143226313867588,28.7,59.300000000000004,0.04999999999998295,0.06999999999999318,0.060000000000002274,46.47,96.05222214404102,0.7000000000000028,38.2782,9.587399999999999,84.89768372139699,0.5121003377683079,77.3287235863796,2.4811924676416983,0.32289,0.32289,-65.91000000000031,0.14285561987612072,-14.945999999999998,65.91000000000031,6.999477650921573,13.254,50.795,41.885000000000005,0,66.74123406130964,5.1,1.7000000000000002,7.262877501464793
480,2022 Arizona,2022,Arizona,Region 2,1,Sweet 16,2,Tommy Lloyd,2022 Tommy Lloyd,Pac 12,P12,2022 P12,2022 Arizona,2022 Arizona,16.1,32.9,28.1,19.3,16.0,11.0,39.1,21.0,13.6,7.3,119.64,107.569,27.2089,79.44,3.24,1.34,29.19,22.63,22.2,20.84,18.62,15.69,38.39,25.95,15.92,13.26,6.44,26.59,23.1,18.74,18.55,12.98,8.753928493,118.0349852,107.56706093,0.943306044,55.9,55.6,35.1,77.2,82.0,17.7,34.5,28.3,72.9,57.5,58.1,35.4,67.3,13.4,93.0,65.4,53.2,35.7,34.5,73.4,73.8,33.0,90.8,15.7,19.400000000000006,4.6,68.5,41.9,44.6,30.0,35.4,22.3,69.7,35.3,35.3,35.9,67.2,34.7,0.29999999999999716,-64.3,-37.2,-42.1,-0.29999999999999716,64.3,37.2,42.1,42.9571,20.566899999999997,12.672699999999997,27.148603401771272,14.272400000000001,47.9225,23.3184,23.446730404614343,1.6044121333667587,27.7,57.599999999999994,0.9970894210541483,35.3,65.4,0.01999999999999602,0.03999999999999204,0.04000000000000625,29.19,97.13020383999142,5.400000000000006,45.837999999999994,9.8412,78.06345083606855,0.7946440504975639,78.17535490182122,2.9553913671462695,2.3781600000000003,2.3781600000000003,42.7800000000002,0.14408447220997622,25.862000000000002,-42.7800000000002,6.939780613387061,21.44,55.025,43.905,2,67.92825682488291,-5.700000000000001,-8.7,8.622060053918378
481,2022 Villanova,2022,Villanova,Region 2,2,Final Four,3,Jay Wright,2022 Jay Wright,Big East,BE,2022 BE,2022 Villanova,2022 Villanova,19.3,32.0,27.6,18.3,9.6,13.4,38.6,19.9,13.1,6.9,117.95,106.1603,24.1107,77.35,-0.66,2.42,22.84,20.15,17.63,14.41,22.77,25.02,50.89,21.72,11.13,9.96,6.27,23.86,20.37,17.06,20.79,17.91,7.274158928,117.1335795,107.02536038,0.934402186,52.0,52.5,30.5,74.9,84.5,18.8,30.9,28.0,64.2,50.3,51.8,35.9,69.0,7.1,89.1,49.0,50.0,46.0,43.0,63.6,82.3,25.5,83.3,5.8,15.700000000000003,5.7,57.9,34.3,42.9,30.2,34.6,19.4,61.7,27.6,35.9,46.3,69.2,42.2,-0.5,-65.7,-41.1,-44.400000000000006,0.5,65.7,41.1,44.400000000000006,24.691099999999995,23.334099999999996,16.621699999999997,22.89867172275865,13.8507,46.2316,29.2024,23.83881638560662,0.8660720070840803,30.6,40.099999999999994,0.8506907419255467,27.6,64.1,0.020000000000010232,0.030000000000015348,0.009999999999990905,22.84,95.82385584539998,-4.399999999999999,43.94,9.87,83.29559410920942,0.6034408443245772,77.34337598039616,3.2255983484936457,-0.4197600000000001,-0.4197600000000001,600.2,0.07968485202186283,44.286,-600.2,12.547528517110266,23.232,52.68,42.535000000000004,1,69.80050001866918,-5.200000000000001,-2.6999999999999993,8.610451737120776
482,2022 Tennessee,2022,Tennessee,Region 2,3,Second Round,1,Rick Barnes,2022 Rick Barnes,SEC,SEC,2022 SEC,2022 Tennessee,2022 Tennessee,14.5,30.7,34.1,14.8,19.0,10.2,36.9,24.7,11.7,13.0,111.439,113.8013,25.2399,76.75,1.14,1.39,33.54,16.73,18.39,18.46,23.51,22.86,41.63,27.74,16.43,8.8,5.32,25.02,21.6,21.88,17.87,13.56,7.946324864,110.0858716,113.06847368,0.937941466,50.3,53.8,29.6,68.4,82.0,22.9,32.8,27.4,68.7,48.0,54.2,35.8,68.8,13.2,92.2,62.3,48.7,40.7,39.4,68.3,71.2,29.400000000000006,91.9,6.8,14.299999999999997,5.4,60.3,32.6,45.1,34.2,34.3,27.1,65.4,26.6,36.0,40.2,68.7,39.2,-3.5,-59.1,-39.800000000000004,-38.800000000000004,3.5,59.1,39.800000000000004,38.800000000000004,25.907,23.7673,14.472000000000001,26.942082943479583,16.1964,44.326800000000006,26.930400000000006,24.998583293192173,0.9800751225093902,22.9,39.4,1.0101783117777607,26.6,60.4,0.04999999999999716,0.07999999999998408,0.06999999999999318,33.54,96.99351534179867,0.29999999999999716,41.245999999999995,12.320199999999998,79.35667669815821,0.8080310242409307,77.00922386865223,2.7054052552635963,0.77862,0.77862,96.55999999999949,0.14316547542868296,20.572,-96.55999999999949,6.984319369744717,26.409999999999997,51.620000000000005,42.98499999999999,0,67.36985771860263,-3.1000000000000014,-6.0,7.2923328438880395
483,2022 Illinois,2022,Illinois,Region 2,4,Second Round,1,Brad Underwood,2022 Brad Underwood,Big 10,B10,2022 B10,2022 Illinois,2022 Illinois,15.5,32.9,21.3,14.2,8.4,10.7,39.4,14.2,10.3,7.7,113.725,105.862,19.5866,77.3,1.65,2.27,28.56,29.16,16.78,12.44,16.82,24.81,40.84,29.36,15.73,7.71,6.35,32.49,21.79,20.15,12.23,13.33,4.143022785,113.5834135,106.86508601,0.907427043,53.1,53.7,31.7,71.6,82.3,15.6,33.4,25.8,68.2,51.7,54.5,36.7,67.8,7.1,91.4,57.7,58.3,42.7,29.6,68.2,70.8,27.900000000000006,85.3,9.2,15.400000000000006,4.7,63.8,33.7,40.6,27.4,33.8,23.6,63.8,42.9,35.9,42.6,68.1,29.6,-0.6000000000000014,-66.7,-40.8,-39.89999999999999,0.6000000000000014,66.7,40.8,39.89999999999999,29.3482,23.2702,15.293399999999998,24.558908770545976,11.848200000000002,47.5278,20.1576,24.269099008135147,1.0070186145865123,26.4,42.900000000000006,1.0844228235532583,42.9,67.9,-0.009999999999990905,0.010000000000005116,0.009999999999990905,28.56,93.20522112206733,0.20000000000000284,43.701299999999996,8.3772,81.60031306995515,0.6836411890854374,76.71357950678436,3.293599231681825,1.1253,1.1253,246.71999999999935,0.07767967527707573,32.234,-246.71999999999935,12.871426559639488,19.068,53.25,41.28,0,69.01471481421589,-3.8999999999999986,-0.7000000000000002,8.242657963594457
484,2022 Houston,2022,Houston,Region 2,5,Elite Eight,2,Kelvin Sampson,2022 Kelvin Sampson,American,Amer,2022 Amer,2022 Houston,2022 Houston,17.8,30.3,31.9,21.2,17.9,10.9,37.3,23.3,13.5,9.8,117.348,109.1492,26.4976,77.41,0.64,2.25,26.52,23.95,18.49,16.19,21.29,20.03,37.04,32.55,16.4,8.78,5.15,21.7,24.15,17.75,23.15,13.19,6.155865983,117.1222665,111.12089234,0.959818014,53.6,56.5,28.7,64.9,82.9,21.7,37.8,27.3,65.5,55.1,56.5,34.1,71.0,17.3,93.6,59.5,44.6,39.1,42.9,65.1,66.9,29.5,93.0,10.2,14.5,6.6,68.6,32.7,45.2,29.3,38.4,28.4,68.5,28.1,33.8,38.9,71.2,42.7,-2.8999999999999986,-61.2,-34.900000000000006,-36.2,2.8999999999999986,61.2,34.900000000000006,36.2,31.9182,24.0538,13.1482,27.726942372597332,14.200600000000001,49.65090000000001,30.402400000000004,26.298859290851382,1.1027994138968154,21.6,42.900000000000006,0.8407297252991732,28.1,64.1,0.05000000000001137,0.07999999999998408,0.060000000000002274,26.52,97.08181563296628,-2.9000000000000057,44.434400000000004,12.2605,81.09888096434275,0.7598881240341758,75.67034270515404,2.6080346178586056,0.41663999999999995,0.41663999999999995,5.480000000000018,0.1848270851807139,47.699999999999996,-5.480000000000018,5.410091902202184,40.275,54.03000000000001,43.22,1,67.82594059542795,-7.699999999999999,-8.099999999999998,8.251056800628858
485,2022 Colorado St.,2022,Colorado St.,Region 2,6,First Round,1,Niko Medved,2022 Niko Medved,Mountain West,MWC,2022 MWC,2022 Colorado St.,2022 Colorado St.,16.2,36.4,20.5,15.7,10.9,12.4,41.2,17.9,14.2,3.6,114.159,101.6971,15.8566,76.11,-0.85,2.01,31.7,17.67,27.87,17.73,14.73,21.95,36.23,31.12,10.54,14.96,7.08,22.43,26.65,14.51,22.27,14.08,4.297341772,112.4763869,101.29287941,0.817834072,55.2,50.1,30.4,75.0,84.9,18.4,21.9,24.9,65.8,56.3,49.5,35.7,67.3,9.8,91.6,53.5,49.6,39.0,44.3,66.4,77.4,29.099999999999994,87.9,5.8,11.299999999999997,5.6,65.4,32.4,36.1,27.7,44.4,28.0,61.6,28.4,35.6,39.6,67.3,43.9,5.100000000000001,-66.5,-53.2,-44.6,-5.100000000000001,66.5,53.2,44.6,26.287799999999997,26.529600000000002,14.097600000000002,23.345716951937888,10.6325,47.0391,29.5447,25.718524452230923,0.9646221055023863,22.0,38.199999999999996,0.7585248627593905,28.4,66.7,0.04999999999998295,0.07000000000000739,0.060000000000002274,31.7,94.89868644366963,-1.5999999999999943,46.86480000000001,9.2184,74.97710517056429,0.6556292202301442,76.01608928407548,3.284550692007153,-0.5644,-0.5644,170.4600000000005,0.10698573159681664,31.556999999999995,-170.4600000000005,9.34598510356086,21.909,52.24500000000001,40.870000000000005,2,71.41517550601225,-1.5,-7.300000000000001,8.725283461539595
486,2022 Ohio St.,2022,Ohio St.,Region 2,7,Second Round,1,Chris Holtmann,2022 Chris Holtmann,Big 10,B10,2022 B10,2022 Ohio St.,2022 Ohio St.,16.5,36.9,17.5,18.1,8.9,13.2,41.3,13.9,16.7,3.6,116.627,99.196,15.8224,77.25,-0.22,1.86,34.71,20.35,29.56,15.52,21.07,13.49,37.6,33.71,11.14,8.09,9.46,28.93,27.35,17.05,12.86,13.78,1.317049644,116.2855688,100.53091582,0.857700861,54.8,52.1,33.5,70.8,83.3,15.3,28.8,28.6,65.4,54.0,53.8,37.3,66.0,12.5,92.2,49.0,52.6,39.7,35.3,66.2,76.0,26.599999999999994,92.3,6.2,16.700000000000003,6.5,66.7,24.7,44.1,33.5,45.3,35.8,65.1,30.5,36.5,39.5,66.2,36.0,2.6999999999999957,-68.0,-42.599999999999994,-37.3,-2.6999999999999957,68.0,42.599999999999994,37.3,22.1975,30.6349,14.4175,24.875422944478085,15.859000000000002,43.6875,23.832000000000004,23.22748013309522,0.7822586769955191,14.200000000000003,30.9,1.1110802477708954,30.5,60.0,0.010000000000005116,0.0,0.030000000000001137,34.71,93.77281203110104,-1.7999999999999972,45.648399999999995,7.9713,81.08498440229718,0.5785055666402994,78.75639557846274,3.1495120052691448,-0.14564,-0.14564,662.7200000000005,0.13557336688322252,33.666000000000004,-662.7200000000005,7.375409967202624,16.554000000000002,53.53,41.005,2,70.76108505324432,-1.4000000000000021,-5.300000000000001,9.257109590007762
487,2022 Seton Hall,2022,Seton Hall,Region 2,8,First Round,1,Kevin Willard,2022 Kevin Willard,Big East,BE,2022 BE,2022 Seton Hall,2022 Seton Hall,9.9,34.5,12.6,4.4,7.8,7.5,39.1,10.1,5.1,5.1,108.487,106.4801,14.967,78.88,2.33,2.56,33.76,13.9,19.47,19.11,24.08,23.43,36.93,30.47,12.07,14.29,6.2,20.7,29.66,17.18,22.79,9.65,1.917938274,106.7742905,106.71490784,0.825368786,47.6,54.6,30.8,72.2,82.5,18.5,32.7,29.1,68.7,46.2,55.2,33.3,69.0,14.1,89.0,39.9,51.8,35.6,34.3,68.6,75.6,22.700000000000003,90.3,7.8,24.700000000000003,6.0,53.4,38.1,51.2,37.6,34.6,26.2,59.8,28.6,33.2,35.7,68.9,33.8,-7.0,-64.0,-38.199999999999996,-41.400000000000006,7.0,64.0,38.199999999999996,41.400000000000006,27.388799999999996,20.9176,11.852400000000003,26.595660673626185,20.7332,40.391000000000005,23.288200000000003,19.056844789558774,1.285678272317302,23.8,45.9,1.2899026656016097,28.6,56.4,0.009999999999990905,0.04000000000000625,0.020000000000010232,33.76,95.91667170068338,0.5999999999999943,39.269999999999996,10.101,87.36262007683833,0.489564545220304,78.15549157645728,2.9598308668076108,1.59838,1.59838,689.5399999999997,0.15842518623386254,11.264000000000001,-689.5399999999997,6.311609105737182,19.968,50.825,43.115,0,66.53440931246031,0.6999999999999993,-2.7,7.68838084880791
488,2022 TCU,2022,TCU,Region 2,9,Second Round,1,Jamie Dixon,2022 Jamie Dixon,Big 12,B12,2022 B12,2022 TCU,2022 TCU,13.2,33.3,18.9,11.4,10.5,8.8,39.7,13.4,7.6,5.8,108.261,106.6475,14.909,77.93,0.62,1.47,33.27,16.39,18.52,22.52,18.6,23.96,42.25,25.41,23.56,5.71,3.05,20.41,21.68,20.91,20.31,16.68,2.917712883,107.3745488,107.13247347,0.841471157,48.9,52.3,31.2,73.3,78.4,18.4,37.8,26.1,67.2,50.5,52.1,30.3,68.5,11.4,91.4,53.9,45.8,32.0,34.6,66.9,66.8,28.799999999999997,86.8,6.8,11.200000000000003,7.1,61.2,39.4,41.1,36.2,35.4,28.9,65.7,28.9,30.2,31.7,69.1,34.9,-3.3999999999999986,-60.00000000000001,-36.1,-42.099999999999994,3.3999999999999986,60.00000000000001,36.1,42.099999999999994,30.015200000000004,19.804,9.5734,26.068115901742242,15.6734,43.1032,24.115899999999996,26.797683357583974,1.4573672754802687,21.1,46.199999999999996,1.2406521303114526,28.9,56.699999999999996,0.009999999999990905,0.020000000000010232,0.009999999999990905,33.27,96.86892670159257,-1.0999999999999943,38.3376,9.623199999999999,81.9005021656153,0.6605311209421453,76.02402006299279,2.1202722096199254,0.41478000000000004,0.41478000000000004,-26.879999999999654,0.12472511241671315,16.758,26.879999999999654,8.016840628015087,15.435,51.400000000000006,41.735,1,67.1971738883146,-3.8000000000000007,-4.7,7.6511976258456516
489,2022 Loyola Chicago,2022,Loyola Chicago,Region 2,10,First Round,1,Drew Valentine,2022 Drew Valentine,Missouri Valley,MVC,2022 MVC,2022 Loyola Chicago,2022 Loyola Chicago,12.3,34.2,20.0,10.5,12.1,7.7,39.7,14.3,7.2,7.0,110.891,106.804,17.6948,76.76,-0.46,2.54,32.46,22.41,21.29,16.93,21.12,18.18,38.65,18.18,22.3,12.66,8.1,21.54,19.32,23.72,20.14,15.22,1.756642047,109.0679102,106.0945611,0.848302351,56.3,53.0,31.9,71.6,81.6,19.9,25.1,23.9,65.6,55.8,53.1,38.0,68.5,7.3,88.9,56.8,58.1,43.1,38.1,65.6,71.8,26.700000000000003,88.9,6.4,4.900000000000006,3.8,61.5,41.3,43.0,32.6,37.2,15.3,63.6,29.4,37.6,43.4,69.1,38.0,3.299999999999997,-61.699999999999996,-51.0,-39.699999999999996,-3.299999999999997,61.699999999999996,51.0,39.699999999999996,31.089100000000002,22.01,16.3184,24.524137769416754,14.204199999999998,44.956399999999995,26.257999999999996,29.090032657252202,1.0990530172115849,34.7,47.699999999999996,0.9578695297492171,29.4,63.6,0.06999999999999318,0.11000000000001364,0.060000000000002274,32.46,97.68359545847449,-2.4000000000000057,45.940799999999996,10.546999999999999,76.90201363086665,0.7091047552465013,75.46510652242105,3.157437095810009,-0.30176,-0.30176,378.6999999999996,0.08211381199311593,26.67,-378.6999999999996,12.17641418983701,30.733999999999998,52.725,41.69500000000001,2,69.65778414213061,-3.3,-5.1,7.882566359252843
490,2022 Michigan,2022,Michigan,Region 2,11,Sweet 16,2,Juwan Howard,2022 Juwan Howard,Big 10,B10,2022 B10,2022 Michigan,2022 Michigan,14.4,35.6,11.5,10.3,7.3,11.8,39.5,11.2,12.1,4.6,114.207,101.4412,15.6481,78.23,2.87,1.4,23.08,28.92,17.01,16.81,17.8,19.43,36.61,25.34,14.88,15.09,8.05,29.66,19.84,16.36,19.49,14.61,0.152825677,113.884808,103.31913796,0.867998662,52.3,49.7,28.9,73.4,82.9,15.0,31.2,23.8,67.5,53.0,49.2,34.0,67.0,8.1,91.6,52.4,58.4,32.3,33.9,67.2,74.6,27.099999999999994,88.5,7.2,14.099999999999994,6.5,64.5,33.7,36.1,29.4,41.2,34.2,60.7,35.7,33.9,32.1,67.6,34.8,2.5999999999999943,-67.9,-45.0,-44.50000000000001,-2.5999999999999943,67.9,45.0,44.50000000000001,28.1085,24.972300000000004,10.8819,24.709967624422337,11.529899999999998,45.1947,23.524799999999995,24.43158815959372,1.2741036104794246,15.799999999999997,40.900000000000006,1.0315795523117153,35.7,64.1,0.030000000000001137,0.030000000000001137,0.04000000000000625,23.08,94.90472473756324,-0.7999999999999972,43.356700000000004,7.455,80.85211574859345,0.616463335725462,75.41359383492028,3.415004970469564,1.9286400000000001,1.9286400000000001,166.79999999999995,0.08842698223818517,14.42,-166.79999999999995,11.30724601901,10.219999999999999,52.220000000000006,39.400000000000006,0,69.76855068509752,1.799999999999999,-2.7,8.758332331120577
491,2022 UAB,2022,UAB,Region 2,12,First Round,1,Andy Kennedy,2022 Andy Kennedy,Conference USA,CUSA,2022 CUSA,2022 UAB,2022 UAB,13.7,35.1,17.0,11.1,5.6,8.9,40.3,13.5,8.6,4.2,112.489,101.544,14.0333,76.64,0.43,2.19,30.22,13.25,18.01,19.41,18.99,30.3,41.37,31.17,16.99,8.53,1.86,28.83,22.75,19.62,16.24,12.49,-0.108106059,111.1026937,101.93381563,0.807732284,52.9,52.1,29.5,68.5,83.7,21.4,33.4,27.4,70.1,50.6,52.5,38.3,67.6,11.4,91.3,44.2,54.1,32.7,37.1,69.9,73.9,28.900000000000006,86.6,8.1,16.400000000000006,5.6,64.5,34.3,37.0,32.9,36.5,33.0,68.8,30.1,38.0,32.7,67.1,37.0,0.7999999999999972,-62.300000000000004,-39.2,-39.0,-0.7999999999999972,62.300000000000004,39.2,39.0,29.138099999999998,24.471000000000004,12.426000000000002,23.890165340574768,13.0914,45.535799999999995,24.826999999999998,25.266496261518594,1.2965964343598055,17.0,42.4,1.0405124185832817,30.1,61.5,0.04000000000000625,0.0800000000000125,0.07000000000000739,30.22,93.73540743543525,1.9000000000000057,44.277300000000004,11.1494,86.60199722469889,0.5623338125469142,77.63828468829456,3.3188147966382435,0.30057,0.30057,200.39999999999986,0.1248617211202506,24.308999999999997,-200.39999999999986,8.008069467590563,12.264,53.19,41.94500000000001,1,70.24558649854097,-2.5,-1.3999999999999995,8.577748781328475
492,2022 Chattanooga,2022,Chattanooga,Region 2,13,First Round,1,Lamont Paris,2022 Lamont Paris,Southern,SC,2022 SC,2022 Chattanooga,2022 Chattanooga,14.0,35.3,19.1,12.2,4.8,11.3,40.4,15.4,12.1,3.3,110.028,101.244,11.2724,77.02,-0.59,2.23,26.22,24.39,14.35,12.27,27.1,21.84,35.01,23.66,12.26,19.6,9.4,32.05,18.07,15.46,22.35,12.0,0.201028042,108.3789634,101.50146583,0.750131154,52.8,50.4,27.0,72.7,83.0,18.0,32.7,26.3,65.5,53.9,47.9,34.1,69.4,6.5,90.0,46.6,55.4,39.3,40.4,65.6,76.6,30.400000000000006,78.7,4.0,16.400000000000006,5.6,59.1,38.0,39.5,35.8,43.0,23.3,60.5,23.9,33.9,38.7,69.7,40.3,2.3999999999999986,-65.0,-41.0,-45.7,-2.3999999999999986,65.0,41.0,45.7,25.606,23.1383,13.1193,19.669667850101927,15.059399999999998,42.54859999999999,28.0891,23.729359451953183,1.0852432753675616,26.7,42.0,1.027269794794174,23.9,58.6,0.04999999999998295,0.06999999999999318,0.06999999999999318,26.22,93.58239530665841,-2.4000000000000057,43.824,9.072,82.5762721307983,0.568285752612773,76.1482411577549,3.258631845185577,-0.38703999999999994,-0.38703999999999994,-141.88000000000056,0.07222141976200264,27.206,141.88000000000056,13.844023996308259,10.703999999999999,52.46,40.825,0,73.18223635198028,-0.09999999999999964,-1.5,8.36749962961134
493,2022 Longwood,2022,Longwood,Region 2,14,First Round,1,Griff Aldrich,2022 Griff Aldrich,Big South,BSth,2022 BSth,2022 Longwood,2022 Longwood,10.3,39.4,9.4,6.7,3.2,8.5,42.3,10.7,9.0,1.6,106.108,96.376,2.48399,75.56,-1.48,2.06,35.15,22.18,14.11,24.43,17.05,22.17,33.3,23.82,15.21,16.63,10.98,23.48,16.71,24.77,14.3,20.69,-3.260001321,104.7432226,96.518402,0.534783136,51.1,48.7,35.7,71.6,81.4,20.5,33.1,25.6,67.5,47.6,46.1,37.9,68.0,6.2,88.3,53.7,49.4,38.0,43.7,67.3,72.3,25.799999999999997,90.7,4.2,8.299999999999997,4.0,56.2,37.4,36.4,33.5,35.6,25.3,60.3,22.9,38.4,37.3,67.9,43.6,2.3999999999999986,-60.900000000000006,-41.3,-35.89999999999999,-2.3999999999999986,60.900000000000006,41.3,35.89999999999999,24.828200000000002,23.33,14.3232,25.348553541901886,12.526,43.4131,29.604400000000005,26.874693796705234,1.1152516018337313,24.7,41.6,0.8600720166968647,22.9,62.5,0.060000000000002274,0.060000000000002274,0.05000000000001137,35.15,95.74323832003716,-0.7000000000000028,41.595400000000005,9.9835,84.24339740239586,0.675463201720733,75.86068635810241,2.655771195097038,-0.99604,-0.99604,733.8300000000004,0.07021438035809334,13.802000000000001,-733.8300000000004,14.239638767940653,6.5920000000000005,52.765000000000015,40.465,1,68.54024946136418,2.3,-1.6,8.509680732954958
494,2022 Delaware,2022,Delaware,Region 2,15,First Round,1,Martin Ingelsby,2022 Martin Ingelsby,CAA,CAA,2022 CAA,2022 Delaware,2022 Delaware,10.9,38.7,8.1,6.9,4.6,6.6,44.1,6.8,5.9,0.3,106.849,95.434,2.283,77.16,0.49,2.08,24.31,21.38,21.68,16.64,18.45,21.81,40.92,26.72,7.18,8.06,17.05,23.99,25.57,15.76,15.49,19.14,-5.453932204,106.8377073,96.7786969,0.597728697,53.5,50.7,34.6,70.7,81.6,18.5,26.8,31.2,67.7,54.2,52.5,35.0,65.1,9.9,92.0,48.1,55.0,38.2,35.6,67.6,74.2,24.299999999999997,89.4,9.0,20.0,4.7,62.0,39.2,46.9,38.6,41.2,22.6,60.6,25.4,34.5,38.2,64.6,36.0,2.799999999999997,-63.099999999999994,-42.0,-36.1,-2.799999999999997,63.099999999999994,42.0,36.1,32.35,22.4902,13.179,24.701197676765933,19.043400000000002,38.6484,23.256,20.162072479451776,1.2617470746839088,27.4,48.2,1.2027443682119943,25.4,56.699999999999996,0.03999999999999204,0.07000000000000739,0.04999999999999716,24.31,97.67112258802658,-0.4000000000000057,43.656,9.3795,79.23681724665781,0.5901768076465319,80.50291687355393,2.9889679908700604,0.33124,0.33124,849.3100000000004,0.10760752600515211,14.352000000000002,-849.3100000000004,9.291990708009292,9.568,52.349999999999994,41.75,1,69.68329989114275,-1.0,-4.3,8.69599727563263
495,2022 Bryant,2022,Bryant,Region 2,16,First Round,1,Jared Grasso,2022 Jared Grasso,NEC,NEC,2022 NEC,2022 Bryant,2022 Bryant,11.5,38.5,5.7,7.8,1.5,10.5,42.3,10.6,11.0,2.2,104.211,94.838,-0.950484,76.94,-1.26,2.51,26.93,17.14,19.97,24.35,19.16,19.38,36.4,13.41,10.79,19.47,19.9,24.31,18.44,19.7,19.84,17.69,-4.791933626,102.7022018,95.799328,0.458451589,49.7,52.6,32.7,75.6,80.9,16.5,33.0,31.6,72.2,52.6,53.0,30.7,67.9,9.6,87.3,50.6,45.9,43.7,33.5,73.1,73.4,32.0,84.7,7.8,12.700000000000003,5.2,61.0,39.4,48.5,37.4,34.2,17.3,58.7,29.0,30.3,43.4,67.5,33.6,-2.8999999999999986,-64.4,-35.400000000000006,-42.89999999999999,2.8999999999999986,64.4,35.400000000000006,42.89999999999999,30.640600000000003,19.0668,13.1502,25.408725535400894,18.7994,39.703,22.68,24.054036390316423,1.0875325453330569,32.7,47.199999999999996,1.2678194101366032,29.0,57.4,0.0,0.030000000000001137,0.01999999999999602,26.93,97.34514595504763,5.099999999999994,40.207300000000004,8.679,80.77101071814903,0.6059807666974047,79.1349132667716,2.4030155489241407,-0.92106,-0.92106,-19.019999999999527,0.10996437612398482,19.578,19.019999999999527,9.092802833038226,3.7649999999999997,51.61000000000001,42.825,1,67.40788226112598,3.2,0.7000000000000002,8.488201056527378
496,2022 Gonzaga,2022,Gonzaga,Region 1,1,Sweet 16,2,Mark Few,2022 Mark Few,WCC,WCC,2022 WCC,2022 Gonzaga,2022 Gonzaga,19.7,30.5,32.1,26.0,19.1,12.2,38.6,21.6,14.8,6.7,121.805,111.164,32.9688,78.74,2.14,1.57,25.72,25.48,23.44,17.9,16.97,16.21,32.81,34.66,22.42,6.38,3.72,35.53,23.43,18.07,12.0,10.97,6.708078326,120.8799945,111.51897156,0.973093605,59.4,56.8,29.7,77.8,84.1,17.0,29.0,23.0,73.8,60.9,58.4,37.9,69.3,13.4,93.4,55.0,59.4,35.4,33.9,73.8,73.1,30.5,96.6,9.0,11.5,3.8,70.4,41.0,50.5,34.5,42.9,23.7,66.5,32.2,37.0,35.3,69.5,33.3,2.6000000000000014,-67.1,-48.0,-48.099999999999994,-2.6000000000000014,67.1,48.0,48.099999999999994,37.558,23.228299999999997,13.061,27.4300777736168,17.8595,44.5565,23.1435,26.670833007863354,1.4163904705249146,26.3,50.0,1.1501156121437797,32.2,61.7,0.0,0.010000000000005116,0.0,25.72,95.8221117774646,5.799999999999997,49.9554,9.656,78.09528068239256,0.6626426187636293,74.93370721027559,3.7356141123199786,1.57932,1.57932,-201.83000000000038,0.14346741469577412,40.82,201.83000000000038,6.969629132154317,29.987000000000002,55.03999999999999,43.24,2,69.2336423286064,-11.2,-12.400000000000002,8.457135789142265
497,2022 Duke,2022,Duke,Region 1,2,Final Four,3,Mike Krzyzewski,2022 Mike Krzyzewski,ACC,ACC,2022 ACC,2022 Duke,2022 Duke,18.8,33.3,26.2,25.5,13.0,12.5,39.4,22.5,17.6,4.9,119.363,104.3492,23.7124,78.36,1.98,0.96,23.2,24.43,20.22,20.69,19.15,15.5,39.53,24.09,15.08,14.44,6.86,30.39,22.46,19.59,16.05,11.51,7.181977452,120.4342891,105.61908618,0.942854013,55.6,53.0,28.6,81.1,85.1,16.1,31.9,28.5,68.3,55.8,53.1,36.8,68.6,13.1,91.9,56.6,48.2,36.6,33.8,68.7,72.9,32.8,89.7,13.4,13.799999999999997,7.5,66.7,38.7,44.6,36.5,39.8,25.6,64.1,29.9,36.6,35.7,68.0,33.6,2.6000000000000014,-69.0,-39.6,-52.49999999999999,-2.6000000000000014,69.0,39.6,52.49999999999999,37.8327,23.255000000000003,13.066200000000002,24.96410756799984,17.314,42.0139,22.848000000000003,24.764541182909085,1.4593428755497044,24.4,52.1,1.3094848367608107,29.9,56.0,0.009999999999990905,0.0,0.0,23.2,96.79368279797522,0.7000000000000028,47.3156,8.533,80.36049017817366,0.6746045935090165,77.59554118434986,3.2346822360915364,1.36026,1.36026,-575.1399999999994,0.142544694834659,24.48,575.1399999999994,7.01473169987024,12.48,54.185,43.09,2,69.98247426351493,-7.899999999999999,-8.1,8.938693936379615
498,2022 Texas Tech,2022,Texas Tech,Region 1,3,Sweet 16,2,Mark Adams,2022 Mark Adams,Big 12,B12,2022 B12,2022 Texas Tech,2022 Texas Tech,13.9,31.7,27.7,15.4,17.9,8.8,39.5,19.5,11.2,8.3,109.701,114.9405,24.641,78.32,0.12,2.48,36.37,25.47,19.26,20.83,20.68,13.76,28.4,36.25,12.32,13.45,9.58,21.79,24.87,17.79,18.81,16.74,6.565409448,109.0882253,114.49492929,0.942739811,52.4,54.5,36.1,67.9,79.7,23.6,33.3,26.1,67.5,55.1,55.7,31.4,68.7,11.9,92.8,52.3,46.2,34.4,45.6,67.4,69.9,31.700000000000003,92.4,9.7,17.0,4.9,66.1,40.0,46.2,25.9,37.6,26.0,64.0,28.6,32.1,34.1,68.5,45.4,-2.1000000000000014,-56.1,-40.6,-31.800000000000004,2.1000000000000014,56.1,40.6,31.800000000000004,35.4028,20.7221,10.946100000000001,27.882670842896907,12.7988,49.403000000000006,31.099,23.359990724884003,1.4574352658279817,24.0,49.7,0.6783991542036519,28.6,69.2,-1.4210854715202004e-14,0.0,1.4210854715202004e-14,36.37,95.80007738166523,-0.5999999999999943,41.7628,12.862,80.0218297238599,0.6845460137956308,75.99550579888383,2.2757499630560076,0.08088000000000001,0.08088000000000001,370.96000000000004,0.12823137681706015,38.192,-370.96000000000004,7.797664061843543,44.391999999999996,52.96,43.105000000000004,0,67.17124013811683,-4.200000000000001,-9.599999999999998,7.0440724194481525
499,2022 Arkansas,2022,Arkansas,Region 1,4,Elite Eight,2,Eric Musselman,2022 Eric Musselman,SEC,SEC,2022 SEC,2022 Arkansas,2022 Arkansas,13.5,31.0,20.9,9.8,13.8,8.4,37.6,16.0,8.1,10.3,111.072,107.9489,19.0214,76.76,-0.29,2.32,22.68,17.81,17.49,18.36,19.54,26.78,28.22,21.67,28.26,15.55,6.28,37.88,17.03,15.44,15.83,13.79,4.459627623,109.3644272,108.03556663,0.880035176,49.2,52.5,37.9,67.7,82.6,20.6,30.9,25.8,72.0,50.9,53.6,30.7,67.2,11.9,91.3,52.9,45.6,34.3,39.2,71.7,75.3,26.799999999999997,87.2,8.0,8.099999999999994,5.6,62.5,36.5,38.9,31.8,34.9,29.3,68.8,29.4,30.4,34.2,67.5,38.8,-3.299999999999997,-61.99999999999999,-43.3,-29.800000000000004,3.299999999999997,61.99999999999999,43.3,29.800000000000004,29.7885,20.622500000000002,10.3968,26.43236652288251,12.8238,46.417199999999994,26.19,28.68674200160532,1.301131545861232,20.7,44.5,0.9638926831782687,29.4,62.6,0.020000000000010232,0.01999999999999602,0.030000000000001137,22.68,96.12812319410857,3.700000000000003,40.6392,10.815000000000001,79.63615678334297,0.6662384604727899,76.22394541597501,2.620539049479914,-0.20793,-0.20793,1039.51,0.13033811239745458,22.736,-1039.51,7.67162423325771,32.016,52.195,41.464999999999996,0,67.03510008482955,-1.700000000000001,-3.5,7.789217498117182
500,2022 Connecticut,2022,Connecticut,Region 1,5,First Round,1,Dan Hurley,2022 Dan Hurley,Big East,BE,2022 BE,2022 Connecticut,2022 Connecticut,15.8,31.7,25.5,14.4,9.5,11.0,39.3,17.4,11.5,5.8,113.924,105.4037,19.3281,78.16,1.02,2.15,27.58,20.28,19.62,20.07,15.91,24.11,24.76,32.67,23.31,12.37,6.87,16.04,20.33,26.1,23.92,13.59,3.069599107,112.60496,105.20559267,0.878682925,49.6,54.3,30.6,68.1,82.6,18.0,38.0,27.5,67.0,47.8,57.2,35.3,65.5,16.7,91.7,52.2,55.8,34.2,32.6,66.2,75.0,32.0,85.6,7.3,15.5,5.6,57.2,35.0,48.2,39.0,37.3,30.5,69.9,28.4,35.2,34.5,64.7,32.6,-4.699999999999996,-64.6,-34.5,-37.49999999999999,4.699999999999996,64.6,34.5,37.49999999999999,26.2688,23.5205,12.144,23.38808457313253,19.666,40.9438,21.092200000000002,24.527994210697297,1.2260514187994551,19.5,42.3,1.3680561945952578,28.4,55.4,0.009999999999990905,0.01999999999998181,0.01999999999999602,27.58,97.09105345528661,-1.7999999999999972,40.9696,9.774,86.2277005254722,0.636577602712162,78.21572706062427,3.20671225791621,0.6752400000000001,0.6752400000000001,115.80000000000018,0.18211360835759696,30.96,-115.80000000000018,5.490689180288605,20.425,52.68000000000001,41.934999999999995,1,69.71007983526536,-2.9000000000000004,-3.7,8.30824669108683
501,2022 Alabama,2022,Alabama,Region 1,6,First Round,1,Nate Oats,2022 Nate Oats,SEC,SEC,2022 SEC,2022 Alabama,2022 Alabama,15.0,36.7,15.9,15.1,5.2,10.6,41.2,13.9,12.9,6.2,116.098,101.2642,17.3625,77.12,0.0,1.65,29.69,19.08,17.2,18.81,21.48,23.43,33.05,28.0,19.71,13.3,5.93,19.74,20.67,22.51,21.34,15.74,1.952762638,115.8732822,101.91710585,0.871788826,51.5,50.6,33.6,64.8,80.2,17.7,35.5,30.7,73.3,56.3,50.7,30.8,66.9,11.9,88.5,52.9,53.8,48.0,35.9,72.8,73.0,28.799999999999997,91.5,10.8,13.299999999999997,7.5,64.3,37.8,40.8,36.8,33.9,14.5,64.1,27.5,30.9,47.6,66.2,35.7,0.8999999999999986,-62.5,-33.8,-31.199999999999996,-0.8999999999999986,62.5,33.8,31.199999999999996,34.1874,19.6239,14.7084,28.546278216257893,16.011899999999997,41.2609,23.6334,24.711265986724893,1.020986954055587,35.5,48.599999999999994,1.2408616005153916,27.5,55.7,0.0,0.010000000000019327,0.0,29.69,97.54756243708428,4.799999999999997,41.303000000000004,8.956199999999999,80.07250994550184,0.6427625423749407,79.58506992537531,2.717034493207414,0.0,0.0,586.5600000000004,0.1344617574942656,24.915,-586.5600000000004,7.436349886564154,8.58,52.790000000000006,40.525000000000006,2,65.8934211187851,-2.1999999999999993,1.0,8.96474800820025
502,2022 Michigan St.,2022,Michigan St.,Region 1,7,Second Round,1,Tom Izzo,2022 Tom Izzo,Big 10,B10,2022 B10,2022 Michigan St.,2022 Michigan St.,11.0,36.3,14.3,13.1,8.7,7.3,42.3,10.5,8.1,2.4,111.275,103.5968,14.8717,78.59,1.43,1.79,35.09,24.5,20.41,20.38,15.23,19.43,34.81,30.91,13.58,15.27,5.36,33.1,24.75,15.4,15.68,11.01,2.875369041,110.8744585,104.54413938,0.84837958,52.0,52.5,30.4,71.7,80.8,15.3,30.7,27.0,68.1,49.7,52.1,37.8,68.8,13.4,91.3,60.7,48.3,33.4,37.8,68.7,74.7,29.099999999999994,84.9,6.8,8.900000000000006,5.9,62.0,30.3,41.4,33.5,39.2,36.0,63.3,28.9,37.8,33.7,68.4,37.6,-0.5,-65.5,-42.3,-41.300000000000004,0.5,65.5,42.3,41.300000000000004,24.5592,26.8506,12.738599999999998,22.246254366372185,14.394099999999998,44.012100000000004,25.718400000000003,27.065476164294616,1.1008575413192487,14.0,37.1,1.0478444722214835,28.9,60.6,0.05000000000001137,0.07000000000000739,0.05999999999998806,35.09,96.69697865583645,0.7000000000000028,42.016,8.0325,79.61457487354949,0.7166385284707382,76.72014489515702,2.515493984688297,0.98241,0.98241,184.4100000000003,0.14676728622906648,23.448999999999998,-184.4100000000003,6.8129244086262215,15.572999999999999,51.7,40.980000000000004,1,71.56019786622787,-5.0,-6.299999999999999,8.241058207799778
503,2022 Boise St.,2022,Boise St.,Region 1,8,First Round,1,Leon Rose,2022 Leon Rose,Mountain West,MWC,2022 MWC,2022 Boise St.,2022 Boise St.,13.5,31.3,21.9,7.8,12.0,10.6,38.5,16.6,8.8,7.8,108.443,107.9694,16.412,78.47,0.54,2.41,27.0,16.27,19.07,23.85,19.42,21.37,42.22,18.95,19.07,13.11,6.6,25.4,15.7,20.53,20.47,17.88,3.494219712,106.8534182,108.14548185,0.850610541,51.1,51.8,35.2,74.2,81.5,20.1,30.6,21.9,64.9,51.1,52.0,34.1,67.6,9.8,91.1,46.8,56.7,38.6,33.2,65.7,65.0,27.900000000000006,91.2,5.0,13.400000000000006,5.6,63.8,33.9,40.0,31.3,34.3,27.5,62.5,35.8,34.0,38.6,67.4,32.9,-0.6999999999999957,-61.4,-47.5,-39.0,0.6999999999999957,61.4,47.5,39.0,26.188199999999995,22.5565,13.124,27.41439706918003,13.2704,44.5496,22.1746,24.690399618745204,1.0077459133183078,22.5,38.9,1.1215464575544818,35.8,63.1,0.01999999999998181,0.04999999999999716,0.020000000000010232,27.0,97.17982624648764,-2.299999999999997,41.646499999999996,10.4118,82.65870186509319,0.5857248344826722,74.52621272631217,3.064699205448354,0.35478000000000004,0.35478000000000004,217.8199999999997,0.10757291357943383,18.798000000000002,-217.8199999999997,9.294969901030507,28.92,52.215,41.254999999999995,0,67.06599435560564,1.0000000000000009,-4.2,7.543771255825671
504,2022 Memphis,2022,Memphis,Region 1,9,Second Round,1,Penny Hardaway,2022 Penny Hardaway,American,Amer,2022 Amer,2022 Memphis,2022 Memphis,11.6,33.9,20.5,12.1,12.7,8.8,40.2,15.4,10.9,7.8,110.368,105.8521,16.2198,77.79,1.4,1.73,42.03,23.06,23.43,17.27,18.03,18.17,34.65,31.57,14.37,13.34,6.02,27.7,22.65,22.46,15.05,12.08,1.353938077,110.3966331,106.81745302,0.875388922,52.6,53.5,38.4,67.1,77.1,20.9,37.5,31.0,71.4,52.0,54.7,35.9,67.9,16.8,90.9,59.6,43.0,30.8,42.8,71.5,69.2,30.0,89.2,12.6,20.900000000000006,7.8,62.8,40.1,47.7,34.7,37.1,29.4,64.9,22.5,35.5,30.4,68.0,42.8,-0.8999999999999986,-56.199999999999996,-31.5,-28.699999999999996,0.8999999999999986,56.199999999999996,31.5,28.699999999999996,36.422,21.6994,10.792,25.336732228130764,18.182100000000005,43.7065,29.103999999999996,21.58353925255695,1.7334956086970825,20.6,52.7,0.992967454031448,22.5,57.5,0.04000000000000625,0.04999999999999716,0.060000000000002274,42.03,97.0078903763398,3.5,40.55459999999999,11.1815,82.3148374097473,0.7534670863832316,78.21547797367963,1.8776472643116016,1.001,1.001,644.2800000000004,0.18481644866393107,20.933,-644.2800000000004,5.410392238557228,21.971,53.574999999999996,42.89,2,68.90730477417293,-1.1999999999999993,-4.8999999999999995,7.926525061618412
505,2022 Davidson,2022,Davidson,Region 1,10,First Round,1,Bob McKillop,2022 Bob McKillop,Atlantic 10,A10,2022 A10,2022 Davidson,2022 Davidson,20.3,36.0,20.8,23.8,3.2,13.3,41.4,16.0,15.8,0.3,116.781,98.022,14.8028,78.04,1.06,1.89,24.63,23.7,13.31,21.8,18.27,22.88,38.17,31.58,13.11,10.81,6.26,27.6,18.28,22.64,15.76,15.66,2.133081044,115.6733037,98.5593343,0.819046667,55.6,50.6,32.9,72.0,85.2,16.9,23.6,22.2,65.7,54.2,51.6,38.4,66.2,8.4,92.9,55.0,47.7,41.1,43.8,65.7,75.7,26.099999999999994,94.3,5.0,11.099999999999994,5.3,66.9,28.3,43.9,27.0,42.5,30.5,57.8,29.2,38.5,41.1,66.4,43.8,5.0,-68.30000000000001,-54.2,-39.1,-5.0,68.30000000000001,54.2,39.1,23.6477,28.786,15.823500000000001,25.76425171951762,12.4413,45.9608,29.0832,24.30404630234782,0.8101992652246903,19.5,33.3,0.7374260861624164,29.2,67.7,0.04000000000000625,0.06999999999999318,0.05999999999998806,24.63,95.72878588689352,-2.299999999999997,47.3712,8.5514,76.82513487286363,0.6618452244858666,74.74757730143754,3.222755219241944,0.6964200000000002,0.6964200000000002,611.3300000000006,0.09041883295120612,44.982,-611.3300000000006,11.058207356267111,6.048,53.19500000000001,39.705000000000005,3,70.15098582665455,-8.0,-2.9000000000000004,9.413632514817952
506,2022 Notre Dame,2022,Notre Dame,Region 1,11,Second Round,1,Mike Brey,2022 Mike Brey,ACC,ACC,2022 ACC,2022 Notre Dame,2022 Notre Dame,15.5,34.0,15.7,12.2,9.2,10.6,40.3,12.6,10.4,4.2,111.997,101.6368,13.6336,78.09,0.46,1.85,22.9,20.11,23.64,19.46,21.58,15.17,28.74,34.78,10.18,15.75,10.49,29.38,20.95,15.75,19.44,14.42,1.849817231,111.8758957,102.85730412,0.835333074,54.0,50.9,27.7,77.1,84.5,15.0,22.1,24.0,65.9,52.0,50.1,37.8,68.3,4.8,90.9,55.4,55.9,43.1,35.3,66.6,75.9,30.700000000000003,88.9,5.7,8.5,5.4,59.3,36.1,39.8,31.5,39.4,21.6,60.4,33.3,37.9,42.4,68.0,35.2,3.1000000000000014,-69.5,-53.9,-49.39999999999999,-3.1000000000000014,69.5,53.9,49.39999999999999,26.4746,24.58,16.069599999999998,23.77609093185842,12.995999999999999,44.0492,23.936000000000003,26.600297617382655,0.9858258059951418,28.4,41.800000000000004,1.0482656742706173,33.3,63.1,0.04000000000000625,0.060000000000016485,0.060000000000002274,22.9,96.86239422489058,-1.4000000000000057,45.629999999999995,7.635,76.06210135561018,0.6517570381524923,75.41322433543948,3.6062189536158957,0.30635999999999997,0.30635999999999997,-264.53999999999996,0.05280469961826602,22.57,264.53999999999996,18.933555509268903,17.02,51.300000000000004,40.475,2,70.33628111826583,-1.799999999999999,-4.999999999999999,8.519227098579465
507,2022 New Mexico St.,2022,New Mexico St.,Region 1,12,Second Round,1,Chris Jans,2022 Chris Jans,WAC,WAC,2022 WAC,2022 New Mexico St.,2022 New Mexico St.,11.6,35.4,15.1,6.6,5.1,7.6,40.7,11.6,4.8,6.4,107.805,102.2979,10.1026,78.06,0.43,2.03,31.01,17.54,18.31,28.58,18.57,16.96,27.42,30.06,15.95,14.38,12.15,20.34,18.42,25.18,18.65,17.38,0.698460735,106.0485245,102.54106668,0.725389548,52.2,54.5,35.4,72.2,79.3,16.9,33.3,26.2,67.9,54.1,54.2,33.0,70.0,12.9,93.7,54.0,51.8,41.1,42.6,67.3,69.3,25.799999999999997,94.5,7.2,14.900000000000006,4.5,64.0,33.7,47.2,30.5,38.9,25.2,62.6,27.2,33.4,41.1,70.2,42.4,-2.299999999999997,-62.4,-40.5,-36.800000000000004,2.299999999999997,62.4,40.5,36.800000000000004,28.372,23.5302,13.7274,27.91570645114801,15.066500000000001,46.792,29.7648,24.49590101765327,0.995109608038734,24.8,40.900000000000006,0.8254522299002383,27.2,65.0,0.03999999999999204,0.03999999999999204,0.030000000000001137,31.01,95.15721464444273,-0.7000000000000028,41.3946,9.2105,80.66551509602463,0.6498116749497599,76.30086911618105,2.502294575141297,0.28939,0.28939,590.46,0.1376719565426196,13.397999999999998,-590.46,7.26300286799473,10.352999999999998,52.675,42.095,0,67.3945569640939,-1.7999999999999998,1.3000000000000007,8.038236481526194
508,2022 Vermont,2022,Vermont,Region 1,13,First Round,1,John Becker,2022 John Becker,Amerian East,AE,2022 AE,2022 Vermont,2022 Vermont,13.2,35.1,15.9,14.5,6.3,9.8,40.9,13.1,14.2,5.0,110.775,102.2916,13.0669,76.35,-1.38,2.8,32.96,27.07,12.71,13.7,18.06,28.4,29.69,19.81,17.32,19.23,13.89,25.3,23.99,17.54,16.36,16.74,-0.776122956,108.6243397,102.55413774,0.777106479,57.3,52.3,26.6,77.4,85.1,17.1,24.0,18.6,65.1,58.9,54.8,36.8,65.6,7.0,91.1,54.9,56.5,43.1,37.6,65.9,74.7,31.599999999999994,93.3,2.9,8.700000000000003,2.0,67.8,36.8,45.5,32.0,41.9,20.1,64.3,30.3,36.8,43.1,65.6,37.6,5.0,-68.0,-57.4,-50.800000000000004,-5.0,68.0,57.4,50.800000000000004,27.656099999999995,24.2827,15.8608,26.048480441924696,14.734,44.1485,24.665599999999998,26.524124239391327,0.9210923180436648,29.9,39.699999999999996,0.904231270444935,30.3,66.0,0.060000000000002274,0.060000000000002274,0.07000000000000739,32.96,92.63213260162752,-2.0999999999999943,48.762299999999996,8.9433,75.62051049460761,0.6622356787011012,73.13357757067126,3.7916918327629006,-0.9094200000000001,-0.9094200000000001,-458.8199999999995,0.07683779541388129,40.599999999999994,458.8199999999995,13.012426796171974,17.639999999999997,52.98500000000001,40.525,2,69.71088626574297,-0.3000000000000007,-1.2999999999999998,8.32922909379564
509,2022 Montana St.,2022,Montana St.,Region 1,14,First Round,1,Danny Sprinkle,2022 Danny Sprinkle,Big Sky,BSky,2022 BSky,2022 Montana St.,2022 Montana St.,8.5,37.3,4.8,3.8,-0.3,5.0,41.8,5.2,2.3,2.7,104.531,99.277,3.80856,76.74,0.17,1.75,30.81,23.07,15.3,21.01,20.34,20.23,41.47,16.72,24.78,9.12,7.82,30.51,14.95,24.13,16.69,13.63,-2.834535886,102.9999018,99.1635968,0.560730903,54.1,51.4,40.5,63.8,81.5,18.3,26.7,23.3,68.7,53.2,51.8,37.2,67.2,10.4,91.9,47.3,61.2,36.0,35.9,68.0,74.8,24.200000000000003,90.4,8.2,16.299999999999997,4.2,60.9,37.4,41.8,34.9,41.6,26.3,62.2,29.2,37.0,36.2,66.4,35.9,2.700000000000003,-63.2,-50.0,-23.299999999999997,-2.700000000000003,63.2,50.0,23.299999999999997,30.1894,24.3348,13.394,24.26951105124837,15.272799999999998,42.0,23.837600000000002,22.92384130114323,1.2596337117759175,23.7,45.599999999999994,1.089106153031949,29.2,60.9,0.04999999999998295,0.09000000000000341,0.09000000000000341,30.81,97.14067315614322,0.0,44.091499999999996,9.4062,80.2858594374619,0.5789402822486872,75.13138926999817,3.3079293011188584,0.11560000000000001,0.11560000000000001,1485.44,0.11316525391453847,6.6499999999999995,-1485.44,8.835688876069609,-0.525,53.43000000000001,39.365,1,70.31089445873891,-1.5,3.0,8.029120248191946
510,2022 Cal St. Fullerton,2022,Cal St. Fullerton,Region 1,15,First Round,1,Dedrique Taylor,2022 Dedrique Taylor,Big West,BW,2022 BW,2022 Cal St. Fullerton,2022 Cal St. Fullerton,7.7,38.0,4.6,0.2,5.5,7.9,42.1,8.4,5.1,-0.6,104.656,97.447,2.10306,76.43,-0.81,2.35,27.06,17.44,25.72,13.36,18.44,25.05,41.12,31.48,8.88,10.82,7.7,26.64,24.7,20.65,16.51,11.5,-5.048680291,101.9930532,96.7995873,0.466218122,49.2,49.2,35.7,73.9,81.9,20.2,29.0,28.0,66.5,48.7,52.0,33.5,62.9,5.5,91.7,44.7,45.8,30.0,36.4,67.1,76.4,30.900000000000006,85.7,5.4,20.799999999999997,4.6,58.4,37.9,38.9,33.3,36.7,32.2,65.5,30.3,33.4,29.9,62.7,36.4,0.0,-61.7,-43.0,-38.2,0.0,61.7,43.0,38.2,26.7614,21.804000000000002,9.9866,24.132205314337384,13.910499999999999,42.66930000000001,22.8228,21.140699294646495,1.448112103274138,17.799999999999997,43.3,1.0411801873574902,30.3,62.1,-0.009999999999990905,1.4210854715202004e-14,-1.4210854715202004e-14,27.06,94.72511421924607,-0.9000000000000057,40.2948,9.9384,82.94721525264178,0.5601433565995414,78.854858765338,2.530246947682449,-0.5435099999999999,-0.5435099999999999,443.9699999999998,0.05997753568663373,0.47000000000000003,-443.9699999999998,16.669696418832938,12.925,51.31,41.415000000000006,0,68.93510609315256,4.8999999999999995,-6.1,8.239676545439618
511,2022 Georgia St.,2022,Georgia St.,Region 1,16,First Round,1,Rob Lanier,2022 Rob Lanier,Sun Belt,SB,2022 SB,2022 Georgia St.,2022 Georgia St.,9.9,36.2,13.2,3.9,6.7,6.2,41.3,10.1,1.3,4.5,101.532,100.3125,1.84485,75.87,-0.35,2.21,32.69,18.38,14.32,22.09,24.1,21.1,38.17,33.97,13.66,5.66,8.5,32.59,21.55,17.69,14.55,13.6,-5.141573048,100.8172848,100.63136364,0.541514892,45.1,50.3,30.2,67.2,83.1,22.7,32.8,30.7,67.8,43.1,54.6,32.3,62.1,12.5,91.1,52.5,43.3,36.9,38.1,68.2,71.6,30.0,78.3,2.3,12.200000000000003,4.5,51.8,29.7,46.7,35.5,34.4,34.0,63.2,27.1,32.4,36.3,62.5,37.5,-5.199999999999996,-60.39999999999999,-36.5,-37.0,5.199999999999996,60.39999999999999,36.5,37.0,17.185499999999998,23.4572,11.761199999999999,21.25125486490935,17.1275,40.5647,23.4375,23.88116412572888,0.8815184154706484,16.0,32.0,1.0666382229807205,27.1,60.0,0.009999999999990905,0.04000000000000625,0.020000000000010232,32.69,96.21599154334983,0.20000000000000284,37.4781,11.418099999999999,82.84451310450619,0.6791632708503124,80.06951498935535,2.5619785811490434,-0.23870000000000002,-0.23870000000000002,146.3199999999997,0.13721034895335946,8.619,-146.3199999999997,7.287417006639469,14.807,49.905,42.015,1,69.84664782184876,-2.5999999999999996,-2.2,7.621469194076569
512,2023 Purdue,2023,Purdue,Region 4,1,First Round,1,Matt Painter,2023 Matt Painter,Big 10,B10,2023 B10,2023 Purdue,2023 Purdue,17.4,33.4,31.7,20.5,12.8,13.5,39.0,27.2,19.1,8.0,119.362,105.1846,24.5463,78.56,3.43,1.26,31.71,33.49,14.15,16.28,19.45,16.64,56.31,19.74,14.46,1.93,7.56,34.16,17.06,20.49,11.48,16.8,9.390576373,118.548316,107.36301423,0.944604581,52.2,52.8,37.2,80.7,83.0,15.4,38.3,23.3,64.2,54.1,52.6,32.6,68.6,9.7,91.4,60.9,48.5,38.1,35.4,64.8,74.3,26.400000000000006,95.5,9.3,22.200000000000003,4.8,63.8,32.5,37.8,27.1,43.2,29.1,63.6,37.5,32.2,38.4,68.7,35.5,-0.5999999999999943,-67.6,-38.400000000000006,-43.5,0.5999999999999943,67.6,38.400000000000006,43.5,29.616500000000002,24.936,12.3648,27.825333181593113,11.309399999999998,48.2385,24.3885,21.92036724144922,1.0885133199656258,20.9,41.8,0.8985662375707728,37.5,68.1,-0.010000000000005116,0.0,0.010000000000005116,31.71,92.22772427148908,-3.200000000000003,43.326,8.1312,80.21591191054826,0.7198496471672912,74.81230310430419,2.852773366272572,2.22264,2.22264,633.4799999999996,0.10612575354755416,25.830000000000002,-633.4799999999996,9.421709102154418,16.128,54.870000000000005,41.735,1,67.83248054318526,-1.3999999999999986,-4.800000000000001,8.847751022953712
513,2023 Marquette,2023,Marquette,Region 4,2,Second Round,1,Shaka Smart,2023 Shaka Smart,Big East,BE,2023 BE,2023 Marquette,2023 Marquette,17.4,33.5,28.9,19.0,12.4,12.6,39.3,23.4,16.4,7.1,119.308,102.5211,21.8296,77.19,0.43,1.14,27.17,18.52,22.58,20.85,22.05,15.98,34.25,29.77,11.31,10.05,14.58,22.65,21.08,19.55,20.65,16.04,7.827885867,118.9896467,103.96438174,0.921626156,56.0,48.9,27.1,71.0,84.8,22.8,26.5,32.1,69.6,58.8,50.0,34.8,64.8,8.7,90.4,59.3,41.4,41.9,37.5,69.3,72.1,30.200000000000003,95.6,10.9,14.0,7.7,64.7,41.1,40.3,38.0,42.3,17.0,64.2,24.4,35.3,41.9,65.4,37.6,7.100000000000001,-62.0,-41.4,-43.9,-7.100000000000001,62.0,41.4,43.9,37.0121,21.981699999999996,14.7907,27.152209854816604,16.392,40.2552,24.590400000000002,24.249312705036957,1.2410205007040407,33.0,52.0,1.2153932076274567,24.4,54.3,0.01999999999999602,0.04000000000000625,0.030000000000001137,27.17,97.26448725098932,1.2999999999999972,47.488,11.1492,75.56764528641685,0.7681247652232482,79.64248204056085,2.7235050325636467,0.29799,0.29799,-190.29000000000042,0.09623787347485092,21.659999999999997,190.29000000000042,10.389610389610391,14.136,52.965,42.330000000000005,3,68.65661901553548,-2.6000000000000014,-5.300000000000001,9.137295763547566
514,2023 Kansas St.,2023,Kansas St.,Region 4,3,Elite Eight,2,Jerome Tang,2023 Jerome Tang,Big 12,B12,2023 B12,2023 Kansas St.,2023 Kansas St.,12.4,30.8,20.4,8.8,13.8,11.0,37.4,18.4,11.3,7.2,112.516,105.7979,18.3143,76.28,0.82,2.46,24.01,19.22,21.34,20.11,14.79,24.52,38.47,27.19,22.07,7.24,4.99,23.97,20.07,22.54,18.03,15.36,4.238081464,110.3336982,106.91068685,0.875928348,51.5,52.5,37.0,63.3,80.0,20.7,31.1,29.2,70.7,51.8,51.2,34.0,69.9,7.7,89.4,64.0,44.0,36.3,36.8,70.7,75.0,30.799999999999997,86.8,9.7,11.0,5.6,62.6,43.2,38.5,35.1,32.4,20.7,66.1,28.0,34.3,36.1,69.2,36.9,-1.0,-59.3,-39.7,-26.299999999999997,1.0,59.3,39.7,26.299999999999997,35.4628,19.089100000000002,12.3823,25.848581521365283,14.1295,44.0428,25.5348,27.223396800056623,1.4653333702667517,29.3,52.900000000000006,1.102951139535514,28.0,59.3,0.01999999999999602,0.040000000000020464,0.030000000000001137,24.01,96.46480127857004,2.700000000000003,41.2,10.8675,77.10638688015442,0.8070516134727178,76.83457114698679,2.199890005499725,0.5797399999999999,0.5797399999999999,825.3600000000004,0.08612879050569903,21.648,-825.3600000000004,11.608881963381378,33.948,52.37,41.51,0,67.63853903328287,2.5,-6.6000000000000005,8.13489317941869
515,2023 Tennessee,2023,Tennessee,Region 4,4,Sweet 16,2,Rick Barnes,2023 Rick Barnes,SEC,SEC,2023 SEC,2023 Tennessee,2023 Tennessee,10.3,31.0,31.2,9.1,21.4,8.3,36.9,20.4,9.0,11.4,112.675,112.03,24.7052,77.42,1.69,1.93,37.91,19.3,20.92,18.85,20.63,20.27,32.6,32.86,19.57,8.3,6.63,25.59,24.11,18.48,18.42,13.36,2.81013826,111.0606031,113.84274125,0.948820026,50.3,57.6,30.9,65.1,81.9,22.2,36.8,26.9,66.2,51.0,55.4,32.9,73.8,11.8,91.5,66.2,49.9,40.4,41.6,66.3,71.4,27.799999999999997,90.4,8.3,26.299999999999997,5.2,63.2,31.9,46.2,33.5,35.7,28.0,66.7,24.7,32.8,40.1,73.5,41.8,-7.300000000000004,-59.7,-36.300000000000004,-34.199999999999996,7.300000000000004,59.7,36.300000000000004,34.199999999999996,27.664,23.1488,13.1528,26.985350964304075,16.8446,47.197900000000004,30.723,21.345940285371988,1.0024687663649285,22.0,40.2,0.9258151718858403,24.7,61.3,0.030000000000001137,0.04000000000000625,0.03999999999999204,37.91,99.11561886044534,-1.7000000000000028,41.1957,12.7872,78.09385779903263,0.8508888060564774,75.47499534633691,2.756753770509917,1.12047,1.12047,396.4800000000005,0.12896033923126524,17.563,-396.4800000000005,7.753580205067367,41.30199999999999,52.589999999999996,43.73500000000001,1,67.29498347932949,-0.09999999999999964,-9.999999999999998,7.557484089225303
516,2023 Duke,2023,Duke,Region 4,5,Second Round,1,Jon Scheyer,2023 Jon Scheyer,ACC,ACC,2023 ACC,2023 Duke,2023 Duke,12.9,32.4,24.7,11.3,14.7,8.0,39.4,20.3,8.9,11.5,113.242,105.2469,18.4885,79.31,3.09,0.88,31.37,21.41,21.6,19.38,17.05,20.51,36.12,36.27,12.54,7.29,7.71,30.69,27.54,16.86,14.79,10.06,4.502392107,111.8503887,106.86338327,0.891445276,51.1,53.7,30.8,75.9,81.8,16.6,36.2,25.9,65.7,51.4,53.3,33.6,69.6,12.0,90.4,56.4,52.1,35.4,35.1,65.9,77.0,23.5,92.4,8.8,14.299999999999997,5.8,60.5,40.8,44.4,35.1,36.2,23.9,65.1,29.2,33.5,35.3,69.5,35.6,-2.6000000000000014,-65.19999999999999,-37.9,-45.10000000000001,2.6000000000000014,65.19999999999999,37.9,45.10000000000001,32.8152,20.4773,11.8255,27.343554999304683,16.413800000000002,43.751200000000004,24.742000000000004,25.185230460198955,1.405059346760715,26.1,49.599999999999994,1.148844133591753,29.2,59.1,0.04999999999999716,0.06999999999999318,0.060000000000002274,31.37,98.13622694514595,-2.0999999999999943,41.7998,8.914200000000001,82.0604110913973,0.6762508842819629,76.2397556906899,2.8624800835118944,2.03631,2.03631,587.9499999999998,0.13274189444807025,9.944,-587.9499999999998,7.532705607866012,12.936,52.75,42.195,1,67.05379648154778,-2.4000000000000004,-3.1999999999999993,8.259549596714045
517,2023 Kentucky,2023,Kentucky,Region 4,6,Second Round,1,John Calipari,2023 John Calipari,SEC,SEC,2023 SEC,2023 Kentucky,2023 Kentucky,16.8,33.6,25.1,17.9,8.9,12.2,38.4,20.3,13.7,6.5,117.41,100.3885,17.7987,77.64,0.79,1.86,27.81,17.91,24.83,19.68,22.45,15.13,23.07,51.55,13.35,8.18,3.85,24.54,35.88,17.89,13.01,8.68,1.614304292,114.6681633,102.16901315,0.861309865,51.2,51.2,32.5,70.1,82.7,16.8,38.7,25.5,66.8,50.4,51.7,35.4,66.9,10.2,94.8,55.7,52.2,30.1,35.2,66.7,70.3,25.599999999999994,92.5,9.3,8.0,7.0,64.8,33.8,39.5,35.4,36.2,36.2,65.8,29.1,34.7,30.0,67.6,35.5,0.0,-65.9,-35.8,-37.599999999999994,0.0,65.9,35.8,37.599999999999994,30.5049,23.514400000000002,10.41,27.392273849877203,14.543,43.145799999999994,23.997999999999998,27.943082029964646,1.4366187793740206,13.799999999999997,43.099999999999994,1.194332554012563,29.1,57.6,1.4210854715202004e-14,0.0,0.0,27.81,96.20794251098431,-1.2999999999999972,42.342400000000005,8.601600000000001,84.44432209861108,0.6694631074145743,76.68863430386733,3.0171666377666035,0.52693,0.52693,490.1900000000005,0.10759380175314605,33.294,-490.1900000000005,9.293206548377611,16.554000000000002,53.77,40.295,1,67.56133129256092,-4.199999999999999,-2.4000000000000004,9.195446236907244
518,2023 Michigan St.,2023,Michigan St.,Region 4,7,Sweet 16,2,Tom Izzo,2023 Tom Izzo,Big 10,B10,2023 B10,2023 Michigan St.,2023 Michigan St.,14.5,32.8,23.7,13.4,14.7,11.7,38.8,17.5,12.2,5.3,113.4,103.3102,16.7099,77.74,0.95,1.99,27.68,14.48,23.1,18.08,22.05,22.23,44.53,23.72,21.5,5.58,4.6,28.22,25.47,16.88,18.19,11.18,2.426321773,111.6109447,104.96911745,0.864056379,51.6,51.9,25.8,71.4,83.6,14.7,27.4,25.2,65.4,47.7,51.4,39.5,68.5,8.1,90.6,57.6,47.5,33.1,38.3,65.6,76.2,27.900000000000006,89.2,5.5,11.900000000000006,6.8,59.0,29.3,38.6,32.9,39.9,38.0,66.6,28.3,39.6,32.8,67.2,38.8,-0.29999999999999716,-68.89999999999999,-47.400000000000006,-45.60000000000001,0.29999999999999716,68.89999999999999,47.400000000000006,45.60000000000001,22.192999999999998,28.1508,12.9888,23.352283971095137,13.508600000000001,44.921400000000006,26.073600000000003,26.402951223932018,1.0609432639248804,12.0,34.8,1.0231695059405685,28.3,60.300000000000004,0.060000000000002274,0.07000000000000739,0.060000000000002274,27.68,96.36195519543807,-2.4000000000000057,43.1376,7.6293,79.5347116134943,0.6752558586651973,75.73685507164319,2.8961648679958527,0.6232,0.6232,-26.10000000000059,0.08940298672200085,26.666,26.10000000000059,11.183804468584126,29.253,50.88999999999999,40.185,1,70.91083314697742,-1.200000000000001,-9.399999999999999,8.476544653435447
519,2023 Memphis,2023,Memphis,Region 4,8,First Round,1,Penny Hardaway,2023 Penny Hardaway,American,Amer,2023 Amer,2023 Memphis,2023 Memphis,13.9,35.5,21.7,14.6,5.6,11.2,39.6,19.4,13.0,6.5,114.701,103.9867,18.6881,76.82,0.05,2.81,36.43,23.41,15.61,17.84,14.34,28.81,31.24,24.98,17.92,18.49,7.37,29.15,24.01,11.73,19.44,15.67,4.717569885,113.9485765,105.82797115,0.899544772,53.2,53.2,35.9,65.1,81.6,20.9,31.0,32.3,72.6,53.1,52.8,35.6,69.2,13.2,90.4,54.6,44.3,28.8,42.9,72.2,74.7,26.099999999999994,83.2,8.8,13.900000000000006,6.0,63.2,40.7,45.0,34.3,39.3,30.2,64.7,22.8,35.3,29.1,69.2,42.9,0.0,-60.699999999999996,-36.7,-29.199999999999996,0.0,60.699999999999996,36.7,29.199999999999996,33.044000000000004,22.1409,10.2723,22.33689026401542,16.269,44.4384,29.686799999999998,25.165982330651563,1.7009724751726742,19.8,49.5,0.9393720426097294,22.8,59.7,-0.010000000000005116,0.0,0.0,36.43,93.97468921963356,4.200000000000003,43.4112,11.1188,80.70762027714235,0.6902567603443699,78.70630835987696,2.4074778544644304,0.0361,0.0361,982.6200000000006,0.14601608389287726,41.025999999999996,-982.6200000000006,6.847966063177033,15.735999999999999,53.265,42.730000000000004,1,71.21085495686552,-1.5999999999999996,0.9000000000000004,8.530246846502036
520,2023 Florida Atlantic,2023,Florida Atlantic,Region 4,9,Final Four,3,Dusty May,2023 Dusty May,Conference USA,CUSA,2023 CUSA,2023 Florida Atlantic,2023 Florida Atlantic,12.2,34.7,26.6,15.9,12.4,8.7,40.4,20.4,13.4,7.1,114.275,103.9545,18.2298,76.03,-0.74,1.41,38.44,21.93,22.92,13.98,23.85,17.25,43.19,20.52,9.85,20.24,6.12,25.47,20.55,19.66,20.24,14.01,4.718401165,112.201564,105.18280253,0.873909896,55.0,54.1,29.5,73.3,83.3,18.3,30.4,24.5,68.7,54.3,55.2,37.2,68.0,6.6,92.8,51.0,66.6,43.8,34.2,68.9,71.8,25.099999999999994,77.3,7.1,6.799999999999997,4.2,58.6,40.0,48.5,32.3,41.8,16.1,61.9,33.0,36.6,43.9,67.6,34.7,0.8999999999999986,-65.0,-45.1,-43.8,-0.8999999999999986,65.0,45.1,43.8,28.9283,22.7972,16.0674,18.393182613856325,15.9511,43.88419999999999,23.457199999999997,27.459667392984446,1.0728684995785973,33.9,47.1,1.0518428863721507,33.0,63.5,0.06999999999999318,0.0800000000000125,0.07000000000000739,38.44,95.79061405903427,0.9000000000000057,45.815,9.9003,81.52384505750649,0.6242273656381194,75.3729583535859,3.9877851625651144,-0.5098600000000001,-0.5098600000000001,278.27000000000044,0.07111992327668883,22.419,-278.27000000000044,14.058475988486592,17.483999999999998,53.33,42.11,2,74.44297413721765,-2.5,-5.300000000000001,8.492684369754366
521,2023 USC,2023,USC,Region 4,10,First Round,1,Andy Enfield,2023 Andy Enfield,Pac 12,P12,2023 P12,2023 USC,2023 USC,14.5,32.5,23.0,12.9,12.5,11.0,38.4,19.3,12.2,7.2,113.122,102.5109,15.6327,79.03,1.79,1.61,24.47,15.04,20.46,17.92,18.66,27.9,36.61,14.37,24.36,18.53,6.11,19.65,23.83,22.02,17.77,16.72,2.073756898,110.7631659,103.63109778,0.832147391,51.3,54.8,33.8,70.2,81.9,18.1,29.0,33.0,68.4,51.1,57.6,34.5,66.6,13.7,92.2,51.7,43.7,33.0,37.4,68.9,74.4,28.099999999999994,82.2,8.0,11.799999999999997,5.5,62.8,30.9,46.9,32.2,40.9,36.1,68.1,30.8,34.5,33.0,66.6,37.1,-3.5,-63.800000000000004,-38.0,-36.400000000000006,3.5,63.800000000000004,38.0,36.400000000000006,25.981199999999998,26.149900000000002,11.385,21.753926848579166,15.7508,45.6834,24.708599999999997,26.21151146602067,1.1787521590254841,13.899999999999999,38.9,1.0161451173822809,30.8,62.3,0.020000000000010232,0.01999999999999602,0.010000000000005116,24.47,95.16923608525525,0.9000000000000057,42.0147,9.918800000000001,80.5832823920866,0.6312499236883554,79.61158276507747,2.414231257941551,1.2333100000000001,1.2333100000000001,542.1000000000001,0.14858841010401186,20.769000000000002,-542.1000000000001,6.729435807605285,20.125,51.865,43.575,1,71.69481809352429,-0.7000000000000011,-5.3,8.535011545001117
522,2023 Providence,2023,Providence,Region 4,11,First Round,1,Ed Cooley,2023 Ed Cooley,Big East,BE,2023 BE,2023 Providence,2023 Providence,16.3,34.9,19.0,15.9,5.4,11.1,39.6,15.5,11.3,4.2,116.847,97.883,14.7305,76.5,0.15,1.89,27.41,21.2,23.9,16.21,21.19,17.47,50.24,23.46,6.63,11.78,7.83,23.15,30.95,16.06,16.65,13.15,1.346381062,114.9424042,99.6349438,0.826295416,51.5,50.0,36.8,74.5,83.1,16.9,35.2,26.7,68.4,50.9,50.4,35.1,66.1,11.5,90.4,53.4,51.8,31.6,33.9,67.7,74.5,25.599999999999994,87.7,8.5,11.400000000000006,6.7,59.2,43.4,43.6,42.2,36.1,24.7,63.3,24.2,34.6,31.9,66.2,33.6,1.5,-66.19999999999999,-38.099999999999994,-37.7,-1.5,66.19999999999999,38.099999999999994,37.7,33.1473,19.954099999999997,11.0374,24.892167442792122,19.163,37.5618,22.2432,25.233492954140665,1.626908247390364,25.3,51.9,1.4553138299455375,24.2,51.099999999999994,0.030000000000001137,0.060000000000002274,0.03999999999999204,27.41,96.88427696994742,-0.29999999999999716,42.796499999999995,8.45,83.62756301687898,0.6425915452280959,77.52219660483841,3.0649074019288784,0.10154999999999999,0.10154999999999999,834.4000000000003,0.12721098217940066,30.051,-834.4000000000003,7.8601860707764555,10.206,53.935,40.74,1,68.60742451642993,-4.6,-1.2000000000000002,9.437293122471498
523,2023 Oral Roberts,2023,Oral Roberts,Region 4,12,First Round,1,Paul Mills,2023 Paul Mills,Summit,Sum,2023 Sum,2023 Oral Roberts,2023 Oral Roberts,14.5,35.4,17.1,13.5,3.8,10.5,40.4,16.2,12.3,3.9,115.289,97.96,13.2487,77.22,1.79,2.68,22.36,23.19,17.33,13.83,17.06,28.55,33.77,23.19,31.47,4.38,7.15,27.28,25.28,19.93,12.92,14.55,1.593963281,111.9214761,98.810532,0.761193255,56.1,51.5,24.6,78.0,86.8,17.6,24.5,27.4,70.8,56.6,53.4,37.0,65.8,13.5,92.2,47.9,53.8,45.8,39.9,71.2,78.4,28.099999999999994,92.3,8.7,7.099999999999994,3.6,62.2,35.1,45.7,34.0,44.3,18.9,62.8,26.6,36.5,46.0,65.7,39.4,4.600000000000001,-69.19999999999999,-48.1,-53.4,-4.600000000000001,69.19999999999999,48.1,53.4,29.862300000000005,25.162699999999997,16.79,24.77463420517042,15.793600000000001,42.590599999999995,25.8858,26.967928483045686,0.9521532140605639,31.1,43.8,0.9542905002411107,26.6,62.4,0.04000000000000625,0.03999999999999204,0.03999999999999204,22.36,94.14509436455207,3.200000000000003,48.6948,9.064,77.53703071934524,0.5813036249560077,78.13380206708972,4.075448829634118,1.27448,1.27448,-263.1599999999994,0.1464192362338803,36.18,263.1599999999994,6.829123768609733,10.184,52.73,42.18,2,70.36549490238414,-1.1999999999999993,0.10000000000000009,9.268867202253958
524,2023 Louisiana,2023,Louisiana Lafayette,Region 4,13,First Round,1,Bob Marlin,2023 Bob Marlin,Sun Belt,SB,2023 SB,2023 Louisiana,2023 Louisiana,13.6,37.4,12.9,12.1,6.9,10.9,42.0,14.6,13.2,1.4,112.243,95.958,8.20091,76.56,0.66,1.85,28.69,26.5,21.12,21.98,15.06,15.34,33.86,38.89,13.89,7.7,5.65,33.16,29.16,14.01,10.03,13.64,-0.532298666,110.7821725,97.6910191,0.714029712,53.0,49.4,37.7,66.2,82.5,18.1,33.8,26.4,68.7,52.2,50.8,36.6,64.1,7.3,91.8,50.8,57.5,31.7,29.9,69.2,67.2,29.5,84.6,3.2,7.0,4.7,62.8,36.9,40.6,39.1,39.2,31.4,63.4,30.8,36.5,31.7,64.4,30.1,3.6000000000000014,-64.4,-39.800000000000004,-28.5,-3.6000000000000014,64.4,39.800000000000004,28.5,25.880399999999998,23.8793,11.5705,22.557242000445587,16.2036,38.91160000000001,19.384400000000003,26.913379572249934,1.2649443235229172,18.6,40.1,1.4551011594299192,30.8,56.199999999999996,-1.4210854715202004e-14,0.009999999999990905,0.0,28.69,95.16409263943156,1.2000000000000028,43.724999999999994,8.941400000000002,84.0529697474378,0.6202610468736645,77.71678182071796,3.2855265413404946,0.45672,0.45672,580.5400000000004,0.0795198309386608,22.385,-580.5400000000004,12.573620052047664,12.765,54.24,39.495000000000005,0,71.20348727515034,1.0999999999999996,-5.5,9.196974749632654
525,2023 Montana St.,2023,Montana St.,Region 4,14,First Round,1,Danny Sprinkle,2023 Danny Sprinkle,Big Sky,BSky,2023 BSky,2023 Montana St.,2023 Montana St.,8.5,36.2,9.9,4.6,4.3,7.9,40.7,11.0,6.5,4.5,105.36,100.3879,5.74793,77.31,0.06,1.94,32.76,28.28,13.83,19.32,24.31,14.26,44.83,12.73,17.52,8.79,16.13,29.05,13.87,17.98,15.92,23.18,-2.702080601,104.1248181,103.00550738,0.693336791,50.9,50.6,44.4,64.5,82.4,20.1,25.7,25.5,67.1,52.4,52.0,32.0,65.2,8.7,94.5,49.6,60.9,33.3,34.2,67.1,76.3,26.0,89.5,9.9,11.799999999999997,2.9,62.0,39.6,45.3,36.7,38.8,27.0,58.7,29.2,31.8,33.4,65.4,34.0,0.29999999999999716,-62.300000000000004,-48.8,-20.1,-0.29999999999999716,62.300000000000004,48.8,20.1,33.4125,21.097199999999997,10.621199999999998,26.069314656635427,16.967299999999998,39.376400000000004,22.236000000000004,23.845474762869934,1.4819915571390079,23.0,49.5,1.1646716273050794,29.2,60.4,0.0,0.0,0.0,32.76,93.70290940195395,-0.9000000000000057,41.9416,10.1706,77.87999106301938,0.6207682006483022,76.75175007204167,3.4600306800749965,0.04026,0.04026,1710.7199999999998,0.09206251785695388,8.924,-1710.7199999999998,10.860820595333871,8.341999999999999,52.76,40.04,0,68.0504759785059,1.9000000000000004,0.20000000000000018,7.995184228535226
526,2023 Vermont,2023,Vermont,Region 4,15,First Round,1,John Becker,2023 John Becker,Amerian East,AE,2023 AE,2023 Vermont,2023 Vermont,11.3,37.7,14.5,11.2,3.3,7.1,42.0,12.5,8.6,3.8,109.778,95.643,5.42124,76.51,-1.27,2.45,33.51,16.73,16.08,18.52,20.96,27.67,26.16,26.23,28.44,9.28,9.84,18.88,23.24,27.68,14.42,15.74,-3.826278569,107.9495528,98.7807931,0.677065406,54.9,49.3,28.4,73.1,85.8,16.8,19.3,22.5,65.5,55.5,50.0,36.2,65.4,8.3,91.5,52.1,55.2,43.3,36.1,65.4,70.3,27.599999999999994,97.1,3.3,11.799999999999997,2.9,63.1,33.8,41.2,35.3,44.2,22.9,60.6,28.6,36.0,43.4,64.9,36.1,5.600000000000001,-69.0,-58.2,-44.699999999999996,-5.600000000000001,69.0,58.2,44.699999999999996,24.532099999999996,25.7458,15.623999999999999,27.151549986449513,14.8858,40.76050000000001,23.428900000000002,24.190132285706916,0.8548190133867882,27.1,37.099999999999994,1.0581424337275975,28.6,61.800000000000004,0.04000000000000625,0.04999999999999716,0.04000000000000625,33.51,95.3095874381884,-2.5999999999999943,47.1042,8.2824,73.92791234592731,0.6261943967019626,75.24921927157466,3.8870502077318494,-0.8305800000000001,-0.8305800000000001,-21.039999999999736,0.09070939115419505,27.44,21.039999999999736,11.022768341163715,8.085,51.529999999999994,39.385,2,68.8816544723722,-2.5999999999999996,0.5,8.977771736857514
527,2023 Fairleigh Dickinson,2023,Fairleigh Dickinson,Region 4,16,Second Round,1,Tobin Anderson,2023 Tobin Anderson,NEC,NEC,2023 NEC,2023 Fairleigh Dickinson,2023 Fairleigh Dickinson,10.7,44.4,-4.0,6.8,-7.5,6.4,46.4,0.3,5.0,-4.8,106.175,81.575,-12.2499,73.37,-3.03,1.94,32.92,19.2,17.99,19.32,18.78,24.69,25.72,33.53,26.57,9.2,4.95,18.77,23.03,20.34,22.0,15.83,-12.19474197,104.6018137,82.9605613,0.21551012,51.5,44.2,27.9,65.2,83.7,21.4,31.4,28.9,69.3,51.4,43.9,34.4,63.1,5.7,90.0,51.5,43.6,37.0,40.1,69.5,74.9,24.400000000000006,79.4,2.5,9.099999999999994,6.6,57.4,36.4,35.8,36.6,42.3,26.0,57.5,23.3,34.3,37.7,64.7,40.1,7.299999999999997,-62.300000000000004,-39.7,-37.300000000000004,-7.299999999999997,62.300000000000004,39.7,37.300000000000004,22.878599999999995,23.9291,12.931099999999999,19.832717077260664,13.7034,39.342200000000005,25.9447,25.007915413591224,1.0318028699503992,24.0,38.9,1.0772798683324607,23.3,56.8,0.020000000000010232,0.030000000000001137,0.030000000000001137,32.92,97.32479346591707,1.5,43.105500000000006,9.4588,81.87683565313814,0.6552079490082824,78.7019177117431,2.6746825348138152,-2.1058499999999998,-2.1058499999999998,498.8299999999997,0.06333262963744847,13.192,-498.8299999999997,15.78670408700228,-14.549999999999999,51.99000000000001,38.59,0,72.90009599222311,-1.7999999999999998,2.7,9.484529763655978
528,2023 Houston,2023,Houston,Region 2,1,Sweet 16,2,Kelvin Sampson,2023 Kelvin Sampson,American,Amer,2023 Amer,2023 Houston,2023 Houston,17.5,27.8,38.2,20.7,19.0,12.0,36.8,27.5,16.6,10.7,118.387,110.4322,28.8196,76.74,-0.57,1.46,26.85,18.61,20.11,17.18,24.68,19.36,34.71,35.17,16.58,8.01,5.44,25.12,27.61,19.73,15.01,12.47,8.046303738,117.1100704,111.96843171,0.963817139,52.7,57.5,28.5,64.2,84.7,22.0,37.1,27.4,64.8,53.2,56.9,34.5,72.2,16.4,93.4,53.8,46.4,37.8,43.7,64.0,71.9,31.0,94.0,9.8,16.400000000000006,6.1,67.4,29.7,44.9,32.2,39.9,32.4,72.2,24.4,34.0,37.9,72.1,43.5,-4.799999999999997,-62.7,-35.5,-35.7,4.799999999999997,62.7,35.5,35.7,29.2298,25.8136,12.886,27.59980374326359,15.4582,48.9803,31.3635,26.635690342095508,1.042188860452231,17.6,39.5,0.8804395301257444,24.4,61.699999999999996,0.060000000000002274,0.09000000000000341,0.05999999999998806,26.85,97.1624006625318,-4.0,44.636900000000004,12.65,83.38011035093172,0.6897347469904231,75.68707677599859,3.032481537154435,-0.36479999999999996,-0.36479999999999996,58.950000000000045,0.1755869851500519,30.221999999999998,-58.950000000000045,5.694774708859216,27.74,53.95,43.61000000000001,2,68.06532013835644,-4.099999999999998,-8.3,8.220236305748633
529,2023 Texas,2023,Texas,Region 2,2,Elite Eight,2,Rodney Terry,2023 Rodney Terry,Big 12,B12,2023 B12,2023 Texas,2023 Texas,13.0,33.8,27.6,14.4,13.4,10.0,39.9,21.9,13.2,8.7,116.581,107.9894,24.5707,76.51,-0.76,2.26,32.63,18.51,16.16,23.06,23.13,19.1,33.37,35.84,16.83,8.0,5.93,26.92,21.18,22.53,14.83,14.5,7.535388851,114.5958888,108.43275812,0.929556128,52.7,52.2,31.5,65.5,83.5,22.8,28.3,29.4,70.3,53.8,52.8,33.9,67.3,10.1,91.7,57.1,51.7,35.0,35.4,69.5,75.2,27.599999999999994,91.0,7.4,11.799999999999997,4.9,66.1,32.4,40.6,35.1,42.1,33.1,65.5,30.2,34.7,34.5,67.6,34.8,0.5,-60.7,-42.3,-34.0,-0.5,60.7,42.3,34.0,28.150399999999998,25.906600000000005,11.9715,25.491223980028888,14.828800000000003,43.30579999999999,23.524799999999995,26.10905015507075,1.1535897510217095,16.9,39.8,1.149392258843137,30.2,60.0,0.03999999999999204,0.030000000000001137,0.04000000000000625,32.63,96.96125519334052,1.5,44.0045,11.901600000000002,77.74226109101534,0.7396277250294685,78.78315895733236,3.1331434458517666,-0.5282,-0.5282,561.0000000000005,0.11014056553363648,32.544,-561.0000000000005,9.07830907830908,30.284,52.339999999999996,42.285,0,69.64145916495724,-1.200000000000001,-4.700000000000001,8.29549663673808
530,2023 Xavier,2023,Xavier,Region 2,3,Sweet 16,2,Sean Miller,2023 Sean Miller,Big East,BE,2023 BE,2023 Xavier,2023 Xavier,18.6,34.1,26.2,20.2,7.9,13.9,39.2,20.5,16.4,4.3,119.297,100.396,19.693,78.39,1.53,2.48,24.56,22.73,21.28,18.51,16.63,20.82,41.5,35.32,14.39,3.83,4.9,27.34,23.64,18.98,13.92,16.06,5.359560189,118.6142162,101.58523031,0.89537712,55.6,49.6,30.8,72.9,82.5,16.5,31.8,25.4,71.9,54.0,51.3,39.5,64.1,7.8,90.6,63.8,45.7,31.3,34.2,71.2,71.4,27.599999999999994,90.9,5.7,10.799999999999997,6.1,60.8,39.7,42.1,37.1,44.1,29.1,63.2,29.4,39.0,31.2,64.2,33.5,6.0,-66.0,-42.8,-42.10000000000001,-6.0,66.0,42.8,42.10000000000001,29.318900000000003,25.0011,12.168,23.39871791359518,16.277900000000002,40.0878,21.507,25.01937582488154,1.455081567898465,20.9,45.400000000000006,1.2895137458583328,29.4,56.8,0.030000000000001137,0.060000000000002274,0.05999999999998806,24.56,97.58439862560066,3.200000000000003,45.87,8.184000000000001,79.17854947066265,0.7640627058358582,76.96905684685593,2.611279355465402,1.08936,1.08936,187.0800000000006,0.08609176499155638,50.096,-187.0800000000006,11.613895654403281,19.592000000000002,53.845,39.980000000000004,2,71.4996366513453,-3.8000000000000007,-3.6000000000000005,9.382526370309868
531,2023 Indiana,2023,Indiana,Region 2,4,Second Round,1,Mike Woodson,2023 Mike Woodson,Big 10,B10,2023 B10,2023 Indiana,2023 Indiana,15.4,32.3,24.5,15.0,8.7,11.0,38.9,22.1,13.6,8.5,114.651,102.7079,17.3586,78.59,0.35,1.51,29.04,28.44,20.43,16.42,19.68,15.03,41.24,28.53,13.87,6.97,9.39,33.21,23.03,14.48,14.91,14.36,3.42592744,112.525533,104.16177033,0.863652377,53.8,52.7,30.1,69.4,83.1,16.3,28.0,27.9,68.5,53.2,54.3,37.0,66.8,13.5,92.7,54.2,51.9,26.3,38.2,68.9,71.2,29.5,91.4,10.1,17.200000000000003,6.7,62.6,39.7,47.4,34.9,41.6,33.6,63.8,27.3,36.8,26.6,66.6,37.8,1.0999999999999943,-66.8,-44.1,-39.300000000000004,-1.0999999999999943,66.8,44.1,39.300000000000004,34.083600000000004,23.766400000000004,9.7888,24.866845397034183,17.695,42.59219999999999,25.174799999999994,22.67414092455691,1.8721100710499605,16.4,49.800000000000004,1.100499986772837,27.3,58.4,0.0,-1.4210854715202004e-14,0.010000000000005116,29.04,94.77893210157156,0.9000000000000057,44.7078,8.590100000000001,79.5603938143533,0.6475430401070477,78.10941186389724,3.070824211585112,0.24115000000000003,0.24115000000000003,95.82000000000016,0.14562949698493002,22.65,-95.82000000000016,6.866158062365751,13.136999999999999,52.410000000000004,41.144999999999996,0,70.02833413590962,-1.4000000000000004,-0.1999999999999993,8.662713260486676
532,2023 Miami FL,2023,Miami FL,Region 2,5,Final Four,3,Jim Larranaga,2023 Jim Larranaga,ACC,ACC,2023 ACC,2023 Miami FL,2023 Miami FL,18.7,35.3,24.1,19.8,9.4,13.6,40.3,17.7,14.8,2.9,118.233,96.681,14.9148,76.79,-0.72,1.61,23.9,18.78,22.18,17.7,21.55,19.74,42.09,29.44,7.87,12.49,8.04,29.82,22.53,18.79,16.34,12.46,3.659363201,117.2815729,98.6221468,0.842349495,55.0,48.7,30.0,75.9,83.6,18.1,32.0,29.0,69.0,54.9,48.2,36.8,66.4,8.8,91.6,51.6,46.8,34.6,37.7,69.5,77.6,25.5,90.6,8.8,8.5,5.2,63.5,38.2,40.2,34.9,40.3,27.6,58.6,26.6,36.8,34.2,66.5,38.5,6.299999999999997,-65.5,-39.0,-45.900000000000006,-6.299999999999997,65.5,39.0,45.900000000000006,32.2298,23.708399999999997,12.5856,24.870196353600964,14.4718,41.1901,25.6025,25.77395326034923,1.3742288237186047,22.4,47.0,1.0415313887950963,26.6,59.9,0.05000000000001137,0.06999999999999318,0.060000000000002274,23.9,98.12914458067974,1.5,45.98,8.814700000000002,81.95854235832691,0.6300289373756119,78.24795893147024,2.8534845436253873,-0.5004,-0.5004,392.54999999999995,0.09606882020938637,31.878000000000004,-392.54999999999995,10.40790819225088,15.134000000000002,53.8,41.190000000000005,1,69.91673345668515,-5.0,-6.5,9.72906021803438
533,2023 Iowa St.,2023,Iowa St.,Region 2,6,First Round,1,T.J. Otzelberger,2023 T.J. Otzelberger,Big 12,B12,2023 B12,2023 Iowa St.,2023 Iowa St.,9.3,32.2,14.2,0.8,11.0,6.0,38.7,12.2,2.3,9.8,109.884,108.4507,18.3345,77.27,0.46,2.4,31.36,23.11,16.12,23.92,21.28,15.56,41.47,26.48,9.61,6.54,15.9,24.15,26.25,17.06,14.44,18.1,2.408940849,108.1674038,110.01361674,0.892472547,50.7,49.9,27.8,60.0,80.2,25.1,33.9,26.6,65.8,50.7,50.4,33.9,66.2,11.2,92.3,54.9,42.5,33.8,46.8,64.9,67.4,28.099999999999994,91.2,7.3,20.0,5.9,64.5,34.3,32.2,24.5,34.5,31.9,66.5,28.8,33.1,33.8,66.3,46.7,0.8000000000000043,-55.1,-39.5,-32.2,-0.8000000000000043,55.1,39.5,32.2,28.7811,22.1933,11.1878,27.675666206976842,9.069,50.1141,30.9621,23.794467143995192,1.230732818555664,18.1,41.599999999999994,0.6509496584655574,28.8,69.6,0.009999999999990905,-1.4210854715202004e-14,0.0,31.36,96.08066076997666,-3.0999999999999943,40.66140000000001,12.524899999999999,81.9227028247492,0.7329675171226017,76.48104825966502,2.1463562446341093,0.29854,0.29854,187.7200000000007,0.12134213063780457,1.92,-187.7200000000007,8.240335684313902,26.4,51.28,40.555,0,66.85615094389044,1.4999999999999998,-1.1999999999999993,7.632068008154782
534,2023 Texas A&M,2023,Texas A&M,Region 2,7,First Round,1,Buzz Williams,2023 Buzz Williams,SEC,SEC,2023 SEC,2023 Texas A&M,2023 Texas A&M,14.6,33.9,25.7,16.2,9.8,10.4,39.5,20.4,13.5,6.8,114.483,103.8003,18.2834,76.68,-0.27,2.08,30.57,21.4,13.91,18.3,17.19,29.15,27.8,36.25,12.92,13.68,9.31,22.15,22.14,22.66,17.52,15.48,3.68423313,113.2468391,105.17788149,0.885139028,49.0,52.1,45.9,64.9,81.7,21.0,36.6,30.4,67.4,49.0,52.6,32.8,67.7,7.9,88.8,52.8,40.7,33.7,45.9,67.0,75.9,29.599999999999994,86.0,6.8,12.700000000000003,6.8,58.0,39.5,39.8,30.3,34.9,26.0,69.2,24.0,32.6,34.5,67.0,45.7,-3.1000000000000014,-60.7,-33.0,-19.000000000000007,3.1000000000000014,60.7,33.0,19.000000000000007,28.758,20.320999999999998,11.247,24.884449628901447,12.923,47.227000000000004,30.619,26.589769335842934,1.341990087243848,24.0,46.3,0.8117984289184045,24.0,62.9,0.05000000000001137,0.03999999999999204,0.04999999999999716,30.57,94.22167411787808,-1.0,40.033,10.941,83.72512423160232,0.6683459703041733,77.49735467065989,2.2239221900442603,-0.1809,-0.1809,1562.7700000000002,0.08896296212880486,33.696,-1562.7700000000002,11.239083660296163,20.384000000000004,54.230000000000004,41.905,2,67.99857800763981,-2.6999999999999993,-3.000000000000001,8.529052622655016
535,2023 Iowa,2023,Iowa,Region 2,8,First Round,1,Fran McCaffery,2023 Fran McCaffery,Big 10,B10,2023 B10,2023 Iowa,2023 Iowa,17.1,35.8,17.4,15.3,10.1,13.3,40.5,15.8,14.9,0.9,120.475,95.127,15.6021,78.35,0.53,2.04,27.85,22.13,27.29,19.02,15.61,15.94,26.57,32.61,17.24,14.35,9.23,23.32,26.07,22.46,16.22,11.93,0.347535541,118.9395436,97.2691338,0.843536596,51.9,46.7,32.6,76.6,85.9,18.5,32.2,27.6,69.6,52.1,47.4,34.3,63.4,8.5,91.2,58.1,49.1,37.4,32.2,70.4,73.9,25.599999999999994,84.4,4.9,4.0,5.6,63.0,36.6,38.3,37.2,36.6,25.9,58.6,30.5,34.0,37.5,63.4,32.3,5.199999999999996,-67.4,-40.199999999999996,-43.99999999999999,-5.199999999999996,67.4,40.199999999999996,43.99999999999999,27.193600000000004,22.2294,12.75,23.853161914793045,14.4716,38.3512,20.478199999999998,27.004860673589857,1.1066371563424977,24.1,41.5,1.3250363765827686,30.5,57.199999999999996,0.010000000000005116,0.0,0.0,27.85,95.14209201404555,2.4000000000000057,44.582100000000004,8.6395,79.84126741931215,0.712874688654127,78.6221735198249,3.4820225515920873,0.37312000000000006,0.37312000000000006,448.180000000001,0.09320073244810911,31.212000000000003,-448.180000000001,10.728149629455359,20.604,53.565,40.315,1,69.5572496318289,-0.40000000000000036,-9.2,9.835484820452443
536,2023 Auburn,2023,Auburn,Region 2,9,Second Round,1,Bruce Pearl,2023 Bruce Pearl,SEC,SEC,2023 SEC,2023 Auburn,2023 Auburn,11.7,34.1,22.9,12.5,12.5,9.8,39.1,21.5,13.2,8.2,112.689,104.7592,17.4484,76.89,1.06,2.1,34.4,21.49,21.77,18.06,13.34,25.35,44.0,25.25,17.85,6.74,6.16,28.71,22.02,21.78,11.65,15.84,1.053937998,110.9453885,106.80189455,0.881276372,49.6,54.4,35.5,60.9,81.9,19.3,33.3,32.0,68.7,51.0,53.1,31.4,71.2,13.7,91.4,55.0,51.3,35.4,34.2,68.4,70.2,29.5,93.5,10.8,11.099999999999994,7.8,60.7,38.6,43.8,40.8,35.9,26.2,68.1,24.7,31.5,35.2,71.2,34.5,-4.799999999999997,-62.60000000000001,-34.7,-25.4,4.799999999999997,62.60000000000001,34.7,25.4,33.5282,20.4938,11.088000000000001,28.467291171916354,18.736199999999997,41.384699999999995,24.564,27.81060948630936,1.403369222465271,23.8,49.400000000000006,1.408654821599374,24.7,51.400000000000006,-0.009999999999990905,1.4210854715202004e-14,-1.4210854715202004e-14,34.4,95.46969427080246,0.4000000000000057,40.622400000000006,10.4992,80.34032252159895,0.6815281099366798,78.90311342717494,2.834097563670516,0.72504,0.72504,695.55,0.14988895088675175,26.25,-695.55,6.671045909057734,26.25,52.30000000000001,42.12,1,66.0571465399682,0.6999999999999993,-4.300000000000001,8.256852316051322
537,2023 Penn St.,2023,Penn St.,Region 2,10,Second Round,1,Micah Shrewsberry,2023 Micah Shrewsberry,Big 10,B10,2023 B10,2023 Penn St.,2023 Penn St.,16.8,35.7,19.9,16.0,9.3,14.1,39.7,21.1,18.0,3.2,116.826,98.21,15.0367,76.67,-1.34,2.47,24.53,15.67,23.26,17.34,25.85,17.83,44.24,16.14,7.5,22.18,9.87,23.02,22.5,13.33,27.03,14.07,1.327175022,115.4032013,100.07345551,0.839695263,55.5,50.8,21.4,74.1,86.3,13.1,18.8,25.1,64.5,53.5,51.2,38.5,66.7,6.0,90.4,52.7,43.9,47.4,37.5,65.3,73.8,29.599999999999994,84.1,3.9,8.799999999999997,4.2,62.0,26.3,38.9,27.7,44.4,26.6,60.4,34.7,38.7,47.1,67.3,37.6,4.700000000000003,-73.2,-56.099999999999994,-52.699999999999996,-4.700000000000003,73.2,56.099999999999994,52.699999999999996,19.585900000000002,30.0381,18.227700000000002,20.434448039197598,11.1449,46.2636,25.3048,26.311024305412364,0.6411753465956137,23.4,30.2,0.8483816919762772,34.7,68.1,0.04999999999999716,0.06999999999999318,0.05000000000001137,24.53,95.65883080265235,-2.700000000000003,47.896499999999996,6.6548,74.389337403123,0.6064372101586862,75.75387968594455,3.2041456827968755,-0.8750199999999999,-0.8750199999999999,-614.0399999999993,0.06637094722403512,39.52,614.0399999999993,15.064155974004333,22.971000000000004,50.745000000000005,39.73,3,73.71283172010064,2.0,-6.1000000000000005,9.39540886458747
538,2023 Pittsburgh,2023,Pittsburgh,Region 2,11,Second Round,1,Jeff Capel,2023 Jeff Capel,ACC,ACC,2023 ACC,2023 Pittsburgh,2023 Pittsburgh,14.3,36.5,16.8,12.4,8.0,8.0,42.5,12.7,7.6,5.0,115.103,96.163,11.2663,77.39,1.23,2.25,25.8,15.61,22.73,21.96,21.3,18.4,46.06,23.33,14.59,11.45,4.57,23.17,22.59,22.53,18.72,12.99,-0.250946766,112.4913011,98.462944,0.764623809,53.2,50.8,32.4,69.4,83.6,16.7,30.4,28.2,68.1,52.7,51.4,36.0,66.6,11.5,89.9,54.5,47.1,44.1,39.8,68.1,76.1,29.0,80.9,7.6,9.799999999999997,7.2,59.4,32.4,43.8,34.9,40.6,24.2,62.7,25.6,36.0,43.4,67.4,39.5,2.4000000000000057,-66.89999999999999,-41.400000000000006,-37.00000000000001,-2.4000000000000057,66.89999999999999,41.400000000000006,37.00000000000001,25.394,25.449199999999998,15.623999999999999,20.462384188228572,15.9918,42.6742,26.623,26.154078713144028,0.9216377502822516,25.8,40.0,1.065795802637908,25.6,57.9,0.0,0.0,0.0,25.8,97.04972035223777,0.09999999999999432,44.4752,8.4836,80.65473619141925,0.6542538504939917,77.92180401339432,2.87177611121273,0.8376299999999999,0.8376299999999999,453.03999999999974,0.12791848811470394,27.900000000000002,-453.03999999999974,7.816711590296497,18.0,53.12,40.545,0,72.60298986163689,-4.800000000000001,-3.0,9.469448026288422
539,2023 Drake,2023,Drake,Region 2,12,First Round,1,Darian DeVries,2023 Darian DeVries,Missouri Valley,MVC,2023 MVC,2023 Drake,2023 Drake,12.8,33.1,17.2,8.6,12.7,10.4,39.0,15.9,9.6,6.3,109.84,102.6688,12.5086,76.36,0.04,2.28,27.57,17.84,28.74,18.59,15.12,19.7,44.52,15.37,20.12,7.67,12.3,28.48,19.92,20.87,11.77,18.95,-0.686831406,107.9287128,103.88048168,0.791270916,53.1,52.7,28.8,73.3,84.5,17.7,24.3,22.4,66.7,51.9,52.5,36.7,68.8,7.1,93.5,49.1,56.0,36.3,38.4,67.1,77.1,30.099999999999994,72.7,2.7,11.799999999999997,2.8,61.8,30.6,44.8,29.0,42.6,32.9,60.3,32.8,36.4,36.5,68.7,38.2,0.3999999999999986,-66.8,-53.3,-44.5,-0.3999999999999986,66.8,53.3,44.5,20.8737,27.3014,13.286,16.819507523507735,13.322399999999996,46.0218,26.2434,25.101261588480636,0.9123037724993838,17.1,33.300000000000004,0.8324389413889689,32.8,68.2,0.009999999999990905,0.01999999999999602,0.009999999999990905,27.57,94.82927277841888,-0.9000000000000057,44.8695,9.3279,78.69684956429428,0.5965905639056633,74.58711638281926,3.612670150312883,0.026839999999999996,0.026839999999999996,14.150000000000546,0.0759350167377889,19.607999999999997,-14.150000000000546,13.167159554992255,28.955999999999996,51.545,40.980000000000004,1,76.03905418323949,1.0,-6.3999999999999995,8.19837478986031
540,2023 Kent St.,2023,Kent St.,Region 2,13,First Round,1,Rob Senderoff,2023 Rob Senderoff,MAC,MAC,2023 MAC,2023 Kent St.,2023 Kent St.,10.2,33.8,17.0,8.0,9.1,5.5,40.1,12.6,4.9,7.6,108.347,103.5502,11.8972,75.69,-0.81,2.24,28.34,19.11,18.77,19.87,20.07,22.16,37.37,32.78,22.85,3.94,3.02,27.85,25.94,19.71,13.8,12.68,0.817046591,106.0703316,104.90478837,0.778349402,51.3,52.8,32.0,61.2,83.7,22.6,30.9,30.2,69.3,52.2,52.2,33.2,69.1,12.5,92.6,45.0,49.2,38.6,40.7,68.8,72.3,27.599999999999994,90.4,6.7,14.0,5.3,61.6,35.9,43.9,35.6,37.2,25.8,64.2,24.3,33.2,38.3,69.0,40.1,-1.5,-61.1,-38.900000000000006,-29.200000000000003,1.5,61.1,38.900000000000006,29.200000000000003,28.1712,22.313200000000002,12.7156,26.37776841710964,16.3704,43.269600000000004,27.669,25.006982358266796,1.1122425001958176,24.2,42.6,1.0199246901573527,24.3,59.1,0.020000000000010232,0.04000000000000625,0.020000000000010232,28.34,98.67785023541204,0.7999999999999972,42.9381,11.9328,82.2613673158476,0.5813878373664422,78.42444288076481,3.018219741120177,-0.55728,-0.55728,624.4800000000002,0.13498774311292536,17.92,-624.4800000000002,7.407407407407407,20.384,52.425,41.99,1,67.82365858084252,-3.0999999999999996,-1.5,7.963133213328284
541,2023 Kennesaw St.,2023,Kennesaw St.,Region 2,14,First Round,1,Amir Abdur-Rahim,2023 Amir Abdur-Rahim,Atlantic Sun,ASun,2023 ASun,2023 Kennesaw St.,2023 Kennesaw St.,9.5,36.4,10.7,6.0,3.1,7.9,41.7,8.8,6.8,1.9,106.304,97.339,3.64263,75.89,-1.39,2.38,29.61,22.41,18.14,18.13,18.26,23.0,41.19,26.71,11.87,12.36,7.8,26.05,26.9,18.58,13.51,14.89,-1.427704258,105.0337881,99.4975074,0.624136946,52.9,48.8,36.5,63.8,82.1,19.6,27.5,25.8,69.2,51.3,49.5,37.1,65.2,7.8,91.6,54.2,53.0,37.9,39.3,69.3,66.3,30.799999999999997,85.9,6.9,8.200000000000003,4.5,58.7,37.5,43.2,36.1,39.9,24.9,58.2,25.1,36.8,37.6,65.5,38.9,4.100000000000001,-62.49999999999999,-46.7,-27.299999999999997,-4.100000000000001,62.49999999999999,46.7,27.299999999999997,27.9396,23.771899999999995,13.836799999999998,22.563447579363107,15.964200000000002,40.0877,25.479499999999998,25.468722648247073,1.180819659051621,25.1,44.4,1.043674969795121,25.1,59.4,0.060000000000002274,0.06999999999999318,0.06999999999999318,29.61,97.51044783143635,1.2999999999999972,43.430899999999994,9.5648,79.7139011606864,0.6741209686446685,77.21218886242383,2.9607284509245284,-0.9632699999999998,-0.9632699999999998,454.9100000000001,0.08515190882195608,14.28,-454.9100000000001,11.74208434816049,7.378,52.660000000000004,39.15,0,71.0314448483246,0.7999999999999998,-1.2000000000000002,8.420895829052803
542,2023 Colgate,2023,Colgate,Region 2,15,First Round,1,Matt Langel,2023 Matt Langel,Patriot,Pat,2023 Pat,2023 Colgate,2023 Colgate,14.7,37.6,14.4,14.4,3.3,9.2,42.2,11.7,10.2,1.6,112.963,92.33,5.29267,77.42,1.03,2.24,24.79,25.05,16.74,20.09,19.17,18.95,58.2,22.05,8.02,6.24,5.48,26.27,19.36,19.78,16.92,17.67,-3.654184363,111.6864531,94.2146791,0.651187255,58.6,48.1,27.6,79.7,85.1,17.6,24.9,24.1,68.0,57.1,48.5,40.9,65.1,7.7,91.7,61.5,46.3,34.8,36.9,68.4,66.2,31.400000000000006,95.7,1.8,8.200000000000003,3.9,63.4,42.3,38.8,31.2,45.1,23.2,57.8,31.9,40.5,34.5,64.4,37.0,10.5,-67.5,-51.0,-52.1,-10.5,67.5,51.0,52.1,28.540799999999997,24.435699999999997,13.9725,25.051862871517827,12.4254,42.2662,23.828000000000003,25.190739039046342,1.2782238195994318,26.8,44.099999999999994,0.9486230101889139,31.9,64.9,0.0,0.010000000000005116,0.0,24.79,96.92064941911448,0.4000000000000057,49.8686,8.4656,76.14202085577872,0.7463501656533293,75.92816629860918,3.107174015166766,0.7045200000000001,0.7045200000000001,-675.4600000000003,0.08396854996128722,32.25600000000001,675.4600000000003,11.90754447474354,7.392,53.83500000000001,40.415,3,70.94690505220352,-4.200000000000001,-1.6999999999999997,9.734569104634412
543,2023 Northern Kentucky,2023,Northern Kentucky,Region 2,16,First Round,1,Darrin Horn,2023 Darrin Horn,Horizon,Horz,2023 Horz,2023 Northern Kentucky,2023 Northern Kentucky,9.1,35.6,7.4,2.1,4.0,6.2,41.1,7.3,3.1,4.2,103.337,97.18,0.516867,76.51,-0.81,1.99,26.08,13.42,19.63,20.94,24.56,21.43,50.91,23.78,10.25,7.13,7.89,38.36,21.95,17.58,10.14,11.93,-6.684010316,101.084336,98.8917606,0.49932023,49.8,48.7,27.4,69.2,82.5,23.2,31.3,32.8,63.1,47.7,51.1,35.2,63.3,8.2,92.7,54.7,39.7,40.7,38.9,62.6,70.4,29.799999999999997,80.9,6.1,13.5,4.9,51.4,34.2,43.3,36.0,41.9,24.9,61.3,25.3,34.3,40.9,63.6,38.7,1.0999999999999943,-59.3,-35.900000000000006,-41.800000000000004,-1.0999999999999943,59.3,35.900000000000006,41.800000000000004,22.5137,24.461799999999997,14.028699999999999,20.41900666862454,16.249499999999998,40.1221,24.613200000000003,23.13775774212647,0.9853059827388085,25.1,40.300000000000004,1.056820237203173,25.3,59.1,0.020000000000010232,0.04000000000000625,0.03999999999999204,26.08,95.90258252066012,-5.399999999999999,41.084999999999994,11.298399999999999,81.77385896108579,0.7122303095011784,80.12826331726845,2.2684418033255245,-0.5070600000000001,-0.5070600000000001,-133.19999999999982,0.0884564352056612,4.179,133.19999999999982,11.30349957322278,7.96,50.915,42.220000000000006,1,71.8533258093204,1.0,0.20000000000000018,8.133457157263251
544,2023 Alabama,2023,Alabama,Region 1,1,Sweet 16,2,Nate Oats,2023 Nate Oats,SEC,SEC,2023 SEC,2023 Alabama,2023 Alabama,15.1,31.4,36.8,18.7,17.9,10.2,38.0,27.5,14.1,13.4,116.097,111.4451,27.5425,78.11,1.98,1.11,36.31,17.22,26.05,18.11,17.84,20.76,38.18,27.7,18.31,8.69,7.07,26.44,28.51,19.15,13.3,12.56,10.19348675,115.4240153,111.66171171,0.955872708,52.7,58.5,36.7,67.2,81.0,15.9,33.8,27.5,72.8,54.6,58.8,33.8,71.9,11.3,88.6,54.8,58.2,47.8,30.6,73.5,72.6,28.599999999999994,88.7,13.0,14.799999999999997,5.3,60.7,38.9,50.3,32.0,34.6,13.9,66.6,38.1,33.5,47.2,71.7,30.0,-5.799999999999997,-65.1,-38.7,-30.5,5.799999999999997,65.1,38.7,30.5,35.1433,20.6214,15.812000000000001,26.108922485107144,16.8804,46.884600000000006,21.51,25.707910585395044,1.0995529755725515,36.1,51.9,1.2432918902703243,38.1,62.7,0.01999999999999602,0.05000000000001137,0.04000000000000625,36.31,96.35493072768158,5.5,42.687000000000005,9.3015,80.89579070147795,0.6515974839775983,76.84240036387821,3.0629966843850323,1.4553,1.4553,742.5000000000005,0.12753806390447062,20.757,-742.5000000000005,7.840014158039111,19.869,53.595,42.955,0,67.56048005148006,-4.6,-4.499999999999998,7.917322813449729
545,2023 Arizona,2023,Arizona,Region 1,2,First Round,1,Tommy Lloyd,2023 Tommy Lloyd,Pac 12,P12,2023 P12,2023 Arizona,2023 Arizona,16.3,33.2,26.9,18.5,12.9,11.8,38.9,21.3,14.4,6.9,119.979,102.8805,22.8595,78.45,2.46,2.02,25.84,24.9,26.13,17.38,16.41,15.18,38.08,32.25,17.85,7.0,4.82,31.5,25.32,16.98,15.06,11.15,7.571131291,119.6757089,104.55051199,0.930936676,56.8,52.8,36.5,74.0,81.6,16.9,31.1,26.2,72.9,56.6,54.1,38.2,67.2,8.3,90.7,65.3,50.6,38.0,38.7,73.2,70.9,28.599999999999994,90.9,9.4,9.099999999999994,5.7,68.0,36.9,39.3,27.6,39.5,25.4,65.6,33.7,37.8,37.7,67.7,38.7,4.0,-64.69999999999999,-42.7,-37.5,-4.0,64.69999999999999,42.7,37.5,33.6366,24.2836,14.250599999999999,25.35277762560413,11.365499999999999,48.307100000000005,26.199900000000003,27.44829988663536,1.2280841356993182,24.6,46.3,0.8604428826128525,33.7,66.69999999999999,0.0,0.0,-0.010000000000005116,25.84,94.88698230005019,5.200000000000003,46.3488,8.923199999999998,77.67813425840666,0.7857907847077652,76.96808472228774,2.7498505516004554,1.80072,1.80072,471.4500000000007,0.09150946516576443,37.37,-471.4500000000007,10.92639441031201,26.058,54.815,41.685,2,69.96250838669418,-4.1,-6.0,9.161863405957337
546,2023 Baylor,2023,Baylor,Region 1,3,Second Round,1,Scott Drew,2023 Scott Drew,Big 12,B12,2023 B12,2023 Baylor,2023 Baylor,18.3,35.1,24.4,20.7,7.7,13.0,40.4,19.4,16.6,2.7,121.852,98.129,19.9811,77.08,0.34,1.84,30.77,13.72,17.75,24.94,22.46,21.11,37.35,36.9,17.5,4.65,3.55,29.51,27.71,19.49,12.37,10.88,5.23708249,120.935528,100.5486661,0.904588008,53.1,48.6,37.2,68.6,81.9,19.9,34.7,31.1,67.9,50.8,46.7,37.2,67.8,6.8,90.7,56.4,39.6,45.3,37.8,67.7,74.9,29.299999999999997,83.8,7.4,4.299999999999997,7.9,65.9,24.9,28.400000000000006,29.6,39.9,30.3,63.3,32.5,36.8,44.9,67.5,37.9,4.5,-62.00000000000001,-34.19999999999999,-31.39999999999999,-4.5,62.00000000000001,34.19999999999999,31.39999999999999,22.610300000000002,28.612899999999996,16.523199999999996,22.340247685884478,8.746100000000002,46.155,25.5825,30.02847259962895,0.7193603705930826,19.7,32.3,0.9894198042268015,32.5,62.5,0.01999999999999602,0.04999999999999716,0.04000000000000625,30.77,95.63570967968445,-0.29999999999999716,43.4889,9.6714,83.1287156104863,0.7041110597870189,77.31367500151552,2.1877244351140828,0.23018000000000005,0.23018000000000005,776.3000000000006,0.07497161001532507,38.088,-776.3000000000006,13.336274077341567,14.168000000000001,54.235,40.925,3,71.70015886399634,-4.099999999999998,-5.0,9.917405482523183
547,2023 Virginia,2023,Virginia,Region 1,4,First Round,1,Tony Bennett,2023 Tony Bennett,ACC,ACC,2023 ACC,2023 Virginia,2023 Virginia,13.6,32.6,24.7,11.4,14.5,7.7,39.7,17.8,6.9,10.9,111.166,105.2456,16.4114,76.58,0.21,2.25,27.68,16.79,23.21,21.45,19.77,18.74,35.24,35.2,10.83,10.58,8.08,27.3,25.97,18.75,16.06,11.87,4.104574752,110.3959781,106.54949204,0.871734206,51.3,51.7,34.5,73.9,86.3,19.7,25.5,25.0,62.4,50.4,53.5,35.3,66.0,13.5,89.0,65.8,47.1,36.1,39.7,62.1,70.1,25.200000000000003,89.7,9.4,18.5,5.2,60.6,37.1,43.7,30.3,36.7,27.3,63.7,29.7,35.0,35.6,65.9,40.0,-0.4000000000000057,-66.6,-49.5,-39.400000000000006,0.4000000000000057,66.6,49.5,39.400000000000006,30.9144,22.479100000000003,12.46,25.621215167643133,14.203100000000001,45.2789,26.36,22.027482833950867,1.3061430858683745,22.7,46.5,0.8874778130546737,29.7,64.5,0.04000000000000625,0.07000000000000739,0.04999999999999716,27.68,97.53266945870644,-5.899999999999999,44.271899999999995,10.184899999999999,74.33294167775678,0.8194169437491438,76.31529179020471,3.4377052769870806,0.13041,0.13041,556.1699999999994,0.15168368894731518,25.650000000000002,-556.1699999999994,6.5921042885712176,32.625,52.37,41.690000000000005,1,68.41652423482815,-4.5,-3.5999999999999996,8.062431470470305
548,2023 San Diego St.,2023,San Diego St.,Region 1,5,Runner Up,3,Brian Dutcher,2023 Brian Dutcher,Mountain West,MWC,2023 MWC,2023 San Diego St.,2023 San Diego St.,9.7,33.7,21.8,6.7,14.5,6.5,40.6,15.9,7.2,8.6,111.929,108.3256,20.2549,76.71,0.14,2.76,37.41,20.17,18.01,23.19,18.63,19.99,44.93,27.97,15.29,6.61,5.2,30.47,22.78,20.42,12.92,13.41,5.653770094,111.2914351,109.85164035,0.918564348,50.1,52.5,34.3,70.6,82.4,19.6,31.7,25.8,66.5,49.4,50.1,34.4,70.8,11.3,92.1,51.9,52.8,34.9,40.1,66.8,73.6,26.400000000000006,87.5,7.8,25.0,5.4,61.5,31.3,43.2,34.7,36.7,34.8,61.1,25.3,34.0,33.9,71.7,40.0,-2.3999999999999986,-62.800000000000004,-42.5,-36.3,2.3999999999999986,62.800000000000004,42.5,36.3,26.0745,24.297600000000003,11.526,24.995782977667787,16.340400000000002,44.1383,28.68,20.535254239153378,1.1533583080145131,15.200000000000003,39.1,1.002474938126547,25.3,59.9,0.010000000000005116,0.0,0.0,37.41,97.9973717269548,-1.2000000000000028,41.2824,10.290000000000001,82.47047661658245,0.6455143592741382,75.69339350901201,2.999829555138913,0.09352,0.09352,660.6399999999994,0.1226913931444827,18.491999999999997,-660.6399999999994,8.14972126360499,40.019999999999996,52.125,41.65,0,68.72469301059981,0.5,-5.9,7.832549900024555
549,2023 Creighton,2023,Creighton,Region 1,6,Elite Eight,2,Greg McDermott,2023 Greg McDermott,Big East,BE,2023 BE,2023 Creighton,2023 Creighton,17.7,30.1,28.7,16.1,12.0,12.3,37.6,23.6,13.7,9.9,114.621,106.0335,20.6545,77.91,1.69,1.58,19.66,24.52,19.48,20.84,17.24,17.88,46.88,28.91,13.41,4.75,6.0,18.71,21.87,29.52,14.98,14.88,2.158510531,113.8140771,107.22875207,0.913008811,54.3,52.7,28.1,80.2,83.4,14.3,25.5,23.3,69.4,54.5,54.4,36.0,65.9,9.5,91.7,57.8,52.9,42.0,29.8,68.6,76.7,27.099999999999994,94.7,10.4,21.099999999999994,4.3,63.6,37.0,43.4,32.7,40.3,21.3,63.7,37.8,35.4,41.7,66.4,29.5,1.5999999999999943,-69.10000000000001,-51.2,-52.1,-1.5999999999999943,69.10000000000001,51.2,52.1,33.38080000000001,23.3457,14.761800000000001,27.08812778075788,15.0991,43.6666,19.588,21.040674894118776,1.1366633893671614,28.7,47.4,1.2541947730585403,37.8,63.0,0.04000000000000625,0.04999999999999716,0.04000000000000625,19.66,97.10525994258552,0.5999999999999943,45.2862,7.536100000000001,76.58751564738328,0.6744378712033697,75.73999725335322,3.186555026805615,1.1593399999999998,1.1593399999999998,-18.149999999999636,0.10359756164054917,25.438000000000002,18.149999999999636,9.651615619408485,18.96,51.885000000000005,41.345,0,68.35097110681409,-2.400000000000002,-2.0999999999999996,8.309783608165267
550,2023 Missouri,2023,Missouri,Region 1,7,Second Round,1,Dennis Gates,2023 Dennis Gates,SEC,SEC,2023 SEC,2023 Missouri,2023 Missouri,16.7,38.0,21.8,21.2,5.1,12.1,42.1,21.0,18.7,2.3,119.289,94.63,13.9186,76.42,-0.79,2.79,32.25,20.77,21.98,21.07,22.2,13.99,35.8,30.94,14.47,11.62,7.17,29.49,23.0,18.8,19.07,9.64,3.524280677,117.5492409,96.2464912,0.807780497,55.1,47.7,29.5,64.8,84.0,24.3,26.8,37.3,70.2,55.9,48.3,36.1,64.6,8.4,93.3,56.5,42.3,43.3,44.1,70.0,75.8,24.799999999999997,90.9,10.2,9.099999999999994,8.9,65.0,35.9,36.3,33.1,39.9,20.8,64.6,22.6,36.0,43.2,65.0,44.2,7.399999999999999,-59.7,-35.900000000000006,-35.3,-7.399999999999999,59.7,35.900000000000006,35.3,32.6068,23.8512,15.552,25.449361485113926,12.825199999999999,43.3296,28.73,26.72333562014044,1.0671049281266636,29.2,46.099999999999994,0.9502047464989479,22.6,58.0,-0.009999999999990905,0.0,1.4210854715202004e-14,32.25,96.58612097460967,2.0,46.284,11.5911,77.38717003363945,0.7463573796911532,82.4015751753324,2.6435847759515028,-0.553,-0.553,629.0600000000002,0.09003118937631965,59.147999999999996,-629.0600000000002,11.105820735626711,14.229,52.825,42.335,2,69.48531033686663,-2.5,-2.8,9.894299965127706
551,2023 Maryland,2023,Maryland,Region 1,8,Second Round,1,Kevin Willard,2023 Kevin Willard,Big 10,B10,2023 B10,2023 Maryland,2023 Maryland,15.0,31.6,24.0,14.2,10.7,11.1,38.2,19.2,11.3,7.8,114.136,104.2338,18.3703,77.89,0.23,2.52,24.68,22.91,20.08,13.57,16.8,26.62,38.64,17.51,17.55,9.37,16.89,28.22,21.36,17.8,13.03,19.55,1.00640065,111.5395947,105.01649496,0.863866064,51.1,52.1,33.8,72.2,83.8,18.4,30.2,27.2,64.5,52.0,52.3,33.0,67.9,9.9,90.1,46.3,51.9,37.5,31.7,65.4,73.9,27.299999999999997,80.2,6.7,13.299999999999997,5.8,59.9,36.4,44.1,37.0,40.8,26.8,62.7,31.1,32.8,36.9,67.7,31.9,-1.0,-65.4,-42.6,-38.400000000000006,1.0,65.4,42.6,38.400000000000006,27.176999999999996,23.037599999999998,12.1032,21.162919615843812,17.0884,41.096000000000004,21.5963,24.62431048104021,1.1679900273705321,23.2,43.1,1.3416507319519764,31.1,57.2,0.01999999999999602,0.03999999999999204,0.04000000000000625,24.68,94.90383183166018,-2.5999999999999943,42.821799999999996,9.5864,81.6770794979516,0.5673950074141249,77.37552669917555,3.203505956422442,0.15042000000000003,0.15042000000000003,526.7600000000002,0.1098766939323648,35.784,-526.7600000000002,9.1000908999091,26.964,52.5,41.71000000000001,0,71.6272608252815,-2.8999999999999986,-2.8999999999999995,8.449893893402203
552,2023 West Virginia,2023,West Virginia,Region 1,9,First Round,1,Bob Huggins,2023 Bob Huggins,Big 12,B12,2023 B12,2023 West Virginia,2023 West Virginia,14.1,34.9,21.7,14.3,8.5,9.9,40.4,16.4,12.2,4.2,117.144,102.0004,19.1445,77.42,0.86,2.58,30.69,17.05,17.55,24.87,19.94,20.51,46.47,23.06,11.08,7.45,11.87,26.6,26.83,19.37,13.12,14.0,1.45726282,116.0775261,103.6262771,0.894663175,51.7,49.3,39.7,61.6,81.5,20.9,33.7,29.3,69.9,51.3,49.5,34.8,65.9,8.7,93.7,50.5,49.7,36.3,35.0,69.4,74.1,27.299999999999997,89.7,6.3,7.200000000000003,6.9,60.3,33.3,41.5,39.5,40.7,30.5,61.2,25.4,35.0,36.3,66.0,35.1,2.4000000000000057,-60.6,-37.0,-21.9,-2.4000000000000057,60.6,37.0,21.9,25.730999999999998,25.1185,12.705,24.68837445708675,16.8893,38.7108,23.166,26.710344438063693,1.0908790391449272,19.5,39.599999999999994,1.3218996609783198,25.4,53.6,0.0799999999999983,0.06999999999999318,0.0799999999999983,30.69,96.89016399146193,1.4000000000000057,42.1355,10.3037,83.62192396203666,0.6384242929925033,78.92357100769506,2.686341278849792,0.59684,0.59684,1260.0900000000001,0.09284852883106902,36.894000000000005,-1260.0900000000001,10.768877140558558,21.93,53.75000000000001,40.045,0,69.563502619196,-2.1000000000000014,-4.3,8.984548251298513
553,2023 Utah St.,2023,Utah St.,Region 1,10,First Round,1,Ryan Odom,2023 Ryan Odom,Mountain West,MWC,2023 MWC,2023 Utah St.,2023 Utah St.,18.3,33.4,26.0,19.0,10.1,12.6,39.8,19.6,15.2,4.4,117.762,101.1193,18.8814,78.24,1.49,2.55,23.03,22.58,21.36,15.21,18.38,22.42,44.4,21.8,19.67,9.0,5.04,28.94,21.33,18.84,17.86,12.98,2.948948246,115.5270536,101.97123254,0.868619006,55.6,52.2,35.5,69.8,82.6,15.8,27.4,24.8,69.1,54.1,54.1,38.5,65.7,8.7,92.5,62.3,53.1,42.1,33.8,69.5,76.7,25.799999999999997,85.0,12.0,14.099999999999994,4.8,63.5,36.1,44.8,35.7,39.7,21.9,64.4,30.1,37.9,42.0,65.5,34.1,3.3999999999999986,-66.8,-47.8,-34.3,-3.3999999999999986,66.8,47.8,34.3,33.1235,24.612299999999998,15.918,22.281887262976625,16.6704,41.71990000000001,22.335500000000003,24.02845535332363,1.1452108283136118,28.1,48.1,1.187648456057007,30.1,59.5,0.04999999999999716,0.0899999999999892,0.04999999999999716,23.03,96.84047471920226,1.5,45.925599999999996,8.2476,77.10236924825054,0.7398962007577106,76.65188503569902,3.051548761565426,1.03555,1.03555,922.0100000000002,0.094053037264462,48.449999999999996,-922.0100000000002,10.630961958395588,25.755,53.69500000000001,40.260000000000005,2,71.726323294744,-3.8000000000000007,-5.699999999999999,9.145732854827369
554,2023 NC St.,2023,North Carolina St.,Region 1,11,First Round,1,Kevin Keatts,2023 Kevin Keatts,ACC,ACC,2023 ACC,2023 N.C. State,2023 N.C. State,17.7,33.4,23.8,17.5,7.1,11.4,39.5,16.2,11.4,4.8,113.894,99.411,13.3052,77.04,0.84,2.25,26.86,18.66,16.72,25.77,16.96,21.89,33.57,30.95,9.27,17.63,8.57,22.74,27.69,14.31,17.13,18.14,1.128086817,112.9918202,102.19670978,0.840252489,51.8,50.2,25.3,66.0,86.4,19.1,30.7,26.6,69.9,51.5,49.4,34.9,67.8,12.1,93.6,45.0,55.1,37.6,33.5,70.1,72.0,26.599999999999994,81.3,4.7,9.599999999999994,7.3,60.3,31.8,40.5,41.2,41.7,31.1,63.1,25.3,34.7,37.1,68.4,33.5,1.5999999999999943,-67.30000000000001,-42.7,-40.7,-1.5999999999999943,67.30000000000001,42.7,40.7,22.9965,25.842400000000005,12.873700000000001,20.878697277368623,17.3868,38.8783,22.914,26.75780260036314,0.9838009757149403,18.9,36.5,1.447717978567804,25.3,51.5,1.4210854715202004e-14,0.010000000000019327,-0.009999999999990905,26.86,96.17048958742765,2.0999999999999943,44.7552,9.5882,83.1793366620074,0.5562353988207809,76.92004143168816,4.051172707889128,0.5888399999999999,0.5888399999999999,66.00000000000045,0.12927212316107733,39.375,-66.00000000000045,7.734897942318817,15.975,52.255,40.075,1,72.30196189228121,-6.1,-2.3,8.95676578280288
555,2023 Charleston,2023,College of Charleston,Region 1,12,First Round,1,Pat Kelsey,2023 Pat Kelsey,CAA,CAA,2023 CAA,2023 Charleston,2023 Charleston,9.5,36.5,18.5,11.0,3.8,7.0,42.1,13.5,9.4,4.2,111.378,100.3829,11.7607,76.91,-0.22,2.04,38.18,21.41,18.35,15.06,25.16,19.99,34.39,20.83,20.41,13.52,10.77,31.72,19.86,20.56,15.83,11.97,1.663132365,109.2234817,102.26640912,0.782148965,51.5,52.1,32.7,75.3,83.3,19.3,35.1,25.5,70.8,52.9,50.9,33.3,69.7,7.8,89.1,49.1,55.2,47.4,32.0,71.8,74.3,32.0,86.5,4.6,20.5,3.2,60.9,33.8,39.3,33.0,37.5,18.8,61.7,35.1,33.0,47.3,69.9,31.9,-0.6000000000000014,-64.0,-39.4,-42.599999999999994,0.6000000000000014,64.0,39.4,42.599999999999994,24.563199999999995,22.659,15.608999999999998,24.60492836811357,13.625,43.9548,22.298099999999998,22.35434335127442,0.8118221602080294,31.2,38.4,1.1347606658098492,35.1,63.8,0.030000000000001137,0.0800000000000125,0.060000000000002274,38.18,96.26704808496011,3.799999999999997,42.899499999999996,10.0553,83.31649213618654,0.608418730870745,75.95052803895985,3.3051913059098252,-0.15796,-0.15796,20.01000000000022,0.08754110503810282,22.44,-20.01000000000022,11.421612613767465,7.752,53.35,42.06,1,68.8863941333868,-1.5999999999999996,0.40000000000000036,8.595205506062227
556,2023 Furman,2023,Furman,Region 1,13,Second Round,1,Bob Richey,2023 Bob Richey,Southern,SC,2023 SC,2023 Furman,2023 Furman,13.7,36.8,13.9,12.4,3.3,9.9,41.9,13.0,10.3,2.7,114.2,94.225,8.42507,76.61,-0.76,1.85,26.22,17.18,23.44,18.3,22.56,18.52,29.24,25.96,23.61,15.32,5.87,21.0,28.45,21.28,12.27,16.99,-1.995355593,111.9162048,95.9456498,0.697965026,55.6,49.4,34.7,68.2,84.2,18.4,29.6,27.1,68.8,59.1,48.8,34.4,66.9,8.3,91.8,58.5,56.8,46.4,35.2,69.1,73.5,29.200000000000003,91.5,9.1,6.400000000000006,3.8,65.9,37.8,40.0,40.3,39.7,15.6,62.2,24.9,34.1,46.7,67.3,34.8,6.200000000000003,-65.80000000000001,-43.3,-33.5,-6.200000000000003,65.80000000000001,43.3,33.5,33.2367,22.117900000000006,15.924700000000003,26.398232264048794,16.363200000000003,38.908199999999994,23.420399999999994,27.712136330496065,1.0042611507248238,34.4,46.9,1.2672049653745583,24.9,55.900000000000006,0.0,0.0,0.010000000000005116,26.22,97.1973227085517,1.0999999999999943,46.815200000000004,9.089599999999999,77.06880073492528,0.7169029791301578,77.31325088666412,3.594709195620531,-0.52516,-0.52516,559.01,0.09041295846450476,22.94,-559.01,11.058908565233104,6.1049999999999995,54.415000000000006,40.010000000000005,2,68.647894340338,-2.0999999999999996,-0.5999999999999996,9.619797083607498
557,2023 UC Santa Barbara,2023,UC Santa Barbara,Region 1,14,First Round,1,Joe Pasternack,2023 Joe Pasternack,Big West,BW,2023 BW,2023 UC Santa Barbara,2023 UC Santa Barbara,13.4,36.3,10.0,8.4,6.1,10.1,41.3,9.9,9.2,0.7,111.335,95.307,6.6422,77.9,1.13,2.29,21.86,19.4,20.42,24.71,18.97,16.49,42.2,26.64,5.87,18.16,7.07,25.87,27.67,11.97,16.57,17.89,-1.513626926,108.6685995,95.9601997,0.622597413,54.2,50.2,34.9,70.8,83.2,18.7,26.6,26.1,65.2,54.8,51.1,35.1,65.5,6.6,93.9,52.9,51.5,29.1,31.1,65.4,73.7,24.799999999999997,88.1,4.7,8.5,3.8,63.5,40.6,41.7,37.5,43.2,30.3,61.5,31.0,34.9,29.1,65.4,31.5,4.0,-64.5,-47.3,-35.9,-4.0,64.5,47.3,35.9,29.921699999999998,23.2455,10.1559,23.7176973306151,15.9605,39.666000000000004,20.601000000000003,26.009277191033203,1.556647537885296,19.7,45.300000000000004,1.3110694898574646,31.0,58.7,0.010000000000005116,0.060000000000002274,0.029999999999986926,21.86,96.99577464227465,-2.5999999999999943,45.09440000000001,9.387400000000001,78.05751636322549,0.650668503462442,77.37142124986886,3.065293732515922,0.73902,0.73902,816.2900000000004,0.07028679140797221,19.236,-816.2900000000004,14.225117406453569,13.969,53.035000000000004,40.595,0,70.77074608274408,0.7999999999999989,-5.3999999999999995,9.181600705082468
558,2023 Princeton,2023,Princeton,Region 1,15,First Round,1,Mitch Henderson,2023 Mitch Henderson,Ivy,Ivy,2023 Ivy,2023 Princeton,2023 Princeton,10.0,36.5,9.6,6.3,5.8,7.9,40.7,9.4,6.5,2.9,109.093,96.473,5.5658,77.42,-0.46,1.8,24.06,25.33,18.5,16.88,19.12,20.14,36.64,24.79,23.37,7.46,7.66,22.91,22.1,21.28,16.76,16.9,-3.192400978,107.609899,98.4102352,0.659721483,52.5,52.0,32.2,70.7,83.1,14.5,28.4,22.8,68.3,53.5,52.8,34.0,66.9,8.2,90.2,47.9,56.7,40.7,32.6,68.1,71.3,31.099999999999994,89.6,6.4,9.299999999999997,3.6,57.1,44.0,46.1,38.3,42.6,15.2,59.7,28.8,33.7,40.8,67.3,32.9,0.5,-68.6,-48.8,-38.5,-0.5,68.6,48.8,38.5,30.858400000000003,20.224800000000002,13.749600000000001,24.540918211563856,17.9911,39.3353,22.141699999999997,25.739981869975487,1.2352638415725106,34.8,50.4,1.2735175222637611,28.8,58.1,0.030000000000001137,0.0800000000000125,0.04999999999998295,24.06,96.79114038948414,0.09999999999999432,43.6275,7.539999999999999,80.14664901542365,0.5602273657618039,75.20809331783609,3.3548310750843133,-0.31326,-0.31326,97.0900000000006,0.09090808305894611,11.34,-97.0900000000006,10.998658700158519,10.44,52.285,39.59,0,69.4353818439109,0.20000000000000018,-2.9,8.808020813898045
559,2023 Southeast Missouri St.,2023,Southeast Missouri St.,Region 1,16,First Round,1,Brad Korn,2023 Brad Korn,Ohio Valley,OVC,2023 OVC,2023 Southeast Missouri St.,2023 Southeast Missouri St.,7.3,40.5,-6.0,-1.3,-6.8,6.2,44.1,-1.4,1.4,-2.9,100.937,91.851,-7.21197,76.03,-0.93,1.74,33.99,18.83,14.7,17.25,22.97,26.22,32.08,30.41,18.39,7.46,11.65,20.82,29.72,15.36,21.68,12.41,-11.65580451,98.74144202,93.1061343,0.286526452,50.0,48.4,38.3,56.4,82.7,19.0,25.3,27.9,73.8,50.0,49.2,33.3,64.7,8.5,92.3,51.1,49.3,39.8,35.5,72.9,71.8,31.0,88.1,4.8,10.700000000000003,5.9,62.3,32.1,39.3,38.8,36.6,27.9,64.4,25.8,33.2,40.0,65.0,35.4,1.6000000000000014,-63.7,-46.8,-18.1,-1.6000000000000014,63.7,46.8,18.1,24.2271,23.4914,13.28,25.577920165642862,15.879699999999996,39.62520000000001,23.01,25.72450193881312,0.9224769380765481,22.1,36.9,1.2626761955876953,25.8,55.300000000000004,0.030000000000001137,0.010000000000005116,0.009999999999990905,33.99,95.40297596264713,4.900000000000006,41.35,9.196,78.39710150321095,0.6308564091801335,78.48838335360142,2.849546269001792,-0.6779700000000001,-0.6779700000000001,1001.5399999999997,0.09209000985904811,-2.262,-1001.5399999999997,10.857546171038702,-11.831999999999999,51.48,38.15,0,68.27699029939139,2.7,3.9,8.489091146627182
560,2023 Kansas,2023,Kansas,Region 3,1,Second Round,1,Bill Self,2023 Bill Self,Big 12,B12,2023 B12,2023 Kansas,2023 Kansas,17.4,28.6,29.8,15.6,14.3,11.7,36.6,18.8,11.5,7.1,114.61,108.5259,23.1356,77.46,0.13,1.49,17.96,21.59,29.2,19.71,14.69,14.76,21.9,22.48,30.86,17.13,7.55,20.32,30.0,20.0,19.01,10.61,10.07485603,112.8964167,108.53612095,0.918418895,52.4,52.9,29.8,68.8,82.5,20.2,28.4,28.3,70.1,52.9,52.8,34.4,68.8,10.0,92.7,59.5,53.8,34.1,35.1,69.9,71.7,27.700000000000003,89.8,9.0,17.5,5.9,63.5,40.3,40.8,36.1,36.6,25.9,67.8,28.6,34.7,33.8,69.0,35.3,-0.5,-62.3,-43.3,-39.0,0.5,62.3,43.3,39.0,33.6725,21.208,11.728599999999998,26.004166332852638,15.7613,43.7478,24.357,24.581344552322598,1.458536729682554,24.1,49.3,1.1897679952409281,28.6,58.0,0.04999999999999716,0.0800000000000125,0.060000000000002274,17.96,94.0228476679944,1.9000000000000057,43.23,10.685799999999999,77.39277062321938,0.7456046916705305,77.81514281471965,3.0741100508542365,0.09087000000000002,0.09087000000000002,230.9000000000001,0.10787370147031854,23.244,-230.9000000000001,9.269073092690732,21.307000000000002,51.735,42.19,0,68.34749718904293,-4.1,-7.200000000000001,8.060515411386486
561,2023 UCLA,2023,UCLA,Region 3,2,Sweet 16,2,Mick Cronin,2023 Mick Cronin,Pac 12,P12,2023 P12,2023 UCLA,2023 UCLA,13.8,31.1,26.7,11.1,18.3,11.8,36.6,22.1,13.1,9.0,114.875,112.7577,27.6323,76.96,0.2,1.87,28.41,13.27,27.55,22.63,15.25,21.31,36.63,28.15,20.73,8.21,6.28,21.22,28.6,22.5,15.32,12.36,8.403243105,113.1833449,112.60792144,0.951383321,50.9,53.2,27.1,72.4,84.7,23.6,33.7,27.6,67.3,50.4,53.2,34.7,68.9,11.9,93.7,50.9,48.7,29.1,39.3,67.0,72.2,30.299999999999997,90.2,7.7,19.200000000000003,6.0,62.7,35.7,46.4,33.9,38.3,35.3,61.5,27.4,34.9,29.0,68.9,38.8,-2.3000000000000043,-61.1,-38.699999999999996,-45.300000000000004,2.3000000000000043,61.1,38.699999999999996,45.300000000000004,29.329300000000003,23.640899999999995,10.120999999999999,25.638041396851413,16.8816,43.584199999999996,26.7332,21.962543872086705,1.4965001206854938,14.700000000000003,43.400000000000006,1.028324012267725,27.4,60.1,-0.010000000000005116,0.0,1.4210854715202004e-14,28.41,94.2230873297236,-1.0,43.1123,12.555200000000001,83.74573061956666,0.6662216463135299,77.07873176676124,3.1827985099013145,0.134,0.134,-237.09999999999968,0.12699971184939327,20.757,237.09999999999968,7.873287958995043,34.221000000000004,52.339999999999996,43.56,1,68.79651857310675,2.0,-9.3,7.687683965849197
562,2023 Gonzaga,2023,Gonzaga,Region 3,3,Second Round,1,Mark Few,2023 Mark Few,WCC,WCC,2023 WCC,2023 Gonzaga,2023 Gonzaga,18.5,34.4,27.3,21.5,7.7,13.7,39.8,21.7,17.2,4.4,124.004,100.3063,24.3101,78.07,0.93,2.16,24.84,28.31,19.91,19.33,18.34,14.05,38.69,32.82,12.1,12.87,3.45,24.91,22.46,24.22,16.13,12.21,6.644366944,122.6176847,101.44906366,0.925029008,58.5,48.3,34.2,73.3,85.4,18.8,31.1,26.0,71.5,59.0,48.8,38.4,65.0,9.0,94.4,50.7,54.7,32.8,39.4,70.7,70.2,26.5,92.9,5.7,15.700000000000003,6.2,67.5,39.7,39.4,34.8,44.9,27.7,62.7,26.2,37.5,32.6,64.8,39.0,10.200000000000003,-66.60000000000001,-42.9,-39.099999999999994,-10.200000000000003,66.60000000000001,42.9,39.099999999999994,32.0928,24.662300000000002,12.225,24.973052142926655,14.684599999999998,41.6994,25.272,23.04698100258108,1.392595319161989,22.3,45.400000000000006,1.051255096023179,26.2,59.0,0.060000000000002274,0.07000000000000739,0.06999999999999318,24.84,94.8117806522854,2.700000000000003,49.959,9.0804,80.60040403515819,0.6243765470868585,77.28555302636912,3.74631874529142,0.65751,0.65751,458.3900000000003,0.09533797311469157,46.440000000000005,-458.3900000000003,10.487723586268194,16.632,56.1,40.214999999999996,3,70.85109024461094,-4.300000000000001,-3.3,9.862410313107821
563,2023 Connecticut,2023,Connecticut,Region 3,4,Champion,3,Dan Hurley,2023 Dan Hurley,Big East,BE,2023 BE,2023 Connecticut,2023 Connecticut,18.1,31.9,35.6,22.8,14.7,12.6,39.4,23.2,17.2,6.0,119.437,105.9314,25.3686,78.31,0.99,1.74,28.99,30.62,15.25,20.62,18.76,14.69,42.48,19.86,16.23,12.81,8.55,34.24,18.35,19.04,16.78,11.53,5.033588826,118.9010127,107.5463301,0.947509869,53.5,54.5,31.4,61.3,81.1,19.4,39.2,26.2,68.6,53.4,54.2,35.7,70.0,12.9,91.7,62.6,59.0,42.0,30.3,67.7,75.4,26.400000000000006,85.0,11.8,13.200000000000003,4.6,64.2,37.8,46.6,37.9,34.1,20.5,66.4,31.7,36.3,41.7,70.3,30.4,-1.0,-61.699999999999996,-34.599999999999994,-29.9,1.0,61.699999999999996,34.599999999999994,29.9,34.2976,22.1276,15.1371,24.297462144567007,18.2686,42.42,21.371199999999998,26.101005727749264,1.1894199179875782,29.5,49.599999999999994,1.3979803295944213,31.7,57.5,0.05999999999998806,0.07000000000000739,0.060000000000002274,28.99,93.56835402093678,-0.29999999999999716,43.38849999999999,10.572999999999999,81.47933923732806,0.776665301919331,76.4262926554498,3.121527961483518,0.67023,0.67023,749.2399999999998,0.14067458370137728,39.672000000000004,-749.2399999999998,7.107976125881715,25.578,54.225,41.085,1,69.32079047164453,-5.600000000000001,-8.7,8.774831873912042
564,2023 Saint Mary's,2023,Saint Mary's,Region 3,5,Second Round,1,Randy Bennett,2023 Randy Bennett,WCC,WCC,2023 WCC,2023 Saint Mary's,2023 Saint Mary's,16.3,27.7,27.9,13.0,11.4,9.7,36.1,19.3,8.8,10.4,113.47,108.4264,21.896,78.12,1.1,1.94,18.6,21.25,10.01,20.51,24.11,24.08,44.92,26.87,17.17,4.04,6.95,24.9,24.32,18.47,11.22,21.06,3.404087453,111.6893454,110.87898107,0.930594029,52.5,53.3,31.2,69.7,83.6,19.0,33.1,21.8,63.6,51.0,54.4,36.7,67.2,9.9,89.9,48.3,63.4,37.0,31.8,62.8,69.1,24.799999999999997,91.7,3.0,13.900000000000006,3.0,56.9,43.5,46.6,37.7,37.3,19.7,63.9,30.2,36.1,36.8,66.7,32.0,-0.7999999999999972,-64.6,-45.099999999999994,-38.5,0.7999999999999972,64.6,45.099999999999994,38.5,27.5025,20.6329,13.2848,25.948667274704754,17.985200000000003,40.6418,21.344,24.269785742770782,1.2635526208526944,30.3,46.5,1.2718352551482768,30.2,59.3,0.04000000000000625,0.04999999999998295,0.030000000000001137,18.6,94.18706442492264,-5.200000000000003,43.89,10.126999999999999,84.85636500496022,0.5962889347045097,74.30585054371521,3.8656179501249905,0.6908,0.6908,427.3599999999997,0.11012113324657122,25.22,-427.3599999999997,9.079890920109081,22.116,53.199999999999996,40.885,0,68.14146927428463,-4.199999999999999,-1.0,7.965066948022363
565,2023 TCU,2023,TCU,Region 3,6,Second Round,1,Jamie Dixon,2023 Jamie Dixon,Big 12,B12,2023 B12,2023 TCU,2023 TCU,13.9,32.9,27.7,16.6,11.9,7.5,40.5,18.4,10.7,7.8,112.366,105.6973,18.0633,77.54,0.05,2.24,38.16,18.12,20.91,18.86,17.76,24.32,38.45,26.62,24.09,6.98,3.8,22.57,21.56,19.87,19.59,16.39,2.241294776,110.3751295,106.60374155,0.872237178,50.2,52.2,33.9,70.3,82.9,21.9,32.4,30.7,70.9,51.9,50.9,30.6,69.6,12.5,89.9,58.6,44.1,29.4,35.0,70.6,70.1,28.900000000000006,85.2,7.2,10.0,6.8,61.4,45.5,42.8,38.7,33.2,24.6,62.6,26.3,31.0,29.9,69.2,35.0,-2.0,-61.00000000000001,-36.900000000000006,-36.4,2.0,61.00000000000001,36.900000000000006,36.4,34.0714,17.4362,9.269,25.71043886569552,17.243599999999997,40.683800000000005,24.22,26.58288923349003,1.7624828601050133,25.4,52.7,1.2999628582040514,26.3,54.5,0.030000000000001137,0.05999999999998806,0.01999999999999602,38.16,97.29159087285544,2.5999999999999943,41.61580000000001,11.431799999999999,78.15260321698617,0.750310495384182,77.68592515634415,2.578796561604585,0.0353,0.0353,344.7199999999996,0.1390418349072869,37.184000000000005,-344.7199999999996,7.191424686025119,26.656000000000002,52.37000000000001,43.040000000000006,1,67.21085693921162,-5.900000000000002,-4.1000000000000005,8.13082376916185
566,2023 Northwestern,2023,Northwestern,Region 3,7,Second Round,1,Chris Collins,2023 Chris Collins,Big 10,B10,2023 B10,2023 Northwestern,2023 Northwestern,10.2,32.0,16.7,3.6,12.5,8.1,37.8,13.3,6.5,6.6,108.511,106.3213,14.8321,77.68,1.11,2.33,26.09,14.31,17.42,22.47,17.74,28.01,40.75,24.77,14.16,12.2,8.05,22.2,21.68,17.76,22.73,15.57,1.604013617,106.6372437,108.28307057,0.849840071,47.2,51.6,29.7,68.4,85.2,21.7,28.3,27.3,65.4,46.5,53.4,32.1,66.1,13.5,89.9,55.0,39.0,41.2,42.4,65.6,75.1,32.3,91.1,7.8,6.0,6.4,55.9,33.0,42.3,32.7,35.0,26.0,67.2,25.4,32.1,41.0,66.2,41.9,-4.399999999999999,-63.5,-44.4,-38.7,4.399999999999999,63.5,44.4,38.7,25.552799999999998,22.261000000000003,13.161000000000001,27.20127141636336,14.2161,44.8066,27.737800000000004,28.69289981859624,0.995097680544377,24.0,40.8,0.9331519534139998,25.4,60.9,0.04999999999999716,0.07000000000000739,0.060000000000002274,26.09,94.65208919296516,-2.4000000000000057,40.214400000000005,11.1972,78.95378473524633,0.7024175936450364,76.04285506375004,2.6349570974934133,0.72816,0.72816,21.149999999999636,0.15016518169986984,8.388,-21.149999999999636,6.65876601733205,29.125,50.295,41.785000000000004,1,66.30473080643516,2.9,-5.9,7.70585521569793
567,2023 Arkansas,2023,Arkansas,Region 3,8,Sweet 16,2,Eric Musselman,2023 Eric Musselman,SEC,SEC,2023 SEC,2023 Arkansas,2023 Arkansas,12.3,31.3,23.4,10.2,11.0,9.2,38.5,18.0,9.2,8.8,112.596,106.0323,18.6287,78.72,0.28,1.44,25.88,20.72,14.76,20.4,25.02,19.07,30.63,34.44,15.76,10.87,8.27,30.47,21.15,18.24,12.9,17.21,0.37778832,110.708574,108.01334585,0.893829101,52.0,53.5,38.8,61.1,81.7,20.4,30.5,28.2,70.1,53.8,53.1,31.7,69.4,13.4,93.2,49.6,55.8,28.2,30.1,70.4,69.0,28.599999999999994,92.0,11.7,4.200000000000003,6.8,66.3,40.0,43.5,41.4,35.4,32.3,66.0,28.1,31.3,27.7,68.9,30.5,-1.5,-61.300000000000004,-41.3,-22.300000000000004,1.5,61.300000000000004,41.3,22.300000000000004,37.284,20.1043,8.6701,28.49730981455384,18.2946,39.560500000000005,21.0145,29.87423639191469,1.8663586152124472,17.700000000000003,51.7,1.5802760565227367,28.1,51.800000000000004,0.030000000000001137,0.030000000000001137,0.030000000000001137,25.88,96.31892950352754,2.4000000000000057,42.484,10.914,79.89982545368667,0.6231077499026394,77.63952040224578,3.049013715097536,0.19712000000000005,0.19712000000000005,929.7400000000002,0.14377528138110104,14.687999999999999,-929.7400000000002,6.954704872770689,15.84,53.145,41.305,0,66.37418506998945,-1.0,-2.1999999999999993,8.118928204630054
568,2023 Illinois,2023,Illinois,Region 3,9,First Round,1,Brad Underwood,2023 Brad Underwood,Big 10,B10,2023 B10,2023 Illinois,2023 Illinois,12.4,32.7,23.8,12.4,11.0,9.6,39.5,17.9,10.8,7.1,112.167,104.3136,16.4805,78.74,1.31,1.41,33.06,17.94,25.38,13.33,25.06,18.27,27.19,23.43,25.33,17.08,6.95,22.35,26.68,19.58,17.22,14.14,0.885309261,108.9880652,105.58283706,0.838948945,51.6,53.1,33.8,70.4,81.8,18.6,32.3,26.8,69.3,55.3,54.7,30.9,66.4,14.0,91.9,46.6,55.3,41.9,30.9,70.5,68.0,29.799999999999997,93.0,8.8,20.900000000000006,5.0,66.1,36.0,45.4,33.2,37.1,22.1,63.5,36.3,30.8,41.9,66.6,30.5,-1.5,-63.199999999999996,-40.900000000000006,-36.60000000000001,1.5,63.199999999999996,40.900000000000006,36.60000000000001,31.98,21.104300000000002,12.9052,28.641519978287928,16.1178,43.363499999999995,20.313,20.996348888953683,1.0691868929142503,27.9,44.8,1.252417953509721,36.3,61.8,0.020000000000010232,0.01999999999999602,0.030000000000001137,33.06,94.84555240593136,2.5,42.2088,9.876600000000002,80.24067547899756,0.5724745396248203,77.65403526764746,3.0382945991978456,0.9235500000000001,0.9235500000000001,200.47999999999956,0.15233784180803253,17.483999999999998,-200.47999999999956,6.563816870223556,15.51,52.620000000000005,41.81,0,66.45898260694217,-1.5999999999999996,-3.9000000000000004,8.252761358429213
569,2023 Boise St.,2023,Boise St.,Region 3,10,First Round,1,Leon Rose,2023 Leon Rose,Mountain West,MWC,2023 MWC,2023 Boise St.,2023 Boise St.,14.9,29.6,22.3,11.7,10.5,9.8,37.6,15.6,8.3,7.4,110.969,106.1648,17.1342,77.65,-0.6,2.14,20.19,17.77,21.8,19.35,21.35,19.69,38.72,20.76,23.53,7.43,9.5,20.38,20.26,16.81,18.15,24.35,2.144838709,108.2157551,107.10639875,0.852674106,51.9,52.7,30.7,72.6,83.3,17.7,26.4,23.8,67.0,50.7,52.2,36.0,69.0,8.2,90.5,43.0,54.0,37.9,37.4,67.3,73.9,30.700000000000003,84.1,5.3,17.599999999999994,5.6,62.9,31.9,40.4,33.8,37.8,30.0,66.1,28.4,36.0,38.1,68.3,37.8,-0.8000000000000043,-65.6,-49.8,-41.89999999999999,0.8000000000000043,65.6,49.8,41.89999999999999,24.522399999999998,25.056,13.716000000000001,22.8465898257632,14.640799999999997,44.5898,25.8174,23.9553751796961,0.9763523267105849,20.0,37.199999999999996,1.042300468241581,28.4,60.6,0.03999999999999204,0.060000000000002274,0.05000000000001137,20.19,98.37567860323149,-0.7000000000000028,43.232699999999994,9.3279,81.33921637104791,0.5224723879418233,75.27609794807762,3.2333393209987418,-0.40379999999999994,-0.40379999999999994,39.909999999999854,0.09060673362725273,25.038,-39.909999999999854,11.03523960492623,22.470000000000002,51.47,41.155,0,70.72736022115876,-3.3999999999999986,-3.0999999999999996,7.952424415395541
570,2023 Arizona St.,2023,Arizona St.,Region 3,11,First Round,1,Bobby Hurley,2023 Bobby Hurley,Pac 12,P12,2023 P12,2023 Arizona St.,2023 Arizona St.,11.4,32.7,22.4,11.3,12.1,7.1,39.3,16.5,7.8,8.8,107.586,104.7899,12.3762,77.11,0.92,2.11,31.55,17.24,16.43,24.87,18.77,22.64,38.55,22.62,21.46,9.57,7.75,26.95,22.47,17.01,15.32,18.21,1.22719058,105.7696107,106.20847847,0.799339444,47.5,53.6,30.8,66.6,83.1,20.6,29.6,31.8,69.2,47.9,56.2,31.4,66.4,13.2,91.8,56.9,46.1,39.5,39.1,69.1,68.9,29.799999999999997,88.6,10.1,18.599999999999994,6.7,56.5,32.3,50.5,36.0,39.3,28.3,64.9,25.0,32.2,39.3,65.9,39.0,-6.100000000000001,-62.49999999999999,-38.599999999999994,-35.8,6.100000000000001,62.49999999999999,38.599999999999994,35.8,27.198099999999997,23.7765,12.6546,25.130658566778543,19.426199999999998,41.926,25.701000000000004,22.06828418039488,1.078852955395537,21.7,42.4,1.0948437219558473,25.0,57.3,0.04999999999999716,0.05000000000001137,0.03999999999999204,31.55,96.37503793123294,1.0999999999999943,39.4725,11.0416,78.39921200303782,0.7166156597523959,79.67810296675871,2.7276492515235775,0.63572,0.63572,137.44000000000074,0.14378928334114005,23.843,-137.44000000000074,6.954018634951898,25.531,50.315,42.94,1,68.30205242791291,-3.500000000000001,-3.299999999999999,7.766731176084944
571,2023 VCU,2023,VCU,Region 3,12,First Round,1,Mike Rhoades,2023 Mike Rhoades,Atlantic 10,A10,2023 A10,2023 VCU,2023 VCU,9.7,32.4,15.9,3.0,12.0,6.7,38.3,11.4,2.8,8.8,107.195,105.9551,13.1498,77.58,-0.18,1.76,31.48,22.53,22.3,17.92,17.49,19.74,46.12,25.32,13.28,6.81,8.44,27.78,28.77,17.98,13.32,12.13,0.973177025,104.1849978,106.89750977,0.784717547,52.2,53.0,41.8,69.5,80.5,24.1,29.0,29.8,68.4,52.3,53.8,34.7,67.7,12.7,90.3,53.1,49.0,32.8,34.1,68.8,69.7,29.700000000000003,86.2,10.3,13.400000000000006,7.7,59.7,45.2,46.8,44.0,36.0,22.2,67.1,21.9,34.8,32.7,68.1,34.1,-0.7999999999999972,-56.4,-41.2,-27.700000000000003,0.7999999999999972,56.4,41.2,27.700000000000003,35.86300000000001,19.3716,11.3796,24.23391218932676,21.6238,37.917,23.2221,25.589906864491187,1.6971958044096511,27.8,55.5,1.5160845722999328,21.9,48.3,0.020000000000010232,0.030000000000001137,0.020000000000010232,31.48,97.63436477875392,0.7999999999999972,42.02100000000001,12.773000000000001,79.92020197610022,0.6995955257506488,78.67703114472224,2.512691656838111,-0.12383999999999999,-0.12383999999999999,849.31,0.14064074594965725,5.28,-849.31,7.109676403432801,21.12,53.075,43.61,0,69.09330528159231,-0.20000000000000018,-3.1999999999999993,7.6169257834140724
572,2023 Iona,2023,Iona,Region 3,13,First Round,1,Rick Pitino,2023 Rick Pitino,MAAC,MAAC,2023 MAAC,2023 Iona,2023 Iona,14.1,32.5,21.5,12.1,10.6,9.1,39.8,15.8,9.7,6.1,110.856,100.8552,11.7114,77.5,1.49,1.9,25.79,17.29,18.94,15.72,21.83,26.2,29.19,35.7,14.21,13.11,7.76,24.2,25.69,15.48,15.29,19.32,-1.65327101,108.8278939,102.97286164,0.789170904,51.8,54.1,29.0,68.8,84.7,20.9,32.0,30.5,68.8,50.8,53.0,36.0,70.8,14.8,93.5,53.4,49.4,32.1,34.5,69.5,73.1,29.799999999999997,80.9,7.6,19.299999999999997,6.7,55.8,39.5,47.7,39.3,42.9,28.5,60.6,26.1,36.2,32.0,70.3,34.6,-2.3000000000000043,-63.800000000000004,-37.5,-39.8,2.3000000000000043,63.800000000000004,37.5,39.8,28.1894,23.810499999999998,11.584000000000001,19.722153364512035,20.039199999999997,40.1404,24.323800000000002,22.144431203653287,1.4718290053435832,21.5,47.1,1.329441345625849,26.1,54.0,0.01999999999999602,0.030000000000001137,0.020000000000010232,25.79,95.8595012377734,1.5,43.874599999999994,11.3069,82.3834727803535,0.6750862820950431,78.06715374811412,3.2285471537807995,1.03555,1.03555,69.65999999999985,0.15828707714355997,22.99,-69.65999999999985,6.317140733734207,20.139999999999997,52.644999999999996,43.285000000000004,2,73.23020331852378,-2.4000000000000004,-4.5,8.491490855296945
573,2023 Grand Canyon,2023,Grand Canyon,Region 3,14,First Round,1,Bryce Drew,2023 Bryce Drew,WAC,WAC,2023 WAC,2023 Grand Canyon,2023 Grand Canyon,13.9,39.1,10.9,13.0,1.5,10.0,42.6,8.7,10.7,-2.0,112.317,93.675,5.99141,77.15,-0.6,1.71,32.12,15.16,21.31,15.32,28.41,19.75,43.97,25.96,10.25,9.87,9.86,28.05,24.96,15.98,17.32,13.6,-3.76139515,109.7805704,95.4902591,0.63780219,52.9,52.8,37.8,66.8,81.6,15.0,30.5,30.3,65.9,50.5,53.2,37.6,68.0,8.0,91.9,47.1,56.9,40.8,32.8,65.7,71.5,30.0,78.6,5.2,13.700000000000003,3.9,53.8,38.0,46.7,41.1,44.4,21.3,62.6,26.3,37.5,40.7,67.7,32.6,0.10000000000000142,-66.6,-39.2,-29.0,-0.10000000000000142,66.6,39.2,29.0,24.5312,24.7197,15.2625,17.97115744742113,19.728,38.534000000000006,22.0702,24.351642655065387,1.061398982825975,28.7,43.2,1.3803257568786234,26.3,55.0,0.04999999999999716,0.0899999999999892,0.09000000000000341,32.12,94.57242687750778,-2.299999999999997,43.166399999999996,7.919999999999999,84.01358075107032,0.5541111281043752,79.16275203248799,3.0922232487364805,-0.3942,-0.3942,698.6999999999998,0.08705019531887574,22.23,-698.6999999999998,11.486064241969755,2.565,53.330000000000005,40.95,2,74.88208045074627,-2.3000000000000007,-3.5,9.489944062513342
574,2023 UNC Asheville,2023,UNC Asheville,Region 3,15,First Round,1,Mike Morrell,2023 Mike Morrell,Big South,BSth,2023 BSth,2023 UNC Asheville,2023 UNC Asheville,9.3,36.2,0.7,0.5,-2.1,9.0,40.5,10.6,8.0,2.6,104.141,97.365,1.50642,77.41,0.63,2.74,26.79,31.49,17.63,22.52,12.46,15.84,32.85,37.02,18.07,5.73,6.27,35.91,23.98,19.19,10.97,9.89,-1.862200842,101.2242144,97.6000841,0.466848523,53.9,52.0,41.3,73.2,80.0,17.9,25.8,28.7,68.6,51.4,50.9,38.8,69.5,10.2,88.8,50.1,54.8,37.2,34.0,69.1,69.3,28.200000000000003,92.7,7.4,8.5,6.2,61.4,35.3,41.0,37.7,37.9,27.4,63.0,28.5,38.6,37.3,69.4,33.8,1.8999999999999986,-62.1,-45.5,-31.900000000000006,-1.8999999999999986,62.1,45.5,31.900000000000006,28.533999999999995,24.7824,14.3978,25.791019108725944,15.984,41.4122,23.457199999999997,27.487618424786582,1.1447414278437575,22.6,42.699999999999996,1.2987781426585017,28.5,56.099999999999994,0.060000000000002274,0.060000000000002274,0.060000000000002274,26.79,92.61515267591807,1.0999999999999943,43.120000000000005,9.308,80.09980189079168,0.6102239923996053,77.72208870052341,2.739863006849657,0.43532999999999994,0.43532999999999994,797.8499999999995,0.11486357135617842,1.37,-797.8499999999995,8.705028918733458,-5.7540000000000004,52.915,41.995000000000005,1,69.09108937654068,7.5,4.7,8.195828112482797
575,2023 Howard,2023,Howard,Region 3,16,First Round,1,Kenny Blakeney,2023 Kenny Blakeney,MEAC,MEAC,2023 MEAC,2023 Howard,2023 Howard,7.6,39.8,2.3,4.5,-2.8,6.1,44.2,4.2,5.5,-1.4,103.701,93.086,-3.21361,76.88,0.68,1.64,36.28,19.02,22.95,18.3,21.31,18.36,20.05,24.63,26.17,22.42,6.64,24.26,23.27,20.11,15.6,16.69,-7.319400823,100.9045357,94.2693987,0.368821933,52.0,49.4,32.8,65.4,77.2,20.7,33.8,31.6,71.0,49.9,49.2,37.2,66.4,8.2,91.3,54.7,53.0,36.1,37.1,69.7,71.6,30.700000000000003,81.5,5.5,9.799999999999997,6.9,58.1,41.5,41.3,34.3,34.2,22.0,58.1,28.8,36.9,36.5,66.2,36.8,2.6000000000000014,-56.5,-34.599999999999994,-32.60000000000001,-2.6000000000000014,56.5,34.599999999999994,32.60000000000001,28.594,20.9925,13.468499999999999,21.988538681170546,14.842099999999997,41.0944,24.3616,24.956562263260544,1.2876359551793102,28.0,47.0,1.1195347952501291,28.8,58.800000000000004,0.060000000000002274,0.09000000000000341,0.07000000000000739,36.28,97.94100267120135,1.7000000000000028,40.144,10.2258,83.53405792664918,0.6897769258899635,80.11716952389047,2.32445945353274,0.4739600000000001,0.4739600000000001,340.69999999999914,0.08981281694614515,7.38,-340.69999999999914,11.132788684306794,-4.592,51.78,41.065000000000005,2,70.55022495342119,1.0,1.4,8.640223661735796
576,2024 Connecticut,2024,Connecticut,Region 1,1,Champion,3,Dan Hurley,2024 Dan Hurley,Big East,BE,2024 BE,2024 Connecticut,2024 Connecticut,23.0,30.5,47.1,31.2,19.5,15.2,38.0,33.3,22.1,11.2,126.609,105.6041,32.2129,78.42,1.53,2.43106,28.14,22.54,18.97,20.91,21.4,16.13,33.13,18.66,20.29,13.83,14.05,25.88,17.21,20.98,20.55,15.33,11.23719633,126.8045388,105.87997594,0.968564407,57.1,54.9,33.3,67.5,85.1,16.2,36.5,26.8,66.2,58.5,56.3,36.7,68.1,14.2,91.7,63.7,54.0,40.9,33.2,65.6,74.2,27.799999999999997,90.8,13.8,18.200000000000003,5.0,67.4,41.4,51.2,37.4,40.4,18.4,64.0,29.7,35.8,40.2,68.8,32.9,2.200000000000003,-68.89999999999999,-36.7,-34.2,-2.200000000000003,68.89999999999999,36.7,34.2,40.434,21.8252,14.3916,25.59531207076796,20.0588,41.6432,22.6352,22.81015855563773,1.3731001716375215,31.6,55.2,1.2887146287346891,29.7,57.6,0.05000000000001137,0.03999999999999204,0.04999999999999716,28.14,97.48618815342118,-2.4000000000000057,48.5921,8.8938,79.77185190314724,0.7601341272777175,77.23301614837062,3.6239178578618874,1.00368,1.00368,594.3599999999999,0.1548510921363998,75.84907199999999,-594.3599999999999,6.457291740018309,47.40567,56.410000000000004,41.495000000000005,3,69.60043564704496,-9.099999999999998,-8.3,9.488909626523718
577,2024 Iowa St.,2024,Iowa St.,Region 1,2,Sweet 16,2,T.J. Otzelberger,2024 T.J. Otzelberger,Big 12,B12,2024 B12,2024 Iowa St.,2024 Iowa St.,13.0,29.1,30.2,10.9,17.5,8.5,36.7,23.1,8.3,14.7,113.865,112.8527,26.7178,77.55,0.34,2.10598,27.01,18.77,17.3,21.01,22.83,20.08,40.15,14.54,19.61,10.67,14.99,18.94,19.58,22.56,20.03,18.89,6.27426419,113.4276151,112.51602064,0.951967625,51.9,52.9,36.1,64.8,84.3,25.7,31.6,29.4,68.2,51.7,53.1,34.9,68.5,10.8,91.3,58.0,41.1,32.0,45.0,68.5,69.7,28.799999999999997,91.3,7.0,1.9000000000000057,5.1,65.9,32.3,37.7,24.1,38.0,36.0,64.3,30.6,35.8,31.7,68.5,45.2,-1.0,-58.599999999999994,-39.0,-28.699999999999996,1.0,58.599999999999994,39.0,28.699999999999996,27.676700000000004,25.028599999999997,11.3486,26.22905513611448,9.1826,50.6378,30.962000000000003,30.66594202042389,1.239708526544904,14.0,39.3,0.6460034070042698,30.6,70.8,0.010000000000005116,0.04000000000000625,0.0,27.01,97.88823059971028,0.5,43.7517,13.5953,79.88959599587575,0.7806086055369376,76.82207033515816,2.6176676644799692,0.23290000000000002,0.23290000000000002,649.9300000000003,0.11829005158760583,22.955182000000004,-649.9300000000003,8.45292102583094,36.85465000000001,53.57,43.185,1,68.7675185571115,-2.5999999999999996,-2.8000000000000007,7.589611594480285
578,2024 Illinois,2024,Illinois,Region 1,3,Elite Eight,2,Brad Underwood,2024 Brad Underwood,Big 10,B10,2024 B10,2024 Illinois,2024 Illinois,20.1,33.9,31.3,24.3,10.1,13.0,39.9,24.0,16.9,7.0,125.554,98.434,23.9874,78.79,0.49,3.11248,28.32,20.47,17.23,17.79,27.05,17.41,24.26,23.83,26.59,10.11,15.16,24.6,24.98,18.74,15.98,15.65,5.556308405,124.337316,99.3042836,0.918735677,53.8,52.0,37.8,72.9,84.9,12.3,36.2,26.1,70.5,54.7,53.4,34.9,65.7,8.2,91.7,44.4,57.4,38.3,27.9,70.8,74.5,28.299999999999997,88.5,7.8,15.099999999999994,6.1,65.1,38.6,41.4,34.8,36.3,22.8,64.3,36.9,34.9,38.6,65.9,28.3,1.7999999999999972,-72.60000000000001,-37.699999999999996,-35.10000000000001,-1.7999999999999972,72.60000000000001,37.699999999999996,35.10000000000001,32.0316,21.7478,13.471400000000001,25.63981279182826,15.328299999999997,42.376400000000004,18.649700000000003,23.840074804133202,1.2020413978912463,27.2,46.4,1.445178615596622,36.9,59.1,0.04999999999999716,0.04999999999999716,0.04999999999999716,28.32,95.84103378229638,2.799999999999997,45.6762,6.396000000000001,84.33463125207498,0.5062656070056213,77.32620564674507,3.8010727766373105,0.34692,0.34692,753.0299999999997,0.08942105320552664,75.63326400000001,-753.0299999999997,11.181563223997076,31.436048,55.65500000000001,40.03,2,68.67111662607,-7.400000000000002,-3.0999999999999996,9.744983999593641
579,2024 Auburn,2024,Auburn,Region 1,4,First Round,1,Bruce Pearl,2024 Bruce Pearl,SEC,SEC,2024 SEC,2024 Auburn,2024 Auburn,14.8,34.8,37.7,24.9,16.7,11.0,39.7,31.6,20.1,11.5,120.584,108.318,28.9015,77.68,0.76,2.13746,43.34,26.41,20.75,16.19,18.46,18.19,43.39,20.79,20.65,8.94,6.24,33.22,24.13,17.25,13.53,11.88,5.211372594,120.50358,107.85067247,0.956273698,54.1,56.6,38.2,59.0,85.1,18.2,32.9,30.3,71.0,54.9,57.2,35.2,70.2,16.0,91.4,62.0,57.2,37.5,33.3,70.8,75.2,26.400000000000006,88.1,13.3,15.599999999999994,4.7,61.7,41.4,51.8,41.7,42.1,21.1,66.1,24.9,35.2,37.5,69.8,33.4,-2.5,-66.89999999999999,-36.8,-20.799999999999997,2.5,66.89999999999999,36.8,20.799999999999997,37.2611,22.0831,13.2,23.708982123518783,22.3338,39.772099999999995,23.3132,24.732754934836244,1.4586277699261354,28.9,54.7,1.3891799646717167,24.9,53.599999999999994,0.0,-0.010000000000005116,-0.009999999999990905,43.34,96.0688932856001,2.799999999999997,46.0391,10.3012,78.747776138342,0.7579369445361304,78.71424132464867,3.8386685457351843,0.53808,0.53808,1315.04,0.1750527893567904,53.222753999999995,-1315.04,5.712142991063058,35.695581999999995,55.224999999999994,42.1,2,70.54235274956879,-4.799999999999997,-5.199999999999999,8.632303658637912
580,2024 San Diego St.,2024,San Diego St.,Region 1,5,Sweet 16,2,Brian Dutcher,2024 Brian Dutcher,Mountain West,MWC,2024 MWC,2024 San Diego St.,2024 San Diego St.,12.3,33.3,22.1,8.9,9.8,9.1,39.9,17.0,9.0,8.1,113.548,106.1511,19.6992,77.56,0.6,2.56787,29.61,21.62,25.37,18.38,18.5,16.07,40.9,30.47,9.03,11.68,7.84,24.84,23.33,22.48,16.92,12.38,2.171140232,111.7726375,105.59195983,0.874535086,49.8,52.8,37.5,66.7,84.0,18.0,32.7,28.0,67.0,51.6,51.7,31.3,69.5,11.9,91.1,50.8,51.4,37.8,40.5,67.1,72.9,29.900000000000006,85.4,7.0,10.900000000000006,4.6,60.3,32.4,42.9,33.3,41.9,29.6,64.0,26.4,31.5,38.0,69.0,40.3,-3.0,-66.0,-39.3,-29.200000000000003,3.0,66.0,39.3,29.200000000000003,25.5152,24.3724,11.97,23.635478275959077,14.787099999999999,44.703,27.807,26.411234983115296,1.0368148206626142,20.4,39.4,0.9404233145579515,26.4,62.1,0.060000000000002274,0.07999999999998408,0.04999999999999716,29.61,96.40208810558124,-0.9000000000000057,41.831999999999994,9.504,81.22353728250098,0.6195046401873148,77.28559564919277,3.2122992312980436,0.40259999999999996,0.40259999999999996,739.4199999999996,0.13062425220359822,22.854043,-739.4199999999996,7.654818922779598,25.165126000000004,53.085,41.225,0,69.85711939675839,0.09999999999999964,-1.700000000000001,8.196726678040282
581,2024 BYU,2024,BYU,Region 1,6,First Round,1,Mark Pope,2024 Mark Pope,Big 12,B12,2024 B12,2024 BYU,2024 BYU,14.7,35.7,28.2,19.8,10.9,9.1,41.8,21.5,14.6,6.8,120.487,100.522,21.0093,78.49,1.04,2.06013,33.71,17.17,24.96,23.91,19.34,14.61,22.37,18.14,25.91,19.05,14.51,23.59,16.9,21.27,22.43,15.8,2.30570056,120.2412553,101.53764159,0.908711046,55.1,52.0,25.3,67.9,84.8,16.0,32.8,24.7,70.0,58.0,51.8,34.8,68.2,7.7,92.9,63.2,52.8,50.7,34.1,70.0,73.8,30.200000000000003,89.1,6.0,7.599999999999994,6.0,71.8,27.8,35.7,29.1,39.1,21.7,64.4,36.9,34.8,50.4,68.0,34.0,3.1000000000000014,-68.8,-42.5,-42.60000000000001,-3.1000000000000014,68.8,42.5,42.60000000000001,25.3064,26.023899999999998,17.539199999999997,26.147912599925316,10.844700000000001,46.8836,23.12,28.201580924952893,0.670621614650503,28.3,33.8,1.032322578747684,36.9,64.9,0.009999999999990905,0.01999999999999602,0.010000000000005116,33.71,95.60152640112504,2.0,46.7248,8.32,77.70351167029835,0.7523719955714813,75.92191267117106,3.473455693704361,0.728,0.728,-183.4400000000005,0.08288393020527227,40.790574,183.4400000000005,12.063368393715102,22.455417,53.595000000000006,39.925000000000004,2,69.18297265255897,-5.200000000000001,-4.1000000000000005,9.486013151219122
582,2024 Washington St.,2024,Washington St.,Region 1,7,Second Round,1,Kyle Smith,2024 Kyle Smith,Pac 12,P12,2024 P12,2024 Washington St.,2024 Washington St.,14.7,32.9,20.9,12.6,11.0,9.9,40.6,15.8,10.5,5.3,113.431,102.7847,16.2157,79.28,1.45,1.18551,26.74,19.9,25.33,18.48,13.33,22.91,43.54,24.96,14.55,11.85,5.01,25.68,23.54,20.22,17.94,12.55,1.832104064,112.647526,103.04738151,0.848832722,52.1,52.7,31.7,67.3,83.9,15.9,32.9,24.9,66.7,52.6,53.1,34.0,68.0,12.2,93.4,45.7,55.7,32.0,31.5,65.9,70.1,26.5,92.8,8.0,18.700000000000003,5.5,60.1,37.9,46.6,37.9,42.3,30.0,61.8,31.0,33.9,32.2,67.5,31.1,-0.6000000000000014,-68.0,-42.2,-35.599999999999994,0.6000000000000014,68.0,42.2,35.599999999999994,30.2019,23.605800000000002,10.9158,26.08094770772974,18.6899,40.1505,20.9925,21.828498192347848,1.425421570758672,20.0,45.9,1.3954535223947782,31.0,56.6,0.05000000000001137,0.09000000000000341,0.07000000000000739,26.74,95.42600284215217,-2.0999999999999943,43.71190000000001,8.3793,83.38495128083223,0.5433942521492016,76.17119157810708,3.4594124588534885,0.9555500000000001,0.9555500000000001,438.7199999999998,0.130619586514063,14.937426,-438.7199999999998,7.655110236865832,13.040610000000001,53.150000000000006,40.13,0,68.71172898607557,-2.0999999999999996,-5.7,8.535679087655188
583,2024 Florida Atlantic,2024,Florida Atlantic,Region 1,8,First Round,1,Dusty May,2024 Dusty May,American,Amer,2024 Amer,2024 Florida Atlantic,2024 Florida Atlantic,15.7,36.2,24.9,19.8,9.1,11.1,41.7,18.5,15.1,3.4,118.933,97.299,16.2324,76.55,-0.32,2.57785,32.11,25.39,19.8,24.11,15.1,15.61,37.57,25.63,11.59,15.45,9.76,25.3,17.58,21.0,19.28,16.84,1.141133179,117.5825457,97.5342041,0.829562944,55.0,50.3,34.8,72.5,84.2,16.5,33.8,29.2,69.0,56.0,50.7,35.6,66.4,7.8,93.3,51.0,62.1,38.8,36.3,68.9,72.0,27.299999999999997,83.5,9.1,19.599999999999994,3.8,61.8,41.8,43.7,34.4,43.5,19.2,59.2,29.5,35.1,39.1,66.4,36.2,4.700000000000003,-67.7,-37.0,-37.7,-4.700000000000003,67.7,37.0,37.7,33.430899999999994,22.076099999999997,13.7241,21.470503021587547,15.7776,41.500800000000005,24.036800000000003,20.709478506229946,1.3017569883123195,30.8,50.9,1.0552194690754397,29.5,61.800000000000004,-0.009999999999990905,-1.4210854715202004e-14,0.0,32.11,95.27595829823656,0.9000000000000057,46.31,8.2995,82.14476467961376,0.6107711284894791,78.33167721063799,3.930131004366813,-0.22048,-0.22048,526.3500000000001,0.08360039013515395,51.041430000000005,-526.3500000000001,11.960005127547749,23.458435,55.029999999999994,40.96,2,72.27698839339095,-4.700000000000001,-5.699999999999999,9.723329907502569
584,2024 Northwestern,2024,Northwestern,Region 1,9,Second Round,1,Chris Collins,2024 Chris Collins,Big 10,B10,2024 B10,2024 Northwestern,2024 Northwestern,15.1,35.1,14.7,11.1,4.4,12.1,38.8,15.8,12.1,3.7,116.639,99.27,15.909,77.59,0.43,2.51412,24.66,13.81,18.47,21.54,19.93,26.22,40.51,26.31,15.69,9.09,8.35,20.68,22.87,25.3,17.36,13.74,1.109113199,116.3437899,100.31096171,0.855286254,53.2,48.4,29.9,60.6,86.7,18.8,25.7,28.2,64.6,49.7,49.7,39.4,64.1,9.9,89.7,59.6,41.3,36.8,36.9,64.7,74.8,28.0,85.4,6.6,13.299999999999997,8.0,56.2,32.2,39.8,37.4,42.1,31.4,61.7,25.3,39.0,36.4,65.5,37.3,4.800000000000004,-67.9,-46.1,-30.700000000000003,-4.800000000000004,67.9,46.1,30.700000000000003,23.732800000000005,27.415399999999998,14.196,21.18322842879873,15.949199999999998,40.0416,24.431499999999996,24.02115387181335,1.0659047828356367,18.6,38.800000000000004,1.2171255462320045,25.3,54.6,0.030000000000001137,0.05000000000001137,0.05000000000001137,24.66,95.47999668141715,-3.299999999999997,46.1244,9.0992,77.63234743389839,0.7339811086070368,77.84874044512932,3.1050296970152624,0.27821,0.27821,539.72,0.1103666625790125,27.906732,-539.72,9.05969094030906,11.062128000000001,52.58,38.79,2,72.43892651300479,1.0,-0.7000000000000002,9.249554250486042
585,2024 Drake,2024,Drake,Region 1,10,First Round,1,Darian DeVries,2024 Darian DeVries,Missouri Valley,MVC,2024 MVC,2024 Drake,2024 Drake,14.5,34.2,19.7,13.3,11.0,9.2,40.1,15.3,9.5,5.9,115.619,99.095,14.7142,76.35,-0.11,2.02995,27.48,19.68,28.12,17.48,17.54,17.18,50.38,14.82,13.15,12.26,9.37,31.42,25.94,14.15,14.08,14.42,1.623134142,114.5559466,99.8083538,0.823574137,54.9,49.0,32.6,69.0,86.1,17.4,24.2,22.1,68.7,55.1,48.1,36.5,67.0,4.5,92.8,55.9,58.4,39.6,39.3,68.8,76.3,29.799999999999997,83.9,2.5,6.900000000000006,2.4,64.1,32.6,39.0,28.7,43.9,28.1,57.3,32.4,36.4,39.2,66.7,38.9,5.899999999999999,-68.69999999999999,-53.7,-36.4,-5.899999999999999,68.69999999999999,53.7,36.4,22.9941,26.6047,14.2688,21.369507091492153,11.3586,44.5115,25.9463,26.358347823791988,0.8953853218030152,21.9,35.1,0.7994653093750803,32.4,68.9,0.0,0.01999999999998181,-0.010000000000005116,27.48,95.35265667289364,0.7999999999999972,47.268899999999995,8.526,76.33363229841655,0.676747254875849,74.36420567617577,4.201136608877057,-0.07568,-0.07568,431.1800000000003,0.04849085677956056,26.998335,-431.1800000000003,20.617640524327925,22.329449999999998,53.215,38.720000000000006,2,72.75878774476074,-3.8000000000000007,-5.1,9.167373052393637
586,2024 Duquesne,2024,Duquesne,Region 1,11,Second Round,1,Keith Dambrot,2024 Keith Dambrot,Atlantic 10,A10,2024 A10,2024 Duquesne,2024 Duquesne,10.1,34.9,15.6,5.2,10.6,8.2,40.0,12.9,8.0,4.9,106.921,102.4498,9.37095,76.49,-0.05,2.53548,34.31,18.75,16.39,19.02,27.77,18.02,34.67,29.85,17.99,10.3,7.14,26.05,26.0,20.76,15.1,12.05,-2.10189835,106.947313,102.80836494,0.750259003,50.1,52.0,33.1,64.7,82.5,19.5,29.9,30.0,66.8,49.6,51.6,33.9,68.3,12.7,88.6,53.8,47.7,39.7,37.3,67.2,71.4,29.299999999999997,78.7,8.7,14.700000000000003,5.5,53.4,35.1,45.9,36.2,44.0,25.7,58.0,26.4,33.9,39.1,68.2,37.4,-1.8999999999999986,-63.0,-40.1,-31.6,1.8999999999999986,63.0,40.1,31.6,25.5903,24.5629,13.2549,19.196006529136906,17.4243,40.818799999999996,25.5068,23.19899423107246,1.1201759545791667,24.3,43.8,1.1149434507098743,26.4,58.3,0.05000000000001137,0.04999999999999716,0.04000000000000625,34.31,95.53212018962014,-0.7999999999999972,41.332499999999996,10.14,80.52413652444943,0.6683146793207537,78.39635098872206,2.725558539512028,-0.033600000000000005,-0.033600000000000005,467.63000000000034,0.14333923996343156,13.184496000000001,-467.63000000000034,6.975828674907488,26.876088,51.610000000000014,41.38,1,73.22620921232486,2.8,-5.699999999999999,7.936326509895482
587,2024 UAB,2024,UAB,Region 1,12,First Round,1,Andy Kennedy,2024 Andy Kennedy,American,Amer,2024 Amer,2024 UAB,2024 UAB,12.6,38.3,10.5,11.2,0.2,8.9,41.9,11.1,9.6,1.5,113.683,92.598,6.28169,77.09,0.63,1.68339,26.83,18.72,22.67,22.29,16.66,19.61,33.77,38.06,14.66,7.73,5.72,22.17,36.83,12.4,13.81,14.75,-2.790055419,112.4195729,93.1160607,0.641225392,50.1,49.0,40.5,68.6,83.3,16.1,35.3,31.0,68.7,50.4,49.8,33.1,65.0,12.3,90.0,49.6,51.1,31.3,36.7,68.7,74.3,27.799999999999997,88.5,7.5,17.599999999999994,6.5,57.2,41.9,41.3,38.1,38.9,26.6,62.5,25.2,33.1,31.5,65.2,36.6,1.1000000000000014,-67.19999999999999,-33.7,-28.099999999999994,-1.1000000000000014,67.19999999999999,33.7,28.099999999999994,30.6043,20.7739,10.4265,24.93048669133169,16.8793,39.613200000000006,23.863200000000003,22.119749847892347,1.5682041839941587,23.4,49.4,1.2185459413677222,25.2,55.4,0.04999999999999716,0.05999999999998806,0.03999999999999204,26.83,97.48412043213511,0.7000000000000028,41.7333,7.889,84.1275704601069,0.5911729300008343,80.28010100711333,3.059697024130291,0.43281,0.43281,1102.0700000000004,0.1366651481650204,18.853968,-1102.0700000000004,7.316478335094708,0.33667800000000003,54.00000000000001,40.114999999999995,2,68.5841854512759,-1.5999999999999996,1.3,9.776914437520922
588,2024 Yale,2024,Yale,Region 1,13,Second Round,1,James Jones,2024 James Jones,Ivy,Ivy,2024 Ivy,2024 Yale,2024 Yale,13.2,34.7,16.8,11.2,7.3,7.6,39.7,11.7,5.7,5.9,110.826,98.647,9.47277,78.2,0.4,1.63571,23.14,23.44,17.97,23.04,20.39,15.15,35.51,31.5,12.44,6.63,13.88,36.8,18.9,12.24,14.24,17.79,-2.713962056,109.7439995,99.5693396,0.734943883,52.3,50.3,26.9,71.0,85.9,16.0,28.4,24.0,65.6,52.5,51.2,34.6,66.0,10.0,91.4,53.3,42.7,35.3,41.4,65.6,70.7,26.200000000000003,89.2,3.1,10.900000000000006,4.5,58.9,38.5,41.2,32.4,41.5,26.0,62.3,26.1,35.0,35.4,65.5,41.5,2.0,-69.9,-47.6,-44.1,-2.0,69.9,47.6,44.1,25.4417,23.18,12.39,24.233654284898925,13.839300000000001,43.442800000000005,27.1825,25.14483048262604,1.1751080477952602,24.0,41.6,0.8891352015614081,26.1,63.1,0.010000000000005116,0.040000000000020464,0.030000000000001137,23.14,96.50462162277101,-2.4000000000000057,44.9257,8.048,79.43435542325544,0.63451625575886,75.1762296183446,3.028154031628964,0.26239999999999997,0.26239999999999997,41.629999999999654,0.10940799334799399,18.319951999999997,-41.629999999999654,9.139086091390862,11.940683,52.11,39.57,1,69.85288485659201,-5.499999999999999,-1.3999999999999995,8.73449030897737
589,2024 Morehead St.,2024,Morehead St.,Region 1,14,First Round,1,Preston Spradlin,2024 Preston Spradlin,Ohio Valley,OVC,2024 OVC,2024 Morehead St.,2024 Morehead St.,13.1,34.8,12.1,9.7,-0.1,10.6,40.3,12.3,10.9,1.5,108.991,96.478,5.46886,78.1,0.26,1.93766,21.03,12.6,25.72,28.78,17.77,15.12,35.89,29.74,20.51,9.49,4.33,18.9,26.88,26.02,16.6,11.58,-3.455218883,106.6805681,96.5525141,0.587565813,54.4,54.3,31.3,67.3,81.5,15.5,32.0,26.4,65.7,55.6,54.6,35.3,68.9,11.2,92.1,52.4,58.9,45.1,31.2,65.3,71.5,24.200000000000003,88.2,7.2,16.700000000000003,5.0,62.2,34.7,44.9,37.5,42.8,20.1,65.5,30.9,35.3,45.2,68.2,31.6,0.10000000000000142,-66.0,-41.6,-36.0,-0.10000000000000142,66.0,41.6,36.0,27.9338,24.5584,15.955599999999999,23.614596474779468,17.6725,41.7907,21.551200000000005,23.810834368693033,0.9269706422424284,29.9,41.900000000000006,1.3448941489193378,30.9,57.5,0.010000000000005116,0.04000000000000625,0.01999999999999602,21.03,93.04740911602013,-2.700000000000003,44.336,8.4165,80.96438436125896,0.6201110046034958,76.79527190996073,3.1836116966650447,0.16978000000000001,0.16978000000000001,609.2900000000002,0.12160562860338106,18.795302,-609.2900000000002,8.22248013570217,-0.193766,53.230000000000004,40.97,0,70.75251174029184,1.200000000000001,1.6,8.796862529669669
590,2024 South Dakota St.,2024,South Dakota St.,Region 1,15,First Round,1,Eric Henderson,2024 Eric Henderson,Summit,Sum,2024 Sum,2024 South Dakota St.,2024 South Dakota St.,11.1,37.0,4.8,4.5,0.4,9.4,41.1,9.8,7.9,1.8,108.663,94.325,2.98785,77.08,0.63,2.12431,24.33,20.86,21.44,25.86,16.07,15.76,38.65,22.4,9.78,17.12,12.03,21.55,20.23,22.04,18.98,17.19,-7.647789654,107.7361364,94.7793304,0.567507971,55.3,49.2,30.4,72.6,83.6,16.5,24.4,25.3,68.2,55.9,51.0,36.2,64.8,9.7,91.3,46.4,52.5,40.2,47.1,68.9,71.6,25.700000000000003,86.3,10.8,4.200000000000003,4.8,62.1,36.6,38.9,27.8,45.3,23.0,63.2,25.3,36.4,40.4,64.5,46.9,6.099999999999994,-67.1,-50.3,-42.199999999999996,-6.099999999999994,67.1,50.3,42.199999999999996,32.049,25.124599999999997,14.705599999999999,21.94422855027414,11.015800000000002,46.2401,30.2505,28.238153858447145,1.1732382861810353,27.0,47.400000000000006,0.6950811283341507,25.3,67.4,0.010000000000005116,0.01999999999999602,0.010000000000005116,24.33,95.79954526271261,0.9000000000000057,46.230799999999995,8.118,77.65266987420263,0.5556819678806242,77.10563456743986,3.2010243277848898,0.43407,0.43407,310.8199999999997,0.10624199077775708,9.559395,-310.8199999999997,9.411400886506547,0.849724,52.46,39.755,1,72.38685612135636,3.4000000000000004,1.4,9.019941479549644
591,2024 Stetson,2024,Stetson,Region 1,16,First Round,1,Donnie Jones,2024 Donnie Jones,Atlantic Sun,ASun,2024 ASun,2024 Stetson,2024 Stetson,11.9,42.0,-3.7,5.6,-6.5,9.8,44.5,1.4,6.7,-5.3,110.263,85.633,-4.10409,77.68,1.34,1.78601,22.03,19.72,13.09,17.05,29.98,20.15,49.81,20.16,10.96,9.75,9.28,30.47,21.25,18.03,13.09,17.12,-6.984802826,108.4352059,85.8615627,0.356753833,53.4,48.0,31.7,74.1,84.2,13.5,27.5,31.2,66.7,52.5,47.8,36.5,65.5,7.8,91.9,48.7,50.5,41.8,37.4,66.9,76.3,26.700000000000003,90.0,6.6,18.900000000000006,4.3,55.0,32.9,43.7,39.3,48.3,25.4,53.7,23.4,35.9,41.7,65.4,37.3,5.399999999999999,-70.7,-41.3,-42.39999999999999,-5.399999999999999,70.7,41.3,42.39999999999999,24.035,27.238500000000002,14.9703,23.191521439238667,17.9868,36.96,24.3942,19.782378522311216,0.9472194911393012,24.6,39.5,1.1688694673065065,23.4,56.400000000000006,0.009999999999990905,0.03999999999999204,0.03999999999999204,22.03,93.75196270817787,-1.0999999999999943,44.9628,6.48,80.63186447095843,0.5629992716847204,80.02203532337818,3.1960002531485356,0.8964600000000001,0.8964600000000001,440.24,0.08487394043590384,10.001656,-440.24,11.780540956287656,-11.609065000000001,52.665,39.93000000000001,2,71.18797992091075,1.1000000000000005,1.2000000000000002,9.623922740967373
592,2024 Purdue,2024,Purdue,Region 3,1,Runner Up,3,Matt Painter,2024 Matt Painter,Big 10,B10,2024 B10,2024 Purdue,2024 Purdue,19.3,32.6,35.6,23.7,12.8,14.8,37.7,27.8,19.0,8.8,124.99,104.1284,29.1188,78.08,3.17,2.44299,27.34,33.47,12.93,16.61,19.28,17.68,50.72,22.48,13.8,5.01,7.96,34.17,17.73,15.61,11.3,21.16,10.62522716,126.086069,105.73730416,0.965944383,56.0,52.3,42.8,77.0,83.5,14.0,37.4,24.7,69.0,53.2,51.9,40.8,68.6,9.6,94.0,64.5,44.9,35.0,37.2,68.6,72.1,27.599999999999994,93.4,11.3,9.099999999999994,5.7,65.8,33.7,36.5,28.3,40.1,31.6,65.0,34.9,40.4,34.7,68.5,36.8,3.700000000000003,-69.5,-37.900000000000006,-34.2,-3.700000000000003,69.5,37.900000000000006,34.2,32.72880000000001,26.690400000000004,14.0188,25.35972857373149,10.8482,47.893,25.208,27.76753199932132,1.296792599636898,18.4,45.0,0.9238879378277766,34.9,66.0,0.030000000000001137,0.030000000000001137,0.030000000000001137,27.34,92.11300881197398,0.5999999999999943,46.76,7.322,82.04212514564648,0.7499912791711724,75.11924814850043,2.7210472092600444,2.17462,2.17462,960.6800000000003,0.10212657312156252,57.898863,-960.6800000000003,9.790646807624206,31.270272000000002,57.17500000000001,40.910000000000004,3,70.26497985321492,-4.699999999999999,-4.0,9.503334312883776
593,2024 Tennessee,2024,Tennessee,Region 3,2,Elite Eight,2,Rick Barnes,2024 Rick Barnes,SEC,SEC,2024 SEC,2024 Tennessee,2024 Tennessee,14.8,29.8,33.1,15.7,14.6,11.0,37.7,22.9,14.0,8.9,117.028,108.9431,25.9708,76.57,0.13,2.75559,25.81,21.83,19.72,25.36,15.4,17.62,48.18,17.49,18.42,10.99,4.85,29.13,24.85,18.21,14.36,13.39,5.601569489,115.4451903,108.88745986,0.938315578,51.5,54.6,34.3,64.2,85.4,18.9,32.4,28.6,70.6,51.6,55.7,34.2,68.6,13.6,92.0,61.2,50.5,41.3,41.4,70.2,74.9,29.299999999999997,83.7,9.9,14.299999999999997,4.0,58.4,35.7,47.7,34.9,39.0,23.2,67.2,24.1,34.4,41.2,68.8,41.1,-3.1000000000000014,-66.5,-39.0,-29.900000000000006,3.1000000000000014,66.5,39.0,29.900000000000006,29.1351,23.2208,14.1728,22.43915848095319,17.2193,44.472,28.276799999999998,25.351265583135422,1.1067692531734667,26.8,45.6,0.9464489915087224,24.1,61.1,0.06999999999999318,0.07000000000000739,0.060000000000002274,25.81,96.16006770893027,2.200000000000003,43.981,10.319399999999998,78.8156850124764,0.7546146163425852,77.88656577735998,3.4586672145743456,0.09126000000000001,0.09126000000000001,688.0100000000002,0.14782448016869382,43.262763,-688.0100000000002,6.764208514079847,40.231614,53.575,41.915000000000006,1,70.59672163747969,-1.6999999999999993,-5.699999999999999,8.2420227437741
594,2024 Creighton,2024,Creighton,Region 3,3,Sweet 16,2,Greg McDermott,2024 Greg McDermott,Big East,BE,2024 BE,2024 Creighton,2024 Creighton,21.1,30.8,31.1,20.7,12.2,15.4,36.4,23.9,15.3,8.3,120.092,103.3073,23.3993,78.52,2.43,3.16294,19.38,24.57,15.5,25.1,18.87,15.91,46.25,29.16,10.67,7.53,6.33,22.29,17.92,29.18,17.43,13.15,4.394713221,120.3545125,103.73627408,0.928808293,57.5,53.6,24.5,83.8,84.7,11.2,25.9,24.6,68.0,60.6,54.3,36.1,67.8,8.6,90.9,58.6,59.1,48.9,27.2,67.9,78.1,21.299999999999997,89.8,11.7,17.200000000000003,3.5,67.4,30.2,47.4,32.9,47.5,21.3,60.4,39.2,36.8,48.5,67.7,27.9,3.8999999999999986,-73.5,-49.5,-59.3,-3.8999999999999986,73.5,49.5,59.3,30.8614,27.9655,17.848,23.35756479886834,16.196599999999997,42.5651,18.8883,22.29145950059499,0.863899713407971,28.7,41.9,1.304612737894699,39.2,63.6,0.04999999999999716,0.060000000000002274,0.030000000000001137,19.38,95.38617837362561,-0.09999999999999432,48.7025,6.0032,75.41914085822776,0.6599024785756917,76.00914947735633,3.8624926475393773,1.6499700000000002,1.6499700000000002,128.51000000000022,0.09460842014939329,65.47285799999999,-128.51000000000022,10.568538542029998,38.58786799999999,53.029999999999994,41.730000000000004,2,72.10489622056075,-5.399999999999999,-3.8999999999999986,9.124622610187176
595,2024 Kansas,2024,Kansas,Region 3,4,Second Round,1,Bill Self,2024 Bill Self,Big 12,B12,2024 B12,2024 Kansas,2024 Kansas,13.2,32.2,22.5,10.5,12.9,10.6,38.1,18.7,10.6,8.1,113.385,105.8412,19.2258,78.85,2.42,2.85292,24.11,26.31,23.64,21.96,15.39,12.65,38.23,21.83,22.35,12.09,5.42,37.82,23.64,16.48,14.87,7.14,3.770633887,113.890691,106.65103916,0.907818549,53.4,52.4,32.8,71.5,83.6,16.8,25.3,26.4,69.6,54.8,54.7,33.3,66.2,11.1,93.0,66.5,48.9,29.7,41.1,69.9,72.9,30.099999999999994,90.1,9.8,8.599999999999994,6.0,66.2,37.5,42.4,28.3,41.6,32.7,65.1,30.7,33.6,29.8,65.4,41.0,1.0,-66.8,-48.3,-38.7,-1.0,66.8,48.3,38.7,33.6548,23.616,10.0128,25.572820858612108,12.5152,46.7997,26.814,26.778894052344036,1.587195060568437,17.299999999999997,47.3,0.8365649618301992,30.7,65.7,0.04999999999999716,0.0799999999999983,0.04999999999999716,24.11,94.25149149778832,1.9000000000000057,44.642399999999995,8.8032,73.21204453938861,0.7992692395524091,77.20369343240527,2.981525516736783,1.69158,1.69158,238.97000000000025,0.11935355533811463,29.95566,-238.97000000000025,8.377623637510135,36.802668000000004,52.24,41.165,0,69.35508423547373,0.09999999999999964,-4.800000000000001,8.212645806682023
596,2024 Gonzaga,2024,Gonzaga,Region 3,5,Sweet 16,2,Mark Few,2024 Mark Few,WCC,WCC,2024 WCC,2024 Gonzaga,2024 Gonzaga,18.6,32.6,31.3,22.3,11.1,11.4,40.0,23.5,16.3,7.3,121.0,100.5641,21.5643,77.66,1.06,2.06142,21.38,23.1,26.7,15.93,17.36,16.87,31.66,35.47,23.65,3.81,5.36,26.71,28.03,20.5,9.96,14.76,2.388701111,120.5800394,101.73145053,0.91317333,56.7,52.7,31.5,74.2,86.0,16.5,33.3,27.2,69.8,58.3,54.9,35.5,66.0,10.1,93.6,52.1,51.8,31.4,36.9,70.1,72.6,27.299999999999997,94.9,5.5,9.900000000000006,5.3,69.5,36.4,43.5,33.7,45.5,32.2,67.8,29.7,36.2,31.3,65.9,36.6,4.0,-69.5,-39.5,-42.7,-4.0,69.5,39.5,42.7,30.5175,25.981600000000004,11.330600000000002,26.303659441226046,15.184200000000002,44.256,24.119400000000006,26.946289169382858,1.3386153797003288,17.799999999999997,41.9,1.065544657249802,29.7,61.0,0.04000000000000625,0.04999999999999716,0.03999999999997783,21.38,95.31408813569867,2.0999999999999943,48.762,8.695500000000001,80.78376879836318,0.6239446234176836,77.91049800490792,3.699735733161917,0.7430599999999999,0.7430599999999999,261.2399999999998,0.10790483007660175,45.969666000000004,-261.2399999999998,9.266409266409267,22.881762,55.565000000000005,41.775000000000006,2,70.05150696408204,-6.0,-3.8,9.532007127721247
597,2024 South Carolina,2024,South Carolina,Region 3,6,First Round,1,Lamont Paris,2024 Lamont Paris,SEC,SEC,2024 SEC,2024 South Carolina,2024 South Carolina,14.6,35.2,26.2,17.6,10.7,10.4,40.4,20.4,13.6,6.6,114.702,100.3542,15.0562,77.43,-0.13,2.78369,34.05,22.19,22.08,16.59,15.8,23.28,31.78,30.77,15.85,12.11,9.43,27.41,23.85,15.56,15.0,18.11,4.72702755,114.3658056,100.79066977,0.8368474,50.8,52.0,31.8,69.2,84.5,14.9,33.1,28.0,64.7,51.1,53.2,33.5,66.4,8.2,86.6,60.2,52.7,41.0,31.2,64.0,71.4,27.0,83.6,6.2,19.700000000000003,5.8,59.2,37.8,45.0,35.8,35.9,21.3,60.9,32.8,33.9,41.0,66.2,31.4,-1.2000000000000028,-69.6,-38.9,-37.400000000000006,1.2000000000000028,69.6,38.9,37.400000000000006,27.560799999999997,21.545699999999997,13.899,23.32330736981071,17.2526,40.762,20.7868,20.876861194473975,1.0731445574498184,28.7,44.0,1.3247985732938439,32.8,58.400000000000006,0.060000000000002274,0.060000000000002274,0.06999999999999318,34.05,96.49470828603381,-4.0,42.925999999999995,7.747999999999999,79.27168441353284,0.7073947427174769,78.29923458830216,3.3997806593123028,-0.0832,-0.0832,402.12000000000035,0.0946871283241533,48.992944,-402.12000000000035,10.559687842945984,29.785483,52.834999999999994,40.505,1,69.50177363879217,-4.000000000000002,-4.1,8.929602053505945
598,2024 Texas,2024,Texas,Region 3,7,Second Round,1,Rodney Terry,2024 Rodney Terry,Big 12,B12,2024 B12,2024 Texas,2024 Texas,14.9,35.2,25.2,15.4,8.4,10.8,40.6,19.5,12.4,7.1,118.527,99.877,18.4035,76.66,0.42,3.23854,30.3,27.02,16.14,14.23,18.14,24.43,25.41,31.31,21.68,16.32,5.19,23.95,30.2,18.67,13.77,13.36,0.660407453,118.0604492,101.55287851,0.889857651,53.7,51.0,30.4,65.0,83.4,18.6,30.5,30.0,68.2,53.4,52.6,36.1,65.2,11.7,91.0,56.5,52.9,34.9,32.4,68.2,75.7,28.099999999999994,88.4,12.0,15.099999999999994,7.1,66.9,33.0,45.3,39.1,38.7,32.2,63.9,28.1,35.5,34.8,66.4,32.8,2.700000000000003,-64.80000000000001,-39.5,-34.6,-2.700000000000003,64.80000000000001,39.5,34.6,32.685,24.8154,12.354,25.036956018387436,18.784399999999998,39.7351,21.7792,23.668879004577583,1.293066291198529,17.799999999999997,45.0,1.4084936434864794,28.1,53.8,0.03999999999999204,0.09000000000000341,0.05000000000001137,30.3,94.51007559250584,0.20000000000000284,44.78580000000001,9.486,79.96010828355745,0.6940946671416812,79.78993358873741,3.186555026805615,0.28644000000000003,0.28644000000000003,474.78000000000065,0.12857001571411303,49.873516,-474.78000000000065,7.77711306725921,27.203736,52.99000000000001,40.800000000000004,1,69.620121364411,-3.0,-1.3000000000000007,9.367177957107671
599,2024 Utah St.,2024,Utah St.,Region 3,8,Second Round,1,Ryan Odom,2024 Ryan Odom,Mountain West,MWC,2024 MWC,2024 Utah St.,2024 Utah St.,14.9,34.6,21.5,14.4,9.6,11.1,39.3,16.6,11.9,4.8,115.616,99.498,15.1145,77.28,0.6,2.37466,23.36,17.96,24.48,18.14,21.53,17.87,29.34,35.91,16.32,10.71,7.69,23.17,26.28,14.54,18.3,17.69,3.090956503,114.141794,99.678174,0.81520151,54.1,50.4,40.0,69.6,84.3,16.4,28.5,25.4,69.1,57.1,46.9,32.1,71.0,11.1,94.1,56.4,51.0,33.4,36.7,69.5,71.2,28.0,85.7,9.9,5.400000000000006,5.9,64.0,43.4,41.0,39.7,43.0,23.0,57.4,23.8,32.5,33.6,70.3,36.5,3.700000000000003,-67.9,-46.1,-29.599999999999994,-3.700000000000003,67.9,46.1,29.599999999999994,36.2603,20.810000000000002,10.92,23.572441536675832,16.5956,39.3207,25.659499999999998,28.102832004384656,1.5862623136216183,27.0,53.3,1.2492808416207777,23.8,54.4,0.01999999999999602,0.030000000000001137,0.01999999999999602,23.36,97.06021599432883,1.5,45.6063,8.2656,76.61084397521915,0.674633078551692,75.00067902251743,3.2482007515444873,0.417,0.417,899.2000000000003,0.11795836388561226,34.195104,-899.2000000000003,8.476713809566705,22.796736,54.415000000000006,39.779999999999994,1,70.48776028280692,-2.5,-4.8,9.119815274525372
600,2024 TCU,2024,TCU,Region 3,9,First Round,1,Jamie Dixon,2024 Jamie Dixon,Big 12,B12,2024 B12,2024 TCU,2024 TCU,12.1,36.0,23.0,12.7,10.1,8.6,41.6,16.3,10.1,6.2,115.101,102.1914,17.2925,78.08,0.59,3.39031,33.66,15.92,21.16,22.55,19.36,21.0,43.88,20.42,24.39,8.13,3.15,25.54,21.04,20.4,16.34,16.66,0.850599216,114.3232507,102.13564833,0.85663862,51.9,49.7,35.1,64.3,82.1,20.8,35.5,28.6,70.6,51.2,49.1,35.6,67.2,10.2,91.3,59.5,43.6,30.2,35.2,70.9,73.0,30.099999999999994,87.9,7.3,10.799999999999997,8.1,59.9,42.0,41.1,41.8,37.1,27.8,62.4,23.1,35.4,30.3,67.0,35.1,2.1999999999999957,-61.3,-35.900000000000006,-29.199999999999996,-2.1999999999999957,61.3,35.900000000000006,29.199999999999996,31.5747,21.04,10.726199999999999,24.569408485621572,18.0546,37.931400000000004,23.517000000000003,25.633230385575676,1.6270090096036431,22.2,49.3,1.4216119198883224,23.1,50.1,0.010000000000005116,0.029999999999986926,0.020000000000010232,33.66,97.45519745363221,2.9000000000000057,42.609899999999996,10.337600000000002,81.48725996766474,0.7512531407431724,77.34097865485509,2.435618121892631,0.41831,0.41831,626.8700000000006,0.11171838205496105,43.056937,-626.8700000000006,8.950102931085189,34.242131,53.65,40.44500000000001,1,69.15150671861129,-2.5999999999999996,-3.8999999999999995,8.763166341136914
601,2024 Colorado St.,2024,Colorado St.,Region 3,10,First Round,1,Niko Medved,2024 Niko Medved,Mountain West,MWC,2024 MWC,2024 Colorado St.,2024 Colorado St.,15.5,33.9,23.9,14.9,10.7,11.9,38.8,20.4,13.2,7.2,115.379,101.2241,16.603,76.53,-1.15,2.44345,29.41,22.71,23.45,17.55,13.18,23.08,28.74,32.85,21.69,9.11,7.58,17.85,30.12,24.06,14.74,13.19,1.10272013,114.5467447,101.27749058,0.846798034,54.6,50.7,32.6,68.2,85.2,16.9,24.3,27.5,66.5,57.6,51.5,33.2,66.0,8.1,91.4,65.7,51.3,38.3,34.0,66.9,75.4,25.799999999999997,93.2,5.0,9.799999999999997,4.0,67.1,37.5,41.5,32.0,41.4,24.2,61.9,34.3,33.0,38.2,67.0,33.7,3.8999999999999986,-68.30000000000001,-48.2,-35.6,-3.8999999999999986,68.30000000000001,48.2,35.6,29.8225,22.6248,12.606000000000002,27.206540267614574,13.671999999999999,43.8107,22.579,25.954383059514246,1.1125363210387162,25.8,42.5,1.068217560309783,34.3,64.0,0.030000000000015348,0.030000000000001137,0.04000000000000625,29.41,95.49312414193601,-1.0999999999999943,46.5192,8.568299999999999,72.67939038919678,0.7906042045222079,78.04071574383963,3.465982028241336,-0.76935,-0.76935,698.4800000000005,0.08862047461187512,36.407405,-698.4800000000005,11.282557708924825,26.144914999999997,52.89,40.235,2,68.32122084088623,-1.700000000000001,-3.499999999999999,8.898259917747673
602,2024 Oregon,2024,Oregon,Region 3,11,Second Round,1,Dana Altman,2024 Dana Altman,Pac 12,P12,2024 P12,2024 Oregon,2024 Oregon,14.6,33.9,24.0,14.7,8.2,10.3,39.5,21.4,12.5,8.9,114.037,99.393,13.4292,76.85,0.13,1.88656,30.68,20.97,15.75,23.9,19.08,20.27,40.73,22.27,17.91,13.35,5.7,31.83,20.42,17.36,16.96,13.39,1.343532936,113.6058914,100.04676276,0.813418643,51.8,48.5,32.3,67.2,85.2,17.9,28.7,27.1,68.6,52.7,48.4,33.6,65.7,9.8,90.7,50.7,49.9,36.7,36.2,68.1,71.5,27.799999999999997,94.2,7.5,7.900000000000006,5.9,60.3,37.7,40.4,33.2,41.4,26.0,58.5,29.9,33.8,36.3,65.1,36.9,3.299999999999997,-67.30000000000001,-44.2,-34.900000000000006,-3.299999999999997,67.30000000000001,44.2,34.900000000000006,29.7981,23.033399999999997,12.269399999999997,26.929584103732463,13.8789,41.51339999999999,24.021899999999995,25.60877128381341,1.2451447618522908,24.0,45.2,1.0595918809788354,29.9,60.9,0.030000000000015348,0.04000000000000625,0.04000000000000625,30.68,97.0363654071394,0.09999999999999432,44.133599999999994,8.6815,79.86506647255791,0.6175320641648702,77.68139171815137,3.3713938247415722,0.08853,0.08853,441.28999999999996,0.10804732031620379,27.732432,-441.28999999999996,9.254157739006224,15.469791999999998,52.605,39.375,1,68.07610973256136,-2.1999999999999993,0.7000000000000011,8.973227760226976
603,2024 McNeese,2024,McNeese St.,Region 3,12,First Round,1,Will Wade,2024 Will Wade,Southland,Slnd,2024 Slnd,2024 McNeese St.,2024 McNeese St.,13.9,35.3,17.6,11.9,7.3,10.1,40.8,16.9,11.3,5.5,114.034,98.829,12.8625,75.99,-0.87,2.20246,26.66,16.81,18.05,21.69,17.28,26.15,25.98,42.12,11.01,9.77,11.11,23.53,30.92,14.51,12.42,18.61,0.564983668,111.6770205,98.2686427,0.745103734,54.9,52.2,40.6,66.1,85.8,23.0,32.1,30.4,66.8,52.8,53.7,39.4,67.0,12.8,91.0,51.8,42.1,33.6,48.1,66.3,69.5,28.599999999999994,93.2,7.7,10.900000000000006,5.5,57.8,45.1,47.9,35.3,40.6,21.4,64.7,17.1,38.7,33.5,66.6,47.6,2.6999999999999957,-62.8,-37.5,-25.499999999999993,-2.6999999999999957,62.8,37.5,25.499999999999993,33.2442,21.652900000000002,12.964500000000001,25.256071877207404,17.5082,42.765299999999996,31.7016,25.82226106805263,1.5760723560490735,28.6,52.800000000000004,0.8571248503182706,17.1,59.2,0.020000000000010232,0.010000000000005116,0.009999999999990905,26.66,96.06123369568591,-1.7000000000000028,47.1042,12.006000000000002,83.53864077445357,0.6727185361229074,78.05425389091397,2.9645799591578053,-0.5768099999999999,-0.5768099999999999,931.2400000000009,0.14065779496928604,26.209274,-931.2400000000009,7.108819623466917,16.077958,55.92,42.625,4,69.50930804357071,-0.5999999999999996,-1.7999999999999998,9.038399271476274
604,2024 Samford,2024,Samford,Region 3,13,First Round,1,Bucky McMillan,2024 Bucky McMillan,Southern,SC,2024 SC,2024 Samford,2024 Samford,11.3,39.1,22.1,15.1,7.6,8.8,42.9,17.7,13.6,4.2,113.084,96.708,9.79216,75.76,-0.59,2.19516,44.4,26.88,20.58,22.91,15.94,13.68,42.81,22.09,14.42,10.24,10.4,26.82,24.93,22.34,13.19,12.7,0.024228222,112.2261091,97.3643683,0.736392272,56.9,50.0,36.4,63.0,81.9,21.7,30.2,32.0,73.7,55.5,50.5,39.3,66.1,10.7,89.4,57.4,46.5,40.9,40.1,73.6,72.6,30.900000000000006,79.7,5.0,18.099999999999994,6.1,60.1,42.1,43.4,37.1,42.2,16.7,59.9,23.1,39.5,41.2,66.2,39.8,6.899999999999999,-60.2,-37.8,-26.6,-6.899999999999999,60.2,37.8,26.6,29.2871,23.3214,16.274,18.615652016515565,17.2055,40.1845,26.347599999999996,21.472307747422033,1.1431761365015412,33.3,47.1,1.0853998643250171,23.1,56.8,0.010000000000019327,0.03999999999999204,0.01999999999999602,44.4,94.69517012525378,5.599999999999994,46.6011,10.85,80.08902796478039,0.7330685431859107,80.068358285813,2.5689188442627486,-0.4342399999999999,-0.4342399999999999,695.9399999999996,0.11968546213129605,33.146916,-695.9399999999996,8.354359405663024,16.683215999999998,54.735,41.275000000000006,3,74.84087527555081,-1.5,-3.3999999999999995,9.193224001902616
605,2024 Akron,2024,Akron,Region 3,14,First Round,1,John Groce,2024 John Groce,MAC,MAC,2024 MAC,2024 Akron,2024 Akron,12.2,35.4,9.7,6.2,6.5,8.7,40.3,10.0,6.3,3.6,106.985,97.95,4.93477,76.79,-0.23,2.85732,31.2,20.73,30.14,17.08,18.5,13.5,20.48,38.06,23.97,9.76,7.7,13.4,37.64,20.14,12.87,15.92,-4.64285993,105.7276689,98.1333364,0.605353396,52.0,51.4,33.6,71.0,82.8,16.6,29.5,25.6,66.7,54.8,49.3,32.0,70.0,8.0,92.2,48.2,54.6,41.5,36.8,66.7,72.4,30.599999999999994,97.2,6.6,9.099999999999994,5.6,62.4,33.5,41.8,37.5,44.3,24.9,60.0,25.7,31.7,41.6,69.3,36.8,0.6000000000000014,-66.19999999999999,-44.9,-37.4,-0.6000000000000014,66.19999999999999,44.9,37.4,27.3192,24.2179,13.1872,28.473028172875,16.1846,40.922399999999996,25.502399999999998,26.54888572677455,0.9639191365592173,25.1,40.1,1.1711638270699167,25.7,56.9,0.04999999999999716,0.029999999999986926,0.029999999999986926,31.2,93.74743252735327,-1.2999999999999972,43.056,8.5324,79.39866252148742,0.5779307202551528,75.77543053755231,3.174234056159525,-0.15341000000000002,-0.15341000000000002,260.0400000000009,0.0867669548052624,17.715384,-260.0400000000009,11.52355955505562,18.572580000000002,52.44,40.480000000000004,0,67.41248083865456,0.09999999999999964,-2.9,8.422297883635695
606,2024 Saint Peter's,2024,Saint Peter's,Region 3,15,First Round,1,Shaheen Holloway,2024 Shaheen Holloway,MAAC,MAAC,2024 MAAC,2024 Saint Peter's,2024 Saint Peter's,6.2,37.5,-0.4,-2.0,-2.4,4.9,42.2,5.0,2.2,2.8,98.5891,99.089,-2.32155,77.25,-0.61,1.03811,37.21,15.89,29.54,18.98,15.89,19.7,38.48,25.77,12.4,13.19,10.16,24.25,26.42,12.77,16.41,20.16,-8.890163691,97.21424546,99.3344411,0.401025419,45.0,53.4,38.1,57.7,80.4,20.3,35.1,29.4,65.4,42.4,53.6,33.9,68.5,12.8,89.4,49.0,50.3,31.1,34.5,65.0,71.9,29.5,83.7,3.5,8.900000000000006,4.2,48.5,35.6,47.7,37.8,35.6,32.9,61.3,27.4,33.2,31.5,67.9,34.9,-8.399999999999999,-60.10000000000001,-35.5,-19.6,8.399999999999999,60.10000000000001,35.5,19.6,20.195500000000003,22.1704,10.458000000000002,23.290126663459773,18.4044,40.4933,23.6971,26.40826890704248,1.24123043712898,17.1,39.1,1.2034039139279677,27.4,58.0,0.0,0.0,-0.009999999999990905,37.21,94.38915781722565,-3.0,36.18,10.840200000000001,86.83153675163673,0.6147978068029258,78.33405070890238,2.566195602265191,-0.39649999999999996,-0.39649999999999996,1037.2400000000002,0.143175132269214,-2.07622,-1037.2400000000002,6.983829388329037,-2.491464,50.83500000000001,40.97,1,68.33047340974191,4.2,5.199999999999999,7.449449994954081
607,2024 Montana St.,2024,Montana St.,Region 3,16,First Round,1,Matt Logie,2024 Matt Logie,Big Sky,BSky,2024 BSky,2024 Montana St.,2024 Montana St.,6.2,39.6,-1.8,-2.2,-0.2,4.9,44.0,3.1,1.8,1.4,103.308,92.79,-3.90131,77.05,-0.43,1.71767,25.36,13.48,24.92,20.58,16.3,24.71,7.55,23.22,33.59,17.4,18.22,13.23,23.03,17.99,13.52,32.22,-11.78639534,102.7049139,93.5946265,0.399618407,53.9,47.7,30.7,63.0,83.2,18.6,20.7,28.6,69.2,53.4,45.9,36.4,67.4,6.3,92.2,47.8,53.1,41.4,35.4,69.5,73.4,28.5,88.5,4.9,10.0,5.9,63.4,34.4,37.4,41.2,39.4,23.9,60.5,24.2,36.7,41.7,67.3,34.7,6.199999999999996,-64.6,-50.7,-32.3,-6.199999999999996,64.6,50.7,32.3,26.1461,24.7205,15.303900000000004,24.187186690477255,15.998800000000001,37.994099999999996,23.353099999999998,25.913574306400367,0.9424234430828996,26.1,39.3,1.3573095876199532,24.2,52.9,0.009999999999990905,0.020000000000010232,0.010000000000005116,25.36,94.92734586237145,1.5,44.8448,8.872200000000001,75.99475980532881,0.5872163732632276,77.72402629839733,3.1605261591571936,-0.29885,-0.29885,457.8800000000001,0.06832897690914415,-3.7788740000000005,-457.8800000000001,14.63259800031741,-0.343534,51.105,38.900000000000006,0,70.208490081582,4.0,1.5999999999999999,8.63340733476307
608,2024 Houston,2024,Houston,Region 2,1,Sweet 16,2,Kelvin Sampson,2024 Kelvin Sampson,Big 12,B12,2024 B12,2024 Houston,2024 Houston,17.8,28.1,44.7,21.9,22.6,12.3,35.9,30.8,17.0,13.8,118.869,112.8497,31.7189,75.86,-1.46,2.27251,29.75,15.31,18.95,20.88,19.53,25.33,36.4,26.62,15.77,13.94,7.26,25.68,23.13,19.26,21.11,10.82,9.953168467,118.5406808,114.69859042,0.97777909,49.7,56.0,29.9,61.0,86.3,24.7,36.9,30.2,64.2,48.4,56.6,34.7,70.0,16.1,92.6,49.1,39.8,36.6,40.9,64.3,69.4,33.0,90.5,7.4,13.799999999999997,5.8,66.6,25.3,44.5,30.9,37.6,37.9,70.0,29.0,34.8,36.8,69.9,40.1,-6.299999999999997,-61.599999999999994,-32.900000000000006,-31.1,6.299999999999997,61.599999999999994,32.900000000000006,31.1,23.546799999999998,27.056799999999996,12.806399999999998,26.350506003996713,14.550899999999999,48.3299,28.0299,26.682641048691817,0.8885628107931852,12.100000000000001,32.7,0.9151891474028079,29.0,63.300000000000004,0.0,0.010000000000005116,0.0,29.75,96.37705920556242,-3.700000000000003,42.8911,13.832,86.62716217329694,0.6520497735753841,76.25726596503281,2.9048974527406752,-0.93878,-0.93878,62.059999999999945,0.17386421312944786,49.767969,-62.059999999999945,5.751195577914414,51.358726000000004,53.32,43.765,3,68.52788052240128,-4.899999999999999,-8.8,8.033297533821235
609,2024 Marquette,2024,Marquette,Region 2,2,Sweet 16,2,Shaka Smart,2024 Shaka Smart,Big East,BE,2024 BE,2024 Marquette,2024 Marquette,18.8,31.6,33.6,21.1,12.5,14.2,38.4,25.4,17.6,7.7,118.295,104.4414,22.7368,78.08,1.5,2.04342,29.85,18.63,19.37,19.94,20.11,21.94,34.2,21.03,11.62,20.17,12.97,23.48,20.81,18.26,17.0,20.42,6.551653477,118.7078,105.70555563,0.933874739,55.1,50.3,25.6,71.8,85.7,21.1,26.0,30.8,69.3,56.0,50.8,35.8,66.4,9.8,91.6,54.3,40.8,40.5,43.1,70.1,71.5,24.700000000000003,89.4,9.3,13.5,6.0,62.3,41.5,43.6,35.0,42.7,17.3,61.8,22.2,35.2,41.1,66.3,42.8,4.800000000000004,-64.6,-43.2,-46.199999999999996,-4.800000000000004,64.6,43.2,46.199999999999996,34.1687,21.854300000000002,14.467200000000002,24.20013774065484,16.07,42.096,28.3764,23.967895193362306,1.2359796598622903,32.7,50.8,0.9579215438891616,22.2,59.0,0.010000000000005116,0.009999999999990905,0.030000000000001137,29.85,98.7698496026908,2.0999999999999943,47.2207,10.6133,77.31445602964793,0.688204205269895,78.21289452412148,2.8529473463394175,1.0514999999999999,1.0514999999999999,56.940000000000055,0.10698573159681664,43.116161999999996,-56.940000000000055,9.34598510356086,25.542749999999998,52.50500000000001,42.325,3,70.34338195434499,-3.5,-4.8,8.826338728332555
610,2024 Kentucky,2024,Kentucky,Region 2,3,First Round,1,John Calipari,2024 John Calipari,SEC,SEC,2024 SEC,2024 Kentucky,2024 Kentucky,17.6,37.3,30.8,24.4,7.5,13.1,41.7,23.2,19.6,3.5,122.715,97.31,20.0246,78.78,1.83,1.75941,35.27,14.26,15.65,25.12,22.61,22.34,41.21,30.82,17.07,5.03,5.83,25.52,24.9,16.55,13.42,19.59,2.788757586,122.4632577,98.1053343,0.892306625,57.4,50.5,30.4,66.6,85.8,16.0,28.9,30.2,74.1,54.7,50.2,41.2,67.4,16.1,91.1,54.6,48.1,37.3,39.9,73.5,77.3,28.0,85.3,10.2,15.799999999999997,7.9,61.8,36.6,41.5,36.5,44.5,25.8,64.8,23.4,40.9,37.5,66.8,40.1,6.899999999999999,-69.8,-40.900000000000006,-36.199999999999996,-6.899999999999999,69.8,40.900000000000006,36.199999999999996,31.3194,26.8185,15.3375,20.284045454494525,16.3957,41.95,26.7868,23.891194333198722,1.247966720887443,24.2,46.8,1.1072043091194734,23.4,55.6,0.01999999999999602,0.04000000000000625,0.01999999999999602,35.27,95.24678740218786,5.5,49.249199999999995,8.08,80.70705307008423,0.649992261996881,78.80253053726042,3.387085416519963,1.3450499999999999,1.3450499999999999,485.1199999999999,0.176726929451927,42.929604,-485.1199999999999,5.658033662505433,13.195575,54.75,40.230000000000004,4,74.1308076829691,-4.799999999999997,-4.0,9.88940099269353
611,2024 Duke,2024,Duke,Region 2,4,Elite Eight,2,Jon Scheyer,2024 Jon Scheyer,ACC,ACC,2024 ACC,2024 Duke,2024 Duke,19.7,31.7,33.5,22.7,13.4,12.9,38.5,22.9,15.2,7.7,121.828,103.0484,24.8766,78.24,2.08,1.75731,25.8,23.72,18.51,16.56,21.81,19.38,36.48,39.74,5.74,9.36,8.66,31.56,23.39,14.56,20.53,9.94,3.518320658,120.7389301,103.14287612,0.926527136,55.2,51.0,33.8,72.4,85.7,16.9,31.8,25.9,67.8,54.4,50.9,37.7,67.4,9.8,88.2,53.8,49.3,37.4,35.5,67.9,72.2,31.0,92.7,8.3,18.900000000000006,6.7,61.7,39.8,42.9,34.9,39.0,22.7,60.3,30.4,37.7,37.5,68.2,34.7,4.200000000000003,-68.80000000000001,-42.3,-38.60000000000001,-4.200000000000003,68.80000000000001,42.3,38.60000000000001,32.2507,22.990499999999997,14.1375,25.759577506887286,16.2384,41.9966,23.665400000000005,21.843591737624102,1.2826324631343164,27.3,48.099999999999994,1.1988127143309992,30.4,58.4,0.01999999999999602,0.020000000000010232,0.01999999999999602,25.8,97.1914185075024,-0.09999999999999432,47.306400000000004,8.619,81.77729923608146,0.6474049650425385,76.59236113385616,3.447311376826796,1.4123200000000002,1.4123200000000002,195.95999999999958,0.11110985136222945,39.890936999999994,-195.95999999999958,8.999081726354454,23.547954,54.935,40.665,3,69.16334539644085,-7.5,-5.7,9.322291056522404
612,2024 Wisconsin,2024,Wisconsin,Region 2,5,First Round,1,Greg Gard,2024 Greg Gard,Big 10,B10,2024 B10,2024 Wisconsin,2024 Wisconsin,17.4,34.0,25.9,17.9,8.5,10.6,39.7,18.1,10.4,7.5,120.064,100.5373,20.6008,78.44,1.89,2.55745,26.12,18.69,17.34,28.97,20.14,14.85,34.55,32.89,15.68,8.44,8.41,29.41,20.86,18.78,16.17,14.76,2.900445307,119.9521744,100.96406807,0.900565111,52.4,47.8,33.5,66.8,85.4,16.9,30.5,24.5,65.8,52.6,49.6,34.8,62.9,4.5,89.3,47.7,52.8,35.4,34.4,66.0,75.9,27.5,83.8,5.1,7.5,5.2,59.0,39.1,35.599999999999994,31.2,41.7,25.4,62.5,34.5,34.9,35.5,63.1,34.3,4.600000000000001,-68.5,-45.0,-33.3,-4.600000000000001,68.5,45.0,33.3,27.342800000000004,22.9813,12.3895,21.804051611264054,11.4972,43.205799999999996,21.6433,26.435755458595594,1.2450353511168701,24.6,44.2,1.0611935512084196,34.5,63.6,0.010000000000005116,0.030000000000001137,0.01999999999999602,26.12,94.6196031744861,-2.0,44.7496,8.078199999999999,82.0642741225594,0.574000312872288,77.05436305059753,3.616190671871791,1.2473999999999998,1.2473999999999998,705.6500000000001,0.05039137299694292,45.77835499999999,-705.6500000000001,19.840035547656075,21.738325,53.435,38.265,1,71.55562333734042,-7.499999999999998,-1.0,9.442115591769504
613,2024 Texas Tech,2024,Texas Tech,Region 2,6,First Round,1,Chris Beard,2024 Chris Beard,Big 12,B12,2024 B12,2024 Texas Tech,2024 Texas Tech,14.4,35.4,16.4,11.1,6.9,10.1,40.2,14.9,9.9,5.1,117.945,100.6001,18.5449,76.42,-0.54,2.31688,25.03,18.81,18.7,18.02,23.96,20.48,43.39,25.4,16.79,7.9,6.48,27.78,26.96,16.22,16.94,12.06,2.781218628,117.17306,100.92409387,0.873172538,52.8,50.9,34.6,73.4,83.5,17.0,30.2,30.3,67.2,51.5,50.4,36.5,67.9,7.0,89.9,55.9,53.2,41.1,39.0,67.4,77.8,29.0,91.8,8.6,10.799999999999997,6.0,61.2,33.8,38.8,32.1,38.6,24.8,62.6,29.3,35.9,41.4,67.8,38.6,1.8999999999999986,-66.5,-39.5,-38.800000000000004,-1.8999999999999986,66.5,39.5,38.800000000000004,28.5804,24.4354,14.8626,25.899726510782564,13.1028,44.5126,26.1708,26.06197741282627,1.0241298519359436,25.2,42.4,0.9870210616305277,29.3,61.9,0.029999999999986926,0.04000000000000625,0.03999999999999204,25.03,97.60530168914747,-0.5999999999999943,44.087999999999994,8.653,80.51801062903279,0.673485861616125,79.01537279491937,3.2240470274528814,-0.36396000000000006,-0.36396000000000006,563.2799999999997,0.07786342754808066,25.717367999999997,-563.2799999999997,12.84102271104128,15.986472,53.225,41.68,1,68.7109644306066,-1.1999999999999993,-1.8000000000000007,9.224026874457634
614,2024 Florida,2024,Florida,Region 2,7,First Round,1,Todd Golden,2024 Todd Golden,SEC,SEC,2024 SEC,2024 Florida,2024 Florida,17.3,35.6,27.4,21.2,9.0,12.4,40.6,18.9,14.9,4.0,119.32,98.868,18.1881,78.66,2.44,2.38391,30.49,16.28,19.85,18.0,20.18,25.67,40.74,30.38,12.81,10.9,5.13,31.21,25.37,14.36,13.82,15.22,2.771504746,119.338776,100.60177767,0.891152609,51.5,51.2,38.6,65.8,84.2,14.5,37.5,28.9,73.0,51.7,51.0,34.2,67.8,12.1,90.4,50.2,59.0,34.5,32.7,72.6,71.2,29.400000000000006,90.4,10.9,24.799999999999997,6.7,58.6,41.5,45.4,40.4,40.0,23.9,58.1,27.3,34.5,34.6,67.4,32.4,0.29999999999999716,-69.7,-33.599999999999994,-27.199999999999996,-0.29999999999999716,69.7,33.599999999999994,27.199999999999996,34.1726,21.497,11.937000000000001,25.221072538653072,20.0032,37.6989,21.837600000000002,18.43861437310299,1.5144070980607496,26.1,52.4,1.4536588376901949,27.3,52.9,0.01999999999999602,0.03999999999999204,0.020000000000010232,30.49,96.4629772406726,4.599999999999994,43.36300000000001,7.4239999999999995,85.00166082776903,0.5871276359340827,78.17216023959176,3.733940889817101,1.7714399999999997,1.7714399999999997,813.8,0.13384807690180417,50.538892000000004,-813.8,7.470456987025867,21.45519,54.940000000000005,39.755,2,68.90014429727778,-6.299999999999999,-5.0,9.568494674771665
615,2024 Nebraska,2024,Nebraska,Region 2,8,First Round,1,Fred Hoiberg,2024 Fred Hoiberg,Big 10,B10,2024 B10,2024 Nebraska,2024 Nebraska,15.5,33.4,27.9,18.5,9.4,10.2,39.9,19.3,13.3,6.1,115.868,102.3242,18.1917,77.44,0.2,2.54023,34.66,20.49,20.09,21.04,18.97,19.36,30.74,25.71,27.34,6.75,9.39,26.74,22.97,19.99,15.22,15.03,1.950215493,115.9127053,103.08569251,0.886815466,53.2,53.7,32.4,72.3,84.1,16.4,27.8,30.0,69.3,52.8,54.8,35.8,68.1,7.2,89.2,57.1,47.5,44.5,41.7,69.6,75.4,30.099999999999994,83.7,3.8,13.599999999999994,7.0,61.6,31.5,42.2,28.9,41.4,24.2,67.0,29.6,35.7,44.3,67.5,41.4,-0.5,-67.69999999999999,-42.2,-39.9,0.5,67.69999999999999,42.2,39.9,22.584600000000002,25.8339,15.8151,21.781184540791166,13.147799999999998,47.777,27.945,25.544258976659837,0.796821742172863,25.8,35.3,0.8671288133136881,29.6,64.1,0.04999999999999716,0.06999999999999318,0.05000000000001137,34.66,99.16336985471476,1.5999999999999943,44.7412,8.806799999999999,78.31277240318762,0.6830061841365535,78.4586772121567,2.9872335073265823,0.1392,0.1392,266.7300000000005,0.08071658389479938,46.994255,-266.7300000000005,12.387168448826552,23.878162000000003,52.725,42.425000000000004,1,71.85245587204965,-5.199999999999999,-3.3000000000000007,8.823505842158138
616,2024 Texas A&M,2024,Texas A&M,Region 2,9,Second Round,1,Buzz Williams,2024 Buzz Williams,SEC,SEC,2024 SEC,2024 Texas A&M,2024 Texas A&M,15.4,35.5,22.8,14.9,7.9,11.8,39.7,18.2,13.2,5.0,116.002,100.1063,16.1079,77.12,-0.49,2.56219,31.35,16.42,12.84,15.8,24.99,29.93,28.88,35.42,15.31,13.64,6.72,22.27,26.53,18.23,16.92,16.03,-0.058198755,115.1078973,100.34153775,0.839887474,45.4,49.9,38.2,68.8,85.8,16.9,41.9,28.0,67.4,47.0,50.5,28.4,66.1,8.9,86.4,44.5,40.1,38.1,44.9,66.6,70.9,29.299999999999997,81.3,5.6,14.5,7.2,54.1,40.1,41.1,31.5,33.5,22.2,61.3,23.6,29.3,37.7,66.2,44.9,-4.5,-68.9,-30.099999999999994,-30.599999999999994,4.5,68.9,30.099999999999994,30.599999999999994,26.246900000000004,18.4831,11.046100000000001,23.779753292804923,13.9905,44.1906,29.7238,23.510192824957148,1.212169438476433,27.8,45.7,0.8618961715774706,23.6,61.3,0.020000000000010232,0.030000000000001137,0.01999999999999602,31.35,92.8371283691525,-1.4000000000000057,38.953199999999995,8.4331,84.91336266404507,0.5354929543567466,76.74690005158742,2.8237448067037527,-0.3263399999999999,-0.3263399999999999,692.5400000000009,0.10300806703626114,38.176631,-692.5400000000009,9.706774519716886,20.241301000000004,53.72,40.105000000000004,2,67.57192279499174,-1.700000000000001,-2.9000000000000004,9.087766326731415
617,2024 Boise St.,2024,Boise St.,Region 2,10,Second Round,1,Leon Rose,2024 Leon Rose,Mountain West,MWC,2024 MWC,2024 Boise St.,2024 Boise St.,15.3,33.0,20.7,12.4,13.4,13.0,39.5,19.7,14.9,5.0,114.005,102.3767,16.3813,78.33,-0.03,2.06934,23.94,21.31,25.98,19.4,20.11,13.16,38.26,29.27,18.77,9.66,3.95,25.58,21.5,17.91,17.43,17.53,0.656315501,113.5123817,102.32809827,0.849211107,51.6,50.2,36.1,66.9,83.5,16.8,32.5,23.1,66.6,51.2,47.9,34.8,69.4,6.9,88.7,46.9,52.5,39.8,36.9,67.6,74.0,27.799999999999997,90.2,4.7,12.299999999999997,6.1,58.2,38.1,36.9,36.1,38.4,22.5,62.5,27.2,34.2,39.4,69.5,36.7,1.3999999999999986,-66.7,-44.4,-30.800000000000004,-1.3999999999999986,66.7,44.4,30.800000000000004,26.4136,22.114800000000002,13.4748,25.542317827479952,14.0712,42.5065,25.506500000000003,26.08345580375934,1.0862668460191367,27.5,42.800000000000004,1.14983242963407,27.2,57.8,0.04000000000000625,0.09000000000000341,0.05000000000001137,23.94,95.40016630735414,-0.4000000000000057,43.086,8.4336,83.97564340990454,0.563695147894857,74.42944511686196,3.1816253560390275,-0.020279999999999996,-0.020279999999999996,811.5800000000002,0.07778942740217133,25.659816,-811.5800000000002,12.853209679756556,27.729156,53.43,38.935,0,68.38560599526173,2.5,-8.4,8.63572584654666
618,2024 NC St.,2024,North Carolina St.,Region 2,11,Final Four,3,Kevin Keatts,2024 Kevin Keatts,ACC,ACC,2024 ACC,2024 N.C. State,2024 N.C. State,13.5,35.1,20.7,13.6,8.0,9.3,40.5,16.7,12.3,4.4,114.386,98.67,13.0559,77.19,0.67,3.05258,25.59,16.59,23.52,20.21,14.91,24.73,43.93,25.11,11.04,12.69,7.17,36.11,19.32,15.02,13.6,15.93,-0.424252703,113.6017087,99.3240296,0.800448703,50.7,49.5,32.5,68.1,86.3,17.9,28.6,29.3,68.9,50.1,50.5,34.6,65.1,9.3,92.3,46.1,51.6,33.5,35.3,68.9,73.4,26.799999999999997,92.9,3.4,10.799999999999997,6.1,59.6,35.1,41.5,35.5,39.8,31.6,63.1,27.7,34.4,33.3,66.5,36.8,1.2000000000000028,-68.4,-42.099999999999994,-35.599999999999994,-1.2000000000000028,68.4,42.099999999999994,35.599999999999994,24.0782,24.031999999999996,11.455199999999998,26.468519036772726,15.3913,41.9507,24.471999999999998,25.631019618163197,1.156121437794661,18.4,38.5,1.1304040651069267,27.7,58.4,0.03999999999999204,0.060000000000016485,0.020000000000010232,25.59,95.74725735554101,0.9000000000000057,43.7541,8.8605,82.19080663292804,0.5615035139645072,79.3190707427887,3.7661484563170564,0.46163000000000004,0.46163000000000004,560.4200000000003,0.10075730490460559,41.515088,-560.4200000000003,9.923664122137405,24.42064,52.45,40.349999999999994,1,68.16564778603582,-1.299999999999999,-3.5999999999999996,9.092666538293926
619,2024 James Madison,2024,James Madison,Region 2,12,Second Round,1,Mark Byington,2024 Mark Byington,Sun Belt,SB,2024 SB,2024 James Madison,2024 James Madison,12.5,36.1,18.3,12.1,7.7,8.6,41.5,13.5,10.1,3.4,113.86,99.04,12.9,77.29,-0.31,3.06988,33.35,25.46,17.93,24.46,17.17,14.97,43.04,21.83,18.31,13.13,3.66,34.93,15.84,16.86,19.88,12.46,1.374144263,111.9807055,99.2945615,0.77214413,54.4,53.3,34.2,64.9,85.3,19.8,32.0,27.6,71.1,54.2,51.2,36.5,71.4,7.6,91.1,54.3,58.0,38.1,35.1,70.8,70.5,26.900000000000006,86.7,7.3,11.299999999999997,5.4,61.5,43.0,44.4,39.2,36.5,19.2,62.2,25.3,36.0,37.8,70.3,35.5,1.1000000000000014,-65.5,-40.4,-30.700000000000003,-1.1000000000000014,65.5,40.4,30.700000000000003,32.7741,20.616,13.607999999999999,24.154140431818313,18.015,40.6931,24.956500000000002,26.173587195236856,1.3306526282373483,30.8,50.3,1.2563026393622716,25.3,55.4,0.010000000000005116,0.030000000000001137,0.030000000000001137,33.35,95.32833327387323,2.799999999999997,46.4032,10.5534,81.37840568361878,0.6770489146020622,76.62642503657025,3.9453098428678315,-0.21948,-0.21948,665.2899999999997,0.08342389216364254,37.145548,-665.2899999999997,11.985265096697802,23.638076,54.615,41.525,1,69.55237908272959,-2.0,-4.300000000000001,8.996249028180248
620,2024 Vermont,2024,Vermont,Region 2,13,First Round,1,John Becker,2024 John Becker,Amerian East,AE,2024 AE,2024 Vermont,2024 Vermont,9.1,36.0,11.9,3.5,4.7,5.3,40.6,9.7,1.8,7.8,107.124,99.853,6.97711,76.91,-0.9,2.26754,37.01,21.1,16.54,18.06,23.04,21.23,18.48,28.78,25.73,15.68,11.27,18.18,24.7,20.47,21.47,15.14,-1.352457311,105.4033997,100.17897621,0.651533068,51.8,53.3,29.7,74.1,86.2,15.1,22.4,23.3,65.6,53.1,53.6,33.5,68.5,10.9,89.4,52.1,56.8,44.1,36.5,64.3,72.3,27.5,87.5,5.4,16.700000000000003,2.5,59.3,33.9,46.1,37.2,43.1,22.1,64.1,26.3,33.3,43.9,68.5,36.5,-1.5,-71.10000000000001,-54.3,-44.39999999999999,1.5,71.10000000000001,54.3,44.39999999999999,24.8277,24.1438,14.618699999999999,23.697257225257104,17.5667,41.8608,25.0025,23.52211725164212,0.8951960092025238,27.9,39.3,1.0876414344812473,26.3,60.3,0.029999999999986926,0.05999999999998806,0.04000000000000625,37.01,97.36848332705263,-3.700000000000003,44.651599999999995,8.0483,75.6846491604705,0.6136559051130139,75.18800184009548,4.115643793927977,-0.5787,-0.5787,109.56000000000017,0.12192257357300253,7.936389999999999,-109.56000000000017,8.201082469498212,10.657437999999999,51.20499999999999,40.87,1,70.19147582303435,-1.7,3.0999999999999996,8.22806297193903
621,2024 Oakland,2024,Oakland,Region 2,14,Second Round,1,Greg Kampe,2024 Greg Kampe,Horizon,Horz,2024 Horz,2024 Oakland,2024 Oakland,11.8,37.2,9.8,9.4,2.1,7.3,41.8,7.5,6.3,1.3,108.595,94.222,2.81758,76.65,-1.0,2.17913,27.01,17.53,20.38,21.63,20.28,20.17,27.69,37.05,21.27,6.95,7.03,18.78,25.44,23.51,15.4,16.86,-4.253138349,108.2474264,94.9239831,0.584666221,52.1,49.4,30.9,73.2,83.8,16.3,30.6,28.6,68.2,51.8,49.5,35.1,66.1,7.9,92.0,53.3,37.6,40.8,40.7,67.7,75.8,26.5,90.8,6.0,11.099999999999994,6.3,62.0,28.1,42.7,29.5,40.9,30.6,56.2,29.6,35.5,41.4,66.1,40.9,2.700000000000003,-67.5,-40.8,-42.300000000000004,-2.700000000000003,67.5,40.8,42.300000000000004,22.87,27.212400000000002,14.697000000000001,25.090104291001527,13.2958,43.6701,27.034899999999997,23.95375753404881,0.8236516026182944,19.4,34.1,0.8752842228796363,29.6,64.2,0.010000000000005116,0.010000000000005116,0.009999999999990905,27.01,98.49921020792384,-0.29999999999999716,43.6598,8.052200000000001,81.0377191550876,0.636790480400473,76.40112251095582,2.3208443923214612,-0.677,-0.677,402.4199999999996,0.08586863186269715,20.483822,-402.4199999999996,11.64409568409062,4.576173,52.54500000000001,40.535,0,69.54755673332832,-3.1000000000000005,-0.8,9.02531759761417
622,2024 Western Kentucky,2024,Western Kentucky,Region 2,15,First Round,1,Hank Plona,2024 Hank Plona,Conference USA,CUSA,2024 CUSA,2024 Western Kentucky,2024 Western Kentucky,6.8,37.4,7.5,1.7,3.4,5.3,42.5,8.1,4.3,3.8,105.553,97.51,3.06269,77.31,-0.19,1.37781,39.64,22.03,17.28,19.97,18.86,21.81,46.68,20.73,12.15,11.46,8.92,23.81,24.34,20.53,18.83,12.44,-6.641357338,104.4575419,98.685771,0.586949517,51.9,51.7,32.9,66.6,81.7,18.6,28.5,26.7,75.4,52.1,51.7,34.4,67.8,8.5,90.3,44.5,51.9,31.0,40.1,76.0,71.9,31.5,87.7,4.9,19.400000000000006,5.4,57.1,45.0,42.5,36.0,41.9,23.9,65.0,23.5,34.3,31.1,67.6,40.5,0.19999999999999574,-63.1,-44.8,-33.699999999999996,-0.19999999999999574,63.1,44.8,33.699999999999996,29.9923,20.6814,10.667300000000001,23.61884840545788,16.3476,42.653,27.377999999999997,22.507831970227603,1.6044500176843186,26.1,49.9,1.0221969827905484,23.5,58.6,0.04999999999999716,0.05999999999998806,0.04999999999999716,39.64,97.99404636145299,8.0,42.402300000000004,9.616200000000003,81.44307382353925,0.5466763307576074,77.10219933458724,2.8359106059778156,-0.1444,-0.1444,267.6100000000006,0.09412963311591234,2.3422769999999997,-267.6100000000006,10.62227973179626,4.684553999999999,51.82000000000001,40.660000000000004,0,70.05338683543934,2.5999999999999996,0.3999999999999999,8.324727466644788
623,2024 Longwood,2024,Longwood,Region 2,16,First Round,1,Griff Aldrich,2024 Griff Aldrich,Big South,BSth,2024 BSth,2024 Longwood,2024 Longwood,6.5,38.5,-2.3,-2.6,2.9,5.0,42.3,1.4,0.6,0.8,105.713,95.246,0.959163,77.07,-0.45,2.03755,29.45,26.3,19.27,17.37,14.88,22.17,41.46,13.51,17.56,16.41,11.03,27.87,22.2,20.2,15.02,14.69,-8.753196793,103.6164684,95.8062928,0.484033491,49.4,48.7,39.5,63.9,82.0,19.6,36.7,25.5,68.0,48.6,49.1,34.2,65.4,7.2,92.8,48.0,50.7,28.3,39.5,67.8,68.8,29.900000000000006,88.3,5.8,9.400000000000006,5.0,55.7,38.3,34.599999999999994,29.4,40.1,33.2,61.9,31.2,34.1,28.6,65.1,39.4,0.6999999999999957,-62.4,-37.8,-24.4,-0.6999999999999957,62.4,37.8,24.4,26.454499999999996,23.065800000000003,9.752600000000001,24.272000329597887,10.642399999999999,44.962199999999996,25.649399999999996,26.108044737206956,1.5419041292262505,16.799999999999997,44.099999999999994,0.8730742874546332,31.2,65.6,0.010000000000005116,0.030000000000001137,0.020000000000010232,29.45,95.5823343268192,-0.20000000000000284,40.507999999999996,9.545200000000001,86.58330696169524,0.5970074999067175,76.93602246405793,2.8165101938781176,-0.3051,-0.3051,806.9899999999996,0.0775853708472969,-5.29763,-806.9899999999996,12.887099014025829,5.908894999999999,53.525000000000006,39.065000000000005,1,69.20695707077292,3.2,-2.0999999999999996,8.598827259651223
624,2024 North Carolina,2024,North Carolina,Region 4,1,Sweet 16,2,Hubert Davis,2024 Hubert Davis,ACC,ACC,2024 ACC,2024 North Carolina,2024 North Carolina,17.2,30.3,29.8,17.0,13.8,13.4,36.8,25.5,16.5,9.1,117.798,106.8472,24.6454,77.19,0.97,3.2265,22.57,22.95,17.49,16.61,15.06,27.85,40.53,31.03,12.5,10.05,5.83,33.31,28.67,13.47,11.62,12.87,6.988273777,117.8331205,106.74163629,0.93642207,51.3,53.6,36.8,71.7,85.6,14.9,32.8,23.5,71.4,50.3,54.0,35.4,68.6,10.2,90.4,51.5,59.4,35.9,36.1,71.4,75.4,25.599999999999994,84.4,6.5,10.5,3.9,56.4,37.5,47.7,31.0,41.4,26.4,60.0,33.2,35.9,36.1,67.9,35.8,-2.3000000000000043,-70.69999999999999,-43.7,-34.900000000000006,2.3000000000000043,70.69999999999999,43.7,34.900000000000006,26.636,23.889499999999998,12.9599,21.71932703070394,15.1965,44.2282,24.308200000000003,25.414218461325937,1.2188028032464475,23.6,44.0,0.9748331052205247,33.2,65.1,0.03999999999999204,0.060000000000002274,0.05999999999998806,22.57,94.69621644483864,3.4000000000000057,43.9128,7.9864,83.39777389000943,0.6051632765772436,75.22661285709034,4.124713561558224,0.6925800000000001,0.6925800000000001,939.2,0.11283061028085971,54.850500000000004,-939.2,8.861876286638566,44.52570000000001,54.0,40.620000000000005,1,71.51389091431456,-0.5,-4.700000000000001,8.524799669063212
625,2024 Arizona,2024,Arizona,Region 4,2,Sweet 16,2,Tommy Lloyd,2024 Tommy Lloyd,Pac 12,P12,2024 P12,2024 Arizona,2024 Arizona,17.2,31.5,34.2,21.5,14.0,11.2,38.5,23.1,15.6,7.6,121.127,105.4968,26.6237,78.06,1.41,2.36067,26.22,22.21,19.49,18.09,23.73,16.41,49.17,22.39,15.68,7.68,5.01,35.34,18.88,15.91,17.73,12.08,4.852734795,121.6264783,106.67906323,0.954629769,55.0,51.3,36.7,74.3,83.9,18.1,36.3,23.1,73.4,54.6,52.2,37.1,66.6,9.0,91.4,59.1,47.4,32.6,38.2,73.1,71.9,28.900000000000006,91.0,12.2,10.799999999999997,5.9,62.9,44.4,42.5,31.0,37.3,22.2,62.0,31.2,36.6,33.4,67.1,37.9,3.700000000000003,-65.80000000000001,-40.6,-37.599999999999994,-3.700000000000003,65.80000000000001,40.6,37.599999999999994,39.0296,20.505000000000003,12.224400000000001,25.78791706723648,13.8122,44.774899999999995,25.430899999999998,25.50725387022288,1.6945600431124817,27.8,56.599999999999994,0.9735890873591726,31.2,63.1,0.06999999999999318,0.06999999999997897,0.060000000000002274,26.22,97.01703503205285,5.099999999999994,46.145,9.285300000000001,82.09229679096242,0.7216029108313695,75.1258623685244,2.943916526923794,1.0307099999999998,1.0307099999999998,491.46000000000004,0.09846719401319459,50.754405,-491.46000000000004,10.154427285857128,33.04938,55.74,40.81,2,68.83217960626637,-5.9,-6.4,8.981471651541549
626,2024 Baylor,2024,Baylor,Region 4,3,Second Round,1,Scott Drew,2024 Scott Drew,Big 12,B12,2024 B12,2024 Baylor,2024 Baylor,19.2,33.9,28.3,21.4,12.2,11.1,40.7,20.3,14.3,6.0,122.491,99.814,22.305,78.26,1.69,2.32054,24.37,20.68,18.37,22.56,18.52,19.85,43.21,26.1,15.21,9.62,5.82,23.13,24.56,17.22,17.41,17.67,4.471629935,122.2091803,99.5033983,0.904608946,55.6,48.7,40.5,69.1,82.3,17.1,35.1,27.1,66.8,53.4,48.1,39.4,66.5,8.5,90.2,53.9,47.1,38.3,35.5,66.7,74.0,27.0,89.9,11.8,8.0,7.1,65.6,34.6,34.400000000000006,30.0,37.8,26.5,59.6,34.5,39.5,38.9,66.6,35.4,6.899999999999999,-65.19999999999999,-37.8,-28.599999999999994,-6.899999999999999,65.19999999999999,37.8,28.599999999999994,33.3058,25.3825,15.365499999999999,24.66779276708802,10.888000000000002,44.138400000000004,23.5764,26.637004336073527,1.192771394051567,23.5,46.400000000000006,1.0479929945481767,34.5,62.9,0.020000000000010232,0.03999999999999204,0.010000000000005116,24.37,98.27621637088642,-1.2999999999999972,45.7588,8.327700000000002,84.49301463918854,0.650173098032593,77.19995221688565,2.660866617705214,1.12723,1.12723,1131.3000000000002,0.09423398853671244,49.659555999999995,-1131.3000000000002,10.610516409834139,28.310587999999996,55.910000000000004,39.540000000000006,3,70.23271132183669,-7.099999999999998,-6.199999999999999,9.771802835245204
627,2024 Alabama,2024,Alabama,Region 4,4,Final Four,3,Nate Oats,2024 Nate Oats,SEC,SEC,2024 SEC,2024 Alabama,2024 Alabama,19.1,36.2,28.5,23.7,6.6,13.9,40.5,22.2,17.3,4.9,125.604,96.879,22.4823,78.2,2.26,2.49044,32.32,18.15,17.73,18.68,18.32,27.13,19.27,36.7,16.79,16.16,11.09,23.82,24.89,16.93,17.93,16.44,3.306507764,125.5620181,98.6244939,0.92133573,56.3,50.1,35.2,60.4,84.0,15.6,34.9,29.9,74.2,57.6,48.9,36.5,68.1,10.2,87.5,51.5,54.9,46.8,36.7,73.5,78.4,25.700000000000003,83.2,9.3,12.099999999999994,7.9,62.1,42.1,40.2,37.9,36.8,11.4,62.6,24.9,37.3,46.5,68.3,37.2,6.199999999999996,-68.4,-35.2,-25.199999999999996,-6.199999999999996,68.4,35.2,25.199999999999996,33.8817,21.539699999999996,17.344499999999996,22.286692591469617,16.1917,40.995000000000005,25.407600000000002,25.531287994667775,1.105352573062945,38.6,51.400000000000006,1.231149700276874,24.9,54.2,-0.009999999999990905,-0.009999999999990905,-0.009999999999990905,32.32,96.00071631413824,5.5,47.291999999999994,7.8156,82.32998369954409,0.6101823438110923,78.58533639826567,3.4310355602774822,1.6610999999999998,1.6610999999999998,1207.4,0.11657009634175608,59.023427999999996,-1207.4,8.57759043231056,16.436904,55.78,38.980000000000004,3,71.10790867247924,-6.399999999999999,-1.6999999999999993,9.53509496284063
628,2024 Saint Mary's,2024,Saint Mary's,Region 4,5,First Round,1,Randy Bennett,2024 Randy Bennett,WCC,WCC,2024 WCC,2024 Saint Mary's,2024 Saint Mary's,14.6,31.7,26.0,13.6,10.1,10.4,37.8,19.3,11.2,8.2,114.901,104.9865,19.888,78.5,1.07,1.87693,27.54,22.55,19.71,16.14,20.1,21.46,46.61,20.27,17.95,12.03,3.05,24.68,25.96,21.9,14.05,13.36,1.422884568,115.0565952,106.63845004,0.91704531,53.1,54.9,28.3,67.8,84.0,16.7,39.0,22.4,63.3,53.0,56.4,35.5,67.6,10.1,92.6,58.3,52.3,36.7,29.0,63.1,67.4,28.900000000000006,87.3,5.8,16.700000000000003,4.4,58.5,44.8,48.9,38.2,38.8,18.5,64.8,32.5,35.3,36.8,67.7,29.2,-1.7999999999999972,-67.3,-38.6,-39.5,1.7999999999999972,67.3,38.6,39.5,31.2714,20.1684,12.990399999999998,23.84720458809935,19.4146,40.8284,19.7684,23.391789870237233,1.3749626368848673,31.5,50.599999999999994,1.4588541488305196,32.5,57.4,0.03999999999999204,0.09000000000000341,0.05000000000001137,27.54,97.56959468400845,-4.899999999999999,44.604,9.168299999999999,83.0652703439103,0.6998715501614626,74.8252271492417,3.268545715892756,0.67517,0.67517,-52.0,0.10907009643524368,25.526248,52.0,9.167409167409168,18.956993,54.285000000000004,40.785000000000004,1,69.74595905772172,-2.4000000000000004,-1.9000000000000004,8.444255268484342
629,2024 Clemson,2024,Clemson,Region 4,6,Elite Eight,2,Brad Brownell,2024 Brad Brownell,ACC,ACC,2024 ACC,2024 Clemson,2024 Clemson,17.2,34.0,29.6,20.1,12.6,13.2,39.9,23.0,17.2,5.9,117.427,99.51,16.9367,78.47,1.39,2.81069,28.68,15.74,27.64,17.23,16.24,23.09,21.79,28.81,37.73,7.45,4.15,19.64,25.26,30.12,11.56,13.35,1.040293567,117.2490074,100.78823594,0.872249735,53.9,51.3,30.6,68.8,85.1,13.6,27.7,25.2,67.6,54.4,52.9,35.4,66.0,11.2,93.2,53.4,55.9,40.2,40.6,67.2,79.0,25.599999999999994,97.5,6.4,15.700000000000003,5.6,64.1,34.4,48.4,33.6,42.1,25.7,58.9,25.3,35.1,39.9,66.9,41.1,2.6000000000000014,-71.5,-47.1,-38.199999999999996,-2.6000000000000014,71.5,47.1,38.199999999999996,28.290399999999998,24.8246,14.0049,28.066112425248114,17.1416,42.397600000000004,27.495900000000002,22.497166488249135,1.022530763640009,24.3,40.8,0.9537480839882242,25.3,60.8,0.060000000000002274,0.07000000000000739,0.06999999999999318,28.68,94.80685355492453,-0.7999999999999972,45.8689,6.9768,78.78192348856312,0.6180484022175669,76.78360959320213,3.751426078786657,0.93408,0.93408,656.1200000000006,0.1201703844379352,56.49486900000001,-656.1200000000006,8.320685653066692,35.414694,52.965,39.279999999999994,1,68.02206242212625,-2.900000000000002,-6.699999999999999,9.300403975439902
630,2024 Dayton,2024,Dayton,Region 4,7,Second Round,1,Anthony Grant,2024 Anthony Grant,Atlantic 10,A10,2024 A10,2024 Dayton,2024 Dayton,17.0,33.5,22.0,16.7,7.5,13.2,39.5,20.8,16.5,4.3,118.604,98.693,17.2976,76.96,0.53,2.41661,21.21,30.77,17.82,19.23,15.7,16.4,34.34,26.42,11.6,17.45,10.09,31.8,22.14,19.85,16.04,10.1,2.321098116,117.7948881,99.3363284,0.859039942,56.6,52.1,37.2,78.2,84.2,15.7,26.9,29.0,64.6,53.7,51.8,40.2,68.3,11.3,90.0,58.3,49.3,44.5,40.4,65.0,73.4,26.700000000000003,94.7,11.7,10.0,4.3,65.6,33.0,40.3,27.2,35.7,22.7,60.8,32.7,39.9,44.3,68.0,40.1,4.5,-68.5,-44.1,-41.0,-4.5,68.5,44.1,41.0,32.7279,25.7796,17.6757,27.238131972169704,11.391599999999999,47.14960000000001,27.268,25.984145807267424,1.009006568700481,27.3,44.7,0.7855165706590859,32.7,68.5,0.07999999999998408,0.09999999999999432,0.0700000000000216,21.21,93.81964968630419,-3.0,47.6572,8.1797,78.47961124358132,0.6915694950237837,78.04285482471316,3.120055692677679,0.34450000000000003,0.34450000000000003,642.54,0.1255541605093277,40.357386999999996,-642.54,7.963897000265463,18.124575,54.65,42.295,3,68.40641858928385,-0.1999999999999993,-3.2,9.517346545889314
631,2024 Mississippi St.,2024,Mississippi St.,Region 4,8,First Round,1,Chris Jans,2024 Chris Jans,SEC,SEC,2024 SEC,2024 Mississippi St.,2024 Mississippi St.,12.0,32.6,24.3,11.9,9.2,10.1,39.1,17.8,11.9,5.9,113.66,104.3196,17.9796,76.88,0.66,2.52156,34.07,22.98,14.81,16.6,16.68,28.91,41.11,22.9,26.38,5.51,4.07,29.36,28.12,18.17,12.25,12.08,0.589275157,112.3153116,105.27877654,0.876454931,51.7,52.3,37.9,67.6,81.3,18.2,35.4,27.6,68.9,53.4,49.8,32.5,70.6,9.1,89.4,52.8,51.7,38.2,41.1,68.1,67.2,24.900000000000006,90.9,9.7,10.400000000000006,6.5,60.7,41.8,39.2,32.8,37.5,19.8,62.5,26.0,32.2,38.4,70.2,41.3,-0.5999999999999943,-63.099999999999994,-37.0,-29.699999999999996,0.5999999999999943,63.099999999999994,37.0,29.699999999999996,34.189899999999994,19.7898,12.3648,26.751744491403425,13.5336,45.242599999999996,28.992599999999996,26.899612760533685,1.3411109085700894,30.2,51.5,0.9515508099077504,26.0,60.7,0.020000000000010232,0.030000000000001137,0.01999999999999602,34.07,94.1308663330948,0.09999999999999432,42.0321,9.5186,81.88031590066868,0.6454688817985109,76.6135994589101,2.7645580450243297,0.44945999999999997,0.44945999999999997,863.6399999999999,0.1017885705976443,30.006564,-863.6399999999999,9.823096363037031,23.198352,53.77,41.13,1,67.40682305883135,-0.0,-3.299999999999999,8.395259421437375
632,2024 Michigan St.,2024,Michigan St.,Region 4,9,Second Round,1,Tom Izzo,2024 Tom Izzo,Big 10,B10,2024 B10,2024 Michigan St.,2024 Michigan St.,13.2,32.2,25.8,12.5,15.2,10.7,38.3,19.7,11.4,8.5,113.763,106.2718,20.0344,77.27,0.72,2.49035,31.03,13.28,21.32,19.45,18.13,27.79,37.18,30.06,18.02,7.54,7.18,31.17,25.27,16.54,14.89,12.12,-0.190456924,113.6166358,106.45399096,0.903377623,51.5,52.0,29.9,67.4,85.3,18.7,29.9,28.7,66.4,50.5,52.9,35.9,67.2,12.0,92.3,60.0,45.1,30.2,41.3,66.3,70.6,28.599999999999994,86.5,8.8,17.700000000000003,5.5,64.4,33.7,42.4,29.8,37.3,35.8,63.2,28.6,36.2,30.5,67.4,41.6,-0.5,-66.6,-41.400000000000006,-37.50000000000001,0.5,66.6,41.400000000000006,37.50000000000001,29.314800000000005,24.394399999999997,11.041000000000002,24.100484089190687,13.608699999999999,46.113600000000005,28.038400000000003,22.777382787903154,1.3933969378053177,14.200000000000003,42.5,0.8485372947765678,28.6,64.7,0.030000000000001137,0.020000000000010232,0.010000000000005116,31.03,94.7230662312286,-1.7000000000000028,43.9295,9.724,78.79706168755732,0.737998302603904,77.71794515659596,3.0678185157472275,0.47735999999999995,0.47735999999999995,183.29999999999973,0.13000942568336205,31.129375,-183.29999999999973,7.691025747854345,37.85332,52.39,41.325,1,69.95007715519459,-1.0999999999999996,-6.699999999999999,8.20480875633276
633,2024 Nevada,2024,Nevada,Region 4,10,First Round,1,Steve Alford,2024 Steve Alford,Mountain West,MWC,2024 MWC,2024 Nevada,2024 Nevada,14.2,33.4,24.4,15.1,8.8,8.6,39.3,16.1,9.4,6.7,115.582,101.2357,16.818,77.95,0.08,3.1952,25.45,20.68,16.12,16.13,27.49,19.56,35.7,20.79,25.65,10.9,6.9,27.61,18.96,23.98,16.22,13.2,2.456056589,114.3401738,101.91718629,0.853673329,53.3,51.8,46.2,65.7,85.0,17.3,27.5,27.2,67.0,52.6,50.9,36.5,68.7,11.2,93.3,58.1,45.1,33.6,41.0,67.7,72.3,30.299999999999997,95.5,5.6,5.299999999999997,5.3,63.5,31.6,45.4,35.9,42.5,34.6,59.7,23.1,36.4,33.7,68.5,41.1,1.5,-67.7,-45.3,-19.5,-1.5,67.7,45.3,19.5,25.414,26.9718,12.2668,26.67462901960088,16.5795,41.944199999999995,28.153499999999998,27.954054565781092,1.1038248123201093,15.399999999999999,37.2,1.0024087005182354,23.1,58.800000000000004,0.020000000000010232,0.05999999999998806,0.030000000000001137,25.45,95.34201438387794,-0.29999999999999716,45.305,8.961400000000001,78.08754467404262,0.7025308037387697,76.40574551396186,3.0064662355842944,0.05416000000000001,0.05416000000000001,1349.5500000000004,0.12004158583509286,48.247519999999994,-1349.5500000000004,8.329613427372557,28.11776,55.0,40.34,1,69.03722082687068,-5.699999999999999,-2.1000000000000005,8.917005888180867
634,2024 New Mexico,2024,New Mexico,Region 4,11,First Round,1,Richard Pitino,2024 Richard Pitino,Mountain West,MWC,2024 MWC,2024 New Mexico,2024 New Mexico,14.8,32.2,24.8,14.2,13.6,10.8,38.7,21.7,12.7,8.9,115.408,103.5292,18.9369,77.06,0.84,2.62072,32.22,16.67,20.19,15.41,22.87,24.84,34.29,42.3,12.47,4.08,6.8,27.48,29.04,18.71,10.56,14.16,1.484153395,114.5634844,104.46125578,0.8897675,51.0,52.0,33.1,66.5,86.1,19.5,33.4,27.0,72.4,51.4,50.8,33.4,69.4,13.5,90.4,49.3,45.8,29.8,36.6,73.7,71.8,26.0,84.1,5.5,15.200000000000003,6.0,58.7,44.8,42.7,39.3,37.5,25.3,64.1,24.2,32.7,29.9,69.3,36.5,-1.0,-66.6,-39.6,-33.4,1.0,66.6,39.6,33.4,30.923099999999998,19.2648,9.7773,23.464796326980263,17.693099999999998,40.8067,25.2945,24.608314990398398,1.6822179860205344,24.7,50.3,1.2410618887153777,24.2,54.7,0.01999999999999602,0.060000000000002274,0.05000000000001137,32.22,96.00451755103342,5.700000000000003,43.911,10.14,83.11457774402432,0.6124147526117687,76.17101440612588,3.2947269980576923,0.61908,0.61908,647.5799999999999,0.14933463125407903,37.214223999999994,-647.5799999999999,6.695800311088068,35.641791999999995,53.56999999999999,41.050000000000004,1,69.41334451255914,-1.5,-4.699999999999999,8.647278765036674
635,2024 Grand Canyon,2024,Grand Canyon,Region 4,12,Second Round,1,Bryce Drew,2024 Bryce Drew,WAC,WAC,2024 WAC,2024 Grand Canyon,2024 Grand Canyon,13.0,33.1,17.2,8.7,9.9,8.5,39.0,15.6,7.8,7.8,113.48,100.4337,13.9138,78.09,0.22,2.49755,25.16,16.61,18.71,29.3,16.01,19.32,37.53,28.52,17.59,10.92,5.37,26.8,24.7,24.27,12.83,11.34,1.446532867,111.533955,100.10301339,0.780259604,52.0,54.1,45.3,65.2,82.2,19.9,34.6,29.6,69.3,52.3,55.6,34.4,67.4,13.5,92.9,45.2,52.0,36.1,33.6,69.0,75.3,29.200000000000003,86.5,8.5,16.900000000000006,4.6,56.7,42.7,51.9,44.5,42.9,21.3,63.0,21.3,33.5,36.1,67.9,34.2,-2.1000000000000014,-62.300000000000004,-35.8,-19.900000000000006,2.1000000000000014,62.300000000000004,35.8,19.900000000000006,31.5634,21.2312,12.0935,23.12113030685712,23.872899999999998,36.6408,23.2218,23.011645602462533,1.4182432619595027,28.7,51.2,1.4356305371187976,21.3,50.9,0.04999999999998295,0.06999999999999318,0.060000000000002274,25.16,94.61418065657601,1.0,42.744,10.765899999999998,84.63907708913469,0.5642875869215116,78.89430951192864,2.9211842031346555,0.1518,0.1518,1507.2499999999993,0.1453159815287241,21.728685,-1507.2499999999993,6.880971779868158,24.725745,55.065000000000005,42.315000000000005,1,70.3659330808799,-0.8999999999999995,-2.1000000000000005,8.798883752328628
636,2024 Charleston,2024,College of Charleston,Region 4,13,First Round,1,Pat Kelsey,2024 Pat Kelsey,CAA,CAA,2024 CAA,2024 Charleston,2024 Charleston,12.2,39.9,16.5,16.4,4.5,8.0,43.9,12.4,11.3,1.2,113.737,93.87,7.60711,77.5,1.03,1.68641,39.77,21.44,23.85,18.21,17.29,19.2,27.13,26.13,23.26,16.26,7.19,28.07,25.17,17.02,16.81,12.91,-1.732111606,112.939516,94.4771033,0.685923879,52.4,49.4,26.9,71.7,85.7,16.4,33.5,26.6,69.7,52.6,49.5,34.8,66.2,8.2,90.0,53.6,57.2,47.1,36.9,71.0,72.2,29.400000000000006,92.3,7.8,14.0,3.9,64.7,34.5,33.400000000000006,34.1,29.8,18.6,67.8,29.0,34.7,46.9,65.5,36.9,3.0,-69.30000000000001,-39.9,-44.800000000000004,-3.0,69.30000000000001,39.9,44.800000000000004,29.5209,21.8171,16.2743,29.05137690368565,11.935400000000001,43.8315,24.1695,26.048208511655204,0.9018997462740667,31.4,42.3,1.0297823907211188,29.0,62.0,0.009999999999990905,0.030000000000001137,0.01999999999999602,39.77,97.35026982505765,3.0,44.9068,8.1016,82.12922648954428,0.6411406562122463,77.25987087561721,3.9997202992797716,0.7313,0.7313,-165.8000000000004,0.09111009877668025,27.657123999999996,165.8000000000004,10.974271430313378,7.588845,53.120000000000005,39.935,1,65.59009888838862,-5.099999999999998,-3.3,9.616308551096715
637,2024 Colgate,2024,Colgate,Region 4,14,First Round,1,Matt Langel,2024 Matt Langel,Patriot,Pat,2024 Pat,2024 Colgate,2024 Colgate,7.8,36.7,3.8,-0.8,5.9,7.0,40.5,7.8,4.0,3.8,104.651,97.499,2.15007,77.93,1.1,2.001,36.83,22.77,19.33,17.98,18.65,21.22,47.75,25.41,15.71,5.76,5.28,21.58,19.91,18.79,14.74,24.93,-4.207620555,102.32583,97.5079717,0.495334329,53.4,52.8,27.6,75.5,83.7,16.1,25.0,24.5,66.1,53.3,51.3,35.7,70.1,9.8,92.7,56.6,47.1,38.3,39.6,67.2,68.0,33.0,100.0,1.7,2.299999999999997,3.7,63.0,35.4,41.3,34.1,40.5,26.5,63.6,25.9,35.5,38.1,69.3,40.1,0.6000000000000014,-67.6,-50.5,-47.9,-0.6000000000000014,67.6,50.5,47.9,24.002,24.258,13.5255,29.37827995872688,14.1684,44.2617,27.789299999999997,30.388416104386444,0.9737277236817932,23.5,37.1,0.9426198847909031,25.9,62.199999999999996,0.05000000000001137,0.0899999999999892,0.05000000000001137,36.83,98.03069809323202,-0.7999999999999972,44.695800000000006,8.5008,76.74853401198085,0.6746045935090165,74.84358103460217,2.8893932887552913,0.7392000000000002,0.7392000000000002,-614.6999999999998,0.10571622744091218,-1.6008,614.6999999999998,9.45821854912764,11.8059,51.425,41.370000000000005,0,67.03857590644614,4.8,-2.1000000000000005,8.233435897435896
638,2024 Long Beach St.,2024,Long Beach St.,Region 4,15,First Round,1,Dan Monson,2024 Dan Monson,Big West,BW,2024 BW,2024 Long Beach St.,2024 Long Beach St.,12.0,37.4,9.6,8.8,0.9,8.0,42.2,10.2,7.5,2.6,107.739,92.243,-0.0179405,77.17,0.2,2.42807,26.21,17.43,19.82,20.26,17.9,24.55,33.98,20.43,15.61,21.69,8.21,29.85,20.8,19.61,19.7,9.98,-8.268782448,105.1534094,92.0634394,0.42545524,48.9,48.8,38.1,67.4,82.9,18.5,33.3,29.6,71.9,49.7,50.0,31.3,64.9,12.6,94.1,55.1,41.0,28.3,43.6,72.4,71.0,27.599999999999994,94.8,3.9,24.599999999999994,4.9,61.2,34.8,41.7,33.6,38.1,37.1,62.5,22.6,30.9,28.1,64.9,43.7,0.10000000000000142,-64.4,-37.1,-29.300000000000004,-0.10000000000000142,64.4,37.1,29.300000000000004,24.994799999999998,22.818,8.6829,28.767168786656775,15.2166,42.48630000000001,28.361300000000007,18.99462643310822,1.3771751894950355,12.899999999999999,38.699999999999996,0.8809867051097229,22.6,61.5,0.04000000000000625,0.0800000000000125,0.05999999999998806,26.21,97.17966845920554,4.400000000000006,40.5381,9.027999999999999,80.50733363612699,0.6760653243518484,78.22503047824098,2.3975206128296596,0.1448,0.1448,844.8600000000001,0.1338986833296139,21.367016,-844.8600000000001,7.467661296722483,2.185263,52.66000000000001,40.175000000000004,0,66.16350458118588,-1.3000000000000007,1.7000000000000002,9.179784050995188
639,2024 Howard,2024,Howard,Region 4,16,First Round,1,Kenny Blakeney,2024 Kenny Blakeney,MEAC,MEAC,2024 MEAC,2024 Howard,2024 Howard,10.2,42.1,-3.4,4.3,-1.9,8.4,44.3,2.7,7.5,-4.8,105.49,86.247,-8.26283,76.43,-0.7,1.17281,30.57,21.65,16.98,22.72,22.69,15.96,23.46,19.42,28.25,17.27,11.6,27.72,21.76,23.41,15.78,11.33,-12.18010496,104.7566556,87.0417557,0.295910472,52.0,49.1,42.2,60.9,78.6,16.7,33.4,30.7,69.2,49.2,49.2,37.5,66.0,7.5,89.1,55.3,53.1,38.9,33.2,68.7,75.0,29.900000000000006,93.0,5.1,6.799999999999997,6.9,53.8,40.2,40.1,37.1,40.1,20.8,60.4,29.7,37.2,39.0,65.6,33.2,2.8999999999999986,-61.89999999999999,-35.900000000000006,-18.699999999999996,-2.8999999999999986,61.89999999999999,35.900000000000006,18.699999999999996,26.3706,22.848800000000004,14.508000000000003,25.691032806539067,15.3463,39.718,21.7792,26.659379212577324,1.1615086792646345,29.2,45.300000000000004,1.325261287310623,29.7,56.0,0.0,1.4210854715202004e-14,0.0,30.57,96.72895276707902,0.7000000000000028,40.87199999999999,8.1997,83.29763315306683,0.663857576739775,79.74810705818098,2.4811924676416983,-0.48089999999999994,-0.48089999999999994,1344.0899999999997,0.08417413945971426,5.043082999999999,-1344.0899999999997,11.878416211171842,-2.2283389999999996,53.46,39.09,2,68.56098181224802,3.2,-2.9,9.73100825526389
640,2025 Duke,2025,Duke,Region 2,1,Final Four,3,Jon Scheyer,2025 Jon Scheyer,ACC,ACC,2025 ACC,2025 Duke,2025 Duke,21.5,29.5,46.4,27.9,21.3,14.4,36.7,32.9,19.1,13.7,127.954,110.2005,38.1544,79.78,2.11,1.95545,30.26,16.01,27.68,21.85,15.79,18.63,48.53,18.0,11.38,13.46,8.55,25.29,27.11,14.45,19.58,13.52,9.47428107,127.20819,109.0588138,0.97935737,57.4,55.5,32.1,74.6,85.6,17.7,35.2,26.5,66.6,58.0,56.6,37.7,69.1,10.6,90.3,58.1,48.6,45.4,37.9,66.5,78.4,28.5,89.6,15.2,19.599999999999994,6.5,63.7,39.3,46.7,32.0,43.9,16.1,68.1,29.6,38.6,44.6,68.9,38.3,1.8999999999999986,-67.89999999999999,-38.3,-42.49999999999999,-1.8999999999999986,67.89999999999999,38.3,42.49999999999999,38.6533,24.283500000000004,17.215600000000002,23.112839144798574,16.218,46.5463,26.3887,23.217432387468403,1.2219456962848367,33.9,54.5,1.0051956867966896,29.6,61.5,0.040000000000020464,0.0799999999999983,0.05000000000001137,30.26,95.05212975109492,-1.5,49.1344,9.8235,81.3449906628512,0.705945249753952,76.39496320282878,3.3747656412749105,1.40315,1.40315,390.5400000000004,0.11738518953278479,54.55705499999999,-390.5400000000004,8.518064333553438,41.651085,56.214999999999996,43.115,4,71.83553756970005,-8.799999999999997,-7.600000000000001,9.110912737122451
641,2025 Alabama,2025,Alabama,Region 2,2,Elite Eight,2,Nate Oats,2025 Nate Oats,SEC,SEC,2025 SEC,2025 Alabama,2025 Alabama,16.8,34.5,32.7,20.9,11.9,9.1,40.9,21.5,11.7,9.8,126.511,103.4202,29.9317,78.07,2.35,2.98697,38.57,15.78,19.15,18.97,20.78,25.32,29.1,29.93,26.62,9.42,4.92,26.91,29.47,20.19,12.26,11.16,10.1171988,127.226168,103.7128343,0.96099428,56.3,52.1,40.1,66.1,83.3,13.5,34.7,29.2,76.3,59.7,51.2,35.0,69.2,10.1,87.8,54.1,56.2,46.2,35.1,75.4,71.6,29.599999999999994,89.2,14.6,10.0,7.9,62.7,41.7,42.1,35.0,49.5,11.8,61.1,30.4,35.3,46.6,69.6,34.6,4.199999999999996,-69.8,-36.099999999999994,-25.999999999999993,-4.199999999999996,69.8,36.099999999999994,25.999999999999993,39.1691,22.2908,16.4498,22.93140132365806,15.524999999999999,42.656,24.081599999999998,26.43116846956764,1.2081285809317397,38.2,56.300000000000004,1.239848559290194,30.4,57.1,0.0,0.009999999999990905,0.010000000000005116,38.57,96.51780959739419,7.400000000000006,46.89789999999999,7.033500000000001,80.37440884152406,0.6254262956497613,78.09840793482265,3.3650679600023943,1.7719000000000003,1.7719000000000003,914.6000000000004,0.11503285839569025,62.42767299999999,-914.6000000000004,8.692208692208693,35.544942999999996,56.3,39.97,2,72.07145646558088,-9.2,-2.0999999999999996,9.732598345406938
642,2025 Wisconsin,2025,Wisconsin,Region 2,3,Second Round,1,Greg Gard,2025 Greg Gard,Big 10,B10,2025 B10,2025 Wisconsin,2025 Wisconsin,17.3,33.7,31.7,21.9,14.4,12.0,40.5,25.8,18.9,6.9,122.016,103.9594,25.9754,78.01,1.4,2.60842,31.18,20.2,14.43,26.32,19.75,19.24,34.83,26.14,13.75,9.55,15.68,26.18,20.03,20.88,15.25,17.62,6.56613416,122.648377,103.313831,0.93907711,53.6,52.1,33.8,71.9,85.9,14.5,28.0,26.6,68.6,54.7,53.2,34.9,67.0,6.1,89.2,54.9,50.7,48.1,39.1,68.3,82.8,27.700000000000003,87.0,6.1,4.0,5.5,61.8,34.0,39.1,28.4,42.7,17.8,65.3,32.5,34.8,48.2,66.7,39.1,1.5,-71.4,-45.4,-38.10000000000001,-1.5,71.4,45.4,38.10000000000001,26.318999999999996,24.3742,16.7736,23.23537174223817,11.3244,47.3022,26.079700000000003,29.398341789971763,0.8319329474492231,32.2,40.1,0.8669854990920948,32.5,66.1,0.060000000000016485,0.05000000000001137,0.03999999999999204,31.18,95.76778190543068,0.29999999999999716,46.04240000000001,7.5545,78.33491246506347,0.6420977532426521,77.25054980101393,3.595489681582868,0.9561999999999999,0.9561999999999999,807.0099999999995,0.06838488357753836,57.124398,-807.0099999999995,14.620554007539749,37.561248000000006,53.58500000000001,40.57000000000001,1,70.88714147492665,-3.0,-7.5,9.23677669574184
643,2025 Arizona,2025,Arizona,Region 2,4,Sweet 16,2,Tommy Lloyd,2025 Tommy Lloyd,Big 12,B12,2025 B12,2025 Arizona,2025 Arizona,15.1,33.1,33.6,18.0,14.4,7.8,41.2,23.1,11.6,11.5,122.541,103.1852,25.7258,77.9,0.4,2.72009,29.75,19.37,19.43,19.61,23.62,17.96,29.41,33.39,23.78,7.32,6.09,23.8,25.07,18.49,19.02,13.62,5.44619968,123.108715,103.6930199,0.94393581,52.9,51.4,36.6,70.8,83.8,16.6,35.9,28.5,70.2,55.1,52.8,32.4,66.4,12.0,93.3,56.7,46.8,34.6,41.9,70.6,78.4,28.599999999999994,93.9,9.9,15.799999999999997,7.1,65.0,39.3,44.0,30.2,39.0,26.0,61.5,28.5,33.8,34.7,66.0,41.3,1.5,-67.19999999999999,-35.599999999999994,-34.199999999999996,-1.5,67.19999999999999,35.599999999999994,34.199999999999996,34.841100000000004,21.8686,11.728599999999998,27.594851572953488,14.4098,44.7855,27.257999999999996,22.756445973247523,1.4178265756030084,24.0,49.199999999999996,0.9031258323043027,28.5,62.7,0.009999999999990905,0.009999999999990905,0.0,29.75,97.87045309983556,2.5999999999999943,44.3302,8.5324,80.42398699834264,0.6798479634536756,78.12241777735211,2.8887105734213927,0.2824,0.2824,844.5600000000011,0.1286159848233138,48.961619999999996,-844.5600000000011,7.77435213732189,39.169296,54.78,41.03,1,67.73318896454893,-6.4,-2.9000000000000004,9.375715938759253
644,2025 Oregon,2025,Oregon,Region 2,5,Second Round,1,Dana Altman,2025 Dana Altman,Big 10,B10,2025 B10,2025 Oregon,2025 Oregon,14.5,33.1,25.2,13.5,11.9,10.3,39.4,19.5,12.2,7.2,116.633,103.5162,20.1491,77.5,1.75,2.67688,28.91,25.16,19.04,18.15,16.42,21.18,37.24,32.37,13.56,10.29,6.48,31.86,24.23,16.73,14.67,12.43,5.80633724,115.526882,103.0802887,0.88284313,52.2,50.9,33.4,72.3,83.8,17.6,30.6,29.2,68.6,53.0,50.0,34.0,68.3,10.1,91.2,54.4,49.7,38.6,37.4,68.5,76.3,27.900000000000006,89.7,6.1,18.299999999999997,8.8,60.2,35.9,43.7,36.5,43.3,25.9,59.6,25.7,34.4,38.3,68.3,37.8,1.3000000000000043,-66.19999999999999,-40.2,-38.9,-1.3000000000000043,66.19999999999999,40.2,38.9,27.083499999999997,24.389899999999997,13.175199999999997,24.344335412302115,17.5609,41.1346,25.8174,21.95546628974206,1.0965771128691157,24.1,42.0,1.198380995211767,25.7,54.7,0.04999999999998295,0.05999999999998806,0.07999999999998408,28.91,96.63927091243582,0.5,43.7436,8.958400000000001,79.9577049712067,0.6601861627892864,78.08663929674242,3.067711869637676,1.19875,1.19875,531.2499999999993,0.11074439973245906,36.13788,-531.2499999999993,9.02880902880903,31.854872000000004,52.96,41.44499999999999,0,70.03602078967366,-1.3000000000000007,-4.7,8.767016495809392
645,2025 BYU,2025,BYU,Region 2,6,Sweet 16,2,Kevin Young,2025 Kevin Young,Big 12,B12,2025 B12,2025 BYU,2025 BYU,14.6,36.4,31.4,21.6,10.2,10.4,41.7,23.0,16.8,6.2,123.002,99.391,22.3936,78.33,0.38,1.93387,41.47,18.88,17.28,21.85,26.27,15.72,10.09,35.62,27.86,17.17,9.26,19.28,28.8,22.85,17.39,11.68,4.82014862,124.05788,100.9569574,0.93019753,57.2,49.4,30.2,70.5,82.4,17.2,33.3,26.1,67.8,58.6,50.7,37.1,65.2,9.8,91.5,59.9,47.8,48.3,44.4,67.9,70.5,29.400000000000006,90.0,8.8,15.799999999999997,8.4,66.7,32.8,38.8,24.1,45.0,19.6,59.9,29.7,36.8,47.6,64.3,46.2,7.800000000000004,-65.2,-40.6,-40.3,-7.800000000000004,65.2,40.6,40.3,29.7976,26.3368,17.5168,23.857685693852762,10.677999999999999,47.4969,29.706599999999998,22.250243444361086,0.8739312199323542,30.4,41.599999999999994,0.7034479773165083,29.7,67.5,0.0,0.0,0.0,41.47,95.8254760750476,-0.09999999999999432,47.1328,8.496799999999999,79.59275591191758,0.723421214719629,77.2449144753489,2.7157547866598493,0.25802,0.25802,56.399999999999636,0.10710265461579654,41.771592000000005,-56.399999999999636,9.33578206305479,19.725474,54.67,39.855000000000004,1,71.42233779502442,-4.800000000000001,-3.999999999999999,9.87544269156471
646,2025 Saint Mary's,2025,Saint Mary's,Region 2,7,Second Round,1,Randy Bennett,2025 Randy Bennett,WCC,WCC,2025 WCC,2025 Saint Mary's,2025 Saint Mary's,15.2,29.1,25.7,10.8,15.6,10.7,37.1,19.3,9.9,9.3,115.276,107.8122,23.0883,78.42,1.36,1.69929,19.29,20.4,21.2,15.14,22.75,20.5,41.51,26.62,23.31,3.89,4.67,23.93,27.18,19.49,13.19,16.21,4.39402631,115.043251,106.6367149,0.9169275,50.9,53.8,31.4,75.0,84.9,16.6,40.5,24.9,63.5,51.8,54.2,32.6,68.8,10.4,92.8,57.1,45.9,33.4,31.3,62.5,69.5,25.299999999999997,92.5,3.0,23.299999999999997,5.7,58.6,41.4,47.5,39.8,39.0,25.3,62.6,28.5,32.2,33.2,68.5,31.8,-2.8999999999999986,-68.30000000000001,-34.599999999999994,-43.6,2.8999999999999986,68.30000000000001,34.599999999999994,43.6,27.0354,20.5574,10.690400000000002,27.041495890575284,20.233099999999997,39.624,21.783,20.159757769708776,1.3373091171952651,24.7,44.4,1.430772617213295,28.5,54.5,0.010000000000005116,0.0,0.0,19.29,97.12632291306069,-5.5,43.2141,8.9308,82.6357588056848,0.684644069015959,75.31892369986335,3.0395338057082326,0.85,0.85,284.79999999999995,0.11206775789053998,18.352332,-284.79999999999995,8.922219017402172,26.508924,54.395,41.900000000000006,2,67.26904440871576,-0.9000000000000004,-6.299999999999999,8.192197244864264
647,2025 Mississippi St.,2025,Mississippi St.,Region 2,8,First Round,1,Chris Jans,2025 Chris Jans,SEC,SEC,2025 SEC,2025 Mississippi St.,2025 Mississippi St.,12.2,36.1,20.7,12.1,4.9,8.6,40.4,15.3,9.1,6.3,118.739,101.3664,20.105,77.34,0.29,2.28068,31.69,22.84,16.89,13.6,20.94,25.73,38.11,25.59,22.97,10.51,2.83,32.61,22.78,17.07,16.33,11.21,3.08516629,118.427611,101.3672346,0.89122655,51.7,48.1,31.6,64.6,84.9,19.0,34.1,29.5,69.7,55.2,49.9,31.4,63.9,14.3,91.4,53.3,46.8,42.3,44.2,68.7,70.0,30.5,93.3,12.2,12.599999999999994,7.9,64.2,37.1,41.6,32.9,39.5,20.3,61.3,23.1,31.4,42.7,64.2,44.0,3.6000000000000014,-65.9,-36.4,-32.99999999999999,-3.6000000000000014,65.9,36.4,32.99999999999999,35.2008,21.426299999999998,13.4078,27.87531763645633,14.6818,42.4083,28.248,23.77412809477283,1.1545397063300624,29.7,49.3,0.9272516533715143,23.1,59.2,-1.4210854715202004e-14,-0.010000000000005116,0.0,31.69,95.19338476680315,0.7000000000000028,43.8933,9.139000000000001,80.09141421013075,0.658016567696695,79.52098320997865,3.0991325077809426,0.19923,0.19923,241.70000000000027,0.1564534304876314,27.596227999999996,-241.70000000000027,6.391161457240753,11.175332,53.465,39.58,1,67.19636904518285,-3.0,1.3999999999999995,9.213726503787214
648,2025 Baylor,2025,Baylor,Region 2,9,Second Round,1,Scott Drew,2025 Scott Drew,Big 12,B12,2025 B12,2025 Baylor,2025 Baylor,17.9,33.1,26.6,17.7,9.2,12.8,38.7,22.2,14.6,7.7,120.812,100.3347,21.1465,76.86,-0.85,2.73547,27.12,15.42,24.28,22.91,17.09,20.31,26.45,40.32,21.14,6.61,5.47,23.44,33.59,19.32,12.86,10.79,2.06154377,120.592662,100.6711249,0.90298097,51.5,48.8,31.0,66.5,83.9,18.8,35.6,31.2,65.4,51.2,50.2,34.7,64.6,8.3,89.0,53.5,40.1,40.2,40.8,65.4,74.6,30.099999999999994,94.6,7.6,10.700000000000003,9.4,62.0,31.0,31.400000000000006,25.2,39.1,28.9,62.8,33.3,34.3,40.1,64.1,41.4,2.700000000000003,-65.10000000000001,-33.2,-35.5,-2.700000000000003,65.10000000000001,33.2,35.5,26.409599999999998,25.0542,13.754299999999999,27.52853065457726,8.918600000000001,47.449799999999996,26.537399999999998,25.902702561701933,0.9625695119822449,21.1,38.6,0.8357286055892371,33.3,65.4,-0.010000000000005116,0.010000000000005116,0.0,27.12,96.24743154626061,-2.5999999999999943,43.2085,9.1744,83.50189559924938,0.6588588810482628,78.93900996532011,2.490528538600088,-0.5559000000000001,-0.5559000000000001,310.9500000000003,0.09325737913057157,48.417818999999994,-310.9500000000003,10.721599807252138,25.166323999999996,53.345000000000006,40.435,2,67.62474114268751,-3.0999999999999996,-1.4999999999999991,9.540779104546038
649,2025 Vanderbilt,2025,Vanderbilt,Region 2,10,First Round,1,Mark Byington,2025 Mark Byington,SEC,SEC,2025 SEC,2025 Vanderbilt,2025 Vanderbilt,14.7,37.3,27.9,21.0,13.1,9.3,42.4,22.0,15.0,7.1,117.933,98.228,16.1611,76.47,-1.18,2.38005,37.89,20.43,20.17,14.74,21.18,23.46,29.21,41.12,17.17,6.26,6.2,22.74,29.46,17.22,15.66,14.91,1.59863688,118.104027,98.986612,0.85785614,51.7,47.1,34.0,61.0,85.3,20.0,32.2,29.7,70.2,53.6,48.5,32.5,63.1,11.4,88.6,50.1,52.7,40.2,37.5,70.3,74.7,28.0,90.7,6.2,7.099999999999994,8.6,60.1,41.9,40.2,39.8,37.9,17.7,63.4,22.5,32.5,40.4,63.4,37.7,4.600000000000001,-65.3,-38.099999999999994,-27.0,-4.600000000000001,65.3,38.099999999999994,27.0,30.8053,19.8383,13.13,26.449952740978574,16.6102,38.1668,23.9018,26.632483298909,1.1905645899853965,32.3,48.1,1.283785575979417,22.5,51.6,0.01999999999998181,0.03999999999999204,0.010000000000005116,37.89,96.78887402925392,2.299999999999997,44.100100000000005,9.42,81.07293454259722,0.6262421719728504,80.05244923547316,3.5847901503299093,-0.8295399999999999,-0.8295399999999999,831.8000000000002,0.12866671933725354,49.98105,-831.8000000000002,7.77124813612841,31.178655000000003,53.54500000000001,38.93,1,67.64569481559053,-6.0,-6.0,9.5059249305195
650,2025 VCU,2025,VCU,Region 2,11,First Round,1,Ryan Odom,2025 Ryan Odom,Atlantic 10,A10,2025 A10,2025 VCU,2025 VCU,13.9,32.9,29.7,15.5,7.8,10.8,38.2,20.9,14.0,6.9,116.302,104.3033,20.6057,78.1,1.39,2.66052,33.21,12.53,16.15,24.34,21.17,25.8,29.85,20.76,15.98,20.25,13.13,15.19,30.07,20.24,20.53,13.96,1.04766801,114.900398,103.8963745,0.88638582,52.4,55.6,32.2,63.9,83.2,20.6,36.7,30.0,66.4,54.2,56.4,33.5,69.4,15.6,92.3,56.5,53.9,47.4,35.3,66.9,74.5,28.0,94.9,11.2,18.0,5.1,62.4,34.9,51.5,40.9,37.0,17.4,63.6,23.8,33.8,47.8,69.3,35.4,-3.200000000000003,-62.6,-33.3,-31.699999999999996,3.200000000000003,62.6,33.3,31.699999999999996,32.4064,22.594399999999997,16.156399999999998,28.306698265016127,21.981499999999997,39.669,24.5322,22.96562648829768,0.9644149703981089,32.6,46.099999999999994,1.2993983220812972,23.8,54.0,0.010000000000005116,0.030000000000001137,0.009999999999990905,33.21,94.42174131112584,-1.0999999999999943,43.5968,11.453600000000002,81.56704145821274,0.7115779398244354,78.66158148875347,3.208142372477829,0.92991,0.92991,609.7,0.16901225338837064,41.23806,-609.7,5.916287417473239,20.752056,53.93000000000001,42.975,2,66.82784109661627,-1.5,-0.8999999999999995,8.65025938527942
651,2025 Liberty,2025,Liberty,Region 2,12,First Round,1,Ritche McKay,2025 Ritche McKay,Conference USA,CUSA,2025 CUSA,2025 Liberty,2025 Liberty,10.9,32.7,14.2,3.8,8.1,7.7,39.4,10.3,1.9,8.2,112.451,101.0825,13.5333,75.67,-0.79,1.89117,21.36,20.84,18.01,22.77,21.55,16.76,42.0,33.3,13.86,5.14,5.62,25.67,23.69,23.69,16.57,10.31,-0.1599568,112.466239,101.7289209,0.8251473,58.4,54.1,30.9,73.7,84.7,16.9,18.9,28.0,66.4,57.7,52.0,39.5,72.0,7.8,90.9,61.2,60.6,47.7,34.4,66.1,65.4,26.400000000000006,89.2,8.8,7.900000000000006,3.0,62.5,41.8,43.5,37.7,37.8,10.3,63.2,28.1,38.8,47.9,71.7,34.1,4.299999999999997,-67.80000000000001,-53.1,-42.800000000000004,-4.299999999999997,67.80000000000001,53.1,42.800000000000004,33.9746,22.478599999999997,18.585199999999997,24.26896165887614,16.6365,42.2089,24.449700000000004,28.35999236013061,1.0563453790108766,39.7,50.599999999999994,1.1935133867042023,28.1,59.3,0.06999999999999318,0.0799999999999983,0.06999999999999318,21.36,97.48814212185482,-1.9000000000000057,49.4648,9.1429,72.47694129802699,0.736453231609728,76.68404784311927,3.9605254558525598,-0.52219,-0.52219,75.17999999999961,0.08580763687968228,7.186446,-75.17999999999961,11.652352262530446,15.318477,52.949999999999996,42.52,3,70.16537820664401,-1.9,0.09999999999999964,8.624565334599612
652,2025 Akron,2025,Akron,Region 2,13,First Round,1,John Groce,2025 John Groce,MAC,MAC,2025 MAC,2025 Akron,2025 Akron,9.3,40.0,4.2,5.4,-0.7,6.7,43.2,4.9,4.8,0.1,113.689,92.891,6.57907,75.06,-2.73,1.39962,38.91,19.0,17.71,21.16,17.74,24.35,48.76,18.17,14.88,11.53,6.57,33.22,19.19,20.43,15.44,11.65,-1.5812849,113.389737,93.653621,0.67644629,55.4,50.5,26.8,66.3,83.4,17.2,33.3,29.0,72.4,55.8,49.4,36.6,68.1,9.8,93.0,58.5,55.3,45.4,38.0,71.9,74.9,27.0,85.0,6.9,17.900000000000006,4.4,61.8,37.6,44.4,41.4,40.8,17.2,58.3,20.7,36.4,45.2,67.6,38.0,4.899999999999999,-66.2,-37.7,-39.5,-4.899999999999999,66.2,37.7,39.5,29.101799999999997,23.470399999999998,16.4528,22.28482293699758,19.1692,37.756099999999996,25.688,21.645707811634768,0.9844914935510276,32.8,44.5,1.205231441277861,20.7,54.2,0.03999999999999204,0.09000000000000341,0.06999999999999318,38.91,97.18843993484045,3.9000000000000057,46.2036,8.686,80.43435753251481,0.706513206362242,78.1459700201532,3.331124631046323,-1.9628700000000001,-1.9628700000000001,217.22000000000025,0.10537521101923636,7.5579480000000006,-217.22000000000025,9.488827670645852,-0.979734,53.69,40.245000000000005,1,71.53402480685189,-0.6000000000000005,0.7999999999999999,9.738836498299097
653,2025 Montana,2025,Montana,Region 2,14,First Round,1,Travis DeCuire,2025 Travis DeCuire,Big Sky,BSky,2025 BSky,2025 Montana,2025 Montana,11.4,40.6,3.7,6.6,-0.5,6.9,44.2,3.2,5.2,-1.9,110.778,89.607,0.384426,76.55,-1.66,2.5887,29.67,17.2,21.86,22.12,22.89,15.89,29.17,21.84,28.67,8.59,11.7,21.14,21.27,23.67,21.75,12.13,-2.9975393,110.836163,90.754743,0.54147035,56.4,47.8,36.2,68.1,83.8,15.5,22.6,29.0,67.5,57.3,46.9,36.5,66.3,8.1,91.5,49.3,54.4,36.8,35.0,67.8,74.6,26.0,91.3,6.3,26.900000000000006,4.3,65.4,42.5,38.9,39.3,39.3,20.7,57.8,25.5,36.3,36.8,66.4,35.1,8.600000000000001,-68.3,-48.4,-31.89999999999999,-8.600000000000001,68.3,48.4,31.89999999999999,33.54690000000001,21.493499999999997,13.358399999999996,25.717746790883528,16.444399999999998,38.0454,23.306400000000004,17.90363091666045,1.3260509225292791,29.3,48.8,1.2421298538503176,25.5,56.400000000000006,0.03999999999999204,0.029999999999986926,0.04000000000000625,29.67,96.79695925720574,-0.20000000000000284,47.2632,7.409,75.89224332148255,0.5834250482242813,78.40842914751798,3.3578174186778584,-1.1254799999999998,-1.1254799999999998,929.9200000000001,0.08852362269264816,17.08542,-929.9200000000001,11.294901863967413,-1.29435,53.46000000000001,39.01,1,69.30827445266891,-1.3999999999999995,-1.4,9.86251227568967
654,2025 Robert Morris,2025,Robert Morris,Region 2,15,First Round,1,Andrew Toole,2025 Andrew Toole,Horizon,Horz,2025 Horz,2025 Robert Morris,2025 Robert Morris,9.6,35.5,6.6,2.5,2.9,7.2,41.0,10.9,5.4,5.4,106.969,95.117,2.08559,76.89,-0.46,1.44803,26.44,22.77,20.66,18.88,19.03,18.63,32.91,30.24,16.92,11.1,8.8,35.08,21.32,14.61,16.35,12.6,-4.0062151,104.973639,95.178011,0.50415627,51.3,49.7,38.4,70.0,81.5,18.8,35.3,28.3,68.7,50.7,50.2,34.9,65.8,11.9,90.6,60.7,48.6,36.8,35.6,68.7,72.0,27.400000000000006,85.7,8.2,12.0,6.5,58.4,42.9,44.7,42.2,34.7,20.4,58.4,22.2,34.6,36.7,66.0,35.6,1.5999999999999943,-62.7,-36.400000000000006,-31.6,-1.5999999999999943,62.7,36.400000000000006,31.6,32.080999999999996,19.777,12.698200000000002,24.29958847388161,19.643400000000003,36.4608,23.496,23.870117301764562,1.3923326339881745,29.6,51.099999999999994,1.36793910283419,22.2,51.3,0.030000000000001137,0.030000000000015348,0.040000000000020464,26.44,98.25496991429947,0.7000000000000028,41.80949999999999,9.3436,80.6529235135211,0.7475277398061599,78.35480915114788,2.626885033241446,-0.31602,-0.31602,846.7999999999993,0.13134512864096423,3.620075,-846.7999999999993,7.61280564658432,4.199287,53.714999999999996,40.74,1,68.70649797837017,2.9000000000000004,2.5000000000000004,8.745926112828275
655,2025 American,2025,American,Region 2,16,First Round,1,Mike Brennan,2025 Mike Brennan,Patriot,Pat,2025 Pat,2025 American,2025 American,8.4,39.3,0.2,0.4,-3.4,5.5,43.4,3.8,3.1,0.6,102.054,91.968,-5.97827,76.45,-0.49,2.53187,32.81,29.88,18.43,13.27,18.87,19.52,29.5,14.43,35.37,11.0,9.65,29.37,17.15,27.5,11.39,14.56,-8.2317113,101.645069,91.980942,0.33193698,51.8,47.9,29.5,65.9,83.2,17.6,23.8,27.4,63.7,51.1,46.9,35.1,66.4,5.3,90.5,52.1,49.6,44.8,35.7,64.2,75.9,30.799999999999997,77.3,2.3,4.799999999999997,3.7,59.0,33.4,37.2,40.0,39.6,21.4,61.9,24.2,35.2,45.3,66.2,35.9,3.8999999999999986,-65.6,-48.8,-36.400000000000006,-3.8999999999999986,65.6,48.8,36.400000000000006,21.4839,24.419999999999998,15.945599999999999,19.345003661583178,15.0576,38.745599999999996,23.7658,28.210089802527513,0.7880620736849077,28.6,35.699999999999996,1.2172362886827668,24.2,56.3,0.030000000000001137,0.04999999999999716,0.030000000000001137,32.81,93.94031106408919,-3.799999999999997,43.0976,8.4304,77.48035092219722,0.6322738801713571,77.46760404296361,2.9522052258794123,-0.31458,-0.31458,209.33000000000015,0.058562888807858475,1.012748,-209.33000000000015,17.072250518770044,-8.608358,50.70499999999999,38.925000000000004,0,73.177018234027,2.7,4.0,8.59656514695169
656,2025 Houston,2025,Houston,Region 3,1,Runner Up,3,Kelvin Sampson,2025 Kelvin Sampson,Big 12,B12,2025 B12,2025 Houston,2025 Houston,19.0,28.7,44.2,22.8,20.8,14.0,37.2,29.2,18.1,11.0,123.226,112.2185,35.4443,76.81,-0.59,2.66562,29.24,15.53,18.38,18.94,21.18,25.94,45.35,26.88,8.29,14.18,5.25,27.07,20.83,17.46,22.56,12.04,11.5367063,124.298952,112.3885245,0.98240592,52.7,55.1,28.2,65.9,85.4,21.7,36.1,29.3,62.4,49.0,56.1,39.8,69.1,15.8,93.4,44.4,45.0,34.5,43.1,62.1,74.1,29.099999999999994,89.1,6.5,15.700000000000003,7.1,62.9,23.8,45.7,32.0,39.2,41.4,68.3,24.6,39.4,34.7,69.8,43.4,-2.3999999999999986,-63.7,-34.599999999999994,-37.7,2.3999999999999986,63.7,34.599999999999994,37.7,20.7617,29.9006,13.671800000000001,23.735557011931835,15.738700000000001,47.095,30.2932,25.31038982973856,0.8731736837555114,8.600000000000001,30.3,0.900900900900901,24.6,60.9,0.030000000000001137,0.04999999999998295,0.03999999999999204,29.24,96.11397632534232,-5.899999999999999,45.00580000000001,11.9567,89.72437455882014,0.5670425665061749,77.32711132904282,3.0819806862543673,-0.36638999999999994,-0.36638999999999994,171.93000000000006,0.16916307105919637,60.776136,-171.93000000000006,5.911018289981647,55.44489600000001,53.88,43.21,3,70.83602270034345,-4.699999999999999,-9.8,8.480801019430668
657,2025 Tennessee,2025,Tennessee,Region 3,2,Elite Eight,2,Rick Barnes,2025 Rick Barnes,SEC,SEC,2025 SEC,2025 Tennessee,2025 Tennessee,16.0,28.5,33.4,14.5,18.4,12.0,36.7,23.2,13.7,9.5,120.275,110.878,31.1527,77.13,1.22,2.9361,24.85,16.5,19.26,28.3,16.04,19.9,35.69,32.98,7.64,15.85,7.84,28.39,24.07,17.82,16.88,12.84,9.32792044,118.710651,109.5314434,0.95788795,52.8,55.6,35.4,70.6,84.0,17.8,35.4,30.1,65.5,54.1,53.3,34.0,72.2,16.1,90.9,60.2,53.5,43.0,45.1,64.6,74.3,26.0,86.7,14.3,15.200000000000003,5.5,62.8,36.4,47.4,32.2,38.3,20.2,61.8,23.2,33.8,43.3,71.3,44.6,-2.8000000000000043,-66.2,-34.5,-35.199999999999996,2.8000000000000043,66.2,34.5,35.199999999999996,35.2573,22.371999999999996,14.635399999999997,24.450085207758825,16.0988,46.1374,31.7998,24.53641851072265,1.1708736518787097,29.8,50.7,0.8452725275218045,23.2,62.3,0.0,1.4210854715202004e-14,0.0,24.85,95.0659550062854,-3.4000000000000057,44.352,9.8968,80.05645443420424,0.7323511879417525,77.78794017810547,3.343541028685707,0.7881199999999999,0.7881199999999999,794.6199999999999,0.17711576330293397,42.57345,-794.6199999999999,5.645612073784236,54.02424,54.510000000000005,43.3,2,69.38039709273343,-0.8000000000000007,-8.899999999999999,8.347410239991342
658,2025 Kentucky,2025,Kentucky,Region 3,3,Sweet 16,2,Mark Pope,2025 Mark Pope,SEC,SEC,2025 SEC,2025 Kentucky,2025 Kentucky,17.9,35.2,34.3,22.6,14.9,10.8,40.9,22.4,13.9,8.6,123.783,100.4747,24.2581,78.56,1.41,3.05898,39.12,18.62,20.58,20.57,20.62,19.55,29.48,31.43,6.95,16.82,15.25,22.56,30.19,16.08,17.51,13.58,5.62225036,123.944403,101.1966945,0.93131543,56.0,49.6,35.9,69.0,84.8,14.0,28.7,25.9,72.7,55.9,46.3,37.4,69.2,11.3,92.0,56.7,53.7,41.7,43.5,71.6,73.8,28.0,92.7,12.6,8.200000000000003,6.7,66.2,36.6,36.0,30.2,38.3,22.2,57.9,26.1,37.5,41.2,69.5,43.7,6.399999999999999,-70.8,-45.400000000000006,-33.1,-6.399999999999999,70.8,45.400000000000006,33.1,35.909400000000005,23.952599999999997,15.45,26.317595508201986,11.4214,45.4834,30.3715,26.983081118854212,1.1941457731608456,27.8,49.2,0.8443742706116565,26.1,63.1,0.060000000000002274,0.06999999999999318,0.0799999999999983,39.12,99.11232325703554,3.5999999999999943,47.488,6.944000000000001,78.78756747086278,0.659294659364426,75.79202898440705,3.532662324847049,1.0095599999999998,1.0095599999999998,717.4199999999996,0.1228247519048706,69.132948,-717.4199999999996,8.140872489160252,45.578802,54.725,38.870000000000005,3,69.03578987235302,-8.700000000000001,-6.300000000000001,9.81969520988657
659,2025 Purdue,2025,Purdue,Region 3,4,Sweet 16,2,Matt Painter,2025 Matt Painter,Big 10,B10,2025 B10,2025 Purdue,2025 Purdue,19.0,35.1,28.1,21.1,12.9,15.7,39.3,22.6,18.7,3.9,124.232,99.606,23.8371,77.18,0.47,1.74179,29.27,20.51,21.32,20.18,16.3,21.67,42.04,28.47,7.74,15.99,5.72,21.29,25.0,15.14,17.64,20.9,4.92501129,124.886912,100.6545929,0.932847,56.3,48.0,34.6,69.0,84.4,17.8,31.0,29.9,66.6,55.5,43.6,38.5,69.3,5.3,91.2,57.7,42.0,38.1,42.7,65.8,73.0,27.400000000000006,80.0,6.0,7.400000000000006,8.1,67.7,28.2,29.799999999999997,31.9,44.5,33.4,62.8,25.5,38.2,38.4,68.8,42.6,8.299999999999997,-66.60000000000001,-39.1,-34.4,-8.299999999999997,66.60000000000001,39.1,34.4,23.8914,29.5318,14.668800000000001,19.5937064725726,10.1056,45.3228,29.3088,28.84857015520873,0.8906018072446031,16.6,34.2,0.938945095185559,25.5,60.0,0.01999999999999602,0.040000000000020464,0.030000000000001137,29.27,97.84862137223594,-2.200000000000003,47.5172,8.544,80.21063503084724,0.7019379326285567,76.3008596654692,2.6921351195436203,0.30926,0.30926,635.1999999999998,0.05811339787940921,36.751769,-635.1999999999998,17.204301075268816,22.469091,55.010000000000005,39.980000000000004,4,74.61781076979122,-2.400000000000002,-9.0,9.972215808125934
660,2025 Clemson,2025,Clemson,Region 3,5,First Round,1,Brad Brownell,2025 Brad Brownell,ACC,ACC,2025 ACC,2025 Clemson,2025 Clemson,16.4,31.2,29.4,16.7,15.5,11.6,38.1,23.3,14.4,8.9,118.657,105.2678,23.9249,77.95,1.53,3.0304,26.24,22.43,19.69,15.43,24.78,17.68,31.5,31.55,17.32,7.8,11.82,27.34,29.29,16.95,13.94,12.48,4.75246158,117.674748,104.300701,0.91507247,53.6,51.1,28.2,72.4,84.3,20.1,33.7,29.9,65.1,52.3,50.7,37.2,67.8,10.4,91.9,52.3,56.3,38.4,38.3,65.0,76.6,30.5,90.6,5.2,20.400000000000006,7.8,57.9,35.9,45.1,36.5,44.0,25.3,58.4,25.5,36.9,38.8,68.1,38.0,2.5,-64.19999999999999,-36.4,-44.2,-2.5,64.19999999999999,36.4,44.2,25.497299999999996,25.449199999999998,14.317199999999998,23.820789239653667,18.0527,40.769999999999996,25.877999999999997,20.674783352351398,1.0592510502306642,24.7,41.1,1.1657587958211626,25.5,55.7,-0.010000000000019327,0.009999999999990905,0.0,26.24,96.28796955831447,-3.0,45.1848,10.2711,83.74658431344908,0.6545600180223025,78.83024111756578,3.585758868861855,0.9945,0.9945,-48.08000000000038,0.11316525391453847,50.60768,48.08000000000038,8.835688876069609,46.9712,53.485,42.30500000000001,3,70.65385713092444,-2.299999999999999,-6.6,8.771810830939462
661,2025 Illinois,2025,Illinois,Region 3,6,Second Round,1,Brad Underwood,2025 Brad Underwood,Big 10,B10,2025 B10,2025 Illinois,2025 Illinois,17.1,33.3,30.5,19.6,12.9,10.7,39.8,21.0,13.3,7.9,121.626,101.9381,23.5646,78.86,1.84,1.08284,30.57,21.42,17.21,21.03,21.34,18.95,34.09,15.92,19.14,15.29,15.48,31.92,15.55,20.6,18.62,13.24,3.97548713,122.023291,103.1733978,0.9346147,52.3,52.7,34.6,73.2,84.2,12.7,36.0,26.3,72.3,57.3,53.9,31.1,66.7,9.1,91.2,51.9,54.2,46.9,30.4,72.1,75.9,28.799999999999997,96.3,7.0,14.900000000000006,5.5,67.8,32.9,43.8,35.2,40.0,19.9,64.2,34.2,31.3,47.2,66.4,30.5,-0.4000000000000057,-71.5,-37.7,-38.6,0.4000000000000057,71.5,37.7,38.6,29.0472,22.733600000000003,14.773600000000002,29.421817301678242,16.2371,42.208400000000005,20.252000000000002,23.891612893789038,0.8453210737060655,30.1,39.9,1.334382479262975,34.2,59.3,0.04999999999999716,0.0799999999999983,0.07000000000000739,30.57,98.14534369760864,4.099999999999994,44.0366,6.692900000000001,80.26640746598696,0.594494908420293,77.28780559159517,3.430162647933676,1.3266399999999998,1.3266399999999998,517.9800000000005,0.09977960767974034,21.223664000000003,-517.9800000000005,10.02087682672234,13.968636,54.36,40.495000000000005,2,66.66944796705965,-6.300000000000001,-5.0,9.431241299952617
662,2025 UCLA,2025,UCLA,Region 3,7,Second Round,1,Mick Cronin,2025 Mick Cronin,Big 10,B10,2025 B10,2025 UCLA,2025 UCLA,12.8,33.1,27.0,14.3,14.0,9.3,39.3,21.0,11.9,9.1,116.85,104.9129,21.763,78.13,1.23,2.23037,35.45,24.28,23.87,14.95,21.07,15.77,36.13,21.35,23.87,10.28,8.3,25.7,20.84,24.61,16.99,11.8,3.87460402,117.194204,105.4297963,0.92176943,53.0,49.5,32.9,65.4,84.1,22.8,32.8,29.2,66.6,53.1,48.8,35.2,66.8,10.5,93.0,60.5,42.2,36.0,44.8,65.8,70.3,25.099999999999994,91.9,8.9,19.599999999999994,5.8,66.3,28.6,36.8,31.4,41.7,34.9,65.7,23.6,35.2,36.5,67.2,45.0,3.5,-61.3,-38.0,-32.50000000000001,-3.5,61.3,38.0,32.50000000000001,27.140900000000002,27.401300000000003,12.848000000000003,25.827811237759448,12.691999999999997,45.7452,30.24,23.181224442782717,1.0273691131749816,15.100000000000001,37.5,0.8266482967045177,23.6,62.800000000000004,0.05999999999998806,0.06999999999999318,0.060000000000002274,35.45,95.58879608270033,-2.200000000000003,44.573,11.286,79.47226626564941,0.7836686053289464,77.52346528717142,2.653921137035406,0.80934,0.80934,671.3300000000002,0.11290201180632466,31.894291000000003,-671.3300000000002,8.856299400057138,31.22518,53.720000000000006,41.15,0,69.472047582849,-2.4000000000000004,-4.9,8.63770434613526
663,2025 Gonzaga,2025,Gonzaga,Region 3,8,Second Round,1,Mark Few,2025 Mark Few,WCC,WCC,2025 WCC,2025 Gonzaga,2025 Gonzaga,17.8,33.0,37.3,25.0,15.9,11.9,39.8,26.3,18.7,7.6,123.564,103.7271,27.2907,77.32,0.71,2.98516,31.8,26.59,25.52,14.03,19.43,14.37,39.48,39.28,10.53,6.64,4.0,23.47,33.25,17.62,13.62,11.98,2.81479884,123.340869,103.1899035,0.9418766,55.7,52.5,30.9,71.4,86.8,18.2,32.7,26.4,70.5,57.8,50.9,34.4,69.8,8.3,91.9,61.9,51.5,33.5,40.6,70.9,80.1,27.200000000000003,89.0,5.6,9.200000000000003,5.2,66.2,37.9,40.3,31.6,46.0,28.5,63.2,28.2,35.4,33.6,69.8,40.2,3.200000000000003,-68.6,-40.9,-40.50000000000001,-3.200000000000003,68.6,40.9,40.50000000000001,30.0738,25.0044,11.894400000000001,23.64818527216553,13.2132,45.882000000000005,28.0596,27.376678030761877,1.2946043272521652,21.5,43.5,0.9154001144250143,28.2,63.199999999999996,0.060000000000002274,0.07000000000000739,0.05999999999998806,31.8,94.05104042709988,2.9000000000000057,48.3476,9.555,77.90732371500737,0.7567144655933301,76.29839410447262,3.9012196045754104,0.50339,0.50339,533.0099999999993,0.09031457764333359,74.629,-533.0099999999993,11.070955306589568,47.464044,55.155,41.540000000000006,2,71.43910873708161,-6.300000000000001,-8.3,9.412297631982076
664,2025 Georgia,2025,Georgia,Region 3,9,First Round,1,Mike White,2025 Mike White,SEC,SEC,2025 SEC,2025 Georgia,2025 Georgia,12.6,35.1,22.6,11.1,7.2,10.9,39.1,19.2,12.2,7.0,115.396,103.9919,19.3878,78.91,1.66,1.85817,31.7,24.43,15.66,19.89,20.39,19.57,42.67,28.85,10.45,9.73,8.2,25.05,21.33,14.49,20.97,18.08,2.03797746,115.263666,103.9744234,0.89090204,52.5,52.8,39.8,69.6,81.2,18.0,36.1,31.8,68.5,53.8,52.2,33.5,69.1,14.7,90.7,47.6,51.2,36.8,40.6,67.2,71.7,26.299999999999997,86.5,13.1,19.0,9.0,62.8,39.8,45.7,38.4,37.8,23.1,63.5,21.2,32.9,37.0,68.3,40.4,-0.29999999999999716,-63.2,-32.099999999999994,-29.799999999999997,0.29999999999999716,63.2,32.099999999999994,29.799999999999997,36.32589999999999,20.9048,12.173,24.747659822024925,19.2588,41.0552,27.593199999999996,22.312683239210234,1.4296910894300154,26.9,52.9,1.173238286181035,21.2,52.6,0.060000000000002274,0.0999999999999801,0.0799999999999983,31.7,96.88516132038913,-0.7999999999999972,42.63,9.504,83.74545473666717,0.5804807258448067,79.4548155141231,2.723259401095687,1.1155199999999998,1.1155199999999998,1023.1800000000003,0.16207098047430565,20.625687,-1023.1800000000003,6.169648323243318,13.378824000000002,54.489999999999995,42.42,2,68.96793014797456,1.0999999999999996,-0.20000000000000018,8.596526782116856
665,2025 Utah St.,2025,Utah St.,Region 3,10,First Round,1,Jerrod Calhoun,2025 Jerrod Calhoun,Mountain West,MWC,2025 MWC,2025 Utah St.,2025 Utah St.,14.7,38.0,20.9,18.9,6.0,10.3,41.8,17.6,14.4,3.2,120.736,94.489,15.225,77.28,0.3,2.1603,35.61,18.55,18.31,14.66,26.15,22.27,30.5,29.75,10.02,13.57,16.12,20.44,23.53,12.49,20.12,23.37,2.25030919,121.378562,95.331568,0.84597074,56.0,48.2,37.6,63.8,84.0,20.2,34.6,30.3,67.3,57.7,47.4,35.8,66.2,9.4,90.5,61.1,41.6,42.3,44.4,68.4,70.2,28.099999999999994,90.2,11.3,8.299999999999997,6.0,62.5,45.3,40.9,34.5,38.7,12.1,57.9,21.2,34.9,42.6,66.0,44.4,7.799999999999997,-63.8,-35.099999999999994,-26.199999999999996,-7.799999999999997,63.8,35.099999999999994,26.199999999999996,38.5051,19.5501,14.8674,25.528203357593863,14.6085,41.5788,29.304000000000002,25.555217992939657,1.328607309687566,37.9,56.599999999999994,0.9121416184320174,21.2,59.5,0.060000000000016485,0.03999999999999204,0.04999999999999716,35.61,95.62824749099403,0.4000000000000057,47.04,9.7364,79.54030580934106,0.765654565732259,78.11464735807378,2.599837510155615,0.2052,0.2052,846.7400000000005,0.10386625562148484,40.82966999999999,-846.7400000000005,9.626635464312308,12.9618,55.96000000000001,39.96,3,68.90755611328547,-4.499999999999998,-2.8,9.722351571594878
666,2025 Texas,2025,Texas,Region 3,11,First Round,1,Rodney Terry,2025 Rodney Terry,SEC,SEC,2025 SEC,2025 Texas,2025 Texas,15.9,34.0,23.8,15.8,8.1,10.9,39.7,17.4,12.3,5.2,116.677,100.4748,17.1519,78.03,0.53,2.85034,31.91,16.76,18.72,28.23,17.73,18.56,42.41,31.28,7.85,13.51,4.95,23.68,25.88,17.33,21.89,11.21,0.15372978,116.642783,100.1522931,0.85667028,52.5,51.6,36.6,60.7,85.7,16.6,29.8,29.7,68.4,51.8,52.5,36.0,66.7,11.7,91.8,47.5,51.7,35.4,36.2,68.1,74.9,29.900000000000006,86.7,11.8,12.200000000000003,6.3,62.9,35.9,44.9,38.0,37.9,28.9,63.0,25.6,36.2,35.3,66.2,36.4,0.8999999999999986,-69.1,-40.5,-24.1,-0.8999999999999986,69.1,40.5,24.1,32.811699999999995,23.731699999999996,12.778599999999999,23.872770402001244,17.8306,40.2248,24.096799999999998,24.761310546899573,1.3512365088807685,21.1,47.7,1.2169995329798633,25.6,55.7,-1.4210854715202004e-14,0.0,0.009999999999990905,31.91,95.33375418564346,0.09999999999999432,44.9925,8.5656,82.44385178430777,0.5695375355211567,79.12743504060786,3.615131808964409,0.36093,0.36093,926.4099999999996,0.12744959205237413,45.035372,-926.4099999999996,7.845483292026323,23.087754,53.875,39.835,1,70.08378665267935,-3.5,-2.8999999999999995,9.112447972546622
667,2025 McNeese,2025,McNeese,Region 3,12,Second Round,1,Will Wade,2025 Will Wade,Southland,Slnd,2025 Slnd,2025 McNeese,2025 McNeese St.,12.6,35.3,18.4,10.7,8.9,9.1,40.9,15.4,10.0,5.4,114.253,99.433,13.6856,77.06,-0.8,2.7688,34.4,14.17,19.99,18.21,27.71,19.87,37.43,22.9,21.28,9.83,8.49,27.84,22.88,18.75,15.14,15.34,-0.3952476,113.754758,100.3517587,0.82091847,53.3,52.5,35.7,68.6,83.8,21.6,34.7,31.3,65.8,53.2,53.1,35.6,67.8,11.8,91.2,50.1,45.0,36.7,46.6,66.0,70.7,29.099999999999994,91.4,7.8,20.0,5.8,57.9,44.5,48.7,37.2,41.9,18.9,63.6,15.9,35.2,36.6,67.6,46.9,0.7999999999999972,-62.199999999999996,-34.0,-32.89999999999999,-0.7999999999999972,62.199999999999996,34.0,32.89999999999999,32.8947,20.802300000000002,12.883200000000002,25.078410369612083,19.276400000000002,41.8168,31.704399999999996,21.57473445182273,1.4289227070298625,31.1,52.3,0.9168248011769473,15.9,57.0,0.04999999999999716,0.07000000000000739,0.04999999999999716,34.4,95.08437186109445,-2.0,44.6654,11.340000000000002,83.89979646282107,0.6390224614481957,78.85383586320506,2.7776063205974935,-0.528,-0.528,527.7300000000007,0.1293845462220809,29.62616,-527.7300000000007,7.728158630624524,24.64232,54.565,42.949999999999996,2,69.29653353748715,-0.6999999999999993,-3.5,8.990335297785464
668,2025 High Point,2025,High Point,Region 3,13,First Round,1,Alan Huss,2025 Alan Huss,Big South,BSth,2025 BSth,2025 High Point,2025 High Point,13.2,39.5,15.3,15.9,3.5,6.6,43.5,11.6,9.2,2.2,118.451,90.853,9.30421,77.05,0.65,2.37566,37.46,15.44,23.29,15.66,22.9,22.69,47.19,28.17,8.65,8.97,6.97,36.5,18.62,15.55,14.66,14.64,-1.6922113,117.530778,91.249332,0.70948578,56.4,50.9,37.6,63.7,84.7,16.5,34.0,29.9,67.2,57.4,51.1,36.6,67.1,7.2,92.0,44.9,56.9,39.0,36.0,67.2,76.4,29.5,84.4,9.5,14.0,4.1,63.5,39.2,44.1,37.6,45.8,21.4,60.9,26.8,36.6,39.4,67.1,35.6,5.5,-68.2,-36.1,-26.1,-5.5,68.2,36.1,26.1,32.910000000000004,24.2216,14.420399999999999,21.08148872036002,17.155600000000003,40.2088,23.8876,23.76080455989092,1.2360092383442047,28.6,48.7,1.1713154124884133,26.8,58.3,0.020000000000010232,0.04999999999999716,0.030000000000001137,37.46,95.93492558493698,-0.7999999999999972,47.770799999999994,8.3985,82.57681885258057,0.5377181111603453,79.03837511780699,3.7187111953467102,0.4368000000000001,0.4368000000000001,993.4900000000002,0.0782600189128379,37.772994,-993.4900000000002,12.776003332870435,8.31481,56.175,40.019999999999996,3,73.1983704751774,-6.700000000000001,-1.2999999999999998,9.46248926849671
669,2025 Troy,2025,Troy,Region 3,14,First Round,1,Scott Cross,2025 Scott Cross,Sun Belt,SB,2025 SB,2025 Troy,2025 Troy,9.6,35.9,10.5,3.8,6.1,7.8,40.3,13.0,6.8,6.2,107.654,99.222,6.87603,77.8,-0.09,1.08881,35.1,20.39,18.98,17.51,20.95,22.16,27.27,31.27,12.17,13.78,15.48,22.65,26.53,18.7,17.42,14.68,-4.1369145,106.643894,99.503571,0.66436098,50.1,52.8,37.8,70.7,80.1,19.8,38.6,32.0,66.8,53.9,53.8,30.3,67.4,12.8,89.7,55.6,49.0,44.8,38.1,66.9,72.6,27.799999999999997,78.9,9.5,16.700000000000003,5.3,57.8,46.0,47.7,40.6,32.3,9.0,64.8,21.1,30.1,45.0,67.2,38.3,-2.6999999999999957,-60.3,-29.400000000000006,-32.900000000000006,2.6999999999999957,60.3,29.400000000000006,32.900000000000006,34.0835,16.451999999999998,13.545,23.13112981820531,20.251300000000004,39.410399999999996,25.737599999999997,23.279604807642244,1.233305926534966,41.0,55.5,1.1984021304926766,21.1,54.1,0.009999999999990905,0.030000000000001137,0.020000000000010232,35.1,98.19995277839719,-1.0999999999999943,40.1301,10.4544,80.82267811179278,0.6932581888006384,79.97324449490871,2.4621878297572977,-0.06021,-0.06021,778.8199999999999,0.14269629101124848,4.137478,-778.8199999999999,7.007265057417389,6.641741,53.455,43.075,2,68.2731580904597,3.0,0.10000000000000053,8.349702185985103
670,2025 Wofford,2025,Wofford,Region 3,15,First Round,1,Dwight Perry,2025 Dwight Perry,Southern,SC,2025 SC,2025 Wofford,2025 Wofford,12.8,40.0,8.6,11.9,0.3,8.7,43.4,8.6,9.2,-0.5,113.636,90.521,4.15774,76.45,-0.97,2.11673,31.96,21.88,19.95,18.98,24.34,14.79,41.72,17.27,10.71,10.33,19.9,31.08,20.95,16.13,15.83,15.94,-9.5694511,111.113471,90.390445,0.53909877,53.3,48.2,31.1,63.8,83.1,14.9,35.5,26.2,64.6,54.6,48.2,34.5,65.5,8.8,90.3,55.0,50.7,47.7,45.8,64.7,66.8,30.799999999999997,87.1,3.1,23.299999999999997,4.4,60.4,36.9,41.7,36.4,39.4,15.4,60.8,17.6,34.8,47.7,65.5,46.0,5.099999999999994,-68.19999999999999,-38.3,-32.699999999999996,-5.099999999999994,68.19999999999999,38.3,32.699999999999996,24.987699999999997,22.667199999999998,16.5996,23.87640048248479,16.204,40.830799999999996,30.13,19.31965751939373,0.8385568436720404,34.6,40.0,0.8869372404947719,17.6,59.2,0.060000000000002274,0.0700000000000216,0.07000000000000739,31.96,96.44485302694811,-3.299999999999997,44.2923,7.1818,81.92369255121122,0.6462908778980271,77.24315641792658,2.999822495710312,-0.62759,-0.62759,112.44000000000028,0.09745185546117983,25.189087,-112.44000000000028,10.260197704806272,0.635019,53.86,37.815000000000005,1,69.8919574474189,-2.700000000000001,-0.8,9.946587569872518
671,2025 SIU Edwardsville,2025,SIU Edwardsville,Region 3,16,First Round,1,Brian Barone,2025 Brian Barone,Ohio Valley,OVC,2025 OVC,2025 SIUE,2025 SIU Edwardsville,6.0,37.6,1.9,-2.9,0.6,6.1,43.0,6.8,1.6,1.3,101.884,93.799,-4.31608,77.22,0.66,1.52906,25.56,19.25,19.23,13.82,17.78,29.87,34.34,29.88,11.53,14.34,9.83,23.93,24.21,14.63,17.11,20.07,-7.6766468,101.10715,94.43158,0.37835134,48.9,52.5,33.1,66.8,82.9,17.3,31.8,29.1,67.2,47.8,53.7,34.0,67.0,11.5,92.0,51.4,51.3,36.3,38.6,66.6,67.9,29.700000000000003,89.6,6.7,4.900000000000006,3.7,57.1,37.9,46.2,35.6,34.2,25.5,64.3,25.7,33.1,36.6,66.9,38.7,-3.6000000000000014,-65.60000000000001,-39.099999999999994,-33.699999999999996,3.6000000000000014,65.60000000000001,39.099999999999994,33.699999999999996,27.6441,20.8356,12.114600000000001,26.487858853947905,16.628500000000003,42.415400000000005,25.890300000000003,28.636966203376595,1.2185459413677222,24.5,44.6,1.0154776362367899,25.7,60.699999999999996,0.04999999999998295,0.0799999999999983,0.05000000000001137,25.56,94.04826495885443,-1.4000000000000057,40.5381,9.082500000000001,82.94461366258217,0.6215160638928187,78.69689074816067,2.9998245716624763,0.43955999999999995,0.43955999999999995,263.5300000000002,0.12499864131911609,-4.434274,-263.5300000000002,7.999304408312321,0.917436,51.61,41.165,0,66.88556477307391,4.5,0.7000000000000001,8.361833688699358
672,2025 Auburn,2025,Auburn,Region 1,1,Final Four,3,Bruce Pearl,2025 Bruce Pearl,SEC,SEC,2025 SEC,2025 Auburn,2025 Auburn,20.1,31.9,43.2,27.2,16.3,13.7,38.5,30.6,19.2,11.4,128.426,106.621,35.0475,78.51,0.9,2.80655,31.83,20.19,20.76,18.33,18.91,21.81,46.49,32.46,11.56,4.88,4.61,29.67,25.77,15.77,16.6,12.19,12.7036969,129.5335,106.7261007,0.97761207,55.7,54.0,33.5,60.8,86.6,17.4,34.3,30.3,68.9,56.1,52.8,36.8,70.8,16.5,92.5,55.5,59.8,40.6,34.8,68.6,74.0,26.5,85.6,12.5,13.799999999999997,7.7,63.0,36.0,45.1,40.2,44.4,23.3,66.7,24.5,35.9,40.8,70.2,35.3,1.7000000000000028,-69.19999999999999,-35.400000000000006,-27.299999999999997,-1.7000000000000028,69.19999999999999,35.400000000000006,27.299999999999997,33.379999999999995,24.992399999999996,14.647199999999998,22.04334744694341,19.192800000000002,41.1221,24.7806,25.929198470707373,1.1886963554814836,26.7,48.5,1.3569020707628683,24.5,52.099999999999994,0.0,0.0,0.0,31.83,98.59760918428563,0.5999999999999943,48.236200000000004,9.395999999999999,81.79547392521403,0.6719046984903331,78.29259186885243,4.462353555704796,0.6174,0.6174,867.8000000000002,0.17837644998432448,76.33816,-867.8000000000002,5.6057208654020965,45.746765,55.815,41.13,4,72.19183939706647,-8.0,-4.9,9.544981335934422
673,2025 Michigan St.,2025,Michigan St.,Region 1,2,Elite Eight,2,Tom Izzo,2025 Tom Izzo,Big 10,B10,2025 B10,2025 Michigan St.,2025 Michigan St.,12.2,34.6,31.7,14.2,18.3,8.5,40.3,23.5,12.2,11.3,118.142,109.4309,27.5733,77.85,1.6,1.60988,40.04,16.34,20.3,21.91,23.11,18.32,33.13,34.95,19.11,8.85,3.91,26.15,30.91,15.91,15.42,11.58,8.45902429,117.193981,107.7699185,0.9401815,51.2,53.9,37.8,66.9,83.4,16.4,35.3,24.6,69.2,53.6,50.9,30.8,72.1,13.3,92.2,61.6,46.6,32.7,41.4,68.6,78.1,27.799999999999997,88.4,11.8,19.400000000000006,5.6,65.6,38.3,43.3,33.0,36.2,28.8,60.5,26.3,31.1,32.9,72.0,40.7,-2.6999999999999957,-67.0,-40.1,-29.10000000000001,2.6999999999999957,67.0,40.1,29.10000000000001,35.556,20.657500000000002,10.231900000000001,26.783997087813464,15.375399999999999,45.215500000000006,29.304000000000002,22.874585606446875,1.522750068386979,21.2,50.099999999999994,0.9483796466917275,26.3,61.4,0.020000000000010232,0.04999999999999716,0.030000000000001137,40.04,97.27841406529208,0.5999999999999943,42.70080000000001,8.839599999999999,78.11766593895148,0.7368332914678054,74.22038367590226,2.8070598156737554,1.0976,1.0976,1092.3599999999994,0.14425006236374877,22.860295999999998,-1092.3599999999994,6.931809638373055,29.460804,54.06000000000001,40.61500000000001,1,67.38034583149599,-2.0,-7.0,8.29593793034755
674,2025 Iowa St.,2025,Iowa St.,Region 1,3,Second Round,1,T.J. Otzelberger,2025 T.J. Otzelberger,Big 12,B12,2025 B12,2025 Iowa St.,2025 Iowa St.,13.9,33.0,28.8,14.1,16.9,10.2,39.2,20.4,10.8,9.6,119.432,107.5641,26.9956,78.02,1.22,2.80138,30.05,19.08,21.42,14.78,24.89,19.77,46.68,19.6,14.95,7.38,11.32,24.25,25.75,19.72,18.24,11.97,5.43137055,119.225845,107.3802944,0.94804149,54.6,51.6,38.5,71.1,83.1,21.8,32.2,28.4,69.5,55.1,52.5,35.8,66.8,10.2,90.7,53.9,44.7,36.9,40.7,69.3,75.7,25.0,88.0,5.8,9.299999999999997,6.3,67.1,37.1,38.8,30.5,39.1,26.2,66.4,28.6,35.8,36.8,66.4,40.9,3.0,-61.3,-39.4,-32.599999999999994,-3.0,61.3,39.4,32.599999999999994,29.998099999999997,23.418599999999998,13.174399999999999,24.710726415870496,12.419899999999998,46.148,27.157600000000002,27.25587092719659,1.165729192141518,23.8,42.9,0.8997335028483411,28.6,63.2,0.060000000000002274,0.06999999999999318,0.07000000000000739,30.05,96.32319840078364,1.2999999999999972,45.3726,11.248800000000001,81.06296222962452,0.6892494980882596,77.62768304154073,2.6448139163363105,0.8454599999999999,0.8454599999999999,1136.9500000000005,0.1124574150229876,39.499458,-1136.9500000000005,8.891285168120774,47.34332199999999,54.830000000000005,42.435,1,69.94257693741821,-3.299999999999999,-7.299999999999999,8.603229579110696
675,2025 Texas A&M,2025,Texas A&M,Region 1,4,Second Round,1,Buzz Williams,2025 Buzz Williams,SEC,SEC,2025 SEC,2025 Texas A&M,2025 Texas A&M,12.2,32.9,28.6,11.6,15.2,9.2,40.1,21.4,11.5,9.8,116.21,107.8738,24.0834,77.45,-0.46,2.97416,39.22,23.12,12.51,13.95,23.29,27.08,39.54,30.77,17.58,7.0,5.03,21.26,23.98,19.37,16.81,18.52,5.4646007,115.388683,106.4458663,0.91776116,47.5,51.8,41.7,64.7,81.8,19.7,42.0,27.8,67.5,48.0,53.5,31.1,66.6,13.9,85.2,47.7,35.2,37.6,47.0,66.9,69.5,23.200000000000003,91.3,7.2,24.799999999999997,10.4,57.7,40.1,44.2,32.6,32.1,22.2,66.9,21.2,30.7,37.7,66.7,46.2,-4.299999999999997,-62.099999999999994,-30.200000000000003,-23.0,4.299999999999997,62.099999999999994,30.200000000000003,23.0,29.711299999999998,18.700100000000003,11.573900000000002,28.41988740301411,16.9884,44.998200000000004,30.815400000000004,20.260717328531754,1.254608631070794,27.8,47.300000000000004,0.930715785372611,21.2,57.0,0.04999999999999716,0.0799999999999983,0.060000000000002274,39.22,93.60885378042404,-1.0999999999999943,38.855,10.2046,86.05256365586649,0.5940150184929204,75.03043918648044,1.9339596725454642,-0.30774000000000007,-0.30774000000000007,1397.11,0.16314362507482305,34.500256,-1397.11,6.1290554636357095,45.207232,54.105000000000004,40.91,1,65.07364204810013,-0.09999999999999964,-5.399999999999999,8.272673506694797
676,2025 Michigan,2025,Michigan,Region 1,5,Sweet 16,2,Dusty May,2025 Dusty May,Big 10,B10,2025 B10,2025 Michigan,2025 Michigan,13.0,32.1,28.7,12.8,15.2,10.2,38.5,22.8,12.4,10.5,115.994,106.2818,22.2758,79.12,3.23,2.27429,29.02,28.28,21.18,14.13,17.69,18.73,35.57,26.83,15.81,13.14,8.65,30.18,25.34,14.16,15.52,14.8,6.84527669,116.473201,105.7795207,0.91969956,54.5,53.7,35.0,71.5,80.2,16.0,33.2,29.8,70.6,57.7,54.1,33.4,68.7,9.3,92.5,58.5,55.1,42.5,38.9,70.3,72.8,27.0,89.5,9.1,10.0,5.6,62.4,42.3,42.7,28.9,41.3,15.7,64.2,32.0,33.2,42.0,69.2,39.1,0.7999999999999972,-64.2,-37.0,-36.5,-0.7999999999999972,64.2,37.0,36.5,34.539699999999996,20.4281,13.944,25.150878049616214,12.9003,47.601200000000006,27.0572,26.927479768197145,1.2237803861812815,34.3,51.4,0.8823303751822205,32.0,65.5,-0.010000000000005116,0.0,1.4210854715202004e-14,29.02,94.72371626994908,2.299999999999997,43.709,8.592,78.65321525780406,0.6964202807109439,78.74565553653129,2.782687743043281,2.27069,2.27069,617.5,0.10053945362752835,29.110912000000003,-617.5,9.945167186324051,34.569208,53.74,42.165000000000006,0,69.23510670378502,-0.40000000000000036,-4.699999999999999,8.413713225470161
677,2025 Mississippi,2025,Mississippi,Region 1,6,Sweet 16,2,Mississippi,2025 Mississippi,SEC,SEC,2025 SEC,2025 Mississippi,2025 Mississippi,13.9,32.6,25.9,14.3,11.2,8.9,39.3,17.7,10.4,7.3,117.842,104.2465,22.0886,76.19,-0.68,3.48419,30.03,24.86,20.82,13.28,21.98,19.01,34.89,34.14,18.14,9.51,3.25,29.61,21.62,18.63,16.89,13.19,4.93178784,116.997764,103.4829222,0.90141093,51.1,49.5,35.6,60.5,87.2,20.5,25.4,30.8,69.3,51.0,48.4,34.1,67.3,12.4,88.8,53.5,41.7,40.2,44.0,68.8,73.8,29.5,83.6,5.6,15.900000000000006,9.4,61.9,32.6,39.4,34.2,38.0,27.4,61.5,22.4,34.8,40.0,67.5,43.4,1.6000000000000014,-66.7,-43.8,-24.9,-1.6000000000000014,66.7,43.8,24.9,24.861,24.332,13.92,22.8172997233824,14.9694,43.071,29.295,23.46662523670585,0.9549761255968602,22.6,38.2,1.0045851478076544,22.4,56.4,0.04999999999999716,0.06999999999999318,0.060000000000002274,30.03,95.68866609968562,0.7999999999999972,44.559200000000004,10.147499999999999,77.80464635589207,0.6729475100942126,77.99861143613913,3.2575580032809945,-0.46784,-0.46784,842.5300000000002,0.13963806713888358,49.823917,-842.5300000000002,7.160712845738247,39.02292799999999,52.66,40.16,2,70.51773240715211,-3.9000000000000004,-3.8999999999999995,8.804060049401663
678,2025 Marquette,2025,Marquette,Region 1,7,First Round,1,Shaka Smart,2025 Shaka Smart,Big 12,B12,2025 B12,2025 Marquette,2025 Marquette,17.1,31.4,29.6,16.3,14.1,12.3,38.3,23.4,12.7,10.8,117.663,103.916,21.5789,78.33,0.74,2.08426,25.89,15.57,22.11,16.07,26.92,19.28,27.01,20.2,17.99,10.38,24.35,19.83,22.15,20.16,19.94,17.86,3.62351016,116.669726,103.910959,0.9030713,52.0,50.1,26.1,69.8,86.5,21.5,30.1,31.0,68.1,54.9,48.7,32.5,68.2,10.9,91.3,49.5,39.9,46.3,39.8,68.5,72.3,27.200000000000003,88.3,5.3,11.900000000000006,7.2,60.0,40.5,41.2,40.4,38.1,13.1,63.6,20.2,32.6,46.4,68.2,39.4,1.8999999999999986,-65.0,-38.9,-43.699999999999996,-1.8999999999999986,65.0,38.9,43.699999999999996,28.9799,20.1175,15.1264,25.304874365755435,17.5016,39.718,26.8708,25.7439151386627,0.9870476929376523,36.9,45.8,1.208091165198853,20.2,52.4,0.04999999999999716,0.06999999999999318,0.060000000000002274,25.89,95.31155142931054,0.5,44.98,10.7715,79.66561417937595,0.6305652157297359,77.31929009828103,2.9553366417302422,0.5069,0.5069,-11.5300000000002,0.11938532984304663,33.973438,11.5300000000002,8.375378405650858,29.388066,52.36,42.085,2,68.39098371451952,-3.6000000000000014,-3.299999999999999,8.822786454574324
679,2025 Louisville,2025,Louisville,Region 1,8,First Round,1,Pat Kelsey,2025 Pat Kelsey,ACC,ACC,2025 ACC,2025 Louisville,2025 Louisville,15.4,31.6,25.2,12.1,10.5,11.2,37.8,21.3,10.3,10.9,118.114,104.5266,22.6402,78.01,1.0,3.18064,23.39,15.03,20.5,21.09,19.93,23.39,30.9,20.77,21.53,20.43,6.3,23.48,21.61,21.62,19.86,13.37,5.49173374,117.838395,104.6580641,0.91954719,53.4,50.8,34.5,73.2,83.5,18.6,32.2,27.2,69.0,57.0,51.7,33.0,66.3,8.1,90.3,51.9,53.4,48.1,39.7,69.6,74.4,28.599999999999994,85.9,13.7,11.0,7.4,64.7,34.8,40.5,33.0,41.0,17.4,64.5,27.2,32.8,47.8,65.9,39.8,2.6000000000000014,-64.9,-40.599999999999994,-38.7,-2.6000000000000014,64.9,40.599999999999994,38.7,34.2839,22.812399999999997,15.678399999999996,24.034003689217773,14.179,43.7722,26.2282,25.7708329964969,1.0146231250392252,32.6,48.5,1.015049873118766,27.2,59.6,0.05999999999998806,0.07000000000000739,0.05999999999998806,23.39,96.93262001049756,1.5999999999999943,44.589,9.4488,79.71442909907802,0.6375843048611195,77.83675908665782,3.2361675049996967,0.696,0.696,473.28000000000065,0.08970000332222233,38.485744,-473.28000000000065,11.146772003456364,33.39672,53.849999999999994,41.39,0,70.00810808916009,-1.799999999999999,0.40000000000000036,8.799790677294801
680,2025 Creighton,2025,Creighton,Region 1,9,Second Round,1,Greg McDermott,2025 Greg McDermott,Big East,BE,2025 BE,2025 Creighton,2025 Creighton,15.9,32.9,24.4,14.6,11.0,12.1,39.4,19.3,12.8,6.6,116.921,101.7863,18.7077,78.97,2.94,2.65938,26.32,27.24,18.18,12.86,17.43,24.25,35.26,28.51,21.62,9.61,4.95,25.11,19.8,16.59,22.45,16.01,3.04908604,116.61107,101.7234804,0.87730783,55.8,53.0,28.5,83.1,81.9,11.7,26.9,27.2,67.6,60.5,54.2,33.9,67.3,10.7,89.1,63.4,56.7,49.0,35.2,67.9,73.3,28.599999999999994,90.5,18.1,18.400000000000006,5.7,68.9,35.6,45.3,33.0,41.0,15.5,62.6,31.7,34.5,48.9,67.4,35.3,2.799999999999997,-70.2,-45.900000000000006,-54.599999999999994,-2.799999999999997,70.2,45.900000000000006,54.599999999999994,40.9089,23.2255,16.8705,25.911435699320098,15.997799999999998,43.636399999999995,23.792199999999998,22.15285910817533,1.0981370524120162,34.5,53.7,1.0962862241862839,31.7,61.3,0.03999999999999204,0.04999999999999716,0.03999999999999204,26.32,94.26901666378274,-0.09999999999999432,45.7002,6.201,74.26559492635619,0.7179986636617931,77.64469851700332,3.132423623004255,1.9962600000000001,1.9962600000000001,-287.6099999999997,0.12008843896252566,38.826948,287.6099999999997,8.32632464255677,29.25318,52.45,42.03,1,69.38537245933097,-1.799999999999999,-4.4,8.986796486398598
681,2025 New Mexico,2025,New Mexico,Region 1,10,Second Round,1,Richard Pitino,2025 Richard Pitino,Mountain West,MWC,2025 MWC,2025 New Mexico,2025 New Mexico,12.6,31.3,21.2,9.1,8.7,10.1,37.5,17.8,9.3,8.6,112.488,104.8309,17.3187,78.48,1.4,2.48727,26.77,18.31,16.27,18.23,19.19,27.93,34.17,27.22,18.99,15.32,4.2,32.54,28.34,15.55,14.53,8.96,2.72719351,112.038159,104.4376972,0.86166671,50.8,50.8,37.8,65.0,84.4,20.5,31.5,25.6,72.9,50.6,51.8,34.1,66.2,14.3,90.5,51.5,40.5,32.2,38.3,73.8,68.4,33.3,88.4,5.9,16.5,7.5,58.4,45.4,45.1,40.9,35.5,22.9,64.9,20.8,34.0,31.7,66.2,38.3,0.0,-63.900000000000006,-42.9,-27.200000000000003,0.0,63.900000000000006,42.9,27.200000000000003,31.7292,18.9075,10.777999999999999,25.46204691954937,19.6834,38.8538,25.3546,23.219155166944958,1.6182454812151035,27.1,51.3,1.2636745776872669,20.8,51.6,0.06999999999999318,0.10000000000000853,0.0800000000000125,26.77,95.43267255388888,5.799999999999997,42.8752,10.413999999999998,82.04262724004836,0.6477905938290084,75.5436085913242,2.5959874367027767,1.0332,1.0332,421.02,0.1580093037645993,22.634157,-421.02,6.328228795189148,21.639249,53.39,40.315,1,67.98758844895505,0.20000000000000107,-0.09999999999999964,8.23032159104242
682,2025 North Carolina,2025,North Carolina,Region 1,11,First Round,1,Hubert Davis,2025 Hubert Davis,ACC,ACC,2025 ACC,2025 North Carolina,2025 North Carolina,13.2,36.4,24.4,15.9,10.4,9.1,42.0,17.9,12.3,5.5,118.852,100.6966,19.5481,76.42,-0.2,2.25811,30.12,18.73,17.28,22.04,18.12,23.81,37.62,28.52,13.79,14.42,5.61,31.0,20.79,16.94,17.0,14.24,1.36175074,118.039099,99.997842,0.87067924,54.2,50.4,34.8,70.0,84.9,15.2,29.2,27.1,70.8,54.9,50.8,35.3,66.5,9.7,89.5,51.0,52.5,37.0,37.9,71.3,73.7,25.200000000000003,84.8,9.9,12.5,7.4,61.6,44.1,43.3,33.1,37.9,18.7,59.6,28.8,35.6,37.2,66.5,38.1,3.8000000000000043,-69.7,-43.7,-35.2,-3.8000000000000043,69.7,43.7,35.2,35.5608,20.3305,13.243200000000002,23.09666281810715,15.2573,42.5013,25.3365,24.03918675829114,1.4515738824225155,31.3,54.0,1.0629642266607175,28.8,59.5,0.01999999999999602,0.03999999999999204,0.030000000000001137,30.12,97.20610844877615,3.299999999999997,46.015800000000006,7.660799999999999,79.98258017312698,0.6014080022641243,77.67014856089122,3.4765909542414426,-0.1426,-0.1426,800.7599999999995,0.10837867733321414,35.903949,-800.7599999999995,9.225853004844863,23.484344,53.965,39.88,1,70.41645310354342,-3.5999999999999996,-4.9,9.302863226134486
683,2025 UC San Diego,2025,UC San Diego,Region 1,12,First Round,1,Eric Olen,2025 Eric Olen,Big West,BW,2025 BW,2025 UC San Diego,2025 UC San Diego,14.1,30.9,24.6,11.8,17.5,11.0,38.0,21.2,13.2,8.0,115.247,103.5324,18.7789,77.58,-1.28,1.11911,22.89,16.97,16.22,24.91,25.25,16.62,33.44,22.38,24.0,6.76,13.36,24.42,18.77,24.43,19.99,12.35,0.94537087,112.308453,102.200928,0.83073446,55.4,52.3,33.8,70.2,86.6,23.3,25.6,28.4,66.9,56.1,53.8,36.5,66.9,7.5,89.9,57.3,48.2,49.6,44.3,66.5,74.6,24.599999999999994,82.2,4.7,11.400000000000006,4.5,62.5,36.7,45.3,34.4,38.5,13.7,67.4,21.2,36.1,49.6,66.9,44.4,3.1000000000000014,-63.3,-46.0,-36.400000000000006,-3.1000000000000014,63.3,46.0,36.400000000000006,26.8009,23.180100000000003,17.905600000000003,21.79776364675973,16.0962,43.9924,29.7036,26.332299557767453,0.8346605915203323,36.3,41.400000000000006,0.8761063940001351,21.2,61.1,0.030000000000001137,0.060000000000002274,0.04000000000000625,22.89,95.34800795357516,-1.5,47.9764,12.1859,76.60691341816853,0.7470567528454648,78.06889463614523,3.5967465114543677,-0.8512000000000001,-0.8512000000000001,794.56,0.08342510094437214,13.205498000000002,-794.56,11.985068657512333,19.584425,54.00000000000001,42.955,2,71.55221486215586,1.3999999999999986,-9.5,8.631383688741991
684,2025 Yale,2025,Yale,Region 1,13,First Round,1,James Jones,2025 James Jones,Ivy,Ivy,2025 Ivy,2025 Yale,2025 Yale,14.2,36.5,17.2,13.3,8.8,10.7,40.9,13.4,11.6,1.8,115.087,95.957,11.0438,77.79,-0.69,1.7202,29.37,19.19,21.21,19.12,24.0,16.46,34.61,27.47,21.74,6.66,9.48,17.09,23.66,20.29,16.88,22.06,-2.5597514,114.064316,96.17612,0.74682771,54.8,51.2,32.0,71.3,85.6,16.1,33.2,25.8,68.8,53.4,52.7,38.5,66.3,11.8,92.4,53.4,41.2,32.0,48.0,68.0,73.6,23.400000000000006,85.2,4.5,18.400000000000006,4.3,57.9,43.4,43.9,33.6,45.1,24.4,66.0,18.6,38.4,32.2,66.6,47.8,3.5999999999999943,-69.5,-41.0,-39.3,-3.5999999999999943,69.5,41.0,39.3,28.962599999999995,23.3692,12.3648,20.681150838384212,15.541599999999999,44.1108,31.834799999999994,22.80955574607566,1.4875314431228843,25.6,47.9,0.7928704420409616,18.6,62.1,0.01999999999998181,0.04000000000000625,0.01999999999999602,29.37,97.19704976854743,0.0,46.9088,8.2432,83.25926306570786,0.6364644044767046,75.74343894726519,2.860912436636344,-0.46919999999999995,-0.46919999999999995,686.7799999999995,0.12770424562504734,22.87866,-686.7799999999995,7.829844928395899,15.13776,54.76,40.36,3,73.25672360826279,-1.700000000000001,-7.000000000000001,9.493476312553408
685,2025 Lipscomb,2025,Lipscomb,Region 1,14,First Round,1,Lennie Acuff,2025 Lennie Acuff,Atlantic Sun,ASun,2025 ASun,2025 Lipscomb,2025 Lipscomb,13.6,34.7,13.8,10.4,8.9,10.5,39.4,11.4,9.2,2.2,112.665,96.821,9.48591,76.71,0.55,2.68496,22.9,18.59,26.41,16.81,20.23,17.97,31.87,26.42,16.18,18.89,6.63,18.58,27.21,15.64,21.8,16.76,-4.1352765,109.950035,96.903293,0.6770229,55.9,51.4,31.4,77.7,85.6,15.9,24.0,26.5,67.3,56.7,50.1,36.7,69.0,7.7,89.9,54.4,60.5,47.4,37.2,66.9,79.6,32.900000000000006,90.2,4.2,10.400000000000006,3.8,64.6,33.7,40.6,32.6,41.8,18.7,59.1,30.3,36.4,47.6,68.8,37.0,4.5,-69.69999999999999,-49.5,-46.300000000000004,-4.5,69.69999999999999,49.5,46.300000000000004,25.5586,25.143,17.3264,24.557076373216745,13.630800000000002,43.363299999999995,25.456,25.699983787284115,0.7962017604672172,31.3,37.900000000000006,0.9837571957514663,30.3,63.6,-0.010000000000005116,0.010000000000005116,0.009999999999990905,22.9,96.21100013196094,-1.0999999999999943,47.8504,8.1726,76.21933970802955,0.6468412979631634,76.39217989548708,4.2010971460315245,0.3679500000000001,0.3679500000000001,-56.89000000000078,0.08564977030288873,27.923583999999998,56.89000000000078,11.673808596286197,23.896144,53.27,41.49,2,70.34458781225906,-1.200000000000001,-6.7,9.136301666976514
686,2025 Bryant,2025,Bryant,Region 1,15,First Round,1,Doug Brotherton,2025 Doug Brotherton,Amerian East,AE,2025 AE,2025 Bryant,2025 Bryant,9.4,36.2,5.3,2.3,3.0,5.6,40.3,6.5,2.4,4.1,106.746,94.5,1.24635,79.07,0.54,2.62343,22.53,19.96,16.9,22.41,23.94,16.77,35.68,12.99,21.54,14.55,15.2,25.63,21.03,17.0,18.59,17.73,-7.0156728,105.969398,94.473987,0.51205215,51.0,52.3,30.4,70.0,83.5,16.4,34.2,28.8,73.2,51.5,52.7,33.4,67.8,14.8,94.3,48.7,57.1,34.8,36.0,73.1,71.8,28.0,85.5,8.9,18.299999999999997,5.3,61.2,40.6,48.1,42.2,35.0,24.6,61.5,21.7,33.0,34.8,67.5,36.1,-1.2999999999999972,-67.1,-37.0,-39.6,1.2999999999999972,67.1,37.0,39.6,32.4567,20.093999999999998,11.483999999999998,24.80367916257586,21.2681,37.713,24.3675,21.921906851366742,1.422372920318382,25.4,49.5,1.3157530262319603,21.7,52.5,0.020000000000010232,0.03999999999999204,0.01999999999999602,22.53,96.78378638769126,5.099999999999994,42.585,8.577199999999998,83.62474503877056,0.5825289171182163,78.3446946935488,3.4603963396157806,0.39474,0.39474,222.7199999999998,0.15694425297716885,6.033888999999999,-222.7199999999998,6.371191135734072,7.87029,52.67500000000001,41.28,1,68.39477502043121,0.10000000000000009,1.0999999999999996,8.795753484090113
687,2025 Saint Francis,2025,Saint Francis,Region 1,16,First Round,1,Rob Krimmel,2025 Rob Krimmel,NEC,NEC,2025 NEC,2025 Saint Francis,2025 Saint Francis,5.5,41.7,-8.2,-3.7,-4.6,3.8,45.3,-2.9,-0.1,-2.9,99.6749,87.564,-12.7615,76.31,-1.56,0.643431,30.17,18.66,19.59,16.13,22.66,22.94,46.78,23.95,9.85,11.64,7.73,26.65,20.48,18.31,20.2,14.32,-12.110249,99.9211932,88.05895,0.21310804,51.6,48.7,23.8,71.3,80.4,16.4,25.4,30.0,66.6,52.6,46.6,33.4,67.7,6.7,90.7,50.3,49.0,41.9,43.2,67.9,72.5,25.5,89.5,1.9,3.5999999999999943,5.3,58.4,35.9,39.4,34.7,43.3,22.2,58.0,22.2,33.8,42.0,67.8,43.1,2.8999999999999986,-64.0,-44.6,-47.5,-2.8999999999999986,64.0,44.6,47.5,22.6661,23.8086,14.196,24.371362976520896,13.8626,42.0978,29.221799999999998,28.300765596240208,0.8999785719387633,27.8,37.8,0.9280527133941208,22.2,60.0,0.020000000000010232,0.04999999999999716,0.03999999999999204,30.17,97.14256583627899,-0.09999999999999432,41.4864,7.9868,77.98670332047993,0.601667444169328,78.33397726027066,2.4998724554869654,-1.05924,-1.05924,-92.64999999999986,0.07386908633862911,-2.3806947,92.64999999999986,13.535293239814953,-2.9597825999999996,49.39,40.275000000000006,1,69.77096418816402,3.6,1.6999999999999997,8.88296122880146
688,2025 Florida,2025,Florida,Region 4,1,Champion,3,Todd Golden,2025 Todd Golden,SEC,SEC,2025 SEC,2025 Florida,2025 Florida,19.2,30.6,41.6,24.6,19.2,13.0,37.8,28.3,18.4,9.9,128.6,107.5625,36.1627,77.96,1.77,2.44066,29.02,17.01,17.9,19.08,24.41,21.56,39.7,35.12,8.66,6.02,10.4,30.26,25.55,13.74,15.64,14.75,11.1457691,126.766544,105.8401563,0.96831038,55.0,54.7,32.6,67.0,85.0,17.0,38.1,28.8,70.8,56.4,54.1,35.5,70.4,12.3,91.4,52.4,53.6,43.6,37.3,70.3,71.8,29.299999999999997,88.2,12.9,17.599999999999994,7.6,65.6,38.4,45.0,36.3,37.0,18.0,66.0,26.3,35.2,43.6,70.1,37.4,0.29999999999999716,-68.0,-33.099999999999994,-34.4,-0.29999999999999716,68.0,33.099999999999994,34.4,36.5682,22.007200000000005,15.347200000000003,25.30902342380414,17.672599999999996,43.5754,26.217399999999998,24.044039455410427,1.176578518841311,32.0,51.3,1.1737654073420498,26.3,56.1,0.04000000000000625,0.10000000000000853,0.060000000000002274,29.02,96.9967567531084,2.299999999999997,46.75,9.299000000000001,83.57772296672378,0.6313176949675304,77.68114079237169,3.573095126991534,1.24431,1.24431,377.5799999999999,0.13457183181803262,60.040236,-377.5799999999999,7.430290220307293,46.860671999999994,55.760000000000005,41.940000000000005,3,69.0636643719136,-6.200000000000003,-9.299999999999999,9.455728476667268
689,2025 St. John's,2025,St. John's,Region 4,2,Second Round,1,Rick Pitino,2025 Rick Pitino,Big East,BE,2025 BE,2025 St. John's,2025 St. John's,14.0,27.9,29.7,9.9,21.1,11.4,35.4,24.3,12.0,12.4,113.892,112.486,26.3781,78.24,0.36,2.34069,24.48,20.58,17.63,25.78,18.97,17.04,36.78,23.97,19.72,10.75,8.77,20.22,15.76,24.61,22.03,17.38,7.8479427,112.528868,110.2726915,0.93111845,49.7,53.4,30.2,69.6,84.4,21.9,37.3,28.9,70.4,51.5,54.2,30.4,68.2,15.1,91.7,53.7,44.1,30.3,40.8,70.9,68.9,33.0,90.4,8.9,7.400000000000006,7.6,60.3,41.0,45.5,38.8,37.5,28.0,70.2,20.4,30.1,31.0,69.4,40.8,-3.6999999999999957,-62.50000000000001,-33.80000000000001,-39.39999999999999,3.6999999999999957,62.50000000000001,33.80000000000001,39.39999999999999,32.7686,19.831,9.331,27.121870019106968,18.2164,42.635999999999996,28.3152,29.469461594448358,1.6096254959517433,22.0,49.9,1.1372270287492954,20.4,53.6,0.0,0.010000000000005116,0.0,24.48,96.49342759949263,2.9000000000000057,41.9468,11.694599999999998,81.64417349452422,0.6875712218793614,77.29551535226616,2.8267418755208014,0.25524,0.25524,-216.01999999999953,0.16466559797603078,23.172831,216.01999999999953,6.072445533408384,49.388559,52.970000000000006,43.055,2,66.80223118085712,2.0999999999999996,-8.700000000000001,7.624903322161671
690,2025 Texas Tech,2025,Texas Tech,Region 4,3,Elite Eight,2,Grant McCasland,2025 Grant McCasland,Big 12,B12,2025 B12,2025 Texas Tech,2025 Texas Tech,15.8,33.9,28.0,17.6,10.5,12.1,38.4,23.3,14.0,9.3,125.287,102.7645,28.0517,76.54,-0.29,2.62916,29.54,24.27,23.52,17.95,19.38,14.86,49.24,20.99,13.63,9.65,6.46,30.76,20.52,17.39,15.26,16.06,5.83562593,125.582113,103.1016441,0.95175056,55.5,52.0,29.7,66.5,85.2,17.4,34.3,28.5,66.4,54.3,51.8,37.9,68.3,8.1,92.0,58.5,55.0,44.6,34.1,66.3,76.4,30.5,91.7,6.7,4.200000000000003,5.2,64.4,29.9,40.8,33.2,43.0,25.7,63.7,32.3,36.7,44.5,67.6,34.6,3.5,-67.80000000000001,-37.2,-36.8,-3.5,67.80000000000001,37.2,36.8,25.3995,27.3825,16.331500000000002,24.844382329479103,13.764000000000001,43.9647,23.3896,29.093570309147918,0.8224534280128537,24.3,36.6,1.1097945146094046,32.3,61.599999999999994,0.020000000000010232,0.030000000000001137,0.009999999999990905,29.54,96.074770070429,-1.7000000000000028,47.286,9.048,81.73330023562107,0.7082238713817024,78.02415224360642,3.715965137490711,-0.19226999999999997,-0.19226999999999997,240.82999999999993,0.08804252127694263,46.273216000000005,-240.82999999999993,11.35662263918035,27.606180000000002,54.815,40.824999999999996,4,70.35113196119534,-3.6000000000000014,-1.1999999999999993,9.6915428816091
691,2025 Maryland,2025,Maryland,Region 4,4,Sweet 16,2,Kevin Willard,2025 Kevin Willard,Big 10,B10,2025 B10,2025 Maryland,2025 Maryland,18.3,28.9,34.9,19.5,15.0,11.9,36.2,24.5,13.1,11.4,118.136,108.2135,26.3494,77.5,0.73,2.15557,24.16,24.38,19.62,15.07,20.84,20.04,30.49,42.12,9.03,8.3,9.97,33.29,31.35,14.65,8.98,11.66,5.16187532,118.40431,107.8770527,0.94716413,53.8,53.0,32.9,74.1,85.5,20.2,31.0,27.2,70.7,52.7,52.4,37.2,69.3,12.0,93.6,50.4,50.6,35.5,35.8,70.6,75.5,26.099999999999994,82.5,8.4,13.900000000000006,5.8,62.2,37.1,43.6,36.9,38.9,27.6,63.9,26.9,37.3,35.4,69.4,36.2,0.7999999999999972,-65.3,-41.8,-41.199999999999996,-0.7999999999999972,65.3,41.8,41.199999999999996,30.006200000000003,23.9406,13.204199999999998,21.450621591615167,16.8946,42.3119,25.1228,25.116926563574612,1.285274427276066,22.4,45.5,1.179525427474379,26.9,57.300000000000004,0.05000000000001137,0.09000000000000341,0.06999999999999318,24.16,96.67057061946045,2.5999999999999943,45.998999999999995,10.706,82.58189883592718,0.6315710329444493,76.89490317679457,3.4894145231363356,0.51538,0.51538,549.9400000000003,0.12820375850685356,42.033615,-549.9400000000003,7.799350054162153,32.33355,54.03,42.80500000000001,2,72.02456088133015,-6.4,-3.5999999999999996,8.416836468310622
692,2025 Memphis,2025,Memphis,Region 4,5,First Round,1,Penny Hardaway,2025 Penny Hardaway,American,Amer,2025 Amer,2025 Memphis,2025 Memphis,13.4,32.5,17.7,8.8,6.5,10.4,38.6,14.2,8.7,5.4,113.136,102.2181,15.3543,76.49,0.04,3.11047,24.05,21.89,15.61,18.96,25.85,17.68,46.45,25.74,6.85,11.6,9.31,31.94,22.2,10.26,20.09,15.49,4.96722781,112.314582,101.2242711,0.81414861,53.6,51.5,39.4,66.4,80.8,19.1,35.1,32.3,71.4,52.0,51.4,38.0,67.8,13.1,90.6,52.0,45.9,33.1,40.7,71.4,70.2,28.900000000000006,87.2,10.2,10.5,9.1,60.6,39.3,42.9,36.9,39.7,27.4,65.7,22.1,37.6,33.3,67.6,41.0,2.1000000000000014,-61.699999999999996,-32.599999999999994,-27.000000000000007,-2.1000000000000014,61.699999999999996,32.599999999999994,27.000000000000007,32.7102,23.398600000000002,12.5208,23.08352587163986,16.7856,42.2357,27.715999999999998,26.60004699243969,1.4864418485931357,22.6,49.5,1.1219238555157192,22.1,54.0,0.009999999999990905,0.05000000000001137,0.01999999999999602,24.05,96.01469323639948,3.4000000000000057,43.3088,9.836500000000001,85.03373757152612,0.6427609053040134,79.50713193652052,2.390500494765897,0.028560000000000002,0.028560000000000002,846.9199999999996,0.14459001556274212,27.372136,-846.9199999999996,6.915502633386764,20.218055,54.57,41.795,3,70.91272204804206,-0.10000000000000142,-1.0999999999999996,8.567990228831988
693,2025 Missouri,2025,Missouri,Region 4,6,First Round,1,Dennis Gates,2025 Dennis Gates,SEC,SEC,2025 SEC,2025 Missouri,2025 Missouri,15.0,37.0,28.7,21.7,10.6,11.6,41.4,23.1,18.6,4.6,125.287,99.131,24.4177,78.26,1.43,2.67985,37.55,14.15,22.56,21.44,19.68,22.14,36.4,21.97,15.12,12.71,13.73,30.19,21.28,16.59,12.66,19.22,3.20687038,125.788446,99.103113,0.92661223,56.2,49.3,46.8,64.7,84.8,20.0,33.7,32.2,70.0,56.7,48.9,37.0,66.6,7.5,89.5,49.5,51.7,41.5,38.2,68.9,72.5,23.799999999999997,90.7,14.2,8.299999999999997,7.9,65.1,39.8,42.2,39.4,37.6,18.8,60.2,22.9,36.7,41.4,66.4,37.8,6.900000000000006,-64.8,-34.099999999999994,-17.900000000000006,-6.900000000000006,64.8,34.099999999999994,17.900000000000006,38.789199999999994,22.262600000000003,15.193800000000001,25.74650461713201,17.2825,38.885,25.0992,26.087209509642847,1.3043163208618151,31.2,54.0,1.2512896484219995,22.9,52.7,0.029999999999986926,0.07000000000000739,0.060000000000002274,37.55,96.55284465102021,0.9000000000000057,47.6576,9.86,82.61557097254843,0.6187422657216785,80.32483328743372,3.4010920334188537,0.98527,0.98527,1853.14,0.08379794639166042,58.152745,-1853.14,11.931742434342087,28.40641,57.44000000000001,40.865,3,69.08162575929646,-3.099999999999998,-6.0,9.861598676512124
694,2025 Kansas,2025,Kansas,Region 4,7,First Round,1,Bill Self,2025 Bill Self,Big 12,B12,2025 B12,2025 Kansas,2025 Kansas,15.0,30.8,28.9,14.2,13.2,10.8,37.2,21.5,10.1,11.4,115.97,107.288,23.2578,77.97,1.87,3.63985,28.4,27.67,18.43,18.03,20.29,15.51,43.93,28.04,15.8,6.0,6.13,36.53,17.27,15.09,17.67,13.35,4.1899439,115.851823,107.5252746,0.93033399,53.1,53.8,24.3,72.0,83.3,15.6,30.4,27.5,69.2,53.4,53.9,35.2,69.1,13.1,91.0,60.9,47.2,34.3,40.7,69.0,71.1,27.299999999999997,86.7,10.9,10.0,7.2,63.6,33.9,42.2,29.5,41.8,32.0,64.9,30.0,35.4,34.1,69.2,40.6,-0.6999999999999957,-67.7,-42.1,-47.7,0.6999999999999957,67.7,42.1,47.7,31.0107,25.447400000000002,12.0714,23.260750202863193,13.169000000000002,47.565200000000004,28.095200000000006,27.108224459254675,1.3137444649717016,18.0,44.8,0.9039186226940225,30.0,63.3,0.07000000000000739,0.10000000000000853,0.09000000000000341,28.4,95.3789092196755,1.0,44.2323,8.3928,78.14920754153235,0.7215554318076799,76.78925648405577,2.8261780731692707,1.2903,1.2903,-237.8699999999999,0.14395446203887868,51.68587,237.8699999999999,6.946034653843219,48.04602,51.79,41.72,0,70.9736791871651,-4.1,-1.799999999999999,8.309123022863481
695,2025 Connecticut,2025,Connecticut,Region 4,8,Second Round,1,Dan Hurley,2025 Dan Hurley,Big East,BE,2025 BE,2025 Connecticut,2025 Connecticut,17.9,34.6,26.1,19.0,11.6,11.5,40.9,18.9,13.6,5.3,121.928,97.41,19.3389,78.17,0.66,1.75688,30.1,22.72,19.16,18.57,22.27,17.27,42.88,17.4,15.27,8.01,16.43,29.88,17.89,20.73,16.32,15.17,2.25267885,121.016063,97.80575,0.87479647,55.5,51.7,30.6,60.0,82.9,15.5,35.6,27.4,64.5,57.3,54.0,35.4,64.9,17.9,91.1,64.0,55.8,42.6,34.2,64.6,79.1,27.0,95.2,10.8,15.400000000000006,7.3,63.7,41.2,48.9,42.0,39.6,16.1,63.6,23.8,34.8,42.7,65.0,34.2,3.799999999999997,-67.4,-37.0,-29.4,-3.799999999999997,67.4,37.0,29.4,36.52600000000001,21.2352,14.8596,27.64481566828279,21.6622,37.3668,22.23,23.063156043062854,1.2177700756422567,33.9,52.0,1.4414783193473875,23.8,50.7,0.010000000000005116,0.009999999999990905,0.010000000000005116,30.1,97.6149067104199,-3.4000000000000057,46.0095,8.0135,78.97837144503086,0.7573874865386208,78.33252871047843,3.262967077948659,0.42635999999999996,0.42635999999999996,800.46,0.19648521970121072,33.38072,-800.46,5.08910116753254,20.379808,54.635000000000005,39.035000000000004,2,67.84395326089503,-5.4,-6.3,9.983138454589318
696,2025 Oklahoma,2025,Oklahoma,Region 4,9,First Round,1,Porter Moser,2025 Porter Moser,SEC,SEC,2025 SEC,2025 Oklahoma,2025 Oklahoma,14.2,36.9,23.9,15.1,11.9,6.7,43.5,16.7,8.8,7.9,119.044,99.32,18.3649,77.14,0.2,2.27901,34.48,16.29,22.67,19.58,23.68,17.72,56.33,18.33,8.84,9.51,6.94,23.47,25.85,19.27,18.05,13.3,2.15806158,117.505437,98.709197,0.84652777,54.9,48.9,39.6,64.2,82.7,18.1,26.5,31.7,70.0,54.6,45.1,37.0,69.5,6.8,89.6,52.0,52.7,41.9,41.9,69.2,79.4,27.099999999999994,91.8,8.9,9.0,7.7,58.7,42.3,37.5,38.6,41.8,16.1,59.8,19.5,36.5,41.6,69.7,42.0,6.0,-64.6,-41.8,-24.6,-6.0,64.6,41.8,24.6,33.000299999999996,21.913800000000002,15.184000000000001,24.933645274340986,15.168,40.935,29.274,26.940551837951155,1.2307396456815942,33.9,51.199999999999996,1.1023547058403373,19.5,53.699999999999996,0.060000000000002274,0.04999999999999716,0.060000000000002274,34.48,96.84526229299486,1.2000000000000028,45.402300000000004,8.850900000000001,78.81083534680978,0.6349128826265856,78.46017484441046,3.0460667013467435,0.13840000000000002,0.13840000000000002,1404.4200000000005,0.07589201013381547,34.413050999999996,-1404.4200000000005,13.174533156888693,27.120219000000002,53.875,40.055,2,69.64296224685796,-6.299999999999999,-4.0,9.485783469759667
697,2025 Arkansas,2025,Arkansas,Region 4,10,Sweet 16,2,John Calipari,2025 John Calipari,SEC,SEC,2025 SEC,2025 Arkansas,2025 Arkansas,7.7,34.7,13.8,1.4,10.7,5.1,40.6,12.5,3.0,9.6,112.929,104.7851,17.7146,78.67,2.18,1.59017,35.82,20.85,23.15,17.82,18.83,19.34,31.91,32.65,20.27,9.18,5.98,30.11,26.01,18.07,13.12,12.66,1.37067311,111.369274,104.2827567,0.85090409,52.7,51.7,35.5,70.6,83.5,17.5,27.6,28.3,70.4,54.4,51.5,33.3,68.1,15.4,92.9,53.2,51.4,36.7,39.5,70.0,73.4,27.5,94.9,13.0,11.700000000000003,10.1,64.3,37.4,44.8,40.0,39.3,26.0,65.7,21.2,32.7,36.6,68.6,38.9,1.0,-66.0,-44.099999999999994,-35.099999999999994,-1.0,66.0,44.099999999999994,35.099999999999994,36.3852,22.1862,11.968200000000001,28.230716132137587,19.1017,40.6138,26.685399999999994,26.237504962680173,1.3770115570612824,24.0,50.4,1.2878846302151616,21.2,49.9,0.009999999999990905,0.010000000000005116,0.030000000000001137,35.82,97.92624254070057,2.0,44.0045,9.0475,78.03821244007837,0.6448406685979564,77.86408966829885,3.1149627295315434,1.5260000000000002,1.5260000000000002,664.2000000000005,0.16576786041054453,2.226238,-664.2000000000005,6.0320758392312195,17.014819,52.800000000000004,41.305,0,67.18568755646167,1.6,-1.0999999999999996,8.277097344017957
698,2025 Drake,2025,Drake,Region 4,11,Second Round,1,Ben McCollum,2025 Ben McCollum,Missouri Valley,MVC,2025 MVC,2025 Drake,2025 Drake,14.4,33.8,19.2,9.9,9.1,9.5,41.2,16.0,9.0,7.1,112.597,101.5434,14.1399,77.31,-1.35,0.323519,24.53,23.13,18.87,15.41,21.97,20.61,43.59,23.63,10.53,9.62,12.61,30.2,14.81,13.67,18.19,23.12,2.71142303,112.748411,101.6680794,0.82825597,53.8,48.3,43.0,64.2,81.4,22.1,36.0,25.8,59.5,54.6,45.7,35.0,68.2,8.5,92.3,54.2,52.0,36.8,39.1,59.4,70.7,27.900000000000006,81.6,7.3,11.5,5.5,64.2,41.7,36.9,40.8,35.0,22.1,63.0,20.7,35.6,36.2,68.8,38.6,5.5,-59.300000000000004,-38.2,-21.200000000000003,-5.5,59.300000000000004,38.2,21.200000000000003,32.7282,20.622200000000003,12.887200000000002,22.842358313741013,15.687699999999998,39.5978,26.5568,26.320397666702025,1.353553769232894,27.9,49.0,1.1994507914302739,20.7,53.7,0.010000000000005116,0.01999999999999602,0.009999999999990905,24.53,96.98359153959548,-8.600000000000001,43.7932,10.674299999999999,82.6173493184641,0.6957548683585576,75.94109436028135,2.795548626417935,-0.8019,-0.8019,1248.9199999999994,0.09209000985904811,3.2028381,-1248.9199999999994,10.857546171038702,2.9440228999999998,55.52000000000001,39.635,1,70.31276147240679,-0.9000000000000004,-2.0,8.588449978531557
699,2025 Colorado St.,2025,Colorado St.,Region 4,12,Second Round,1,Niko Medved,2025 Niko Medved,Mountain West,MWC,2025 MWC,2025 Colorado St.,2025 Colorado St.,13.5,34.3,21.3,13.5,8.7,9.8,39.7,17.5,11.6,5.8,116.224,101.0678,17.2919,77.19,-0.47,2.38661,30.94,20.08,13.62,27.21,19.67,19.41,28.34,32.59,21.3,7.23,10.52,22.06,17.15,33.96,13.83,12.99,0.77076081,114.914153,101.0493551,0.84812728,55.8,51.5,31.8,66.4,82.6,16.7,26.4,25.3,66.3,56.5,52.3,36.6,66.9,8.0,91.9,62.8,52.8,42.8,37.9,66.8,77.5,31.900000000000006,88.0,4.4,11.099999999999994,4.3,66.8,33.2,38.8,31.2,42.0,24.0,66.0,30.8,36.3,42.8,66.8,38.0,4.299999999999997,-65.89999999999999,-48.3,-34.60000000000001,-4.299999999999997,65.89999999999999,48.3,34.60000000000001,26.0496,25.6164,15.536399999999999,23.832942887244677,12.582899999999999,45.712,25.384,26.470533932406173,0.8784841475666457,26.0,37.6,0.934185942475198,30.8,64.5,0.010000000000005116,0.01999999999999602,0.010000000000019327,30.94,95.17423892012876,-1.2000000000000028,46.090799999999994,8.600499999999998,75.61295733141772,0.7538925102939941,76.61186551215192,3.0343083730820055,-0.31395999999999996,-0.31395999999999996,346.33999999999924,0.08705019531887574,32.219235000000005,-346.33999999999924,11.486064241969755,20.763507,53.019999999999996,39.795,1,70.97399863012116,-1.9000000000000004,-2.8999999999999995,8.999493414387029
700,2025 Grand Canyon,2025,Grand Canyon,Region 4,13,First Round,1,Bryce Drew,2025 Bryce Drew,WAC,WAC,2025 WAC,2025 Grand Canyon,2025 Grand Canyon,10.9,33.7,16.0,7.1,10.4,6.0,39.8,13.4,4.7,8.7,107.814,99.409,7.22297,78.14,0.62,2.61771,30.38,19.11,24.52,21.9,16.71,17.71,42.64,18.88,17.16,10.11,11.16,27.98,25.12,21.96,14.11,10.79,-2.5263697,107.919719,100.3417393,0.71419937,51.2,53.0,43.9,67.8,81.6,20.6,32.5,28.6,72.6,53.2,53.6,31.6,67.9,13.0,91.3,52.1,51.6,33.6,34.4,72.2,73.5,26.900000000000006,86.1,8.5,17.700000000000003,6.1,56.6,48.2,48.0,44.0,41.9,18.0,64.1,21.9,31.3,33.8,67.7,34.1,-1.7999999999999972,-60.99999999999999,-38.9,-23.9,1.7999999999999972,60.99999999999999,38.9,23.9,34.5997,18.121399999999998,10.579399999999998,23.796831021517686,22.1997,37.123599999999996,23.085700000000003,22.787624565393674,1.677465163752552,32.0,56.7,1.4691651271223718,21.9,49.9,0.04999999999998295,0.05000000000001137,0.03999999999999204,30.38,96.80233679071732,4.200000000000003,41.7792,10.918000000000001,80.41850816734058,0.6561630206168687,78.1706162392857,2.8041954241617293,0.44764000000000004,0.44764000000000004,1402.8299999999997,0.14238617320730332,18.585741000000002,-1402.8299999999997,7.022536727944004,27.224184000000005,53.965,42.24,0,69.40212834102216,-2.3999999999999995,-1.700000000000001,8.345387787948898
701,2025 UNC Wilmington,2025,UNC Wilmington,Region 4,14,First Round,1,Takayo Siddle,2025 Takayo Siddle,CAA,CAA,2025 CAA,2025 UNC Wilmington,2025 UNC Wilmington,8.8,38.9,6.6,4.4,1.4,6.3,42.6,7.7,5.3,2.5,112.281,92.861,5.14265,78.0,0.52,2.64196,37.58,27.29,16.59,17.0,17.36,21.73,39.49,23.65,19.72,11.64,5.44,24.22,19.15,27.01,18.0,11.59,-3.1663444,111.848562,93.017203,0.62515676,52.2,49.1,37.8,69.7,84.0,17.4,35.4,28.1,66.3,53.8,49.6,33.0,65.6,10.6,90.5,54.4,51.7,36.2,42.6,65.9,75.3,31.900000000000006,93.9,4.0,16.0,4.7,64.6,34.9,37.8,32.1,40.4,28.7,64.6,24.4,32.8,36.4,66.0,43.5,3.1000000000000014,-66.6,-36.5,-31.900000000000006,-3.1000000000000014,66.6,36.5,31.900000000000006,26.301399999999994,23.534,11.939199999999998,27.550846931930547,12.8858,44.4724,28.71,23.89672222990704,1.068651960110986,21.3,38.9,0.8459575641939268,24.4,63.199999999999996,0.030000000000001137,0.060000000000002274,0.030000000000001137,37.58,95.42467159648622,-2.0999999999999943,43.848,8.5434,81.55063762154114,0.6585876684301643,78.42160756570891,3.2310480594962816,0.34268,0.34268,622.9099999999994,0.11712577761571695,11.624624,-622.9099999999994,8.53693047825677,3.698744,54.63,40.065000000000005,1,67.76805892960623,0.8999999999999995,1.1,9.591167538928733
702,2025 Nebraska Omaha,2025,Nebraska Omaha,Region 4,15,First Round,1,Chris Crutchfield,2025 Chris Crutchfield,Summit,Sum,2025 Sum,2025 Nebraska Omaha,2025 Nebraska Omaha,11.2,40.9,4.4,7.5,1.1,9.9,43.8,8.5,11.1,-2.5,111.049,89.457,0.506969,77.4,0.01,1.78787,31.15,10.66,21.11,24.43,19.98,23.82,37.89,20.18,19.68,13.51,8.7,19.79,24.24,26.87,15.29,13.79,-6.3976645,111.120929,91.003974,0.5552825,53.5,46.9,36.4,62.3,84.3,14.9,29.2,25.4,69.1,52.5,46.5,36.7,64.9,7.3,91.7,49.5,48.5,38.6,44.5,68.5,73.3,28.099999999999994,96.2,4.5,19.0,5.6,61.6,37.6,39.3,35.0,36.7,23.3,59.0,20.0,35.6,39.1,64.8,45.0,6.600000000000001,-69.39999999999999,-45.400000000000006,-25.9,-6.600000000000001,69.39999999999999,45.400000000000006,25.9,27.490600000000004,22.4707,13.9196,28.441445696963672,14.819,40.96,29.16,20.780018447216708,1.0766988056571445,26.7,42.1,0.9022021732850382,20.0,59.4,0.0,0.03999999999999204,0.020000000000010232,31.15,94.46182791888876,0.5,45.1005,6.988099999999999,81.59854964810008,0.5816617901082244,76.75137322676737,3.0889752245079927,0.00685,0.00685,917.4900000000002,0.07960654736589567,13.409025,-917.4900000000002,12.559923298178331,1.9666570000000003,53.775,36.910000000000004,1,66.91602796107246,3.5999999999999996,-3.6,9.913534843166627
703,2025 Norfolk St.,2025,Norfolk St.,Region 4,16,First Round,1,Robert Jones,2025 Robert Jones,MEAC,MEAC,2025 MEAC,2025 Norfolk St.,2025 Norfolk St.,7.7,40.5,0.6,1.6,-2.1,6.2,43.6,4.5,4.7,-0.2,107.141,91.331,-1.52741,77.08,0.72,2.13804,34.78,14.98,21.85,15.08,24.04,24.03,30.77,33.78,20.05,8.39,6.99,22.17,26.58,23.35,13.65,14.22,-5.2918853,106.646724,91.187176,0.44244724,52.4,50.3,39.0,65.1,81.7,18.6,32.8,33.8,67.4,54.5,51.1,31.3,66.1,9.0,90.7,49.3,40.8,27.7,42.7,67.1,75.3,29.0,87.4,7.3,10.0,7.7,61.0,48.2,41.5,34.9,41.7,24.2,65.1,22.1,30.8,27.6,66.2,43.1,2.1000000000000014,-63.1,-33.400000000000006,-26.099999999999994,-2.1000000000000014,63.1,33.400000000000006,26.099999999999994,35.7822,18.5922,8.5008,24.819934864271232,15.253499999999999,42.91930000000001,28.532200000000003,26.386486440347955,2.010796710264121,25.8,55.5,0.9883761397647387,22.1,57.4,0.020000000000010232,0.020000000000010232,0.030000000000001137,34.78,95.37961798116217,-0.9000000000000057,42.8108,9.3558,80.59325497439731,0.6056436653112368,79.78129906068654,2.229386372329381,0.48312,0.48312,1048.8,0.09922713090263613,3.4208640000000003,-1048.8,10.076658149094547,-4.489884000000001,53.79500000000001,41.295,1,68.99288526474604,3.1,1.9000000000000001,9.230937677922304
704,2026 Duke,2026,Duke,Region 1,1,TBD,0,,,,,,2026 Duke,2026 Duke,18.2,29.6,45.1,24.1,21.0,15.3,36.4,36.9,23.4,13.5,127.956,110.9438,38.8998,79.34,0.98,0.871844,34.64,17.28,29.72,14.74,22.4,15.86,36.34,34.22,13.54,7.57,8.33,24.11,29.14,18.82,13.49,14.44,13.6723974,127.00992,109.1667758,0.97927072,58.2,55.3,40.0,75.5,83.8,19.0,39.5,23.7,67.1,60.1,53.4,35.1,69.6,10.4,90.7,59.2,48.6,44.4,45.7,66.8,72.4,28.299999999999997,91.5,14.9,18.599999999999994,8.1,64.8,44.8,45.4,31.0,40.5,10.8,64.0,23.3,35.1,44.4,69.6,45.7,2.9000000000000057,-64.8,-36.8,-35.5,-2.9000000000000057,64.8,36.8,35.5,42.6639,19.9584,15.5844,25.81438552435444,15.580599999999997,46.7192,31.807199999999998,22.991592666305944,1.3445643116146033,39.2,59.699999999999996,0.8555611474584801,23.3,60.9,0.0,1.4210854715202004e-14,1.4210854715202004e-14,34.64,93.8265892733433,-1.2000000000000028,48.7716,10.507,81.11340153492048,0.7308551746274737,74.78680305058808,2.999814826245293,0.65464,0.65464,759.3500000000004,0.11466246237637953,21.0114404,-759.3500000000004,8.720315354292858,18.308723999999998,58.13,42.935,2,69.19170933179291,-0.7000000000000028,-7.5,9.03330304800225
705,2026 Connecticut,2026,Connecticut,Region 1,2,TBD,0,,,,,,2026 Connecticut,2026 Connecticut,17.4,29.3,35.3,19.1,16.3,11.6,36.8,26.2,13.3,12.9,121.986,105.8837,27.8694,78.64,1.3,2.41306,30.84,25.14,18.04,17.21,23.0,16.59,39.61,19.81,15.56,11.9,13.09,31.28,18.17,17.08,15.65,17.8,8.84338098,122.447318,106.2005042,0.95542555,56.4,54.3,32.8,59.3,82.9,18.7,36.1,27.3,66.0,57.1,54.2,35.2,69.7,15.2,90.3,65.0,51.5,40.3,36.2,65.5,71.6,28.099999999999994,93.0,9.7,7.900000000000006,6.5,64.2,39.3,49.9,39.7,43.2,20.4,61.4,24.0,35.2,40.3,69.7,36.2,2.1000000000000014,-64.2,-36.599999999999994,-26.5,-2.1000000000000014,64.2,36.599999999999994,26.5,34.251599999999996,22.998399999999997,14.185599999999999,25.813949717158746,20.3238,39.967400000000005,25.231400000000004,27.444899343958248,1.215850723307114,29.6,49.0,1.276207839562443,24.0,53.8,0.01999999999999602,0.029999999999986926,0.01999999999999602,30.84,96.17007441325552,-2.5,46.7556,10.1541,78.80094433629903,0.7994981611542293,76.9524230277242,3.0115197941640846,0.8515,0.8515,682.1500000000001,0.1683259321602197,46.08944600000001,-682.1500000000001,5.940398657983028,39.33287800000001,55.425000000000004,40.75,2,69.52846008485535,-5.800000000000001,-3.4000000000000004,9.020644625710796
706,2026 Michigan St.,2026,Michigan St.,Region 1,3,TBD,0,,,,,,2026 Michigan St.,2026 Michigan St.,16.9,31.0,38.2,20.5,17.7,13.1,37.8,28.1,17.1,10.9,123.049,105.2614,28.31,78.74,1.69,1.39552,31.99,20.36,19.9,18.01,18.57,23.15,28.88,35.74,20.82,9.6,4.95,28.34,30.03,17.64,13.86,10.1,7.44665614,121.550951,105.2329681,0.94596059,53.7,53.2,40.0,68.4,82.3,16.2,38.6,22.1,66.8,53.4,52.0,35.9,67.1,13.3,91.9,67.0,43.6,36.4,46.0,66.9,76.3,24.900000000000006,90.3,12.9,7.700000000000003,5.3,66.1,33.1,40.9,27.7,39.7,30.5,63.8,26.3,35.9,36.4,67.1,46.0,0.5,-66.1,-39.3,-28.400000000000006,-0.5,66.1,39.3,28.400000000000006,33.5278,25.1761,13.0676,25.37846856425081,11.7374,47.645399999999995,30.866,27.38544321350304,1.2637015466608061,19.5,46.0,0.7173757092237125,26.3,67.0,0.009999999999990905,0.010000000000005116,0.030000000000001137,31.99,97.99581188507665,-1.0999999999999943,44.1951,8.618400000000001,79.61211052033417,0.7995131323015239,73.96348145400606,2.463137675837523,1.1306100000000001,1.1306100000000001,1348.8399999999995,0.14472094971763091,28.60816,-1348.8399999999995,6.909254943237351,24.700704,55.775000000000006,40.010000000000005,1,69.5626885116273,-3.3999999999999986,-6.799999999999999,9.189739166121997
707,2026 Kansas,2026,Kansas,Region 1,4,TBD,0,,,,,,2026 Kansas,2026 Kansas,17.1,28.3,34.4,17.6,16.8,13.2,36.6,28.4,17.3,11.1,118.33,106.1094,24.4399,78.72,1.13,1.75827,26.71,18.55,22.76,27.34,14.25,17.02,32.53,35.44,19.84,6.26,5.85,26.98,25.66,17.41,13.66,16.21,6.26783496,117.9366,106.2896112,0.9336581,52.8,56.1,34.6,71.9,84.9,14.6,30.2,27.7,68.2,51.1,55.3,35.0,69.3,15.6,91.7,53.3,52.0,35.7,42.0,68.6,76.7,30.599999999999994,90.8,14.8,5.400000000000006,6.1,63.2,35.7,47.5,32.7,36.0,28.6,65.4,25.3,35.0,35.7,69.3,42.0,-3.3000000000000043,-70.30000000000001,-42.1,-37.300000000000004,3.3000000000000043,70.30000000000001,42.1,37.300000000000004,36.000800000000005,22.791,12.495,26.480370088048243,15.861900000000002,45.6522,29.105999999999998,29.24961538208665,1.4145262037477941,21.4,50.5,0.9237875288683605,25.3,61.199999999999996,0.0799999999999983,0.0799999999999983,0.0800000000000125,26.71,94.8634320796859,0.5999999999999943,44.827200000000005,8.1906,80.95312924160416,0.6241144717274972,77.32573123597064,3.4434805642010478,0.7751799999999999,0.7751799999999999,453.6800000000003,0.1701181012202702,30.945552000000003,-453.6800000000003,5.877828344336902,29.538936,53.574999999999996,42.415,1,67.99234672426424,-0.3000000000000007,-5.700000000000001,8.651593057796408
708,2026 St. John's,2026,St. John's,Region 1,5,TBD,0,,,,,,2026 St. John's,2026 St. John's,15.1,30.9,35.9,16.6,19.3,10.9,37.5,28.1,15.6,12.5,120.068,105.8403,25.9079,78.24,0.22,2.25154,31.22,24.52,17.15,21.86,19.09,17.31,39.65,31.77,14.64,7.72,6.14,20.25,26.49,21.49,15.55,16.16,7.26357191,119.858378,105.5061501,0.9390277,52.0,53.1,43.8,67.1,85.5,20.1,35.3,29.0,71.0,51.6,52.5,33.2,68.7,12.4,90.5,58.2,52.8,33.8,33.7,70.6,72.7,28.299999999999997,93.1,9.5,13.5,7.2,58.9,44.1,46.7,43.0,37.0,22.1,63.1,23.3,33.2,33.8,68.7,33.7,-1.1000000000000014,-65.4,-35.7,-23.299999999999997,1.1000000000000014,65.4,35.7,23.299999999999997,34.8194,19.398600000000002,11.2216,27.47635346984748,21.053000000000004,37.854200000000006,23.151900000000005,24.822301800330013,1.5857519008313365,27.9,53.6,1.4895700424319753,23.3,49.8,0.06999999999999318,0.0799999999999983,0.060000000000016485,31.22,96.83473065916975,2.5999999999999943,44.46,10.673100000000002,80.77205580374655,0.7284013967284514,78.18011948046983,3.6411281980553065,0.15531999999999999,0.15531999999999999,1285.3300000000002,0.13701506060706511,37.375564000000004,-1285.3300000000002,7.297798564631885,43.454722,55.805,42.129999999999995,2,66.90686584412703,-1.0000000000000018,-6.800000000000001,8.844153936128903
709,2026 Louisville,2026,Louisville,Region 1,6,TBD,0,,,,,,2026 Louisville,2026 Louisville,16.7,33.2,31.6,20.2,11.3,11.5,39.3,22.6,14.3,8.3,124.053,101.3711,25.4242,78.39,1.23,2.48084,34.85,17.1,17.41,23.9,18.57,23.0,35.08,26.24,12.7,11.07,14.88,23.43,24.68,18.22,14.49,19.15,4.00192427,124.008086,102.2218159,0.93894151,57.5,52.3,34.5,66.2,83.5,17.2,33.2,25.5,71.0,59.7,51.4,35.7,67.3,9.2,87.6,59.5,51.7,52.8,39.1,70.7,76.9,28.799999999999997,88.1,12.4,7.5,7.8,64.7,36.9,39.7,32.2,41.8,10.3,64.5,28.7,35.7,52.8,67.3,39.1,5.200000000000003,-66.3,-41.3,-31.700000000000003,-5.200000000000003,66.3,41.3,31.700000000000003,34.7987,23.155,18.8496,23.87402703078529,13.368400000000001,44.8258,26.3143,27.75866231167009,0.9336944376053484,39.7,49.3,1.0229917393417047,28.7,60.0,0.01999999999999602,0.030000000000001137,0.030000000000001137,34.85,96.78391075994462,2.700000000000003,48.012499999999996,8.9956,78.86004765990104,0.718590355188947,76.55183809525653,3.1331434458517666,0.86961,0.86961,746.4900000000002,0.10502163217314871,50.112968,-746.4900000000002,9.520704271274862,28.033492000000003,55.69,40.25,1,70.6887426547302,-5.899999999999999,-3.0,9.737390761363333
710,2026 UCLA,2026,UCLA,Region 1,7,TBD,0,,,,,,2026 UCLA,2026 UCLA,18.9,33.0,27.6,20.1,7.4,12.4,40.3,19.1,14.5,4.5,123.728,97.939,21.667,78.0,0.88,2.52938,32.28,19.73,25.0,12.8,21.87,20.57,31.3,22.98,28.83,10.53,6.32,22.79,29.87,19.62,13.92,13.77,3.61804976,123.332485,98.690565,0.90568911,54.1,50.4,35.8,65.1,86.2,18.9,31.9,31.3,65.7,52.0,47.3,38.2,68.2,9.4,91.9,59.4,36.7,35.9,44.7,65.6,76.7,24.700000000000003,88.7,5.6,8.799999999999997,6.5,62.4,31.4,37.8,31.9,42.1,32.7,60.3,23.5,38.2,35.9,68.2,44.7,3.700000000000003,-67.30000000000001,-36.8,-29.299999999999997,-3.700000000000003,67.30000000000001,36.8,29.299999999999997,24.5608,27.4805,13.7138,23.1416651662465,12.630199999999999,44.6559,30.485400000000006,26.63711383264586,1.0306119606696194,17.299999999999997,37.0,0.8590411847609672,23.5,61.6,0.030000000000001137,0.03999999999999204,0.030000000000001137,32.28,95.50738049685933,-2.4000000000000057,46.6342,9.525599999999999,80.65737171383404,0.7324200688030974,76.47017710832483,2.6592275922034645,0.5772799999999999,0.5772799999999999,1137.8899999999996,0.10228397949967899,50.84053800000001,-1137.8899999999996,9.775555791937029,18.717412000000003,54.94,40.91,3,71.4274556606507,-5.600000000000001,-2.9000000000000004,9.86695936287523
711,2026 Ohio St.,2026,Ohio St.,Region 1,8,TBD,0,,,,,,2026 Ohio St.,2026 Ohio St.,20.4,32.9,28.8,21.0,7.7,14.6,39.8,22.1,16.9,5.1,124.305,97.934,22.2397,77.86,1.39,2.15695,25.32,18.45,14.92,20.09,18.87,27.66,33.88,22.72,22.97,7.38,13.0,25.88,21.49,20.47,12.38,19.74,2.89339387,124.181948,98.293932,0.90855351,57.0,51.3,41.3,63.7,84.1,16.5,31.7,29.2,66.6,58.2,47.7,36.0,68.4,7.0,91.2,52.0,46.6,40.1,40.3,67.1,77.5,25.700000000000003,90.6,7.7,8.900000000000006,8.0,67.5,31.2,38.6,31.8,48.0,28.7,58.1,27.8,36.0,40.1,68.4,40.3,5.700000000000003,-67.6,-39.1,-22.400000000000006,-5.700000000000003,67.6,39.1,22.400000000000006,28.0362,28.212000000000003,14.436000000000002,23.88519415872519,12.9868,43.717,27.5652,26.168301435133312,0.9700506221789981,21.3,38.9,0.9875685466861865,27.8,60.2,0.010000000000005116,0.05000000000001137,0.04000000000000625,25.32,95.30506975557677,-0.9000000000000057,47.937,8.4645,80.23703090537849,0.622747032969665,77.5491620681457,2.9306332935035524,0.9326899999999999,0.9326899999999999,1563.6599999999999,0.07675354436903103,45.295950000000005,-1563.6599999999999,13.026710469932867,16.608515,56.36000000000001,40.04,1,71.70375991386648,-4.100000000000001,-2.6000000000000005,9.807397763822943
712,2026 TCU,2026,TCU,Region 1,9,TBD,0,,,,,,2026 TCU,2026 TCU,11.4,31.9,22.1,8.0,14.2,8.0,39.2,17.9,8.4,9.6,115.379,102.2076,17.5867,76.43,-1.16,1.77894,27.53,24.22,23.15,20.24,18.42,13.91,34.39,23.42,24.55,12.76,4.81,25.64,26.6,21.39,12.88,13.45,2.37466884,114.042827,100.9476981,0.83488468,51.3,49.2,39.7,68.7,84.3,19.7,34.0,27.5,69.7,51.6,48.7,33.1,66.3,12.6,90.1,57.6,39.0,36.9,38.1,68.5,70.8,28.099999999999994,87.2,7.4,9.799999999999997,6.9,59.1,39.1,41.4,38.4,39.5,24.1,60.8,23.5,33.2,36.8,66.3,38.1,2.0999999999999943,-64.6,-38.5,-29.0,-2.0999999999999943,64.6,38.5,29.0,29.5609,21.737099999999998,12.2176,24.28229807905339,16.573800000000002,39.5483,25.2603,25.525199966568987,1.2635526208526944,25.9,46.5,1.1889451720427284,23.5,54.7,0.060000000000002274,0.06999999999999318,0.04000000000000625,27.53,95.89596905469756,0.5,43.2459,9.6924,80.40518139001068,0.7173011544065454,76.13671165713502,2.4839182217693137,-0.7946,-0.7946,880.2900000000004,0.1398430650048279,14.23152,-880.2900000000004,7.15022617252599,25.260948,54.349999999999994,40.410000000000004,1,69.27586388364443,0.40000000000000036,-4.6,8.788580412998515
713,2026 UCF,2026,UCF,Region 1,10,TBD,0,,,,,,2026 UCF,2026 UCF,14.5,36.3,18.4,13.3,5.0,9.5,41.3,14.3,10.5,3.7,120.452,94.587,15.0386,78.64,1.67,2.3453,31.47,18.54,21.29,15.81,23.08,21.22,31.29,33.7,17.16,10.33,7.44,28.77,26.15,18.81,12.97,13.21,2.12140459,119.95083,94.481436,0.81370138,53.9,48.2,33.4,63.5,84.5,16.4,34.5,26.9,70.6,52.1,46.8,36.2,66.0,8.3,91.0,53.6,48.7,34.4,39.7,70.1,74.0,25.700000000000003,94.2,6.5,14.299999999999997,6.7,60.8,39.2,40.0,36.0,39.2,26.4,56.7,24.3,36.2,34.4,66.0,39.7,5.699999999999996,-68.1,-38.6,-30.1,-5.699999999999996,68.1,38.6,30.1,29.9566,22.8016,12.4528,26.747710182368884,15.3581,39.98010000000001,26.202,22.67987360341029,1.328449754367606,23.6,45.7,1.0755396589506563,24.3,57.3,0.060000000000002274,0.0799999999999983,0.09000000000000341,31.47,97.15720735895141,2.0999999999999943,45.5455,7.9048,83.38621654540843,0.6411406562122463,77.26985089509729,3.141732791432811,1.1706699999999999,1.1706699999999999,839.6499999999996,0.09120778892539642,31.19249,-839.6499999999996,10.962534634381399,11.7265,54.595,38.285000000000004,2,68.2891295853391,-2.8000000000000007,-1.2999999999999998,9.76561508859475
714,2026 South Florida,2026,South Florida,Region 1,11,TBD,0,,,,,,2026 South Florida,2026 South Florida,13.6,34.2,19.9,12.6,7.1,9.1,40.3,16.5,11.1,5.4,117.305,99.082,16.3874,77.06,-0.66,1.56288,27.73,22.41,15.15,20.43,19.89,22.07,40.66,21.56,20.22,11.01,6.5,30.31,20.31,16.92,16.58,15.85,-0.2549154,116.570169,98.310487,0.82786143,52.0,51.2,40.2,64.1,84.4,19.3,37.2,30.1,72.9,51.9,53.3,33.1,66.1,10.9,86.7,58.8,48.7,43.8,39.5,72.4,74.3,29.900000000000006,82.0,13.6,19.0,6.6,55.6,46.8,45.9,35.7,33.3,9.4,64.0,24.8,33.1,43.8,66.1,39.5,0.7999999999999972,-65.10000000000001,-32.69999999999999,-23.89999999999999,-0.7999999999999972,65.10000000000001,32.69999999999999,23.89999999999999,37.172799999999995,17.628,14.4978,23.20818821019857,17.640300000000003,41.9815,26.109499999999997,21.80802604547234,1.3789639505947353,40.6,60.4,1.0708589655958078,24.8,57.699999999999996,0.05000000000001137,0.04999999999999716,0.030000000000015348,27.73,97.09259565935524,4.400000000000006,43.888000000000005,9.8816,81.1792635698949,0.728615506623214,79.32719756585212,3.121594769566055,-0.47784000000000004,-0.47784000000000004,1070.27,0.12571942653487272,19.692288,-1070.27,7.953398770754977,11.096448,55.370000000000005,40.94,3,68.72599098583176,-1.5,-1.6999999999999993,9.339064218887197
715,2026 Northern Iowa,2026,Northern Iowa,Region 1,12,TBD,0,,,,,,2026 Northern Iowa,2026 Northern Iowa,10.1,32.1,16.9,5.3,11.7,7.3,39.3,14.1,5.8,8.4,110.001,101.8082,11.8089,77.56,-0.69,1.94299,26.97,22.34,19.75,22.4,14.16,21.29,33.6,15.89,27.84,12.48,10.1,20.28,22.29,24.35,15.99,17.03,-5.2736788,108.426502,102.3476274,0.76915992,54.4,53.0,27.6,69.8,85.2,17.9,22.9,26.7,63.4,55.3,50.0,34.9,71.1,9.8,91.9,57.1,50.7,39.6,41.5,63.1,69.7,28.200000000000003,87.5,8.5,22.700000000000003,4.1,61.8,39.8,44.1,37.6,43.0,20.6,60.7,20.9,34.9,39.6,71.1,41.5,1.3999999999999986,-67.30000000000001,-50.400000000000006,-42.199999999999996,-1.3999999999999986,67.30000000000001,50.400000000000006,42.199999999999996,32.0339,22.6784,13.8204,23.363361630267736,17.512300000000003,42.19279999999999,29.506499999999996,21.129047935642213,1.2196661700462108,29.4,48.3,1.0047950651791524,20.9,58.3,0.060000000000002274,0.09000000000000341,0.060000000000002274,26.97,96.569727416079,-4.899999999999999,46.3488,9.487,74.83560062015638,0.6954848296610273,75.9475627290103,3.4254442267414373,-0.43538999999999994,-0.43538999999999994,-44.63999999999987,0.10663648926562279,10.297846999999999,44.63999999999987,9.376594225079074,22.732982999999997,51.78,41.485,1,70.85567557061864,0.5,-3.299999999999999,8.304622764936765
716,2026 Cal Baptist,2026,Cal Baptist,Region 1,13,TBD,0,,,,,,2026 Cal Baptist,2026 Cal Baptist,8.7,35.1,7.1,0.3,6.8,6.4,40.7,7.6,2.6,5.0,107.926,98.067,5.99314,76.52,1.24,1.41366,31.75,14.15,18.23,19.13,15.48,32.99,37.8,36.29,10.95,8.13,6.8,26.18,31.91,15.64,13.19,13.06,-2.3000291,107.279017,99.282763,0.67389071,48.1,52.8,32.7,64.8,83.7,15.1,35.8,27.1,67.4,47.7,52.7,33.7,70.3,7.5,90.4,40.4,54.0,32.1,31.7,66.9,71.9,28.099999999999994,80.7,8.6,27.900000000000006,5.3,51.1,47.0,48.1,42.2,40.0,20.8,60.3,26.0,33.7,32.1,70.3,31.7,-4.699999999999996,-68.60000000000001,-37.1,-32.099999999999994,4.699999999999996,68.60000000000001,37.1,32.099999999999994,30.957200000000004,19.137700000000002,10.817700000000002,20.831286566124522,21.7769,37.9631,22.285099999999996,18.251118687174582,1.7320332699915892,29.2,55.6,1.4983754455695404,26.0,52.5,0.01999999999998181,0.030000000000001137,0.01999999999999602,31.75,92.46205067674238,-1.0999999999999943,40.2597,7.972799999999999,88.00597639730947,0.47584834100893975,76.75126809668862,3.312680203668487,0.8295600000000001,0.8295600000000001,530.2500000000009,0.08296368403004391,0.424098,-530.2500000000009,12.051726436475137,9.612888,52.230000000000004,40.035,1,71.15071406671947,2.3000000000000003,-1.7999999999999998,8.505220867153405
717,2026 North Dakota St.,2026,North Dakota St.,Region 1,14,TBD,0,,,,,,2026 North Dakota St.,2026 North Dakota St.,10.2,36.7,10.6,6.7,3.9,6.1,41.6,9.9,6.0,3.9,111.74,93.394,5.13396,76.17,-0.79,1.33816,29.98,25.49,19.23,17.16,16.57,21.54,34.2,21.83,23.48,9.56,10.93,32.57,15.42,22.04,15.48,14.49,-3.3518375,111.136691,94.006539,0.6329539,51.8,48.2,30.5,71.5,83.8,18.9,33.6,28.0,68.0,53.2,47.4,35.7,66.5,9.0,91.0,53.0,44.9,42.7,44.4,67.3,71.6,25.200000000000003,94.8,7.1,11.299999999999997,5.4,60.4,36.9,40.3,35.0,40.1,20.4,59.4,20.6,35.7,42.7,66.5,44.4,3.5999999999999943,-64.9,-38.4,-41.0,-3.5999999999999943,64.9,38.4,41.0,29.018399999999996,23.424300000000002,15.243900000000004,26.940984886723548,14.7152,41.7624,29.526,24.670005404674452,1.0304208332357556,29.6,44.0,0.9098894169050247,20.6,59.6,0.010000000000019327,0.0,0.0,29.98,96.36217510042059,-0.7000000000000028,43.40839999999999,9.1098,82.58063553184428,0.6535061219960296,77.38031752587963,2.7714338621072767,-0.53167,-0.53167,381.99999999999955,0.09890001208777925,8.965672,-381.99999999999955,10.109987779135652,5.218824,52.965,40.330000000000005,0,68.18945154874172,-0.7000000000000002,-0.0,9.464237914235236
718,2026 Furman,2026,Furman,Region 1,15,TBD,0,,,,,,2026 Furman,2026 Furman,7.7,38.8,-2.3,-1.8,-0.4,7.0,42.1,3.6,3.2,0.5,107.451,90.57,-1.9789,79.18,1.06,1.17081,32.82,21.38,20.66,14.69,20.72,22.5,29.97,12.45,25.5,22.86,9.14,30.79,23.19,17.29,17.84,10.83,-8.7302297,106.566237,91.356678,0.4447292,53.1,50.9,32.9,70.9,81.0,14.9,31.4,29.4,66.5,59.0,49.1,33.3,67.4,9.4,89.2,55.8,53.2,46.3,41.9,66.8,69.8,29.799999999999997,83.7,13.0,17.0,4.4,62.8,39.2,44.3,37.2,48.6,14.5,57.6,20.9,33.3,46.3,67.4,41.9,2.200000000000003,-66.1,-39.2,-38.00000000000001,-2.200000000000003,66.1,39.2,38.00000000000001,35.4986,22.4649,15.417899999999998,21.437817053049038,17.227600000000002,40.278999999999996,28.2406,21.871499719955192,1.1274054556057107,35.5,52.2,0.9928164005632325,20.9,58.4,0.05000000000001137,0.0799999999999983,0.05999999999998806,32.82,96.94614997093832,-1.2000000000000028,43.011,7.584099999999999,78.086063674489,0.6556914724856346,78.5621204911332,2.799852639334772,0.70808,0.70808,183.59999999999945,0.10537998452932142,-2.107458,-183.59999999999945,9.488352302946495,-0.46832399999999996,52.705000000000005,40.6,0,72.7041762819411,5.0,0.9,9.363731216393766
719,2026 Siena,2026,Siena,Region 1,16,TBD,0,,,,,,2026 Siena,2026 Siena,8.2,37.0,3.2,0.0,3.2,6.9,42.4,9.1,4.7,4.4,107.134,90.769,-2.09721,76.73,-0.4,1.16349,24.29,19.41,17.24,20.5,22.64,20.21,41.02,14.44,28.42,13.07,3.05,23.74,22.15,22.93,20.03,11.16,-7.7716436,106.396536,91.784448,0.45141655,51.3,49.6,34.7,69.9,84.4,16.6,31.0,29.9,64.3,52.8,51.8,30.4,67.2,9.1,90.4,53.0,51.7,31.9,39.3,65.6,76.9,27.5,94.9,4.6,15.700000000000003,4.4,58.4,40.9,46.7,37.7,44.5,27.2,60.0,23.0,30.4,31.9,67.2,39.3,1.6999999999999957,-67.80000000000001,-39.1,-35.2,-1.6999999999999957,67.80000000000001,39.1,35.2,28.251,21.8016,9.6976,27.701804995342815,18.2967,40.2096,26.4096,22.77557170888728,1.4262875771919377,22.8,45.5,1.0712195618432103,23.0,57.9,0.0,1.4210854715202004e-14,-0.009999999999990905,24.29,98.04875680654614,-2.4000000000000057,43.297200000000004,8.233600000000001,79.01404620871631,0.6354839870025538,79.05851121360506,3.313890135247742,-0.26239999999999997,-0.26239999999999997,746.1800000000001,0.1006626032897866,0.0,-746.1800000000001,9.932974398417757,3.723168,53.025000000000006,40.455000000000005,2,67.31458622889822,4.7,1.2000000000000002,9.302798281370494
720,2026 Arizona,2026,Arizona,Region 2,1,TBD,0,,,,,,2026 Arizona,2026 Arizona,17.6,28.6,42.5,20.4,22.2,10.5,37.0,27.6,13.0,14.7,127.676,109.9799,37.6556,79.01,1.52,1.58006,28.85,17.24,21.48,18.07,22.13,21.07,32.7,42.9,13.69,4.6,6.07,23.49,28.65,15.59,16.8,15.44,13.6672492,126.307219,108.8856842,0.97715529,55.7,56.0,43.9,71.5,85.3,17.4,38.0,25.4,71.4,55.4,56.2,36.0,68.6,10.8,91.7,55.4,51.1,26.8,37.2,71.0,73.4,28.5,93.4,9.0,8.599999999999994,6.1,64.1,41.9,47.5,28.7,43.8,31.3,63.6,34.1,36.0,26.8,68.6,37.2,-0.29999999999999716,-67.9,-36.6,-27.6,0.29999999999999716,67.9,36.6,27.6,35.26389999999999,23.357400000000002,9.648000000000001,25.61892204341679,14.1571,47.2068,25.5192,27.183987320970168,1.8991828663109585,18.7,50.9,0.9354587242278433,34.1,65.2,0.009999999999990905,0.040000000000020464,0.030000000000001137,28.85,97.80827237093658,3.0,47.512100000000004,9.744,83.3529775397783,0.6706940593939541,76.18122810075455,3.475954016733555,1.0792,1.0792,1184.5100000000002,0.1177740700755717,32.233224,-1184.5100000000002,8.489954633830202,35.077332,57.790000000000006,42.555,3,69.84054911449266,-7.399999999999999,-7.5,9.108924822400981
721,2026 Purdue,2026,Purdue,Region 2,2,TBD,0,,,,,,2026 Purdue,2026 Purdue,22.8,33.2,40.8,30.6,10.2,15.1,39.4,27.6,20.7,6.9,131.635,99.564,31.1992,77.75,1.85,2.48602,29.82,21.58,20.8,22.15,15.96,19.45,46.66,34.1,2.62,8.88,7.69,28.72,30.11,12.6,13.61,14.91,9.19222983,132.165959,100.6387473,0.96376793,58.3,49.7,31.0,73.4,86.4,16.8,36.4,25.8,65.3,58.1,46.9,37.9,65.8,8.9,93.4,66.8,42.5,40.9,45.0,65.4,74.3,28.0,94.8,7.8,9.599999999999994,7.6,72.2,28.2,36.3,28.2,45.3,30.9,58.1,26.8,37.9,40.9,65.8,45.0,8.599999999999994,-69.60000000000001,-37.8,-42.400000000000006,-8.599999999999994,69.60000000000001,37.8,42.400000000000006,27.754799999999996,29.498799999999996,15.5011,26.066389597845472,10.966199999999999,45.180800000000005,29.61,25.213025734065848,0.8801740788733773,19.1,36.0,0.795537876936068,26.8,64.2,0.05999999999998806,0.05000000000001137,0.05000000000001137,29.82,97.53107918312475,-2.5999999999999943,50.3712,8.3496,79.26259906191159,0.8028749654451267,76.06608015262806,3.1247702374825397,1.2099000000000002,1.2099000000000002,248.09999999999945,0.09528805901435744,76.072212,-248.09999999999945,10.493203010897652,25.357404,56.85,40.25,4,70.58546892868618,-9.900000000000002,-3.299999999999999,9.278988600411793
722,2026 Gonzaga,2026,Gonzaga,Region 2,3,TBD,0,,,,,,2026 Gonzaga,2026 Gonzaga,13.3,32.4,37.1,18.5,18.6,9.7,39.2,27.3,15.4,11.9,121.99,106.1105,28.1006,78.02,0.15,2.72273,42.16,27.77,21.14,19.79,15.01,16.25,32.23,19.79,26.8,15.31,5.8,27.94,19.17,23.06,15.78,13.97,7.36729184,120.6287,106.504817,0.94932335,56.4,54.2,32.9,68.1,86.0,20.0,34.0,25.6,70.4,58.7,53.8,34.0,69.2,11.4,94.0,56.7,47.1,31.0,43.7,69.9,69.9,28.700000000000003,88.6,8.5,21.400000000000006,5.2,66.9,40.4,42.8,29.0,47.0,28.6,65.5,27.3,34.0,31.0,69.2,43.7,2.1999999999999957,-66.0,-40.4,-35.199999999999996,-2.1999999999999957,66.0,40.4,35.199999999999996,34.5586,23.982,10.54,23.857266538031272,13.524799999999999,48.12190000000001,30.240400000000005,22.199005232967835,1.5773684719847745,21.4,48.9,0.7825907873961695,27.3,65.8,0.04000000000000625,0.07000000000000739,0.0799999999999983,42.16,94.98305670751603,1.9000000000000057,48.504,10.840000000000002,79.43407678749205,0.7087411407357408,75.74123361356428,3.3640454253267627,0.10485000000000001,0.10485000000000001,345.24,0.12127530558185551,50.370504999999994,-345.24,8.244890799052715,50.642778,55.795,42.015,2,71.25050924923825,-3.0999999999999996,-6.700000000000001,8.996397657181362
723,2026 Arkansas,2026,Arkansas,Region 2,4,TBD,0,,,,,,2026 Arkansas,2026 Arkansas,18.8,33.7,30.8,21.2,9.5,14.3,38.9,24.0,18.4,5.5,127.658,98.395,26.0527,78.51,1.1,1.58959,26.97,16.42,18.2,18.87,19.23,27.25,46.18,21.96,19.93,7.13,4.75,22.91,30.92,18.38,14.55,13.19,7.54248953,127.214709,98.747018,0.93244842,57.3,50.3,35.5,70.4,87.2,16.9,32.2,28.5,72.4,55.6,46.3,38.9,68.3,12.9,93.3,53.0,50.2,33.4,38.2,71.9,74.7,28.0,92.0,15.4,12.900000000000006,9.8,67.1,42.8,38.1,39.9,34.8,23.8,61.2,21.9,38.9,33.4,68.3,38.2,7.0,-70.30000000000001,-39.3,-34.900000000000006,-7.0,70.30000000000001,39.3,34.900000000000006,42.886799999999994,21.275,12.9926,26.718907163280463,16.4661,39.493399999999994,26.0906,25.055189083301684,1.7424628005149547,26.2,58.199999999999996,1.3010130624852754,21.9,50.3,0.029999999999986926,0.05000000000001137,0.05000000000001137,26.97,95.80212792000519,3.9000000000000057,49.965599999999995,8.500699999999998,82.22297128461233,0.6377781254136533,77.36490009332735,3.9215686274509816,0.7909000000000002,0.7909000000000002,680.6499999999996,0.13826218368506232,33.699308,-680.6499999999996,7.231997519572126,15.101105,56.485,40.605,3,68.53634435573927,-2.8000000000000007,-4.0,9.526098621895198
724,2026 Wisconsin,2026,Wisconsin,Region 2,5,TBD,0,,,,,,2026 Wisconsin,2026 Wisconsin,15.9,35.3,25.2,17.3,8.0,13.5,40.4,21.3,17.4,4.0,125.348,98.046,23.3936,78.84,2.08,2.35483,30.93,18.82,14.71,10.06,25.63,30.77,30.77,27.81,12.62,16.12,12.65,30.58,22.15,11.72,18.71,16.82,5.37993563,125.581845,98.685402,0.92196593,54.8,50.2,35.3,68.7,86.9,15.2,30.0,26.9,68.9,54.8,47.7,36.1,66.7,8.5,87.5,57.3,49.4,52.6,40.2,69.7,78.6,27.099999999999994,87.0,5.4,10.900000000000006,5.2,61.4,32.3,41.9,33.9,40.7,15.1,55.3,26.0,36.1,52.6,66.7,40.2,4.599999999999994,-71.7,-43.1,-33.400000000000006,-4.599999999999994,71.7,43.1,33.400000000000006,24.530199999999997,25.134300000000003,18.9886,23.237182847037776,14.7709,41.1914,26.8134,24.101452238402565,0.7167164122355087,34.9,37.699999999999996,0.9726126215765777,26.0,60.9,0.010000000000005116,0.029999999999986926,0.020000000000010232,30.93,91.69533444382014,1.7000000000000028,47.6212,7.6304,79.15278235287842,0.6756995790143984,77.16135126868669,3.7707045263720342,1.44976,1.44976,912.8099999999997,0.09714174695146341,40.738559,-912.8099999999997,10.29290671685684,18.83864,54.940000000000005,39.565,2,70.78487084407513,0.09999999999999787,-4.0,9.715519087784433
725,2026 BYU,2026,BYU,Region 2,6,TBD,0,,,,,,2026 BYU,2026 BYU,17.3,35.0,22.5,17.1,5.5,14.5,39.2,22.8,17.6,5.2,125.46,97.786,23.2459,78.33,0.69,1.6107,28.18,11.81,29.3,12.77,22.14,23.97,27.68,23.71,22.1,17.13,9.36,26.81,26.61,18.48,16.15,11.93,4.54743388,124.364155,97.027248,0.89757999,55.6,49.9,35.9,69.9,84.9,16.9,35.6,28.1,70.4,56.2,50.0,34.9,64.7,11.9,92.1,45.4,45.7,39.8,39.2,70.7,74.6,28.700000000000003,84.2,10.4,18.799999999999997,8.0,66.9,33.2,37.9,30.0,43.0,27.0,61.7,30.8,34.9,39.8,64.7,39.2,5.700000000000003,-68.0,-36.3,-34.00000000000001,-5.700000000000003,68.0,36.3,34.00000000000001,30.967600000000004,25.5002,13.890199999999998,22.524135203524835,12.873999999999999,44.366,25.3624,21.613479590292723,1.0954498630687672,23.0,43.6,0.9693630264534068,30.8,62.0,0.010000000000005116,0.01999999999999602,0.01999999999998181,28.18,92.48036769515956,2.700000000000003,47.20440000000001,8.4331,83.23603049886077,0.5463231489392426,78.31464185795478,3.0262896496920746,0.48783,0.48783,672.0099999999995,0.1292059803910924,27.542970000000004,-672.0099999999995,7.738845475170153,8.85885,55.970000000000006,40.290000000000006,3,71.76546909502497,0.5,-0.2999999999999998,9.670073731682127
726,2026 Miami FL,2026,Miami FL,Region 2,7,TBD,0,,,,,,2026 Miami FL,2026 Miami FL,16.1,32.2,27.0,17.0,10.0,11.9,38.6,20.0,13.8,6.2,121.357,99.323,20.6799,78.41,1.09,1.75768,27.58,14.73,24.16,20.73,17.1,23.23,38.66,20.52,19.06,12.91,8.79,34.06,20.31,15.3,15.92,14.36,3.85293841,120.138207,99.185265,0.88253108,55.8,48.6,38.2,70.4,83.5,18.9,36.7,25.7,69.3,57.2,49.2,34.7,64.6,10.0,89.8,53.7,45.7,31.7,40.9,68.9,68.5,30.299999999999997,85.4,12.7,17.799999999999997,8.0,64.8,46.7,40.3,34.1,41.0,21.6,61.3,25.0,34.7,31.6,64.6,40.9,7.199999999999996,-64.6,-37.599999999999994,-32.2,-7.199999999999996,64.6,37.599999999999994,32.2,41.1074,19.821200000000005,10.965200000000003,23.23494135994322,15.1663,41.746399999999994,26.4214,21.662409838242837,1.8796873516660866,28.4,59.400000000000006,1.0293146866824774,25.0,57.9,0.04999999999999716,0.060000000000002274,0.04999999999999716,27.58,95.98584379975068,0.9000000000000057,46.592999999999996,9.1854,82.04010420824619,0.6621373349280527,76.96618564725928,2.769529119447306,0.7510100000000002,0.7510100000000002,483.5800000000004,0.1113573345508402,29.88056,-483.5800000000004,8.979102089791022,17.5768,56.265,39.865,2,70.85100117558093,-3.1999999999999993,-3.8,9.71829567878861
727,2026 Villanova,2026,Villanova,Region 2,8,TBD,0,,,,,,2026 Villanova,2026 Villanova,14.1,34.2,24.0,13.3,10.9,10.7,38.8,18.0,11.2,6.9,120.369,99.6,19.9691,77.57,0.31,1.87195,28.59,18.02,15.67,22.4,22.48,21.39,46.98,16.14,15.98,14.43,6.41,33.97,15.05,18.55,17.29,15.08,3.94388709,119.631881,99.681695,0.88337835,54.5,49.0,33.1,70.8,84.8,19.6,32.3,30.5,66.5,54.4,48.5,35.3,66.1,6.0,92.5,56.8,46.3,45.7,36.9,65.9,69.4,28.200000000000003,77.4,6.0,11.400000000000006,7.6,62.4,35.4,39.9,37.9,39.4,19.0,61.3,25.2,35.3,45.7,66.1,36.9,5.5,-65.19999999999999,-37.2,-37.699999999999996,-5.5,65.19999999999999,37.2,37.699999999999996,26.733600000000003,23.618100000000002,16.1321,19.83605723591931,15.988499999999998,39.838499999999996,24.3909,24.936235348049895,0.9058882737795672,31.0,41.4,1.23302891520555,25.2,54.5,0.04000000000000625,0.060000000000002274,0.060000000000016485,28.59,96.97876349816835,-2.0999999999999943,46.216,9.604000000000001,80.27431726267581,0.7064588748896157,79.13240554182492,3.0458522465627254,0.20429000000000003,0.20429000000000003,300.58000000000015,0.06486416363066345,24.896935000000003,-300.58000000000015,15.4140976503916,20.404255,54.425,41.22,2,72.99822795294594,-2.1000000000000014,-4.0,9.585119627312979
728,2026 Utah St.,2026,Utah St.,Region 2,9,TBD,0,,,,,,2026 Utah St.,2026 Utah St.,12.6,36.0,22.2,12.9,9.4,10.7,39.6,20.1,13.0,7.2,122.132,98.626,20.7574,77.68,0.61,2.43419,36.02,15.78,19.55,20.8,25.56,18.27,37.45,28.8,8.07,15.92,9.71,17.89,22.48,14.8,20.34,24.45,3.9945339,122.46734,98.556091,0.89714443,56.8,51.0,35.9,64.7,85.1,20.6,34.2,32.2,68.3,59.3,51.3,35.1,66.1,8.8,90.1,59.8,50.4,40.7,40.9,68.5,70.6,26.700000000000003,85.4,11.4,15.299999999999997,5.4,65.0,45.2,43.6,38.2,41.1,14.1,65.1,21.0,35.1,40.7,66.1,40.9,5.799999999999997,-64.5,-33.599999999999994,-28.800000000000004,-5.799999999999997,64.5,33.599999999999994,28.800000000000004,39.1156,20.080800000000004,14.285700000000002,23.11197380868483,17.4814,40.7059,27.034899999999997,23.859082826741965,1.390629222869217,35.9,56.6,1.0659886066355346,21.0,56.4,0.04000000000000625,0.05000000000001137,0.03999999999999204,36.02,96.37518690136994,0.5,48.3368,10.506,79.08648466293471,0.7531391292301103,80.61975958841383,3.382323334004428,0.41784999999999994,0.41784999999999994,807.0499999999993,0.09766817238432426,31.401051000000002,-807.0499999999993,10.237473014430178,22.881386000000003,56.22,41.69500000000001,4,71.02418239304873,0.09999999999999964,-2.2,9.883221633021384
729,2026 Missouri,2026,Missouri,Region 2,10,TBD,0,,,,,,2026 Missouri,2026 Missouri,15.0,35.2,23.7,15.0,8.8,12.3,40.1,20.1,16.1,4.1,119.491,95.901,15.3923,79.28,2.41,2.19762,35.52,16.39,23.65,21.14,20.74,18.03,31.76,19.96,23.08,13.72,11.43,27.72,17.77,19.69,19.92,14.84,1.15651535,119.351866,96.887582,0.84316202,55.9,49.4,41.5,67.1,81.1,17.6,34.4,29.6,68.4,56.9,51.1,35.0,63.5,10.4,90.2,50.6,48.2,36.0,43.1,67.3,68.6,25.299999999999997,95.7,12.0,11.799999999999997,8.0,66.3,44.4,43.4,33.2,35.9,19.6,61.9,23.7,35.0,36.0,63.5,43.1,6.5,-63.49999999999999,-36.0,-25.599999999999994,-6.5,63.49999999999999,36.0,25.599999999999994,40.9212,19.6364,12.6,28.91013374810524,15.3528,42.038799999999995,27.368499999999997,24.031715155879603,1.5666231493569625,30.4,56.4,0.9558942947959445,23.7,58.8,0.04999999999999716,0.05000000000001137,0.060000000000002274,35.52,97.16794244408769,-0.7000000000000028,45.3349,8.6944,81.88443178712322,0.6140702175944466,79.86261258775896,2.5501296227712813,1.62193,1.62193,1149.27,0.11529805656256582,32.9643,-1149.27,8.672243053552544,19.339056000000003,55.74,40.145,2,66.82187686720277,1.1000000000000014,-4.700000000000001,9.959698442159704
730,2026 Texas,2026,Texas,Region 2,11,TBD,0,,,,,,2026 Texas,2026 Texas,18.5,36.3,23.7,20.8,2.9,12.2,40.8,17.8,14.4,3.5,124.97,94.063,19.0333,78.11,1.02,2.74257,30.84,22.35,23.91,17.36,16.46,19.86,39.01,20.68,14.55,13.37,12.33,28.42,29.4,13.7,15.37,13.05,-0.2070691,123.485054,93.937094,0.85182779,54.8,49.7,46.1,60.1,84.3,14.2,34.7,25.0,68.6,55.3,50.2,34.9,64.0,7.4,89.5,43.1,54.2,36.2,33.3,68.1,75.3,26.0,87.8,10.8,12.0,8.3,63.0,39.9,41.2,39.1,42.4,24.0,63.0,27.7,34.9,36.2,64.0,33.3,5.099999999999994,-70.1,-40.3,-14.0,-5.099999999999994,70.1,40.3,14.0,34.6194,22.8098,12.6338,23.707997947246973,17.1052,38.763,21.311999999999998,24.416046636041088,1.4005137979613824,26.0,50.7,1.4233806792588815,27.7,52.599999999999994,0.05999999999998806,0.060000000000002274,0.060000000000002274,30.84,96.82467796908723,0.09999999999999432,46.1964,7.0573999999999995,83.34449556271548,0.502325147725551,77.06975846204934,3.4520094261512004,0.6946199999999999,0.6946199999999999,1908.7299999999998,0.08268064043977162,57.04545600000001,-1908.7299999999998,12.092960410755301,7.9534530000000006,56.85,37.44500000000001,3,70.63443090884932,-6.4,0.6000000000000001,9.214364687872088
731,2026 High Point,2026,High Point,Region 2,12,TBD,0,,,,,,2026 High Point,2026 High Point,11.2,38.2,15.8,12.8,3.2,7.0,42.5,11.5,8.4,3.2,117.048,91.356,8.40428,76.32,-0.74,2.23193,35.47,14.29,19.66,24.3,17.77,23.99,35.07,24.11,26.81,8.23,5.76,26.12,28.63,23.73,11.92,9.58,-1.4273485,116.196563,92.338484,0.70627222,53.9,48.2,40.3,64.4,86.4,20.8,32.0,31.5,70.9,57.1,48.4,34.4,68.1,11.0,89.6,52.7,48.1,42.9,41.4,70.8,74.2,29.5,82.5,7.4,15.599999999999994,7.4,62.8,44.8,42.4,41.4,36.3,12.3,62.8,17.2,34.4,42.9,68.1,41.4,5.699999999999996,-65.60000000000001,-36.5,-24.10000000000001,-5.699999999999996,65.60000000000001,36.5,24.10000000000001,34.239399999999996,19.2225,14.7576,23.001014470380795,18.708,38.995,28.193399999999997,23.817133188806192,1.2167548541992028,37.7,52.199999999999996,1.1787154899640107,17.2,51.2,-0.009999999999990905,0.01999999999999602,0.01999999999999602,35.47,95.7543351521817,2.799999999999997,46.5696,10.0256,80.02761647887004,0.6653956389439527,79.08736387535926,3.5365046687743567,-0.5239199999999999,-0.5239199999999999,1090.4599999999996,0.12276648698117208,28.568704000000004,-1090.4599999999996,8.144714116898463,7.142176000000001,55.605000000000004,40.44,2,70.1293341108261,-4.4,-0.0,9.687845485293956
732,2026 Hawaii,2026,Hawaii,Region 2,13,TBD,0,,,,,,2026 Hawaii,2026 Hawaii,8.0,34.5,14.9,5.6,9.2,6.5,40.6,13.4,7.0,6.4,107.129,98.837,5.96572,78.69,1.21,1.75348,32.79,27.91,20.51,21.1,16.54,13.93,37.98,22.82,20.82,12.68,5.7,24.34,18.62,22.96,17.09,17.0,-3.7343567,106.463377,99.52173,0.66046901,51.2,52.6,40.7,64.1,81.9,15.9,31.3,26.8,72.3,55.0,53.4,31.6,69.3,10.1,91.5,49.9,61.7,39.7,32.4,70.5,73.8,30.400000000000006,80.5,7.3,14.900000000000006,3.9,60.6,45.2,47.6,41.3,38.0,15.1,62.6,26.3,31.6,39.7,69.3,32.4,-1.3999999999999986,-66.0,-41.9,-23.39999999999999,1.3999999999999986,66.0,41.9,23.39999999999999,33.267700000000005,18.2832,12.545200000000001,22.33493153485514,20.2399,38.917,22.453199999999995,24.22932108004679,1.3223848265786755,34.9,52.5,1.3950186722632019,26.3,54.800000000000004,0.009999999999990905,-1.4210854715202004e-14,-0.010000000000005116,32.79,94.68834583204064,2.5,41.93280000000001,8.3634,79.74683196844408,0.5933342053007693,76.71128005191844,3.4086514557206793,0.85305,0.85305,1055.0200000000002,0.11038130730811684,9.819488,-1055.0200000000002,9.05850905850906,16.132015999999997,53.32000000000001,39.99,0,70.22443118910365,1.4000000000000004,-2.799999999999999,8.338847406867805
733,2026 Kennesaw St.,2026,Kennesaw St.,Region 2,14,TBD,0,,,,,,2026 Kennesaw St.,2026 Kennesaw St.,8.6,39.1,6.4,5.4,0.9,6.5,43.8,5.5,5.9,-0.5,110.636,89.936,0.572421,78.34,0.07,1.22685,37.27,20.96,15.83,19.56,15.8,27.8,26.78,21.02,33.94,12.15,6.06,20.36,23.46,29.58,12.99,13.55,-7.9766197,110.090609,90.809192,0.52357722,51.1,50.6,41.6,53.7,83.0,16.2,34.7,31.0,71.9,50.8,53.0,33.7,66.1,14.7,86.9,51.3,50.6,42.9,38.3,72.2,70.0,25.299999999999997,91.0,6.3,16.5,7.5,57.2,41.6,49.4,42.2,33.4,15.5,60.7,19.6,33.7,42.9,66.1,38.3,0.5,-66.8,-34.3,-12.100000000000001,-0.5,66.8,34.3,12.100000000000001,29.528200000000002,19.6343,14.4573,27.175770458259322,22.084300000000002,37.2135,25.3163,22.233514492015576,1.1165240903475444,34.5,47.9,1.2976162502284538,19.6,50.3,0.05000000000001137,0.04999999999999716,0.060000000000002274,37.27,95.07598740862699,4.200000000000003,42.413,8.1972,83.4817398215099,0.6121645326428085,79.9994946980363,2.9762955120287042,0.05054,0.05054,1553.39,0.16915800738771702,6.62499,-1553.39,5.911162505951977,1.104165,54.37,38.545,2,66.45039941162378,0.5,-1.4,9.801499938846078
734,2026 Queens,2026,Queens,Region 2,15,TBD,0,,,,,,2026 Queens,2026 Queens,10.2,42.4,-0.9,7.3,-8.2,6.7,45.2,2.5,6.0,-3.5,115.771,82.791,-1.43724,78.32,0.67,1.31215,31.66,17.88,20.86,20.59,23.02,17.66,28.67,24.02,15.94,22.08,9.29,24.75,21.58,18.16,21.83,13.68,-6.9627917,114.413126,82.766656,0.43044616,53.8,47.1,37.2,59.8,84.4,15.4,30.0,33.6,70.7,59.0,45.9,35.9,64.2,8.0,90.9,54.5,52.0,46.8,39.5,70.5,74.9,26.799999999999997,94.6,7.0,12.0,6.2,64.0,40.1,40.9,42.4,43.7,13.1,57.6,18.0,35.9,46.8,64.2,39.5,6.699999999999996,-69.0,-36.4,-22.599999999999994,-6.699999999999996,69.0,36.4,22.599999999999994,32.286,22.5259,16.801199999999998,26.197010007505305,18.0856,35.727000000000004,25.359,23.282235717387625,1.006388752377086,36.9,47.1,1.2303485987696514,18.0,51.4,-0.009999999999990905,0.0,0.0,31.66,97.75399910952822,2.5,45.4072,7.2534,78.63526603253575,0.6442004231628468,81.60095631218834,3.3331196718159104,0.47235,0.47235,1183.6400000000006,0.08800783269711003,9.578695,-1183.6400000000006,11.361079865016874,-10.759629999999998,54.2,38.38,2,69.44884201369531,-1.2999999999999998,4.699999999999999,8.51664412020485
735,2026 LIU,2026,LIU,Region 2,16,TBD,0,,,,,,2026 LIU,2026 LIU,7.6,37.1,-3.6,-3.4,-0.1,6.1,42.2,3.0,1.6,1.4,105.631,90.418,-3.95107,77.43,-1.93,1.11348,21.99,11.86,18.09,22.14,23.55,24.36,33.75,17.08,12.65,22.46,14.07,24.92,18.03,22.41,19.12,15.52,-5.7707762,103.903018,90.361477,0.3502581,52.6,48.7,34.7,63.2,80.6,18.6,34.5,34.0,68.1,52.9,49.2,36.1,68.1,13.9,91.9,49.7,50.8,29.0,33.2,68.8,66.8,31.0,86.7,12.5,8.799999999999997,4.3,59.8,46.6,45.1,44.2,39.9,24.4,57.3,22.6,36.1,29.0,68.1,33.2,3.8999999999999986,-61.99999999999999,-31.5,-28.5,-3.8999999999999986,61.99999999999999,31.5,28.5,38.704299999999996,20.2046,10.469000000000001,23.177485483402492,20.312600000000003,35.559,22.6092,25.78906421980707,2.0378607634219508,25.6,59.1,1.460799373512846,22.6,51.5,0.0,-0.009999999999990905,0.0,21.99,94.84977184971385,0.7999999999999972,42.395599999999995,9.058200000000001,84.24256344359037,0.6105576098573727,80.7036323686985,2.6184217308386155,-1.32784,-1.32784,358.76,0.1512497143665466,-3.785832,-358.76,6.611035177325372,-0.111348,53.294999999999995,40.410000000000004,2,70.5882482973623,5.0,1.5,9.182389763213482
736,2026 Michigan,2026,Michigan,Region 3,1,TBD,0,,,,,,2026 Michigan,2026 Michigan,18.5,30.1,49.1,25.6,23.7,13.2,36.7,37.9,19.6,18.5,126.626,110.9657,37.592,78.66,2.36,2.10165,35.12,23.41,22.52,16.7,18.62,18.71,38.65,31.23,13.95,11.61,4.49,30.3,25.42,15.22,15.92,13.08,13.9969549,127.346683,109.6932377,0.98115641,58.3,56.9,41.4,73.6,83.4,16.8,36.3,26.3,71.3,61.0,55.7,36.0,69.8,15.9,90.6,60.7,53.3,41.8,41.8,72.2,74.7,24.900000000000006,91.1,15.1,12.099999999999994,4.6,68.1,43.2,45.6,28.4,40.4,15.0,65.3,29.8,36.0,41.8,69.8,41.8,1.3999999999999986,-66.60000000000001,-37.400000000000006,-32.199999999999996,-1.3999999999999986,66.60000000000001,37.400000000000006,32.199999999999996,43.1753,21.108,15.048,25.743219171916575,13.507,48.6358,29.176399999999997,26.261124626844655,1.3947034759933976,35.0,58.300000000000004,0.7894547977321118,29.8,67.0,0.03999999999999204,0.07000000000000739,0.060000000000002274,35.12,97.15233955675892,4.200000000000003,48.6222,9.5592,79.70333106158469,0.7295585389598682,76.51654374303071,3.210649960845733,1.7039199999999999,1.7039199999999999,1259.9399999999996,0.17549475171355725,53.80224,-1259.9399999999996,5.69775485818502,49.809104999999995,57.64,43.26,2,69.5865595739848,-6.0,-5.199999999999999,8.911171099077471
737,2026 Iowa St.,2026,Iowa St.,Region 3,2,TBD,0,,,,,,2026 Iowa St.,2026 Iowa St.,18.9,28.7,41.5,21.4,20.1,14.4,35.9,31.8,19.0,12.8,123.826,108.5969,32.423,78.06,1.01,2.56022,28.31,18.47,26.23,19.58,16.57,19.12,44.47,18.04,8.35,11.44,17.66,20.93,28.14,19.6,16.34,14.98,7.39406963,123.772604,107.2484925,0.96504132,57.1,51.0,36.4,71.0,84.9,22.7,35.3,27.1,68.2,55.5,49.5,38.7,67.9,8.6,90.4,58.4,45.5,38.8,42.8,67.9,67.2,28.5,91.9,9.9,11.200000000000003,9.2,65.9,37.8,36.2,29.5,38.6,23.4,63.6,27.7,38.7,38.8,67.9,42.8,6.100000000000001,-62.2,-37.6,-34.6,-6.100000000000001,62.2,37.6,34.6,34.0083,24.048000000000002,15.0156,25.547782030279393,11.7094,46.678399999999996,29.0612,26.394112348527024,1.2293497590268292,26.6,47.699999999999996,0.9041844816709892,27.7,61.3,0.030000000000001137,0.04000000000000625,0.009999999999990905,28.31,96.33021390269133,-0.09999999999999432,48.477900000000005,11.576999999999998,82.30523301824168,0.7554882860506332,76.62052621147791,3.0130454936759166,0.6857900000000001,0.6857900000000001,422.5799999999999,0.095131691021117,54.788708,-422.5799999999999,10.510405766771308,51.46042200000001,56.58500000000001,42.145,4,69.7027559542982,-2.3999999999999986,-7.300000000000001,8.902246268113839
738,2026 Virginia,2026,Virginia,Region 3,3,TBD,0,,,,,,2026 Virginia,2026 Virginia,13.0,34.2,24.3,13.2,11.3,8.2,40.3,17.3,9.8,7.6,122.516,104.1936,26.7098,78.21,1.79,2.01352,34.78,17.52,23.58,22.36,15.04,21.48,36.21,25.8,11.12,13.33,13.52,25.06,22.1,19.62,16.25,16.93,7.76490461,122.265056,104.1421562,0.94258049,54.5,55.5,33.7,67.1,84.2,16.3,38.0,28.2,66.5,55.2,55.3,35.9,69.1,17.5,90.4,59.1,49.7,46.5,37.5,66.5,72.6,24.200000000000003,86.7,9.5,12.0,6.0,60.8,36.3,48.2,34.5,43.5,17.2,63.9,28.0,35.9,46.5,69.1,37.5,-1.0,-67.9,-33.8,-33.39999999999999,1.0,67.9,33.8,33.39999999999999,30.306899999999995,24.1755,16.6935,22.536544396453806,17.349,43.804500000000004,25.9125,25.779190574311418,0.9849250553751532,32.8,45.8,1.0799712007679796,28.0,59.5,0.01999999999999602,0.01999999999999602,0.03999999999999204,34.78,96.4178107252687,-1.5,45.889,9.0465,82.1540278692993,0.7060847540650649,77.45455269609229,3.145370546167965,1.19035,1.19035,822.7999999999997,0.19358192940343577,26.578464,-822.7999999999997,5.165419118907491,22.752776000000004,55.505,41.980000000000004,2,71.56722059825512,-3.3999999999999986,-3.700000000000001,9.258382872049031
739,2026 Alabama,2026,Alabama,Region 3,4,TBD,0,,,,,,2026 Alabama,2026 Alabama,21.1,34.7,37.8,29.3,8.5,14.4,41.1,25.6,21.3,4.3,129.004,96.716,25.7196,78.17,1.32,2.03223,33.79,16.09,16.94,15.39,27.82,23.76,35.64,25.4,26.17,7.93,4.87,22.91,26.67,22.35,14.19,13.88,6.55146928,129.608862,97.792493,0.93885623,56.4,52.0,37.1,69.4,86.5,13.8,31.9,28.8,74.6,57.3,51.4,35.8,66.5,11.3,87.9,53.5,53.3,53.7,35.1,74.0,76.5,30.299999999999997,85.9,10.1,7.299999999999997,7.6,61.4,34.8,43.8,38.0,44.9,11.5,62.0,27.0,35.8,53.7,66.5,35.1,4.399999999999999,-72.7,-39.3,-32.300000000000004,-4.399999999999999,72.7,39.3,32.300000000000004,30.043099999999995,24.388099999999998,19.2246,21.98802704503825,17.1988,40.0815,23.3415,26.919262000780535,0.836111059384369,38.5,44.9,1.2991082875131763,27.0,54.4,-1.4210854715202004e-14,-0.010000000000019327,0.0,33.79,94.49559721677274,6.0,48.786,7.176,80.3035610783089,0.6206424519437129,78.67705700572701,3.9478557143915265,0.9768000000000001,0.9768000000000001,735.3299999999999,0.12855371383715772,59.54433900000001,-735.3299999999999,7.778072736925936,17.273955,56.13,40.42,2,72.16318789127376,-8.0,-4.2,9.16170373357321
740,2026 Texas Tech,2026,Texas Tech,Region 3,5,TBD,0,,,,,,2026 Texas Tech,2026 Texas Tech,18.1,32.4,26.4,13.7,12.7,12.8,39.3,20.6,11.1,9.5,125.05,100.1741,25.2243,77.07,-0.7,2.1019,19.42,25.77,17.97,17.01,21.81,17.4,41.97,28.21,11.61,10.24,7.9,30.22,23.9,13.29,15.12,17.4,5.05647218,125.504148,101.4248468,0.94144642,57.1,52.0,28.6,67.9,84.2,15.7,34.1,27.4,68.0,53.6,49.4,39.3,68.5,9.5,92.7,55.5,58.5,48.0,35.0,67.4,71.5,30.599999999999994,85.7,6.2,12.5,6.4,63.3,25.7,36.7,31.4,44.1,26.3,61.2,33.5,39.3,48.0,68.5,35.0,5.100000000000001,-68.5,-38.5,-39.300000000000004,-5.100000000000001,68.5,38.5,39.300000000000004,21.581500000000002,30.4623,18.863999999999997,21.12060605191054,12.323800000000002,44.477000000000004,23.975,25.426544528635162,0.6645694881356639,23.7,31.9,1.0799691437387504,33.5,62.2,0.03999999999999204,0.06999999999999318,0.06999999999999318,19.42,96.24534688686158,-0.5999999999999943,48.0782,8.164,83.31520183958949,0.6583551796538594,77.04287134148305,3.7022973229542444,-0.4718,-0.4718,-32.83999999999969,0.10248001639680261,28.79603,32.83999999999969,9.75686769813704,26.69413,55.0,40.39,3,73.33984110588327,-2.5999999999999996,-3.1999999999999993,9.98314201832591
741,2026 Tennessee,2026,Tennessee,Region 3,6,TBD,0,,,,,,2026 Tennessee,2026 Tennessee,14.1,31.2,28.3,14.3,14.2,10.4,37.4,21.8,11.0,11.0,121.055,104.9703,26.0249,78.44,1.86,1.61107,34.95,20.09,24.83,17.55,12.9,24.56,32.3,20.53,31.88,10.8,4.41,22.52,24.2,25.9,17.2,10.11,4.12163649,121.15206,104.9953585,0.94245322,52.1,53.5,38.1,65.0,82.1,17.7,43.1,26.0,67.3,52.2,50.8,33.4,69.4,11.3,90.6,59.8,54.6,31.7,44.4,66.2,69.4,29.700000000000003,89.3,10.8,11.299999999999997,6.7,60.8,43.5,43.1,31.6,37.1,24.7,61.0,24.0,33.4,31.7,69.4,44.4,-1.3999999999999986,-64.39999999999999,-30.900000000000006,-26.9,1.3999999999999986,64.39999999999999,30.900000000000006,26.9,36.0924,19.7515,10.5878,25.800581388798197,14.3767,45.4536,30.8136,25.722234221259505,1.7128797198826535,25.3,54.3,0.8625931848381795,24.0,61.699999999999996,0.06999999999999318,0.0800000000000125,0.06999999999999318,34.95,94.98646531875963,-1.7999999999999972,42.7741,9.4695,82.65877323278367,0.7266011348586287,76.28695211274336,3.0501089324618724,1.23132,1.23132,713.6400000000001,0.12472268518007529,23.038301,-713.6400000000001,8.016989646933899,22.877194,55.7,40.775000000000006,1,68.12837878375481,-3.3000000000000007,-3.1999999999999993,9.03219975364695
742,2026 Kentucky,2026,Kentucky,Region 3,7,TBD,0,,,,,,2026 Kentucky,2026 Kentucky,14.0,34.3,26.2,14.6,11.6,9.3,39.5,18.6,9.1,9.5,120.516,100.9676,21.4832,78.79,1.48,1.48948,34.13,17.37,17.08,18.24,20.7,26.6,38.26,31.76,11.55,7.79,10.61,28.2,22.31,18.83,12.12,18.52,3.29582406,119.195217,100.3851366,0.88732355,54.0,52.7,37.7,65.2,84.4,16.9,33.8,27.1,69.8,54.4,50.4,34.1,68.4,12.3,91.3,57.0,44.8,39.2,39.5,69.3,72.8,27.0,90.9,14.1,7.900000000000006,9.4,64.1,37.8,42.5,33.8,38.3,23.0,60.3,26.6,34.1,39.2,68.4,39.5,1.2999999999999972,-67.5,-39.1,-27.5,-1.2999999999999972,67.5,39.1,27.5,37.0467,22.1762,13.367200000000002,26.29087294100369,15.1076,43.0578,27.018,26.85831652703994,1.3239458177087318,27.0,51.9,1.0936431989063569,26.6,56.800000000000004,0.009999999999990905,0.030000000000001137,0.01999999999999602,34.13,96.04428009080522,1.2999999999999972,45.57600000000001,8.9063,80.41937800855325,0.68591232355808,76.3896883895324,2.8716107941798614,1.0256399999999999,1.0256399999999999,984.1599999999999,0.13471922541921777,21.746408,-984.1599999999999,7.422160799934964,17.277967999999998,55.115,40.505,1,68.37830083565795,-5.5,-2.0999999999999996,9.435988020037913
743,2026 Georgia,2026,Georgia,Region 3,8,TBD,0,,,,,,2026 Georgia,2026 Georgia,13.6,37.4,26.6,20.3,6.5,10.2,41.5,19.3,14.2,5.3,124.681,95.798,20.4792,77.4,1.09,1.88379,39.72,18.76,18.99,20.02,18.19,24.0,38.22,26.98,19.79,7.3,7.64,25.11,25.56,21.55,14.98,12.74,2.60620275,123.404564,96.42873,0.88235194,55.0,50.7,36.1,70.0,84.9,19.2,35.0,32.5,73.5,57.3,50.1,34.1,66.3,15.1,90.4,48.4,52.7,43.9,37.6,73.0,75.4,28.299999999999997,88.8,19.0,18.5,9.2,63.3,41.9,43.8,40.6,39.7,14.2,61.8,21.9,34.1,43.9,66.3,37.6,4.299999999999997,-65.7,-32.5,-33.9,-4.299999999999997,65.7,32.5,33.9,43.3947,20.607300000000002,14.9699,24.990181405237266,19.4848,38.463,24.928800000000003,21.699308744750372,1.3872121363978043,35.8,60.9,1.3244328608281695,21.9,50.2,0.04000000000000625,0.06999999999999318,0.060000000000002274,39.72,97.66366312360567,5.0,46.69500000000001,9.7344,81.86441694413217,0.5990024875929753,80.73453793235772,3.4898351102576006,0.7957000000000001,0.7957000000000001,740.9400000000007,0.16703355051382174,38.240937,-740.9400000000007,5.986358519303358,12.244635,55.64,42.08,4,69.3244718554702,-6.100000000000001,-1.2000000000000002,9.485145982734686
744,2026 Saint Louis,2026,Saint Louis,Region 3,9,TBD,0,,,,,,2026 Saint Louis,2026 Saint Louis,12.5,34.8,24.0,13.6,10.4,9.3,41.1,18.8,13.2,5.5,119.475,98.846,18.321,77.54,-0.24,2.28093,36.59,20.05,21.18,19.97,16.99,21.77,23.78,27.72,14.22,16.18,18.04,21.39,20.47,21.33,18.13,18.63,1.87149843,119.823802,98.658033,0.87286152,59.5,54.8,34.3,63.9,83.4,15.8,31.4,27.0,71.9,58.9,55.4,40.5,70.0,9.5,89.3,60.2,48.4,45.1,41.6,72.0,74.4,26.799999999999997,91.7,5.7,11.099999999999994,4.0,62.6,47.1,51.4,37.5,36.5,7.8,62.7,20.9,40.5,45.1,70.0,41.6,4.700000000000003,-67.60000000000001,-41.6,-29.6,-4.700000000000003,67.60000000000001,41.6,29.6,34.7115,21.1125,18.2655,25.332637051834933,19.718999999999998,42.2243,29.12,26.272292121802646,1.1707057493181972,42.2,52.800000000000004,0.9975721737458234,20.9,58.5,0.04000000000000625,0.060000000000002274,0.05000000000001137,36.59,98.15687222363722,4.0,49.623000000000005,8.6584,79.59775798915621,0.7149558793838553,76.41240120883205,2.9154870188542867,-0.1728,-0.1728,839.4000000000003,0.10638178743799061,31.020648,-839.4000000000003,9.399010630459951,23.721672,56.075,40.855000000000004,2,69.53697420985334,-0.40000000000000036,-4.9,9.586861513247744
745,2026 Santa Clara,2026,Santa Clara,Region 3,10,TBD,0,,,,,,2026 Santa Clara,2026 Santa Clara,14.0,36.5,20.5,13.4,7.1,8.8,41.7,14.9,9.2,5.7,123.644,95.754,19.3981,78.51,1.4,0.918933,35.78,21.91,13.51,20.97,24.06,19.5,37.65,24.28,17.73,9.48,10.79,28.51,25.59,21.72,13.53,10.6,2.1437455,123.773171,97.084916,0.89305024,55.8,48.8,26.6,60.7,84.7,19.9,37.9,31.7,69.6,56.5,46.8,34.9,67.0,10.6,91.6,55.0,39.5,45.0,38.2,70.2,74.0,26.400000000000006,86.7,8.4,8.400000000000006,7.3,61.6,35.1,38.2,43.1,47.5,19.9,66.5,18.8,34.9,45.0,67.0,38.2,7.0,-64.80000000000001,-30.400000000000006,-34.1,-7.0,64.80000000000001,30.400000000000006,34.1,28.904400000000006,25.1575,15.705,22.21176490061067,17.0774,38.096000000000004,25.594,27.88098216825703,0.9666451856625409,30.1,43.5,1.3193371901259128,18.8,49.6,0.04999999999999716,0.06999999999999318,0.05000000000001137,35.78,96.01746939748105,2.200000000000003,47.2626,9.711199999999998,82.53885845504446,0.6866331256788305,77.90676570525551,2.581530618913797,0.9828,0.9828,365.9199999999996,0.11571926070676083,12.3137022,-365.9199999999996,8.640694274125083,6.5244243,55.065000000000005,39.94,4,72.19628696804249,-4.200000000000001,-1.3999999999999995,9.587462795676467
746,2026 SMU,2026,SMU,Region 3,11,TBD,0,,,,,,2026 SMU,2026 SMU,17.7,34.6,21.9,17.2,4.7,11.6,40.7,15.5,12.6,2.9,122.893,95.192,18.0856,77.95,1.69,2.74023,23.96,17.57,16.56,19.78,21.31,24.71,41.5,23.44,15.62,12.21,7.14,24.63,17.2,18.67,22.49,16.95,-0.0183742,122.617229,95.650098,0.86473126,56.2,49.9,31.0,68.7,84.4,17.9,35.9,30.6,70.7,55.5,48.0,37.4,66.1,11.2,92.4,55.1,39.4,36.0,47.2,69.6,74.1,28.200000000000003,82.3,9.8,11.799999999999997,8.6,64.5,34.8,38.9,32.3,44.8,29.2,62.4,20.5,37.4,36.0,66.1,47.2,6.300000000000004,-66.5,-33.5,-37.7,-6.300000000000004,66.5,33.5,37.7,30.5114,26.545599999999997,13.463999999999999,20.240965062631442,13.579499999999998,43.9912,31.1992,25.08160016160585,1.2388544762645481,20.8,44.599999999999994,0.8665070655282726,20.5,59.1,0.06999999999999318,0.0899999999999892,0.060000000000002274,23.96,96.77176054171937,1.5999999999999943,47.43280000000001,8.9321,83.11348156551738,0.6711245904434782,77.81522371220737,2.5254791359528244,1.1762399999999997,1.1762399999999997,359.75999999999954,0.12121080940682458,47.131955999999995,-359.75999999999954,8.249263458619767,12.879081,55.410000000000004,40.86,5,73.87991768401787,-4.6,-1.8000000000000003,9.590122172848844
747,2026 Akron,2026,Akron,Region 3,12,TBD,0,,,,,,2026 Akron,2026 Akron,14.3,37.3,17.1,15.5,1.6,10.3,40.8,15.2,10.6,4.7,118.82,93.978,12.7986,75.93,-1.39,1.65732,29.22,21.05,16.1,15.87,20.06,26.87,38.43,33.01,13.37,6.17,8.97,30.83,24.33,17.24,15.0,12.54,-0.1990381,117.863863,94.155685,0.77503286,56.8,49.9,29.5,69.7,84.2,18.4,33.6,30.7,71.2,59.1,51.0,38.5,64.9,8.4,91.7,57.4,49.2,45.1,43.2,71.3,75.3,27.799999999999997,93.1,7.9,13.0,4.2,65.0,39.2,44.4,38.2,44.3,15.7,64.6,18.5,38.5,45.1,64.9,43.2,6.899999999999999,-65.80000000000001,-35.7,-40.2,-6.899999999999999,65.80000000000001,35.7,40.2,32.8349,24.3186,17.363500000000002,24.692424614309008,17.506800000000002,39.9878,28.036800000000003,24.444682448336284,1.044322742289528,34.3,47.1,0.9814587625286453,18.5,57.599999999999994,0.04999999999999716,0.04999999999999716,0.060000000000002274,29.22,95.51197704996956,3.299999999999997,47.8256,9.1816,80.73601681537346,0.7034227521721548,80.09817690857172,3.1137269793051083,-0.9910699999999999,-0.9910699999999999,283.69000000000005,0.09160205450322242,25.68846,-283.69000000000005,10.915367218188312,2.651712,54.91499999999999,41.155,4,70.92218240451406,-4.9,3.1,9.85674991221443
748,2026 Hofstra,2026,Hofstra,Region 3,13,TBD,0,,,,,,2026 Hofstra,2026 Hofstra,12.2,35.9,11.4,6.1,5.4,10.5,40.7,10.4,8.5,2.0,114.57,94.923,9.49239,77.38,0.79,1.53254,26.27,14.07,18.35,16.04,27.36,24.17,50.96,22.04,12.98,5.07,8.91,37.55,22.75,12.75,14.51,12.42,-4.6660261,113.053014,94.6848,0.6932462,52.1,53.2,34.0,64.3,84.0,15.1,34.3,29.9,65.3,48.6,55.8,36.8,67.7,10.4,89.4,48.5,44.8,43.1,40.6,65.7,75.9,28.299999999999997,86.1,7.4,10.900000000000006,4.2,57.1,31.3,48.7,32.9,38.2,25.5,64.8,26.4,36.8,43.1,67.7,40.6,-1.1000000000000014,-68.9,-35.80000000000001,-30.299999999999997,1.1000000000000014,68.9,35.80000000000001,30.299999999999997,24.243699999999997,25.601799999999997,15.8608,22.980353928228926,16.4801,44.5934,27.486200000000004,26.12296244047881,0.897891000208812,24.5,38.7,0.9137705967833305,26.4,62.9,0.010000000000005116,0.03999999999999204,0.01999999999999602,26.27,94.40698024319599,-2.299999999999997,43.764,8.0332,86.50526121194876,0.5712535776963757,78.04550350208414,2.799825010936816,0.5190300000000001,0.5190300000000001,760.9100000000005,0.11632979496873636,9.348493999999999,-760.9100000000005,8.595327372368041,8.275716000000001,53.800000000000004,40.68,2,70.35992180724469,2.4000000000000004,-3.4000000000000004,9.569655724579661
749,2026 Wright St.,2026,Wright St.,Region 3,14,TBD,0,,,,,,2026 Wright St.,2026 Wright St.,9.3,38.8,6.3,4.5,1.9,5.9,42.8,7.9,3.9,4.0,112.057,89.987,2.04414,76.95,-0.85,1.20003,36.16,20.04,18.8,15.68,22.56,22.91,29.1,21.67,27.52,8.29,13.4,33.65,18.72,23.35,13.69,10.56,-6.5652718,111.931209,91.89204,0.59860895,51.9,49.4,37.7,65.5,83.4,16.9,31.7,29.6,69.0,54.5,47.1,36.1,66.4,11.4,91.0,47.0,55.4,33.7,34.2,67.9,74.5,26.0,91.2,5.5,8.900000000000006,4.5,61.6,45.9,41.9,42.3,38.6,20.4,56.4,23.5,36.1,33.7,66.4,34.2,2.5,-66.5,-38.7,-27.799999999999997,-2.5,66.5,38.7,27.799999999999997,33.2904,20.040100000000002,12.165700000000001,25.600179035832284,18.1242,35.9628,22.708800000000007,25.103120655939705,1.5251772944423014,29.6,51.4,1.3683810414900148,23.5,53.2,0.010000000000005116,0.01999999999998181,0.030000000000001137,36.16,97.03665391828764,-0.09999999999999432,43.284600000000005,8.3486,82.51585920677849,0.5655768281970133,78.69371533626229,3.3371483645563527,-0.57715,-0.57715,1105.65,0.1252733486445204,5.400135,-1105.65,7.98175598631699,2.280057,53.605000000000004,39.730000000000004,0,68.96051764872603,-0.6000000000000001,2.1,9.952438102858158
750,2026 Tennessee St.,2026,Tennessee St.,Region 3,15,TBD,0,,,,,,2026 Tennessee St.,2026 Tennessee St.,10.2,38.2,6.5,5.6,0.9,7.4,42.6,9.0,7.4,1.6,109.085,89.089,-1.82605,76.95,-1.11,1.6757,26.92,18.22,21.11,27.64,16.11,16.88,38.7,25.03,13.18,13.56,9.49,25.45,19.51,22.45,17.91,14.65,-5.6518096,106.602163,88.328319,0.36951861,51.7,46.5,32.0,60.0,83.8,18.6,32.9,28.6,70.6,49.9,48.2,33.7,66.5,10.1,92.5,45.4,50.3,30.7,36.0,71.1,76.3,27.599999999999994,87.2,9.4,14.599999999999994,8.6,59.7,40.4,43.3,44.5,36.3,28.9,59.5,19.5,33.7,30.7,66.5,36.0,5.200000000000003,-65.19999999999999,-38.5,-28.0,-5.200000000000003,65.19999999999999,38.5,28.0,32.3156,20.8366,10.345900000000002,24.899180040046836,20.524099999999997,35.542500000000004,23.94,23.06330057327731,1.6220970000977166,21.1,49.8,1.4749590289158636,19.5,46.9,0.04000000000000625,0.04000000000000625,0.030000000000001137,26.92,95.31928744740718,3.0999999999999943,43.324600000000004,8.649000000000001,84.6234424224585,0.5577327059864129,78.25783719231514,3.1047466205789758,-0.7892100000000001,-0.7892100000000001,785.6000000000004,0.10918800877828347,9.38392,-785.6000000000004,9.157509157509159,1.50813,53.01,37.97,0,68.53191357359962,1.8000000000000007,0.7000000000000001,9.74435963632282
751,2026 UMBC,2026,UMBC,Region 3,16,TBD,0,,,,,,2026 UMBC,2026 UMBC,9.2,38.4,1.9,1.6,0.4,6.4,42.8,5.8,4.2,1.7,108.224,90.11,-1.66619,77.15,-0.36,1.16514,29.55,17.79,20.61,21.13,19.45,20.97,43.92,31.0,17.55,2.09,5.4,29.52,24.32,16.13,17.59,12.38,-5.112863,106.646084,90.015895,0.41230822,52.9,48.9,33.1,74.1,85.5,14.3,25.6,27.5,66.4,54.0,50.3,35.9,67.8,6.5,93.5,45.0,57.2,38.8,37.8,67.0,76.4,32.599999999999994,87.7,5.5,13.0,4.9,61.6,37.9,45.2,42.7,41.5,23.3,61.4,19.5,35.9,38.8,67.8,37.8,4.0,-71.2,-46.9,-40.99999999999999,-4.0,71.2,46.9,40.99999999999999,28.1699,23.5987,13.929199999999998,23.44274941213168,19.937400000000004,37.6014,25.628399999999996,24.489113227445916,1.1185278729929642,26.7,43.4,1.2592259464035345,19.5,52.4,0.04999999999999716,0.03999999999999204,0.060000000000002274,29.55,98.60572599536533,-1.0,45.229499999999994,6.9927,79.1833643177526,0.5250813876150803,77.43590566435125,3.9445555478932492,-0.24119999999999997,-0.24119999999999997,113.18000000000075,0.06951797306980674,1.864224,-113.18000000000075,14.382402707275803,0.466056,52.620000000000005,39.75,1,70.73999583849975,2.6,1.2999999999999998,9.510076461253343
752,2026 Florida,2026,Florida,Region 4,1,TBD,0,,,,,,2026 Florida,2026 Florida,17.3,28.0,39.0,18.6,20.3,11.7,36.3,26.6,14.7,11.9,125.535,108.2576,33.7928,78.9,2.43,1.93506,24.63,18.57,21.3,22.04,18.6,19.47,34.5,36.63,18.22,5.08,5.5,25.66,34.4,17.25,14.46,8.19,8.53416651,124.975616,107.9647233,0.97120643,54.3,55.4,39.7,67.5,83.1,16.7,42.2,23.2,72.5,57.9,54.8,30.8,67.6,12.4,92.8,54.0,55.5,37.1,33.7,71.4,71.0,27.299999999999997,92.2,15.3,16.299999999999997,6.4,63.8,45.6,47.6,38.3,42.1,17.2,64.7,28.0,30.8,37.1,67.6,33.7,-1.1000000000000014,-66.39999999999999,-34.599999999999994,-27.799999999999997,1.1000000000000014,66.39999999999999,34.599999999999994,27.799999999999997,43.1994,18.668,11.4268,27.040263189054453,19.273999999999997,40.8972,22.7812,23.549168421269854,1.6414651896175307,32.8,60.900000000000006,1.3263701373846473,28.0,55.300000000000004,0.01999999999999602,0.07000000000000739,0.03999999999999204,24.63,98.40804208598342,3.4000000000000057,45.12329999999999,9.2518,81.32215853946477,0.648251521590377,75.35915303293872,3.2838293592095127,1.7350200000000005,1.7350200000000005,975.9500000000005,0.1336192497925669,35.992116,-975.9500000000005,7.483267478429159,39.281718,56.89,41.1,1,67.91092643044034,-3.900000000000002,-8.4,9.095845503267178
753,2026 Houston,2026,Houston,Region 4,2,TBD,0,,,,,,2026 Houston,2026 Houston,17.9,28.5,41.0,21.0,20.1,12.5,37.1,29.9,15.4,14.6,124.864,108.5628,33.4265,77.85,0.41,1.81853,28.09,16.66,15.86,21.77,21.3,24.4,33.6,34.31,18.13,4.82,9.1,32.02,18.9,20.45,15.69,12.91,8.99805033,124.649343,108.0757276,0.9707504,52.9,54.1,29.3,60.3,86.6,21.7,35.7,28.7,64.9,51.9,54.5,34.9,67.9,12.5,93.6,52.9,46.5,40.8,40.9,64.3,77.2,30.200000000000003,95.5,8.8,7.900000000000006,7.2,67.7,24.9,43.1,32.8,40.4,34.3,68.7,26.3,34.9,40.8,67.9,40.9,-1.2000000000000028,-64.89999999999999,-35.599999999999994,-30.999999999999996,1.2000000000000028,64.89999999999999,35.599999999999994,30.999999999999996,25.2613,28.096399999999996,14.239199999999999,27.887556962439955,14.7056,45.839200000000005,27.7711,28.587176612367067,0.8259601480355875,15.700000000000003,33.7,0.9779711987481969,26.3,60.0,0.010000000000019327,0.040000000000020464,0.030000000000001137,28.09,96.37791220426672,-3.700000000000003,45.8114,11.739700000000001,83.6643901458834,0.6755980127967715,77.68836720946453,3.469890306693529,0.26363,0.26363,440.89999999999986,0.13354558177797246,38.18913,-440.89999999999986,7.487401007919367,36.552453,54.345,41.85,2,68.13344362815803,-5.6,-5.500000000000002,9.001439706421477
754,2026 Illinois,2026,Illinois,Region 4,3,TBD,0,,,,,,2026 Illinois,2026 Illinois,21.7,33.3,38.0,26.3,11.8,15.6,38.7,25.7,18.5,7.3,131.176,100.9244,32.1008,79.99,2.9,1.63268,31.27,18.77,16.36,23.26,19.19,22.4,21.87,21.53,21.47,17.18,17.93,28.23,23.67,23.2,11.56,13.32,6.56334751,131.167321,102.1667071,0.96681476,55.6,53.8,34.4,78.6,86.5,12.3,39.1,26.2,66.2,58.2,52.0,34.7,68.6,12.6,91.5,51.2,48.6,50.7,42.2,66.7,78.9,26.599999999999994,85.9,8.0,12.299999999999997,6.2,68.0,32.7,40.0,28.3,38.9,16.6,63.5,29.5,34.7,50.7,68.6,42.2,1.8000000000000043,-74.2,-34.7,-44.199999999999996,-1.8000000000000043,74.2,34.7,44.199999999999996,29.108000000000004,24.0503,17.5929,24.36560075187969,12.0826,47.681700000000006,28.9492,25.74658553413766,0.8027455079781465,33.4,40.7,0.8175161726025449,29.5,65.5,0.020000000000010232,0.01999999999998181,0.01999999999998181,31.27,97.1801542595383,-1.2999999999999972,48.094,6.6174,83.01980465714531,0.5838017810515274,76.37799170575724,3.599733353084957,1.9343000000000001,1.9343000000000001,623.400000000001,0.1377034130774527,42.939484,-623.400000000001,7.261328465994763,19.265624,56.845,41.625,3,70.0084679199087,-7.800000000000001,-4.500000000000001,9.502677224960221
755,2026 Nebraska,2026,Nebraska,Region 4,4,TBD,0,,,,,,2026 Nebraska,2026 Nebraska,15.5,28.7,29.7,11.5,18.4,10.4,36.4,23.4,9.1,14.5,118.544,107.6135,26.1577,77.76,0.63,2.35552,25.47,18.27,23.99,26.35,15.44,15.93,38.55,27.42,11.02,9.44,13.52,22.51,22.43,19.97,15.05,20.01,7.45845952,117.583261,106.5448763,0.9334635,55.3,53.3,28.8,74.2,85.3,20.4,26.7,26.8,67.3,58.1,49.4,35.3,70.1,8.7,90.7,65.6,39.5,50.7,49.3,67.8,75.0,27.400000000000006,91.4,3.8,11.5,6.4,69.7,32.7,34.599999999999994,24.6,35.0,16.5,63.2,26.1,35.3,50.7,70.1,49.3,2.0,-64.9,-46.5,-45.400000000000006,-2.0,64.9,46.5,45.400000000000006,26.265100000000004,23.6721,17.897100000000002,27.668574231427254,9.247599999999998,51.05449999999999,34.55929999999999,27.028195154936505,0.7199069051892467,33.5,36.5,0.62879049106509,26.1,69.0,0.020000000000010232,0.05000000000001137,0.030000000000001137,25.47,95.08588970412751,-0.20000000000000284,47.170899999999996,10.873199999999999,74.43658724629285,0.8241102498712327,74.58204599080904,2.6868920481599887,0.42713999999999996,0.42713999999999996,126.91999999999939,0.09591955987254824,27.088479999999997,-126.91999999999939,10.424089185151134,43.341567999999995,53.105,42.910000000000004,2,67.6465014236946,-2.4000000000000004,-3.8999999999999986,8.515615925363216
756,2026 Vanderbilt,2026,Vanderbilt,Region 4,5,TBD,0,,,,,,2026 Vanderbilt,2026 Vanderbilt,20.0,32.3,37.4,24.6,12.8,14.0,38.2,29.1,19.0,10.1,126.805,100.7005,27.5051,77.17,-0.62,2.44596,30.1,19.54,17.48,18.54,19.3,25.11,39.41,32.48,9.95,11.02,7.07,27.95,21.55,16.52,15.57,18.35,7.30192164,126.982367,101.6569137,0.94975242,56.0,52.4,37.7,60.6,86.2,19.1,31.3,28.4,70.8,56.8,50.9,35.5,67.8,12.6,92.9,56.2,53.4,43.6,37.9,69.9,79.3,24.799999999999997,88.7,9.0,18.900000000000006,8.6,66.0,35.8,42.3,37.0,40.8,20.6,63.7,25.1,35.5,43.6,67.8,37.9,3.6000000000000014,-67.1,-40.3,-22.9,-3.6000000000000014,67.1,40.3,22.9,31.610999999999997,23.8828,15.478,24.551510476275524,17.2764,41.6849,25.696199999999997,22.4922764521513,1.027499369280521,29.4,44.8,1.2031344819397907,25.1,54.4,0.030000000000001137,0.0700000000000216,0.060000000000002274,30.1,97.0294983588626,1.9000000000000057,48.272,10.0084,79.42154089612012,0.694676209193953,78.04123883366027,3.8692848344322885,-0.43338,-0.43338,1486.7300000000002,0.13562824942680918,60.170616,-1486.7300000000002,7.372430759463535,31.308288,55.865,40.504999999999995,2,70.1691839845484,-5.600000000000001,-2.700000000000001,9.907834044180078
757,2026 North Carolina,2026,North Carolina,Region 4,6,TBD,0,,,,,,2026 North Carolina,2026 North Carolina,13.8,33.7,22.9,13.8,8.9,10.4,38.7,18.1,10.4,7.5,121.387,99.455,20.842,79.15,2.32,1.29232,36.31,25.57,24.38,17.22,15.8,17.03,34.88,34.12,15.76,7.56,7.7,32.61,26.14,15.38,14.14,11.73,4.92566653,120.880565,100.7945062,0.90657463,55.4,53.0,39.6,76.2,86.2,14.2,32.2,27.0,68.8,56.7,53.9,34.5,65.5,8.6,91.0,57.0,51.9,42.3,36.9,68.9,68.4,29.900000000000006,87.9,15.8,9.900000000000006,6.4,65.3,36.8,45.0,33.9,41.4,20.9,64.3,29.1,34.5,42.3,65.5,36.9,2.3999999999999986,-72.0,-40.8,-36.6,-2.3999999999999986,72.0,40.8,36.6,37.9186,23.2461,14.593499999999999,24.310542980361426,15.8886,42.8808,24.1695,25.943705081066067,1.243469421526678,29.1,52.599999999999994,1.0921113248963443,29.1,59.7,0.0,-0.020000000000010232,0.0,36.31,95.40656446654576,0.9000000000000057,47.754799999999996,7.525999999999999,79.29207320073418,0.6643279215859955,77.94250825920476,3.7605970581841905,1.5984800000000001,1.5984800000000001,430.25999999999976,0.09450445599498905,17.834016,-430.25999999999976,10.580165097081736,11.501648,56.09,41.580000000000005,2,70.20275391958552,-3.4000000000000004,-1.4000000000000004,9.70509572072072
758,2026 Saint Mary's,2026,Saint Mary's,Region 4,7,TBD,0,,,,,,2026 Saint Mary's,2026 Saint Mary's,15.6,31.4,26.6,12.9,13.7,11.1,37.2,18.7,9.6,9.1,120.26,102.8101,23.0701,78.9,2.58,0.743286,25.26,16.97,26.74,14.65,23.28,18.34,56.03,21.32,14.11,5.43,3.06,30.91,26.47,19.18,13.99,9.42,4.01051813,118.90857,102.4194952,0.9066404,53.6,54.0,36.5,72.9,84.0,15.3,37.9,23.9,66.4,50.2,53.4,38.6,68.8,9.7,91.1,58.0,47.3,36.1,36.8,66.3,81.1,27.700000000000003,76.4,4.8,11.799999999999997,4.5,58.0,38.7,46.0,36.3,38.2,25.2,63.5,26.8,38.6,36.1,68.8,36.8,-0.3999999999999986,-68.7,-38.2,-36.400000000000006,0.3999999999999986,68.7,38.2,36.400000000000006,26.113200000000006,23.561,13.9346,18.24646084404681,17.229,42.3364,25.318399999999997,25.73212972142026,1.2049527713913741,24.8,43.5,1.1086655253933317,26.8,59.2,0.020000000000010232,0.05000000000001137,0.030000000000001137,25.26,95.08205022392461,-1.7000000000000028,45.024,8.262,84.61675459695186,0.6847616911252523,74.96774672333969,2.9560652459221295,1.71054,1.71054,940.8199999999993,0.10647523078780693,9.5883894,-940.8199999999993,9.390784455210804,10.1830182,55.495,41.14,2,74.31792687975322,-3.3000000000000007,-4.6,9.197180557352269
759,2026 Clemson,2026,Clemson,Region 4,8,TBD,0,,,,,,2026 Clemson,2026 Clemson,10.4,34.3,24.1,9.4,14.7,7.3,40.4,17.3,8.0,9.2,116.522,102.7148,19.2364,77.78,1.03,2.34699,37.89,20.48,21.55,20.93,19.11,17.88,29.01,28.19,20.63,12.31,9.81,28.62,21.16,19.57,18.87,11.72,3.17896413,116.136703,103.5616147,0.89448851,53.1,51.7,40.1,66.7,85.5,18.3,28.2,25.0,65.5,53.8,51.0,34.1,67.4,9.1,89.7,50.2,53.6,42.9,42.9,65.2,72.6,25.299999999999997,87.6,8.9,6.700000000000003,5.7,58.9,36.9,43.3,34.0,44.4,20.2,62.4,23.0,34.1,42.9,67.4,42.9,1.3999999999999986,-67.2,-46.8,-26.6,-1.3999999999999986,67.2,46.8,26.6,29.530499999999996,23.597700000000003,14.628900000000002,23.24428245110325,15.103899999999998,43.2666,28.9146,27.533555285626786,1.0675741824199902,29.8,45.8,0.9253863546304283,23.0,60.3,0.05000000000001137,0.04999999999999716,0.060000000000002274,37.89,98.51812618620883,-2.799999999999997,45.4005,9.4611,79.52021389360334,0.6144355638241882,76.26781546179186,3.696296807116751,0.67156,0.67156,1223.7499999999998,0.10144814439080946,22.061706,-1223.7499999999998,9.856059773651248,34.500752999999996,54.27,40.260000000000005,1,70.76017376829805,-1.4000000000000004,-5.5,8.844116484513581
760,2026 Iowa,2026,Iowa,Region 4,9,TBD,0,,,,,,2026 Iowa,2026 Iowa,15.2,33.6,26.4,14.9,11.6,11.5,39.7,20.3,12.4,8.0,121.742,100.7026,22.4441,78.49,0.39,1.4472,32.24,20.63,16.28,21.12,14.41,27.55,32.57,21.69,30.25,12.08,3.41,27.88,17.55,24.54,17.06,12.96,1.95125565,121.758067,101.0301624,0.91552486,56.5,48.1,36.8,59.2,84.3,22.1,30.9,27.4,63.4,58.7,46.0,35.7,66.3,6.7,91.7,58.0,49.0,41.6,39.1,64.0,77.0,26.900000000000006,90.4,10.0,13.0,7.8,66.5,39.3,34.099999999999994,37.8,42.6,19.1,65.3,23.1,35.7,41.6,66.3,39.1,8.399999999999999,-62.199999999999996,-41.7,-22.400000000000006,-8.399999999999999,62.199999999999996,41.7,22.400000000000006,35.174499999999995,22.9878,14.8512,24.858935348615933,13.903799999999997,41.0076,25.923299999999998,25.872556245308786,1.1850676666426287,30.9,49.3,1.1662105828495433,23.1,54.400000000000006,0.010000000000005116,0.0,0.009999999999990905,32.24,94.90735137673921,-4.0,47.6295,10.6301,78.37809050509733,0.7445347299777922,77.3708172673525,3.1208203299152917,0.24960000000000002,0.24960000000000002,1241.1199999999994,0.07306354347280836,21.563280000000002,-1241.1199999999994,13.684524697806298,16.78752,55.375,39.125,2,70.28573444979693,-2.5,-3.5999999999999996,9.589140805293951
761,2026 Texas A&M,2026,Texas A&M,Region 4,10,TBD,0,,,,,,2026 Texas A&M,2026 Texas A&M,11.9,36.8,25.7,15.6,10.1,8.2,41.1,19.6,12.7,7.0,119.69,98.978,18.6679,77.21,0.29,2.62154,40.9,19.84,23.05,19.24,21.46,16.34,33.55,23.81,14.25,15.59,12.72,27.32,27.7,16.68,15.44,12.78,1.59714571,119.555278,98.972355,0.8739587,54.0,50.1,36.2,66.2,84.5,19.1,31.3,30.8,72.6,54.1,46.9,36.2,68.3,8.9,88.5,61.3,43.7,46.3,41.5,72.0,73.7,25.200000000000003,85.5,6.9,12.700000000000003,9.5,58.5,41.5,38.5,36.7,39.0,12.2,61.1,21.8,36.2,46.3,68.3,41.5,3.8999999999999986,-65.4,-37.9,-30.0,-3.8999999999999986,65.4,37.9,30.0,30.177,21.5186,16.7606,22.743350676626346,15.336,41.6643,28.344499999999996,25.083527131034288,1.0453337940865208,37.8,48.4,1.1132261873207876,21.8,53.8,0.06999999999999318,0.0799999999999983,0.0800000000000125,40.9,97.47849648027214,4.0,45.629999999999995,9.5691,78.71505271856059,0.7577162210603081,77.87386722789067,2.8191729565834467,0.20879999999999999,0.20879999999999999,999.7000000000003,0.10056383543688771,40.896024,-999.7000000000003,9.942703067071117,26.477553999999998,54.415,40.905,2,70.67052534688163,-2.9000000000000004,-3.0999999999999996,9.592464058032512
762,2026 VCU,2026,VCU,Region 4,11,TBD,0,,,,,,2026 VCU,2026 VCU,10.4,36.3,17.5,9.6,8.1,7.5,41.4,13.0,6.8,6.3,119.872,97.334,17.2061,77.85,0.83,1.61858,35.86,21.49,14.62,20.85,22.44,20.56,27.3,27.84,16.14,10.35,18.32,23.86,23.14,17.66,16.62,18.68,1.71534396,118.715739,96.880137,0.834748,54.6,51.2,43.2,67.4,85.5,17.2,32.7,29.8,69.4,53.3,51.6,36.7,66.9,11.3,91.1,52.7,49.7,43.8,34.7,69.6,73.9,28.799999999999997,85.3,9.8,9.0,5.1,57.8,39.7,46.6,44.8,42.6,16.5,62.4,20.6,36.7,43.8,66.9,34.7,3.3999999999999986,-68.3,-37.5,-24.200000000000003,-3.3999999999999986,68.3,37.5,24.200000000000003,31.306,23.1036,16.0746,21.70360953082843,21.3358,36.0687,23.2143,26.299096942670865,1.1301111846761491,33.5,49.5,1.4379989049306936,20.6,50.1,0.03999999999999204,0.05000000000001137,0.03999999999999204,35.86,96.91155864553008,1.5999999999999943,46.683,8.8064,82.56314680360471,0.636465743167353,78.96751384220525,3.427349837942211,0.57768,0.57768,1251.3600000000006,0.12403815545383697,15.538367999999998,-1251.3600000000006,8.061233519157597,13.110497999999998,56.235,40.85000000000001,2,71.92455965750241,-2.8,-1.7999999999999998,9.815405558124004
763,2026 McNeese St.,2026,McNeese St.,Region 4,12,TBD,0,,,,,,2026 McNeese St.,2026 McNeese St.,11.4,35.7,19.5,10.6,9.1,9.0,40.8,18.0,13.2,4.9,114.264,98.213,12.4769,77.09,-0.67,1.87819,37.22,13.68,13.73,17.33,29.27,25.97,42.9,21.1,11.63,18.63,5.7,24.59,24.48,13.1,24.44,13.35,0.70713993,113.263674,97.553618,0.76030599,51.2,50.5,35.7,57.5,86.3,23.1,34.2,34.3,66.5,52.9,50.9,31.6,67.5,15.8,93.3,49.2,42.8,35.1,46.8,67.1,74.0,27.200000000000003,94.7,9.5,16.700000000000003,5.6,58.4,45.5,45.0,35.0,39.8,19.4,62.4,18.3,31.6,35.1,67.5,46.8,0.7000000000000028,-63.199999999999996,-31.5,-21.799999999999997,-0.7000000000000028,63.199999999999996,31.5,21.799999999999997,35.5685,18.8128,11.091600000000001,28.054634198292444,16.685200000000002,43.0092,31.59,22.922041793871678,1.5669069257286117,30.6,55.0,0.867502831136087,18.3,59.4,0.020000000000010232,0.04000000000000625,0.04000000000000625,37.22,92.78962691672615,-0.9000000000000057,44.1856,11.6655,81.99916693100077,0.6397836178983368,79.95839363998567,3.1238595722939926,-0.44957,-0.44957,1077.8,0.16934438001736316,19.908814,-1077.8,5.9046895766090755,17.091529,54.250000000000014,41.46,3,66.67329194478613,2.5999999999999996,-4.199999999999999,9.13418657217912
764,2026 Troy,2026,Troy,Region 4,13,TBD,0,,,,,,2026 Troy,2026 Troy,10.7,37.7,6.1,4.3,1.8,7.3,42.2,6.5,4.6,1.9,110.717,91.003,1.72038,77.4,0.05,1.28152,24.13,23.87,21.48,21.39,13.94,19.31,20.4,34.62,21.78,10.37,12.83,25.39,32.46,19.97,10.89,11.29,-6.1484635,110.881277,91.474637,0.56143197,51.8,49.4,35.5,69.0,83.1,17.0,34.5,31.6,67.0,53.7,48.0,33.2,68.7,9.1,89.0,57.0,50.7,45.6,38.4,66.0,73.8,29.299999999999997,85.9,7.7,3.799999999999997,4.6,57.4,44.2,44.0,39.9,37.4,10.2,55.4,21.7,33.2,45.6,68.7,38.4,2.3999999999999986,-66.1,-33.900000000000006,-33.5,-2.3999999999999986,66.1,33.900000000000006,33.5,31.9851,18.954,15.1392,24.057344685840402,17.7308,38.4026,26.3808,27.99933034913514,1.1381329356812353,39.8,51.900000000000006,1.158823988958621,21.7,55.5,0.009999999999990905,0.0,0.0,24.13,96.24836435671052,-2.0,43.04579999999999,8.398,80.47251476757671,0.6867387139913976,79.08457369821168,2.999822495710312,0.033,0.033,598.2000000000003,0.10224604217930135,5.510536,-598.2000000000003,9.779145148884739,2.306736,53.72,40.68,2,68.97161500858883,0.2999999999999998,0.09999999999999987,9.66616852006505
765,2026 Penn,2026,Penn,Region 4,14,TBD,0,,,,,,2026 Penn,2026 Penn,9.8,36.7,5.3,1.6,3.8,6.3,40.7,6.1,2.2,4.0,107.363,94.106,1.46919,77.77,0.42,1.22872,30.08,16.99,23.03,22.83,19.11,18.04,44.71,21.26,16.1,9.15,8.79,22.58,28.85,16.84,14.95,16.79,-6.000074,106.966277,93.77083,0.5198698,50.3,48.8,38.0,70.4,84.0,17.8,30.7,31.3,68.8,46.2,45.6,38.7,68.3,8.5,90.6,52.7,46.2,35.0,39.3,70.0,69.5,33.0,90.6,2.9,22.200000000000003,6.2,53.7,37.4,38.6,40.6,36.0,27.6,59.7,20.2,38.7,35.0,68.3,39.3,1.5,-66.2,-38.0,-32.400000000000006,-1.5,66.2,38.0,32.400000000000006,22.711199999999998,23.481,13.545,25.136228834095217,17.048000000000002,38.90129999999999,26.841899999999995,20.820022414333113,1.1513956744093026,22.4,40.3,1.1908093941629987,20.2,53.199999999999996,0.0,-0.009999999999990905,-0.009999999999990905,30.08,97.22134924828615,2.0,42.251999999999995,8.6864,83.64628843895532,0.6411114220021654,78.34316479193642,2.887319542528592,0.294,0.294,317.7999999999997,0.09381794902926016,1.9659520000000001,-317.7999999999997,10.657569697682625,4.669136,52.96000000000001,40.79,2,68.53536015588104,0.6000000000000001,0.20000000000000018,8.908609348932599
766,2026 Idaho,2026,Idaho,Region 4,15,TBD,0,,,,,,2026 Idaho,2026 Idaho,9.1,37.4,5.1,3.3,1.9,6.2,42.9,5.6,3.9,1.8,108.842,92.691,1.53307,77.24,0.22,1.57575,32.0,16.34,20.59,17.16,23.09,22.83,32.19,21.64,21.16,16.31,8.71,23.19,18.59,20.91,20.8,16.51,-8.8603274,108.770681,93.576042,0.56238021,50.5,50.5,34.3,60.5,84.3,15.3,30.0,26.0,69.2,52.0,50.7,34.5,65.2,6.2,90.9,44.5,54.4,46.8,35.8,68.4,72.9,25.5,79.3,2.9,17.799999999999997,3.8,57.8,37.2,43.8,36.6,38.5,16.0,59.9,27.6,34.5,46.8,65.2,35.8,0.0,-69.0,-44.0,-26.200000000000003,0.0,69.0,44.0,26.200000000000003,23.8013,22.306,16.146,20.545295487450808,16.7072,39.873999999999995,23.3416,21.2924673691582,0.8568192987329332,34.0,40.1,1.1284600988799196,27.6,59.6,-0.010000000000005116,-0.009999999999990905,0.0,32.0,96.86287233284968,0.4000000000000057,42.5715,7.7265,82.43449809106514,0.5253775043978229,77.3775735460116,3.4647474683141195,0.15048000000000003,0.15048000000000003,957.7199999999998,0.06820607034026027,5.199974999999999,-957.7199999999998,14.658925979680696,2.993925,52.42,38.3,1,71.88321987396647,0.6000000000000001,-0.09999999999999987,9.242329435118455
767,2026 Lehigh,2026,Lehigh,Region 4,16,TBD,0,,,,,,2026 Lehigh,2026 Lehigh,7.0,38.7,-5.2,-3.4,-1.7,7.5,42.4,5.0,5.3,-0.3,102.717,86.914,-10.3689,76.66,-0.5,1.27434,29.88,23.77,15.04,16.84,18.07,26.24,43.84,23.69,15.51,8.78,8.1,26.94,23.41,20.76,15.86,12.98,-12.036566,101.762842,87.410275,0.23817477,51.9,49.4,33.5,63.9,82.2,16.3,23.9,34.0,66.5,52.4,48.8,36.5,67.2,7.8,92.3,54.3,54.7,38.2,32.2,67.8,72.9,24.900000000000006,89.1,4.2,17.299999999999997,4.0,62.1,34.6,44.1,44.6,40.1,27.2,57.7,23.2,36.5,38.2,67.2,32.2,2.5,-65.9,-42.1,-30.4,-2.5,65.9,42.1,30.4,25.228800000000003,24.8502,13.943000000000001,24.236817722905233,20.3606,35.0248,21.6384,21.69721564318027,1.0156802177953457,22.8,38.800000000000004,1.5092698984503587,23.2,51.4,0.04000000000000625,0.0799999999999983,0.04999999999999716,29.88,95.21820431218565,-0.20000000000000284,42.6618,8.052200000000001,77.08200725715488,0.6487377689633337,81.08792514255983,3.0728610752204935,-0.33899999999999997,-0.33899999999999997,851.0399999999997,0.08450612669418532,-4.332756,-851.0399999999997,11.83181643379054,-2.166378,51.115,40.22,1,70.1472235580642,8.7,1.4,9.318098141862738
